title,artist,spotify_id,lyrics,bpm,energy,danceability,loudness,valence
Not Enough (Prod. by BOYCOLD),Swings,67sTNM9DVfsloYxfqGUffx,"돈 벌어 쌓아 둬, yeah, huh
너는 말해, ""rapper들은 다 같은 얘기 해"", yeah
Justin Bieber movin', 다녀 전 세계 매일, yeah
너는 말했어, ""rapper들은 다 같은 얘기 해"", hey
멀리 다녔어, 너가 내 곁에 항상
있을 것만 난 같았어
착각에 빠져 살아, 살아, huh
너무 바뀌어서 우리 처음 상황관
너무 달라, 봐, 우리 앞 김밥 집은 안 가, huh
Diamonds on my neck
전부 다 너에게 주면 될 줄 알았거든, yeah
가진 게 없을 땐 줄 수 있었던 게 사랑뿐이라서 나
I was wrong, 그건 나의 fault
진짜 원했어 난 real love
진짜 원해 난 real dawg
아무리 쓸어 담아도

너만을 기다려 나는, 눈 뜨고 수많은 밤을
그래서 내 눈이 빨개, uh, 이런 내 모습을 봐야 돼 넌
티내고 싶어서 빨리 바꿨지 프로필 사진
상태 메세지도 바꿨네, '이 또한 다 지나가리'
Why am I like this, 내 생각
우리는 아직 할 얘기 너무나 많지
눈으로 확인 해줄래
그새 많이 올라버린 이름 가치, yeah
You my boo boo
Imma go cop that new new (cop that new new)
필요한 거 있음 말해봐, 나한테 주문 (okay)
다시 날 받아줘 (yeah), 네 남친 삼아줘 (oh)
I got my pradas on (huh?), 빨리 날 안아줘, yeah
Hug me til my body break, 너가 이상하게 보고싶다
그래, 난 마치 그렉

넌 널 보게 하는 법 알아, it's effortless
난 디네뎃을 입고 넌 태도도 never this
안정적인 멘탈 안 봤지 내 messages
정상에 있는 자존감, everest
우리가 안 본지 약 2년쯤
아직도 내 raps do you listen to it
애인 아냐, 또 아냐 enemies
너 보내고 난 바뀌었어 energy
I just wanna talk to you
하나 된 건 하나두 안 좋아
다시 될 수 없을까, 다이나믹 둘로
늦은 밤 이제 대화가 아닌 술로
혹시나 궁금했다면 내 맘을 이젠 you know

니 입술이 나를 욕해도
니 마음이 날 진작 접어도
사랑은 항상 내 지난 허름한 자취방 냉장고 같았네
그때 내 나이 고작 스물
열면 춥고 텅 볐지, 채워줄 수 없었지
부족한 주머니로 너를 데려간 김밥집
돌아보면 너무 가난한 사랑은 사랑이 아니었다고
너무 가난한 사랑은 사랑이 절대 아니었다고
That's why
자기야, 난 돈이 없는 거지
가오가 없는 게 아니야, okay
사랑은 헷갈려도 돈은 헷갈리게 하지 않아
That's why I'm ballin'",179.149,0.167,0.36,-11.568,0.329
Villain (Feat. LeeHi & Simon Dominic) (Prod. CODE KUNST),Swings,3c6N9ENwOAfXZ97itIzYy6,"나는 입이 너무 가벼워
하고 싶은 말 못 하면 얼굴 가려워
어릴 때부터 날 쫓아오는 trouble
어쩔 수 없나 봐, 이게 그냥 나거든
내가 노력 안 한 것도 아니야
교회도 나갔지만 아버진 전직 목자
하드에 저장됐어 bible
날 누르면 꼭 터져
자책으로 시간 낭비했어
속박하지 마, 뒤로 가, 어서
모난 돌이 정을 맞지
부모 선생 형들 사회 날 패도 여전히 cocky
서른 넘어도 이러는데 어떡해?
악플 받기 1등 연예인 해도 난 못 변해
CoKun, Palo 형이 말해, ""이제 좋게 해보자""
아직 모르겠어, 그게 대체 무슨 말이야
사랑해달라 부탁하고 싶지만 괜찮아
봐봐, 시청률을 담당하는 애는 누굴까? I'm sorry

I'm back, 우리 동생
300명이 diss? 멀쩡해, 우리 동생
날조범은 걔, 난 전봇대, 우리 동생
일 봐도 머리에는 안 닿네, 우리 동생
나는 센 척 아니라 그냥 세, 우리 동생
Rap은 좀 하냐고? 그래, 꽤, 우리 동생
누가 나를 이겨? 꿈 깨, 우리 동생
아직도 배고프니? 네, 네, 우리 동생, 네네
나보다 멘탈 좋은 연예인이 있을까
여긴 내 고문장, 근데 제 발로 돌아왔어
나는 rap 이병헌, 나는 Hip JYP
누구는 싫어해도 항상 되찾지 내 자리
가짜로 사랑받을 바에 나로 살고 악당 할래
대신 돈은 놔둬, 챙길게, 당당하게
Real 한 게 궁금하면 내 14년을 봐
얻을 게 없는 game이라며
지금은 어때, 맞아?

싸가지 없게 생긴 face, 난 얼굴값을 해
자기 또 눈물 콧물 짤 거면서 내 빨간 맛을 택
난 안티보다 팬, 적보단 편이 더 많아, 다행히도
내 이름 뜻 알잖아, hip-hop scene의 악역 도미니코
성악설을 믿기에 그렇게 aka을 지어
나는 진심으로 내가 제일 잘 되기를 빌어
이 이기심에 질려 떠나지 나를 결국엔 다들
돈 문젠 1도 없는데 내 문제만 99개야
갖고픈 걸 아무리 다 가져도 마음은 우울하지
아주 비싼 시세일 때 난 가끔 미움을 사지
내 selfie는 곧 나의 mugshot
영화 속에 명대사도 대부분 악당들의 몫이야
악역도 나름 사연이 다 있다고, 나의 가족과
사랑을 지키기 위해서라고 해도 과연 좋게 봐줄까
난 나밖에 모르겠어 영원히 이럴 놈이야
과거가 밥 안 맥여주니까 let's leave it all behind
이렇게 한 track 위에 서 있다해도
Swings와 난 다시 예전처럼 돌아갈 수 없지
근데 the reason why
I do this shit, 걍 돈 되니까 하는 거지 뭐
옛 정 땜에 한다 했다면 그건 존나 거짓말",108.955,0.636,0.745,-4.7,0.834
Watch (feat.Black Nut),Swings,555Z9qFIXfk7JPuBfMlJmU,"김욱, 영준 형, 노창, 대웅이, 홍시영
Vasco, 또 C Jamm, 넌 쫄린 용사, 창피해
니 rap에 대한 내 feedback은 내 위액
이건 기회, 고민해, 니 미래는 위기에 놓이네
짬이 벼슬? 난 노친네, 내 punchlines 놓치네
빡센 해녀처럼 김 새, 두 손 내리지마, 그냥 위에
아니, 대충 10시에 맛간 시곌 니 머리에 그리게
Dream team이 돌고 도는 relay, 이건 민폐, 다른 crew에게
흠뻑 젖어봐, 내 수액에, 모두가 말하네, ""Swings 문제""래
틀렸지 넌, 난 문지훈, 여길 수리중
이 rap scene, chips stacking, 다 밀어버리지, waxing
첨 보는 애가 말해, ""오빠"", 넌 업소녈 잡아도 ""좀 놔""
문신 새기는 중 통장에, 이 beat 난 패버려, 혹나네
소방관 불러 I'm so hot, 또 얼음보다 차, Cro Cop
반은 나를 좋아해서 집중, 또 반은 나를 미워해서 씹구
넘어져도 난 오뚜기, Viagra 안 먹어도 난 또 서지
내 정신 상태와 소세지, 니 고갠 올라가고 내려가 코스피
난 Top Gun, bang! bang! bang! bang! 난 답, 넌 땡! 땡! 땡!
난 R-E-A-L, I'm Sorry
난 매일 혀랑 rhyme이 내 pay day를 당기니 이래요
Twitter에다 맨날 쓸데없이 사회, 여자, 엄마, 아빠까지 탓해
나도 가끔 그래, 근데 제발 그런 와중에도 한 번 CD나 내
니 기분 이해하지, 나도 그랬으니, 그냥 다시 일어서면 되지
근데 그때까진 너가 rapper라는 말은 밖에서 당분간 그만해

Okay, 나 rap 못 해, 실컷 웃어대
Flow는 개판, 읽어 국어책을
근데 봐, 읽는 level이 아나운서 급
그래서 날 찾나봐, 모든 방송국이
사람들은 말해, ""넌 개거품""
""어린애 감성만 건드려, 고영욱""
""캐릭터랑 가사 빼면 rapper들 중 최하위, 아마 아싸나 팻두 급""
Okay, 그럼 난 Swings를 불러 싸대길 때려
어쩔 거야, 전부 다 뽀록났잖아
메모장 켜고 beat를 틀어
자리에 앉아 빨리 날 빠는 가사를 적어
난 오래 가길 빌어 버텨야 해
AV 남배우보다 간절하게
내 실패를 바라는 넌 한결같이
내가 금방 꺼질 거란 글만 쓰지만
봐, 난 이 짓거릴 8년째 해
갈수록 더 뜨지, 아이러니해
물론 방송에선 idol한테 발렸네
그래도 뻔뻔해, I'm the best
다 덤벼, 몰라, 난 겁 따위
쇼미를 봤다면 그거 나랑 안 친한 거 알지?
Big Deal, OVC, Soul Com이 망하고
Illionaire, Hi-Lite, AOMG가 와도
나는 계속 이 중심에 있는 hot한 놈
브라자끈을 풀게 해, 여성부 장관도
물론 역겨워, 안 봐도 돼
넌 센 척하다 털리는 bitch, Ronda Rousey
여시 빼고 모든 여자가 날 사랑해
니 엄마는 내가 가입하길 원해 산악회에
니 걱정과는 달리 잘 나갈 뿐이지
여전히 먹혀 like Kazama Yumi
자살해, 너넨 공기란 게 무의미해
마치 문돼지 밥그릇, you pussies
날 죽일 기세던데 내 앞엔 못 오지?
넌 라텍스 입은 년 거기보다 쫄보지
1억을 벌었어, single '100'
우리 엄마는 월경이 멈춰도 춤 췄지
넌 beat 위로 그만해 gang 연기
정신차려, 너네 엄마는 이제 갱년기
Stop hating on me
내 성공이 배 아프면 너도 팬티 까
넌 못 하지, 너는 bitch, 겁 나지?
레이스 달린 T 팬티 들킬까봐, woah
아직도 남았어 할 말이? 닥쳐, 아가리
그냥 지켜 봐봐, 내가 뜰 때
너네 얼굴빛? 나 대신 이 beat가 말해주네, it's GRAY",150.043,0.732,0.669,-8.724,0.727
WAKEUP (Prod. Jeffrey White),Swings,1Vale2aRQ9NaDbJDXajzI3,"넌 아직도 배우 되길 원하고 있어
영화 많이 본 티가 나
그게 어딜 가겠어
니 손을 잡느니 차라리
예전에 헤어졌던
첫사랑 찾아가겠어 그럼
이제 넌 뭘 하겠어
Yo baby wake up 소리 지르지 말고
말했잖아 백번 아니 수만 번
자기야 세상에는
만약이란 말이 있어
만약 내가 널 버린다면
넌 어떡할 거야
내가 처음이자 마지막
부탁하나 할게 때리기 전에
빨리 가
이런 느낌 처음일 거야 보기를 줄게
미안해 사랑해 중에
너는 무슨 말을 할래

You better wake up girl
I shake ya girl
지금 필요한 건
정신적인 make up girl
난 걱정돼
너 어떻게 하려 하는 거야
Babe 아 난 솔직히 섭섭해
내가 알던 여자는
지금 너완 너무 다른
사람이었는데 지금도
넌 완전 언짢은 표정을 짓고
나를 노려보고 있다니
잔소리는 아니지만
이런 말 듣기 귀찮지
반대로 나도 니가 이렇게 나옴
조금씩 지치는 건 어쩔 수 없다고
근데 잘 생각해봐
난 내고 있어 용기
진짜 너를 생각 안 하면
이럴 필요 없지
내가 득 볼게 뭐가 있어
안 그래도 바빠
안 믿겠지만 미움
사는 거 싫다는 말야
애들이 니 욕 한 적 솔까 적진 않어
마지막으로 얘기해
정신 차려",97.004,0.745,0.754,-8.912,0.499
Want It (Feat. Paloalto) (Prod. CODE KUNST),Swings,6KRLNVGTXLZI2gjwRmozAc,"흔해 빠진 이름 사이 Khakii 빼줘 제발 좀 (좀)
날 미워하는 너는 안 보나 봐 거울도
이 노랜 tattoo 처럼 세상에 새겨져
남겠지만 괜한 걱정들은 저기 미뤄둬 (Ooh, ooh)
Whoa, whoa, go away, 못 돼 넘볼 게 (Huh, huh)
세상은 날 원하고 난 더 많은 걸 원해 (Woah)
내일은 더 멀리에 헤엄쳐야 해서 집에 돌아가지
파란 길 위 가로등이 잠들 때 (Okay)
올해가 누구 꺼라 생각해?
축배 들어, 래원, Wings형 같이 건배 (Woah)
2020 no more bad thang
I don't freakin' hate you
Wanna be your friend (Huh)
To you all the ladies, 그래, 거기 좀만 wait
저 높이 떠있는 해가 바다 뒤로 숨을 때
그땐 날 믿어줘, let'em boys go (Surfin')
다 올라타, 전세계 shippin' Wavy season (Whoo)

이젠 내 시간인지 시험인지 모를 게 와버렸고
겪고 지나서 이젠 색으로 보여 검은 것도
멀리 빛이 보여와, 난 지금 터널 속에 있어
신발 밑에 묻은 먼지
여전히 버스 타도 폼은 Porsche, 마치 다 가진 듯해
눈만 떠도 어차피 날씨는 늘 좋아, 지금이
바로 그 때지 언덕 넘어, 어? 원하면 걸어 다
날 저울 위에 올려도 내겐 시소지
이 불이 꺼지고 난 다음 내 잔해가 남길
바래, 넌 느껴줘, 마치 날 기다린 듯이
지나가 지나간 곳은, 가짠 결국 보여
잃어봤고 이루려 다시 장전, 없어 머물 일
도착은 여전히 먼 곳, 되물어보지 난 거울 보고
아마도 그래서 더 이뻐, 그래서 오르고 불 속에 던져
내 과거는 날 위한 경고고 먼지처럼 털어
이 결말은 뻔해, 세상아, 나도 너를 원해

오렌지색 빛 터널 도로 위에 핏자국
허무했던 게임을 떠나, 흔들어 백기 좀
펄럭거리던 새의 깃털은 떨어지고 폐기처분
특이점은 날 원해 오뚝이처럼
한 바퀴를 돌아가 난 다시
드라마 항상 마지막에 반전 구하지 (Ay)
발 못 맞춰, 어떻게 봐
바보 같잖아 두리번은
바통 터치하고 출발, jump out (Let's go)
갈 길이 멀기에 던져놨지, 가끔 혼자 벙쪄 난
부화기로 복귀하듯 던전의 아침, 칼 손에 쥐어 버텨라
벼랑 끝에 필요한 건 쥐구멍, 들어가 비를 맞지 그만
근데 하필이면 지금의 난 석회암 조각
네 손잡고 앞으로, 견제 안 해, 바보야
위선자는 나일 걸, 선처해줘
뒤를 못 본 걸 담보로
들이 갖다 박아 또 한 번
안 되면 드러눕길

Nobody stop me
올해의 artist? No, 올해의 총알받이
넌 봤지, 난 누굴 언급하지? 떠버리잖니
혹은 반대로 불에 하얗게 타지
내 주둥아리에선 담배 없이 연기가 나지
어떤 아가씨도 가능해, 원할 때 hottie 맞이
나이 차며 점수 올라, 이젠 10점짜리
내가 zone에 들어가면 구경꾼은 전신마비
내 뇌는 IMF, 누구보다 부가 많지
From the bottom to the top
자리 잡았어 the charts
가끔 살짝 내려가, 그리고 다시 올라와 (Yeah, yeah)
나는 rockstar, lit like a cop car
내 출신은 왕따, 건국했어 왕가 (Ay)
여기 MVP로 누굴 뽑을래? (Ay, ay)
넘쳤던 닭대가리 속의 오골계
니가 원하지 않아도 나머지는 원한대
솔직히 말해 내가 진짜 가면 이제 뭐할래?

기록갱신 legendary 위기도 기회로 make it
한땐 여론 땜에 내가 가진 재능 underrated
그들이 짜놓은 더러운 frame이 내 credit 더럽히겠지
근데 아직 할 게 많고 세상은 자꾸 날 찾네
잘 풀릴 땐 다 반기지
내가 무너지면 남이 될 이들도 별로 안 밉지
그게 승자의 방식
나쁜 생각들은 잠시 꺼두고 난 계속 밟지
Straight up, 초연하게 make dough",117.971,0.726,0.674,-4.497,0.119
Warrior (Prod. sAewoo),Swings,0GmP4Q5RsowghUZRpGjaLq,"Show에서 난, 마치 warrior, I go ape shit, buddy
있는 척 안 통해 결국 넌 개 씹거지
You bitch ass motherfucker 날 마주치면 너희는 runnin'
아니면 빨리 suck my dick, 분조장 you know it
Yeah, this is me 벌기 위해 swervin' in the morning
Money is different for me, take another pictures for me
No label, but ambitions on me
야만인 vibe, let’s jump in thuggin' with my homie 여긴
우리가 접수해 오늘 밤 어디를 가던 show에서 난 warrior, I go ape shit, buddy
Yo fuck you, stop talking 됐고 where's ma money
은행엔 공 공 공 드리블, 마치 네이마르
난 너무 빨라 병신아 그러니까 다시 say what
넌 확실하게 멍청이 전기 꺼 you 블랙아웃
다 조져놓고 도망가 ninja, yeah, we fade out
난 사기 치네 sorry to ma victim
한번 거쳐 간 년은 please sorry miss me
I feel that energy 토하기 전에 휙휙
네 귀에 박아 TNC it’s so trippy

집이 너무 커서 저번에 돈까를 잃었었지
난 너무 진짜라서 머리 안 감고 종로를 걷지
이건 자신감이 아냐 이건 그냥 앎 그 자체
사람들이 싫어져서 반드시 cool time을 갖네
난 힙합과 경쟁 안 해
난 새로운 도전만 해
9점 이상 hottie만
절대로 결혼 안 함
어떤 미녀라도 날 조련 못해 난 rich forever
딴 놈 땜에 날 떠났다면 택했어 차선책을
I’m the motherfuckin' shit
재벌 1세 곧 되실
워라벨 행복 필요 없어 가끔 발사하면 돼
Alpha male이 궁금하면 그냥 봐봐 내 인생
나랑 함께 일하는 사람 100명이 넘었네
난 질려가 fucking fame bitch
이제 봐 우리 labels
AP Alchemy
난 질려가 fucking fame bitch
이제 봐봐 우리 labels
AP Alchemy

Go ape shit, buddy 안 거쳐 머리
먼저 나가 몸이 완전 풀린 고삐
엿이나 먹어 머피
나한테 계속되는 실패 따위는 없지
새끼들아 know it? 상관없어 공식 무시의 법칙
Yeah, I say fuck it up for real 나 뻥치지 않아
넌 군대에서 뺑이 쳐
난 누워서 돈 벌어 pay 미쳤지
2년 전에는 일했어 개미처럼
학교 다닐 때마저 get paper
할 말 많아 부족해 A4
난 무지성 랩하지 개처럼
내 성장세 말도 안 돼 개쩔어
주문받을 준비하고 있어 Ben Baller
트랩 하는 놈들 중에 제일 올바르게 살아
마약 같은 거 할 바에 랩을 접고 말지 난 차라리
못 뜨면 못 뜨는 거지 다른 놈 똥꼬 안 빨아
나 한국 힙합 장기 집권할 거야 마치 오바마
시끄러 내 toss 왔다 갔다 또
느껴져 촉감 종이돈
난 몰라 적당히 모 아니면 도
올라야지 저기까지 노윤하 go up, aw yeah",160.035,0.926,0.481,-3.314,0.162
2007 (Prod. By IOAH),Swings,6uQ0YE1KVu7Ua3UpvahBTD,"Close your eyes you'll still notice me
These new nerds they ain't known to me
Nurtured the game like ovaries
Can't get old like jodeci
Deep throat, deep throat, aye
She know, she know, aye
Get your fix like Coldplay
This new shit fuck old ways
I could do this shit all day
You can hear me in the hallway
Save the game? yeah, probably
Not to claim that I'm Yahweh
JMIM we poppin'
What ya doin' is good ya way
I ain't trynna run no arms race
We stay on track we go our lane
Flow water like Bobby
Boucher shake ya bootie
Who they? who me?
Moon Swings
New king, she thinks
You cool, she thinks?
I think, you too, thank you
The new king, the new cobra
Middle finger to old me
I'm my best friend, we homies
So I owe me that much
When I lingered in '03
In the gutter you told me
Get up and cop that rollie
Cuz your motherfucking past sucks
That's old money old money don't pay for shit
Quit bitchin take off the apron
Now you're the one on some hater shit
And you wonder why you get hated trick?
You changed the game you raised the bar
But that was then know who you are
You hated old heads
And now who's gettin old here?
Swallow your pride switch the flow up
Hip hop's about change you know thus
Keeping it fresh is of the essence
You like to teach
Give you a lesson for a change
You claim the crown
For the message? Or just fame?
Ask yourself, switch tounges, yo

내 중딩 때 swag이 니보다 더 멋있어
병신아, 넌 rapper가 아니지, shit
그때 swag 현재 나보다도 솔까 멋있, 다시 난 달리지, sprint
나도 요즘 rap 하지, 조금 늦은 기미가 없지는 않지
거울 아냐, 바로 다 베끼는 새끼들과 달라
자기화 없는 표방은 곧 dick riding
누군 이래 hip-hop은 bitch 같은 거래
그래, 나는 안에다가 찍 쌌어
누군 먹기만 하고 입 닦어
누군 꿈나무를 만들지 like Big Poppa, uh
난 그 중 하나라 체중 나가나
일상의 drama를 수습하고 해도
집에선 곧 mama가 전화를 해
이것저것 또 몇 천만원 대
직원, 여친, 가족, rapper, PD, 기자, 작가
내 차 앞 유리 하단만 보면 예의 없는 애들이 알아
내 번호를 찍고 뻔뻔히 걸지
모르는 전화는 못 받아, 좀 살자, uh
기분은 지옥 무덤보다 low
회의 때 뱉는 slogan '맨 위로'
장난이 아냐, 나는 CEO
잠수 탄 노창, 힘든 기리도
다 챙겨야 해, 전부 챙겨야 해
샷발 구려 찝찝 배그할 때 마저도
병신 pic post 후 날 태그하네
니 유머와 돈 버는 재능 같네
난 까칠 like 고양이 애무할 때
물 새면 너는 썩지, 세무같이
연예인과 예술가의 차이
한 쪽은 한 쪽만 가능한데 한 쪽은 둘 다 하지
누구는 예능 나가, 불만 없어, 나도 한다
단지 유명해졌다 해서 발전을 멈추진 않아
내가 공이면 모두 눈은 쫓아와 like Ping Pong
과거로 돌아가야만 앞서 갈 수 있는 상황 like a Sling Shot
Oh, seven",114.98,0.358,0.649,-7.942,0.257
"Whistle (feat. nafla, CHANGMO)",Swings,3BA0aMD6fZIjh9qyidd22B,"술 마신 채, I‘m fuckin' drunk, 버르장머리
밤마다 중요하게 생각해 나의 허리
I don’t fuck with nobody
너넨 죄다 전부 떨이
나의 법은 혼자 만들어
All I need is hoes and 새삥 money
I’m up again, 난 gentleman
빈티지 denim, 알아봐 fan은
Kickin with JM, 안 돼 올해 날 빼면
Fuck a 체면, 나대로 살아 매년
Ay, yeah, yeah, yeah, yeah
Yeah, yeah, yeah, yeah
Hey, yeah, yeah, yeah, yeah
Yeah, yeah, yeah, yeah

아니, 요한이 행님 (안녕하세요)
돈까 행님 (잘 먹겠습니다)
올해는 공공재랍니다
아니, 제 겁니다요 hashtag 웃음
Yo, JMBITION 또 하나
요한이 형은 하나뿐인 랜선 bro (yo)
어색하니까는 party 열어보자
Baby 오면 바꿔줄게 네 UNIQLO
난 돈이 많아, 그리고 너는 예뻐
그러니 나의 돈 네 돈처럼 써도 돼
우린 천생연분 1일, 헿
야, 나 구창모다, 현재 가장 핫한 rap star
7080 구창모와 비견될 새 구창모야
야, 래퍼들 짖는 소리 좀 안 나게 하라
이제는 구창모 시대, 여성분은 나랑 노시게
올해는 공공재, 아니, 제 겁니다요, no cap

나는 한요한 같은 병신들이 너무 싫어
장용준 기저귀 충 설사 똥 차라리 이뻐
최순실, 이명박, 김치보다 난 더 씹혀
그래서 뭘 할 거냐, 그냥 한요한 작업 시켜
그거 아냐 노창이 또 쨀까 봐
Indigo 컴필 뽑기 전까지만 참아
발매 후 예술병 걸린 빡대가리
요한 옆에 눕히고 밟아, 체중계보다 많이
나는 맛이 나간 사장님, 돈, 돈, 돈, 돈
원래 수준은 빠가지, 돈, 돈, 돈, 돈
Hater가 fan 됐다 hater 된 걸 10번 본 뒤로
Fuck Hip-Hop, 어차피 우승은 송민호",103.993,0.878,0.791,-4.402,0.839
Bulldozer,Swings,57dAn3xBS8XfKeWJBmoTCC,"잠깐 쉬는 시간 좀 가졌지. 이건 운동 후의 등목
어떤 래퍼든 내게 까불지? 없어져, 니들의 등, 목
부처인 척, 해탈한 척, 혹은 큰 형인 척하면
네 시체를 내 술독에 담가 회색으로 변해. 사지 마, 승복
""맨날 공격적이야, man. 성격 대체 왜 저래?
여긴 아니야, 할렘."" 맞아, 임마. 여긴 서울시
경쟁서 이겨도 더럽지. 마치 비 오는 날 럭비 경기
이 도시의 언저리 끝 언덕 위 머저리들이 지내는 허연 집이
바로 나의 정신 상태
난 착한 것은 아냐. 음악만은 정직하게 해
예술에 윤리라는 잣대 들이댈 거면 넌 진보하지 말고
내 음악도 듣지 말고 닥치고 가서 집 정리나 해
난 내 할 말은 꼭 해. 넌 딴 래퍼들과
술집에서만 숨어서 하는 말 네 음악에선 절대 못해
날 망치면 넌 못 돼. 내가 족발이면 넌 좆 돼
너를 졸라 세게 찬다. 그것은 마치 3대의 차가
나란히 달려가서 끝까지 밟아. 졸라 세게 박아서
이빨 34개 나가. 나보고 네가 사람이녜
그래, 그래, 이건 외계 라임이야. 내 태도 한번 체크해봐라
반항아. 랩 체게바라. 봐, 실력이 애매하냐?
내 영혼 내가 매매하냐? 까부는 놈들 맴매한다
실력이 돈이면 되게 많아. 작업이라면 나는 매일 해, 아마
네가 1대 때리면 난 4대 갚아. 그게 너와 나의 3대 차이야
Get it, 어린놈아? 이게 너와 나의 세대 차이야
하하 비웃어봐. 난 더 웃기려고 스컬 형이랑 만나
파마하고 나시 입고 완전 신나게 레게한다
레게 야만! 구라가 악취면 넌 냄새 강함
그래, 이건 실력 생색 맞아. 내 입이 내는 소린 뱅뱅 탕탕
내 여자는 모든 게 탱탱 빵빵. 넌 내 앞에서 서면 깽깽 싸바싸바
그래, 넘겨, 내게 왕관. 내 단어가 널 죽여. 행맨 같아
난 원래 느리게 랩해. 네 입 잽싸게 벌려
느리고 끈적하게. 뱀이 섹스할 때처럼
The motherfuckin' nicest. Lyricism priceless
전라도 익산시 한식 밥집보다 찰짐
그 누구보다 솔직해. 여긴 다 사기꾼
난 누구보다 솔직해. 그래서 날 믿고
여긴 연기자가 너무도 많은 할리우드
가장 솔직한 게 오렌지, 말리부나 참이슬
누가 날 알아? 물론 남 탓하기 없기
근데 넌 요즘 권투계랑 똑같아: 알리 없지

Man, fuck you haters, I'll fuck you up
내 가랑이 사이에 있는 엿 먹어
너나 나나 똑같아. Fuck 성선설
착한 척 글 지워. 꺼, 텀블러
이미 경고했었잖아. 왜 건드려?
나의 입이 나의 루거. 난 물건 들어
네 이름 첨 들어. 왜 껴들어?
썩을 년. 너네 전부 썬글 벗겨
목 졸라 졸라 졸라 like pump it up
넌 이미 없어. 마치 스윙스 언플러
가짜 래퍼들만 내 존재가 껄끄러워
날 막 대했던 형들 왈 ""너무 컸어""
오디션 나와 떴어 like 버스커
3년 뒤에 살 내 차 이름은 버스커
넌 라이토가 아냐. 내 말 쳐들어
좆 되는 건 너 뿐. 내 이름 적으면, motherfucker!",90.508,0.389,0.383,-10.806,0.191
Pot (Prod. YEOHO),Swings,6mdVVE98DXN2EqXZZx0v4p,"We spittin' flames in a hotpot
Oh, boiling point 가볍게
손 대면 바로 달아오를 것 같아
너희 술안주엔 합 맞아
입을 오르내리겠지 매일
더 높아지는 온도 너넨 손도 댈 수 없게 끌어올라 이제
She go hard
지금 내 밑에서
궁금함 놀러와 내 집에 but 꽈춘 비켜 move your ass
And 후일담
그녀들 입에서
그 새낀 뭐든 잘해 근데 철이 들지 않아 머리든 몸이든

입 밖으로 뱉는 중
I cook every day new shit 쩌는 rhyme 과 flow
Ayy, 명문대 나온 그 누나도 내 랩 듣고 흔들어 booty
Wanna two shot?
안된대도 나 안 펴 담배도
갑자기 자기도 안 핀대 해라 맘대로
행동해 반대로 저 래퍼 다 데려와도
새끼들 나한테 뭣도 안될걸
다 말만 해 얼만데
할만해 내가 누군데
여기 앉아 테이블
묻지 마 내 이름
없어 내일은 play hard 24/7
규칙 안 지키고 traveling
밥 그릇 지키고 배불리
마흔 쯤에는 live in Beverly
I'm going to the next level
이 다음 목적지는 재벌 1세 커져가는 대가리 bitch I'm a star boy

I don't get it
I just don't get it
언제까지 거짓말만 하고 다닐 거야 너는
Not again, oh not again
I don't give a fuck about you and your bitches you call homies, I know they ain't your friends
You so 터프 터프 마초맨
Fake it till you make it, yeah
Huffin' and puffin' like you some kind of a bullfighter, man
Swervin' in and out of lanes 정하지 못해 pick a main
When you fuck it up, you always pull an “It's not you?”
“Oh no, it's not me”
“Oh no, it's not us”
Oh no, maybe problem's you all along, baby wakey

I, I like to rock, rock, rock, rock, rock
Nobody ever done it like me, 'cause I'm hot like its pop
And its fly, I'm the boss
I be plotting and be shopping, and I'm walking all the talking
All the hot bitches hop in, and you watching
Yeah, yeah, yeah, yeah, I'm super cocky
But nobody ever stop me
'Cause this beat make you lean like Hennessy or an energy drink
Mixed with vodka and cigars and some medicine, maybe
I don't chase anymore 'cause I know I'm the treat
The pots be whistling, and people out to chat in the streets
Wondering if the new thing is AP and Swings
굳이 말 안 해도 되지 뭐, but fuck it, I'm king
어떤 언어로 얘기해도 부정 못해 느낌
또 연설이든 랩, 노래든 느껴 내 energy
'Cause I'm young, and I'm handsome
And I'm rich, and I'm fresh
I got game and a hustle
And believe I'm the best

0에서 100 bounce back 올라왔네
번개 구름 AP
파급효과 듣던 애의 나비효과 yeah
넌 뭔데 와있어 여기에 빨리 가
너가 낄 자리가 ah
Yeah, 누구세요 그래서 넌
아 그러세요 그래서 뭐
Pot, pot 섭씨 100도야 우리 상태 pot
니 음악 듣고 웃어 아냐 나의 상대
잘해봐 음악이나 요즘 세대가 너의 핑계를
만들어 주니까 넌 행복하지?
복받았네 진짜 축하해 실실 웃어주고
쳐줄게 박수까지
운도 실력 너는 운이 hundred
We want our money back
해도 안되니 어깨 힘 빼
Oh",139.939,0.986,0.592,-10.33,0.778
"Keep Going (Feat. BewhY, nafla, ZICO) (Prod. By IOAH)",Swings,6OkseHBCi3Cf53nsi45ffK,"증명해, 증명해, 증명해 또
I can take a few punches and a joke
걔네들은 왕 이래 we say ""no""
11년째 믿고 가는 나의 촉
They say they say shit but I did it
술 한잔이 pay Switched it in a minute
내 눈빛은 bright so clear like Sprite
Like the Moon in the night
내가 가는 길이 right I know
Sexy 돼지 이제 돼지 빼
내 vibes 문구점보다 fancy 해
누구보다 groovy and I'm everywhere
목표들을 쫙 눕혀 마치 새 지폐
내 목표는 결국 내 손 안에, uh
Number one everything 공감해, what
보겸처럼 애들 날 좋아해
다 태울게 내 그릇 노아의 배
난 붕 뜨지 않아 그저 떠
나는 Star 뭐만 하면 기사 쓰여
질툴 전환해서 만든 40억
몸집은 작지만 자아는 거인병
Fuck your swag I got style
내 인생 봐 you're like 'wow'
I don't ever fuck around
은퇴 시킨 놈보단
빚어낸 rapper가 어떻게 된 게 훨씬 더 많단
'대체 왜 이렇게 쩔어요?' I don't know
변하지 않을 진린 내가 염소
I got the power
몸 안에서 김이 나와
도망 안 가 계속 싸워 ey
내가 버는 돈은 기계가 다 세야 해
내가 싸는 똥도 금 거위가 있어 내 안에 ey
내 자아도췬 솔까 인정해야 해
정부는 정유라 말고 내게 돈을 내야 돼 ey

내 인생 원 없이 철없이 쓰고 버렸지
다릴 절었던 뚜벅이 시절의
부모님의 뒷바라지를
랩 하나로 벌었지 라는 뻔해 빠진
자랑질이 나와는 멀어진 지
오래지만 달라진 건 없이
내 방은 느그오빠 bucket list
I don't wanna I don't try to hurt u
솔직 하려 할 뿐 don't be upset please
너가 열등하다고 말하고 싶지 않아
사실 그렇지도 않은 거니까
But 너가 느끼는 건 내가 뭐라할 수 없지
그저 기도하는 거지 난
발표도 않았던 뮤비에 쏟은 현금 약 5000만원
버려진 돈인데 왜 하나도 안 아까워
왜 안 아까워 하냐고 묻는다면
첫째 돈은 날 움직이지 않지
둘째 실패가 나에게 큰 영향을 주지 않을
정도의 그릇이 내 안에 자리 잡았지
아니 사실 그 액수가 그냥 내겐
큰돈이 아닌거였어 bro
내 인생의 한 장면을 그 돈으로
그냥 구입한거였어 bro
모두 나와 같은 생각을 갖길
성공의 기준이 돈이 되기보단
실수와 실패에서 자유로워 지길
행위가 목적이 되는 도전
그러면 다 따라오는 걸
그러면 다 따라오는 법
내가 보여주고있으니 나는 보길 원해
이제 이 신념을 따라오는 널

사람들이 수군대네
가수는 이래야지 된대
방향을 권해 또 내게
Fuck u im independent
Bad bitches with a calvin
내 품에 또다시 기대는
Last night oh what happen
일과 여자 사이의 balance
I ain't got time for no bullshit
뒷구녕 빨긴 안 해 no 회식
Na 의 자리를 과연 나 대신
누가 해 so i just keep on movin'
나의 institution 에서 드러운건 안 하지
몰라본 애들이 apology
MKIT 귀가 넘 빠르지
타고났어 다른 발음이
너넨 나보다 연습을 안 하지
그러고 모른대 what the problem is
난 매일하니깐 모든 게 가능해
무슨 일이 생겨도 이젠 가벼워
계속 하품 시킨 너네들의 벌스
한 푼 못 번 너의 work
Gotta keep movin i'm alert
Gotta keep goin up
Gotta keep goin up
가까워진 나의 꿈
밤에 바뀐 나의 mood
Makin' that cream
녹음실 안에서 떠다니는 나의 구름
내가 또 이럴 줄 who knew
I'm catchin' feelin's too
고민 안 해 하나두
그냥 꾸준히 하는 중

Come down come down 이제 좀 쉬자
Hey zico you need some oxygen
올라온 산이 있으면 경치를 봐
No fuck off fuck off 도착은 새 시작점이야
No problem 붉은 숫자가 없는 내 달력
형 얼굴 못 본 지가 무려 반년
Fancy 회동마저 5개월 간격
꼭대기에서 꼭 좆밥땔 회상하기로
물론 바로 상석은 내 차지고
뭣 모르던 것들 차츰 정신 차릴 걸
용서하지 뭐 부자는 자비로워? 인정
죽어라고 일만 해댔으니까
영어로 해석하면 no.1이 나오지? 인정
방송국에서 푸대접 받다
마마 2년 연속 남자 가수상을 타오지 인정? 해?
새로운 패러다임을 제시
때로는 배우는 자세
Keep going you can't sabotage me
넌 세월아 네월아 해 대신
배 아플 땐 제발 이쪽 겨냥해서 똥 싸진 말게
I'm a quack 엉터리? 닥쳐
열 오른 자식들 앉혀
약 올리고 수당을 받죠
I don’t care bout your life yo
I don’t care bout your assessment
I don’t care 백수들
내 결함을 찾는 직업을 갖고 열일하던데
밟아 댈수록 펌프질밖에 안돼
작은 날개 짓에 도는 이상기후 woo
눈 깜빡임은 번개 하품은 태풍 woo
계속 가는 클라이막스
엠넷 광고 봤지
다 끝난 줄 알았다가 잠시 후 계속돼
Coming soon
Fuck you

ROMANIZATION

Jeungmyeonghae jeungmyeonghae jeungmyeong tto
I can take a few punches and a joke
Gyaenedeureun wang irae we say no
11nyeonjjae midgo ganeun naeui chok
They say they say shit but I did it
Sul hanhani pay Switched it in a minute
Nae nunbicheun bright so clear like Sprite
Like the Moon in the night
Naega ganeun giri right I know
Sexy dwaeji ije dwaeji ppae
Nae vibes mungujeomboda fancy hae
Nuguboda groovy and I'm everywhere
Mokpyodeureul jjwak nubhyeo machi sae jipye
Nae mokpyoneun gyeolgug nae son ane uh
#1 everything gonggamhae what
Bogyeomcheoreom aedeul nal johahae
Da taeulge nae geureut noaeui bae
Nan bung tteuji anha geujeo tteo
Naneun Star mweoman hamyeon gisa sseuyei
Jiltul jeongwanhaeseo mandeun 40eok
Momjibeun jakjiman jaaneun geoinbyeon
Fuck your swag I got style
Nae insaeng bwa you're like 'wow'
I don't ever fuck around
Euntoi sikin nombodan
Bicheonaen rapperga eotteohge dwin ge hweolssin deo manhdan
‘Daeche wae ireohge jjeoreoyo?’ I don't know
Byeonhaji anheul jinrin naega yeomso
I got the power
Mom aneseo gimi nawa
Domang an ga gyesok ssaweo ey
Naega beoneun doneun gigyega da seya hae
Naega ssaneun ttongdo geum geowiga isseo nae ane ey
Nae jaadochwin solkka injeonghaeya hae
Jeongbuneun jeongyura malgo naege doneul naeya dwae ey

Nae insaeng weon eobsi cheoreobsi sseugo beoryeotji
Daril jeoreotdeon ttubeogi sijeoreui
Bumonimeui dwitbarajireul
Raeb hanaro beoreotji raneun ppeonhae ppajin
Jarangjiri nawaneun meoreojin ji
Oraejiman dalrajin geon eobsi
Nae bangeun neugeuoppa bucket list
I don't wanna I don't try to hurt u
Soljik haryeo hal pun don't be upset please
Neoga yeoldeunghadago malhago sipji anha
Sasil geureohjido anheun geonikka
But neoga neukkineun geon naega mweorahal su eobtji
Geujeo gidohaneun geoji nan
Balpyodo angatdeon myubie ssodeun hyeongeum yak 5000manweon
Beoryeojin doninde wae hanado an akkaweo
Wae an akkaweo hanyago mutneundamyeon
Cheotjjae doneun nal umjigiji anhji
Duljjae silpaega naege keun yeonghyangeul juji anheul
Jeongdoeuu geureusi nae ane jari jabatji
Ani sasil geu aeksuga geunyang naegen
Keundoni aningeoyeosseo bro
Nae insaengeui han jangmyeoneul geu doneuro
Geunyang guibhangeoyeosseo bro
Modu nawa gateun saenggageul gajgil
Seonggongeui gijuni doni dwigibodan
Silsuwa silpaeeseo jayureoweo jigil
Haengwiga mokjeogi dweneun dojeon
Geureomyeon da ttaraoneun geol
Geureomyeon da ttaraoneun beob
Naega boyeojugoisseuni naneun bogil weonhae
Ije i sinnyeomeul ttaraoneun neol

Saramdeuri sugundaene
Gasuneun iraeyaji dwendae
Banghyangeul gweongae tto naege
Fuck u im independent
Bad bitches with a calvin
Nae pume ttodasi gidaeneun
Last night oh what happen
Ilgwa yeoja saieui balance
I ain't got time for no bullshit
Dwitgonyeong ppalgin an hae no hwesik
Na eui jarireul gwayeon na daesin
Nuga hae so i just keep on movin'
Naeui institution eseo deureoungeon an haji
Mollabon aedeuri apology
MKIT gwiga neom ppareuji
Tagonasseo dareun bareumi
Neonen naboda yeonseubeul an haji
Geureogo moreundae what the problem is
Nan maeilhanikkan modeun ge ganeunghae
Museun iri saenggyeodo ijen gabyeoweo
Gyesok hapum sikin neonedeureui beolseu
Han pun mot beon naeui work
Gotta keep movin i'm alert
Gotta keep goin up
Gotta keep goin up
Gakkaweojin naeui kkum
Bame bakkwin naeui mood
Makin that cream
Nogeumsil aneseo tteodanineun naeui gureum
Naega tto ireol jul who knew
I'm catchin feelins too
Gomin an hae hanadu
Geunyang kkujunhi haneun jung

Come down come down ije jom swija
Hey zico you need some oxygen
Ollaon sani isseumyeon gyeongchireul bwa
No fuck off fuck off dochageun sae sijakjeomiya
No problem bulgeun sutjaga eobtneun nae dallyeok
Hyeong eolgul mot bon jiga muryeo bannyeon
Fancy hwedongmajeo 5gaeweol gangyeok
Kkokdaegieseo kkok jeojbabttael hwesanghagiro
Mullon baro sangseogeun nae chajigo
Mweot moreudeon geotdeul chacheum jeongsin charil geol
Yongseohaji mweo bujaneun jabiroweo? Injeong
Jugeorago ilman haedaesseynikka
Yeongeoro haeseokhamyeon no.1i naoji? Injeong
Bangsonggugeseo pudaejeob badda
Mama 2nyeon yeonsok namja gasusangeul taoji injeong? hae?
Saeroun pareidaimeul jesi
Ttaeroneun baeuneun jase
Keep going you can't sabotage me
Neon seweora neweora hae daesin
Bae apeul ttaen jebal ijjok gyeonyanghaeseo ttong ssajin malge
Im a quack eonteori? Dakchyeo
Yeol oreun jasikdeul anjhyeo
Yak olligo sudangeul batjyo
I don’t care bout your life yo
I don’t care bout your assessment
I don’t care baeksudeul
Nae gyeolhameul chatneun jigeobeul gatgo yeosilhadeonde
Balba daelsurok peompeujilbakke andwae
Jageun nalgae jise doneun isanggihu woo
Nun kkamppagimeun beongae hapumeun taepung woo
Gyesok ganeun keullaimakseu
Emnet gwanggo bwatji
Da kkeutnan jul aratdaga jamsi hu gyesokdwae
Coming soon
Fuck you",179.678,0.939,0.496,-3.691,0.445
SIDE (Prod. Matt),Swings,3f2Pv5OOhE8b4SrfksABL3,"Let that shit cross your head, what’s going poppin’ yeah
Check my time rewind it, her thigh yeah on my hand
That b tryna act like she already know my name
Wonderin why she here, damn you so passionate
What can I do for you, lotta things on my hand
Walk to the stu and it’s already 5am
Said it, I said yeah, I never gon' do the same
Put morе on my shit and your shit gon' never last
Nevеr lasting
All my blessings
Just counting
All the stupid ass talk, let me keep on grindin’
I talk about that cash, it gon' hype me
I just run to it, fuck the retirement
I just talk in body ooh she entertaining
Countin the hunnids

Woke with dat bitch gettin' head
Woke up smokin' on a gas
Told dat lil bitch I got racks
I've been goin' outer space
Woah
Yo not ma main yo my side bitch
매일같이 펴대서 살찌지
She fell in love tryna wife meh
I told ma brotha it's okay to fuck on dat bitch
Shut up lil bitch you can't mess with ma team
내 jewelry 너무 밝아 눈 멀지
I ain't do this shit fo' fam, I do this shit fo' cash
I do this fo' racks, jus' to get a brand new Ricky Owens
Ma pocket full of checks, I'm on da way

I’m scheming, I’m grinding until
12, 1, 2, 3, 4 or 5
Don’t even know where I am, or the time
But it’s funny 'cause I’m woke and alive so
Happy 'cause I’m rising, climbing, on incline
Worries exist, but I know I’ll survive
Like I did through them nights
I’ve been under fire before
And hurricanes, tornadoes, earthquakes, you know it
Amor Fati, love all the strife
Dodging the arrows and bullets excites
Giving a hand to my people ignites
Fire that burns hard in the heart and mind
The heat doesn’t ever take over
I know that there’s no shortage of cool water
And people I trust
I call this true love
It grows stronger as I get older
Amor Fati, lovin' life

Jump in that
Summon the demon inside me, uh
I interviewed with the Hypebeast, uh
I do my thing like it’s private
All my friends say, I’m so cocky, uh
Yeah, we always on the topic, uh
Yeah, we always on the top ten, uh
Bitch I can’t miss with the shoot
겁이 없어 나는 rude
안 물어 지난 issues
제발 물어보지마 what to do uh
I put Chanel on my feet, yeah
Brought the bands to my 집
쟤넨 그저 tourist
우린 그저 pouring
Bitch I can’t miss with the shoot
겁이 없어 나는 rude
안 물어 지난 issues
제발 물어보지마 what to do uh
I put Chanel on my feet, yeah
Brought the bands to my 집
쟤넨 그저 tourist
우린 그저 pouring",129.24,0.872,0.622,-7.406,0.622
WORK,Swings,0gINJfVy7dCxkSwrJmH0u2,"AP NATION
#1 이 자리는 너무 좋아
Fake motherf*ckers 자아를 정말 몰라
어젯밤 깡마른 애랑 좀 놀았어
작으면 좋지만 다쳤어 나 솔까
미리 일해 맘이 편해 like 수시
무례할 수밖에 난 씬의 중심
한 세기에 한 명 이 몸 안에서 나타남
그래 인마 나 이 말 할 때 눈 깜빡하나 봐봐
잘 봐
Hablo de dinero
El dinero Atrae el culo
Me gusta culo, por eso trabajo mucho
Mis manos están ocupadas como el judo

Mi nombre Swings
I’m doing my thing
For straight 17
Ring a ling ding
내 주머니는 당뇨
날 탐하네 el banco
안 가려 때와 장소
오랜만에 또 el bano
*같은 놈들 힙합 망쳤네
나 과외하다 말고 다시 Mic 잡게 해
Un momento
쟤가 날 갠소
하고 싶대소
날 선물했오
나는 착해 motherf*cker
싫어해도 잘하면 칭찬 안 한 적 없어
너는 안 착해 motherf*cker
내가 장르 살려놔도 칭찬 한 번 한 적 없어
이 나쁜 새끼야

진짜 잘해서 난 달러
세곈 이런 걸 못 봐서
아직 적응 중일 텐데도 뭘 알면 이건 알어
이 새끼 진짜 바뻐 Ain’t no 애인 to make
니들 앞에 이 씨*놈 He ain’t came to play
돈 많이 돈 많이 벌어
얘는 말만 하지 않아 많은 ***처럼
내가 남처럼 했다면 이미 모가진 없어
목표가 누구 상상 밖 나는 혼자지 어쩜
내 Flow so easy AP는 기를 피지
눈앞 모든 잔챙이 나오야처럼 치지
부르면 바로 대답해 보고 배워봐 시리
내 심장엔 용암 내 눈알은 시림
도도녀들 좀 취할 때 Getting touchy
어딜 만지냐고 말하기 좀 거시기
어떤 분야든 OG라면 They love me
지구에 한 개뿐 내 모조품은 없지

I put the work in
I put thе work in
I put the work in
B*tch keep on working
I put the work in
I put the work in
I put thе work in
B*tch keep on working
P NATION",151.973,0.93,0.344,-4.863,0.379
Where U At?,Simon Dominic,2NyxOlOTgq8fjI26UaRQ6P,"Hey, 적극적인 gentleman
당연시 여겼던 첫 느낌이라는 매력에 대한 결과는
면허 시험처럼 연애의 진돈 일주일 안으로 해결하고
친구 놈들한테는 걔는 끝내줬고 별로였고
떠벌리고 다니는 게 바로 너라고
매번 강조하는 'platonic love' 그랬더니
얻은 건 정해진 이별과 가벼운 만남들
그만 둬, 이번엔 어떤 여자일까
봐봐, 지금 니 팔짱을 낀 천사 같은 여자는
니 눈도 못 마주칠 정도로 부끄럼타잖아
10분이면 생기는 마음은 쉽게 들키지
아니, 일부러 들킨 척, 능숙한 스킨쉽은 특기지
잔머리 굴리는데 선수, 작업의 정석
항상 새로운 척, 절대 외로운 법 없지
철없던 과거를 덮고 막 어른 같고 싶어 하고
못생긴 애들에겐 살얼음 같고, huh
지금 너의 그녀는 딱 보니까 쑥맥
마음은 널 향하는데 쑥쓰러워 숨네
착한 애 같은데 상처 줄 생각 하지마
틈만 보이면 kiss 하려고 덤벼 들지마
빨리 그녀가 알고 싶어져
쉽게 질릴 거 뻔하자나 넌 미쳤어
떨쳐버려 그놈의 애정결핍
좀 능글맞긴 하지만 그래도 귀엽지

Hey, 부끄러운 lady
그를 가볍게 스쳐갔던 baby중 한명이 되길 원하지 않지
돼지 공주, 내 애기, 완전 소중 그런 애칭들에 아직은 소심한 적응
지긋했던 솔로생활 청산, 찝찝하게 끝냈던 전 이별의 결말
그동안 무럭무럭 자라난 걱정의 줄기
그 뿌리 채 뽑을 수 없는 근심의 굵기
허겁지겁 지겹도록 겹쳐있는 겁이란 것은
널 지독히도 괴롭히지만 그건 섣부른 허세
넌 세심한 성격의 소유자
그를 생각하며 밤잠 설치며 겨우 잠들지만
꿈속에서는 아직도 그를 그리고
길몽도 악몽도 아닌 미지근한 dream on
어디까지 가있어? stop thinkin'
너무 앞서간 건 안 봐도 뻔해, 확실히
섬세한 감정 계획들 다 좋긴해
그러다 지나치면 넌 미래에 쫓기네
아니, 벌써 쫓긴 듯 행동하는 니가 걱정돼
그를 봐, 여유로워, 아직까진 멀쩡해

결국 그 커플은 딱 100일째 되는 날 헤어졌어
성급한 연애의 결말
간지럽히는 말장난들과 겉으로만 달콤해보였던 날들이
그들의 기억 속에서 흩날리듯 사라지겠지
사겼던 순간만큼은 서로의 자랑이었기에
둘 중에 누군가는 '그것도 사랑이었지'라고
좋게 묻어버리고 살아가겠지
몸이든 마음이든 앞서가기 바빴던
그들의 방식이 그리 나빴던 건
절대 아니었지만 아쉬움이 남잖어
좀 더 천천히 여유가 있었더라면
각자에게 무심한 채로 끝내진 않았을텐데
자기의 욕심보다 애정이 더 컸을텐데",99.01,0.782,0.731,-5.845,0.622
Who You? (Prod. By GRAY),Simon Dominic,7bshkjyxLAk0mJLWzgwWey,"그래, 1년만인가? 거북선은 보물섬이 됐지
그때가 기억이 나, 거가 내 무덤인 줄 알았겠지?
발정 난 열일곱 사내같이 난 절대로 안 죽으니
두 번째, 난 끝을 보겠어, 끝날 때는 정상 위로가, bitch
다신 안 하고 싶었던 show, 회사도 날 무시했고
나는 가기 싫었어 Team YG, 내 회사랑 다이다이 뜨는 간지
Mo' fucker, 패기, 객기 말고 남은 건 독기뿐
깊은 물에 빠져도 헤엄치면서 난 노는 중
수많은 조바심과 부담감에 다 망쳐버렸었던
그 날들을 전부 지워낸 뒤
날 무시했던 놈들에게는 내 가운데 손가락
Fuck boi, who you? 날 못 알아보네
별 볼 일 없는 놈에서 이제 우주로 갈게, whoo
뭔 말이 많아? 너가 아냐고 내 삶?
어쩌고 저쩌고 배신을 했다고?
네가 뭘 알아 인마?
I'm on a new level, 난 안주를 안 했네
1년 전 얻어갔던 인기에 취하지 않았네

Oh, Lordie, Lordie, Lordie, I feel blessed
Texas에서 시작해서 전세계에 소문내
하나님의 뜻대로만 여기까지 온 듯해
당연히 너넨 모르지, 난 쥐도 새도 모르게
I been on that hustle, I been on that grind
새로운 level로 올라가 새로운 삶
위해서 계속 변신을 해 가
억눌러 있던 잠재력을 개방
You have yet to witness the God in disguise
Brainwash is still in process, 너네는 절대 잊지 마
나는 나, 너는 너, 넌 없었지, while I was comin' up
감히 아는 척하며 나타나, 어디서 엄지 척?
싹 다 모조품 Each and every one
꺼져, 내 존재 근처에서
접근도 마, 같은 공기지만 우린 숨 자체를 다르게 쉬어
캐리커처, 가짜들 모조리 지우겠어
Stop playin' cause there was never a us
Who you? I'm just sayin'
Cause I don't remember you fucks
My day one ninjas, 아님 쌈디 형 말한 거처럼

시작점은 듣보 but 난 another blood
Another one, I got another flow
국가에 영향을 줘, 이건 바로 BewhY phenomenon
내 어릴 적에 날 무시로 대했던 년놈들에게로부터
쌓이는 메시지와 전화, my iPhone always vibrate
너가 알아둬야 할 게 하나 있어
너가 지금 연락하려는 대상은 대한민국 최고임을 기억해
넌 봤잖아, 내 존재와 내 예술의 파급력
내 미래는 아주 쌔끈해
제일 기대하는 래퍼, 여기저기 내 얘기 가득했어
내 앨범에서도 말했어, 이 땅 아닌 Grammy가 내 목표
세계가 나를 체감해, 언제나 나는 맨 앞에 존재
앞에는 째깍대는 시곗바늘, 되감기는 없어
Starting from the top, starting from the top
밑바닥과 동거는 이젠 끝났어
내가 왜 돈과 명예를 원해? 내가 이것보다 비싼데
다른 애들에게 난 너무 치사해

난 걍 여기까지 올라온 랩 좀 하는 병신 새끼
그래, 왼쪽 망막을 잃고 군면제 받은 병신 새끼
욕을 배불리 먹고도 졸린 내 삶은 아직 점심때지
변해버린 나에 대한 네 새끼들 마음 또한 역시겠지
Oh, please fuck me forever or never
날 죽이기 위해 누군가 고생 좀 더 해줘
20대 때 난 rock steady
지금은 unsteady crew member
언제부턴가 내 별명은 Eminem
정신과 상담 후에 더 난 일, 일이지
여전히 꿈꾸는 건 나의 dream team
얼마 전에 헤어진 여친은 내 야망의 눈빛에 victim
Sorry, baby, 니가 사랑했던 어느 로맨티스트의 죽음
해보나 마나 뻔할 이 세상에서 제일 힙합적인 부검
그 사체에서 발견될 건 고작 고민한 rhyme 몇 개가 다일 듯
Simon says 이 씨발놈들아 난 영원히 내가 1등
남들 다 하는 성공의 도로 위에서 시간 안 버려
난 위험할지도 모를 갓길, 이제 그 갓길로 걸어가
Hah",132.902,0.236,0.435,-12.599,0.404
Comfortable,Simon Dominic,2lEzKOtt7q64jQZ5meZsY8,"저녁쯤에 눈 떠 확인하는 폰
엄마의 부재중 전화 2통
바로 걸까 하다가 다시 내려놓는 손
오늘은 기분이 좀 아니어서
준비가 덜 됐던 채로
보여졌던 내 모습이 후회돼, 뭐 어쩌겠어?
그래 다 내 탓이네, 몇 년째 똑같대도
I’m gonna be a man, 누가 뭐래도
회사에서 내 존잰 너무 작아, can’t see me
딴 사람의 성공을 지켜볼 땐 괜시리
급한 마음만 배가 돼, 걍 어린애 같았던 거
인정한 뒤 날 다시 준비해 가네
이젠 연습실이 나의 home sweet home
알아, 내 랩을 좋아해주는 건 소수인 걸
언제 나올지도 모르는 16 마딜
다 쓰고 나서야 내 맘이 좀 편하지, hah

Live my life, 그저 맘 편히
어차피 늙어가는 것은 당연해
근데 엄마, 아빠와 함께할 시간이
얼마나 남았나 하는 슬픈 생각만 하면 숨이 가빠와
빨리 날 편히 해주는 좋은 여자의 남편이 되고 싶지만
아직은 내 몸 하나도 못 챙기는 애야, 애
잠을 잃은 밤마다 마셨던 술이 빨리 깨야 해
훗날 나와 같이 살 누군가가 날 떠올릴 때
덜 계산적이게끔 난 나의 가치를 더 올릴게
혼자 먹는 밥 빼곤 sweet, solo life
대신 쓸쓸함은 몸에서 안 빠지는 셀룰라이트
삶의 몇 장면들은 가끔 외로움 속에서 올로케
홀로 맥주 하는 신이 많다 보니 아랫배가 볼록해
난 해피엔딩은 됐고 내 영화 크레딧엔 꼭
날 사랑해줬던 모두의 이름이 적힐 수 있게 해줘

A-yo, One, 서두르지마, stay focused
넌 그냥 해 니 이름처럼 1 day 1 verse
맞아요, 형, 인기는 내게 쓸데없죠
저 위에 래퍼들과 언젠가는 say wassup
쌈디 형, 형을 챙겨줄 여잔 누굴까요?
쉬는 날엔 술 마시지 말고 그냥 푹 자요
Okay, 생각 좀 그만하자는 생각도 그만
나도 오늘만큼은 아무런 이유 없이 good night",105.109,0.6,0.714,-7.643,0.506
GOTT (Feat. MOON & Woo & Jvcki Wai),Simon Dominic,2d7cl6sY3LnfnStaq6jyS5,"Listen up, fake gangsters
And my honeys with ya hair done
자, 여기 no.1 party anthem
이미 열기가 엄청나, 와, 개 더워
나는 구스를 입어 한 여름에도

Show 하고 있네
난 여전히 two for the money
날짜를 check, 내 tour season (Plottin’)
난 뜨거운 여름 그 자체야
쟤네 목에 손목에 싸구려 얼음
다 녹여버리는 (Success)
이 노랜 제목 그대로
GooseBumps가 produced by
전투력이 up now, 이걸 듣는 순간
Everyday I’m on the spot, 이 verse 쓰다가
무대 2개 하고 와서 다시 녹음 부스 안
Rolex 아니라고 이거 Patek
돈을 버는 것도 내겐 A-R-T
가져야겠어 올해의 sexy title
허세로울 때 내가 제일 낫대
서울엔 이미 집이 두 채 (두 채)
근데 요리할 땐 darkroom
구범이는 내 sous chef
우리 둘이 작업한다는 소식에
All the fuckboys say ""oh touche!"", yeah

Dollar bills got me movin', 내 옆엔 다
Bougee ass bitches, 모두 다 일어나
Dollar bills got me movin', 내 옆엔 다
Bougee ass bitches, 모두 다 일어나
Cuz I got that flow and drop it to the floor
너넨 평생 못 봐, cuz you never know
어설프게 굴다 너넨 다 묻히네 땅속
불평불만 말고 움직여 지금 당장 go

안 해 나쁜 짓, 그냥 go for the B
애기들아 follow me, 나만 베껴도 위
니 오빠 말은 bullshit, 내껀 존나 현실
Bish you wanna fuck with me, 미안, 바빠진 D
Oh, GooseBumps on the track, 돈을 벌러
내 옷은 cottweiler, designer들이 나를 follow
Bonjour, 안녕, 영국어로는 halo
형들이 나를 말려, 근데 절대로 못 말려
니 별명은 꼰대, 니 위친 평생 홍대
What your hobby, 꿈이 뭔데?
People say '우원재'
난 차 안사, 좀 있다 빌딩을 사지 (Skrt)
I’m not 아빠 but 날 따라 하네 많이 근데
Oh, AOMG on the building, 이제 party, yeah
너 먼저 반응한 건 머리 아닌 다리, ay
All you wanna be tough
미안, 이건 유전자지, ay
Skrt, skrt, skrt, 백날 해도 넌 제자리에

뜨겁게 달궈 track 위 (Ayy)
소름이나 줄여 G-O-T-T
Beat 위에 난 항상 G-O-A-T
여름에도 덥게 우린 flex 여전히 hot, hot, hot
열기에 swervin’ like that thotty hoe, hoe, hoe
죽였어 like ma enemies, oh, oh
막이 올랐어, 내 revenge (Whoo)
먼저 잘가, 묵념 R.I.P (Lil bitch)",120.031,0.774,0.504,-5.17,0.14
Cheerz,Simon Dominic,5AMg26GltfDcml0wChlkHs,"정신챙겨 마 친구야 니 기분 알어
잠에서 깰 때마다 마음은 불안정
다 견뎌내고 발품
팔기 바쁜 이 때 고달픈
너의 한풀이 들으면서
나도 한풀 꺾이는데
이런 고생이 주는 보답은
달리고 달려도 제자리인
마라톤을 뛴 소감은
야 야 이런 얘기해봤자
답없이 끝나는 거 잘 알잖아 자 자
니 인생도 기분도 한 잔에 말아드셔
하고픈 말이 있어도 혀가 말 안듣죠
내가 오늘 니 챙길게 밖에 택시 많어
계산 걱정하지마 나 오늘 캐시 많어
짠해 마 널 보니 내가 다 짠해
이렇게 또 언제 보겠노 빨리 한잔해
오늘 우리는 개보다는
코알라 코스프레
오늘 우리는 개보다는
코알라 코스프레

에라 모르겠다 내일 일 가야 되는데
니 얘기 더 들어줄게 나는 젠틀맨
어머니 전화는 받어 걱정하시니까
오늘따라 유난히 니 상태는 시니컬
뭐 때문이야 뭐가 널 다운시켜
세상이 차가워질수록 넌 진땀 식혀
억울해마 없었잖아
세상에게 따진 적
용감한 술자리
이곳이 유일한 안식처
참으면 병 돼 임마 울어도 된다
친구끼리 뭐 부끄럽노 됐다
그간의 맘고생은 훌훌 털어버리시고
앞에 있는 잔을 비우자
털어 머리 위로 ho

자리에서 일어나기 전에 막잔
지겨운 이 세상에 대한 막잔
싫은 놈들 안주 삼아 또 막잔
맨날 막잔하자면서
끝이 안보이는 막잔
자리에서 일어나기 전에 막잔
지겨운 이 세상에 대한 막잔
싫은 놈들 안주 삼아 또 막잔
맨날 막잔하자면서
끝이 안보이는 막잔",123.948,0.388,0.588,-11.8,0.231
Lonely Night (Feat. ELO) (GRAY Remix),Simon Dominic,3kdIHn3c5Bfj6qfK6WHfpS,"저 남은 그리움을 피하긴 힘들지
아른거리는 영상들은 미워 죽겠지만
아직도 내 감정은 뜨거워 터질듯
잠을 자도 그녀 생각에 부풀어 커진 꿈
돌아와줘 제발 무슨 말을 그렇게 해
내가 그녈 더 외롭게 만든 것 땜에
그녀 입에서 그 한마디가 나오기 전
무릎이라도 꿇지 못했던 바보
미련만 남아 미안한 마음에
시간아 돌려줘, 다시
그녀와 미친듯이 다투던 그날 전으로
저질스런 의심과 불순한 집착은
날 후회하게 하네, 안타까운 이 마음은
쉽게 잊을 수 없어, 그녈 위한 시를
나 지금도 어둠속에서 적기 바쁘지
그 어떤 표현으로도 그녈 대신할 수 없지
다시 가질 순 없지만 내 마음은 그녈 배신할 수 없으니

떠나버린 너를 제자리로 돌려놓을 수 없지
다 타버린 심장을 너에게 보여줄 수 없기에
사랑한다고 허공에 내뱉어내고
나를 감추고 니 목소릴 단 몇초밖에 들을 수 없네
멍하니 하늘만 쳐다보고 있는 나
가슴속으로 내일은 널 꼭 잊는다며 다짐하지만
작심삼일, 다시 니 사진만 붙잡고
내 머리속은 너로 장식되지, ah
니 흔적을 지운 적은 난 단 한번도 없네
미친 듯이 운적은 많았지, 날 괜히 탓하고 있네
지친 마음 한구석에 눈물이 고일 때 난 잠이 들지
꿈속에서 들리는 너의 깊은 목소리에
찢어진 기억의 조각들이 지워지기 전에
난 잠에서 깨어나지, 고통스러운 너무나 긴
악몽뒤에 날 맞이하는 건 너없는 아침",202.257,0.434,0.528,-11.092,0.556
At Night,Simon Dominic,0da5hji35BCVb7nC8gRQzF,"Rest in peace, 밤이 오니까
눈이 마주치며 하는 공감
뒤통수에는 third eye
최후의 반론은 부질없는 공상
좌우로 돌아가는 동공, 난 못 본 척
남긴 적 없는 족적 걸어왔어
물에 술을 섞어, 난 말해, ""더, 더, 더""
기꺼이 속아주는 듯이 잡고 내려 셔터
어두워질수록 올라가 고개
숨고 싶지 않아 가짜 속에
마지막 말, 마지막 time
모두를 의심해야만 난 살아남아, yeah
거짓말의 거짓말
빠지고 있어 꼬리가
뒤집어야지 결과, good night
아침이 올 거니까

I'm still a night rider, night rider
이 밤은 쉽게 나를 안 놔줘
어두워지고 나면 보일 거야 내 속마음
항상 진심이지, 거짓을 말하는 동안에도
너무 믿지 말아 나 말고도, trust nobody nobody
이 판이 끝나기 전까진, you got it?
내가 너의 유일한 편이자 최악의 enemy
속아넘어간 네가 문제지, why you mad at me?
가끔은 my angel is a lie
내 귓속에다 입바른 소리만 늘어놔
오히려 내 안의 악마가 내게 던져주네 truth
시도 때도 없는 압박감에 나는 bullet proof
비난의 총알을 탕 쏴봤자 damage zero
나를 계속 주목해 줘, ladies and gentlemen
이기는 게 다가 아니기에 기분이 자꾸 soulful
아마도 그건 혼자 살아남은 자의 슬픔",130.003,0.755,0.598,-7.237,0.829
POSE! (Feat. YUMDDA),Simon Dominic,0omgWpim6u8CeZcielC5er,"Ayy, 8마디 feat에 5천 받아
암실 낸 뒤에 CF 3개, 어제 또 하나 더
Yeah, yeah, 2억 가까이 몸값 up
지금 내 시세는 갑 시절보다 like a boss
New new Balenciaga (Balenciaga)
Patek Philippe 봐봐
누누이 말했지 내가
누릴 수 있을 때 누려라 다
사랑받은 만큼 베풀어
Baby, 다음엔 birkin bag
3000만원 당연하게 기부를 땋
Multi flex

애기야, 조금만 참아, 나는 나이가 많아
철컹철컹, 위험하지, 빨리 민증 까봐
돈 냄새를 맡아, 여자들은 빨라
내 Cadillac에 올라타서 큰 성공을 빨아
Woo, 어디 갔지, um, 너의 초심, um
넌 날 몰랐지 pose, yee (yee)
뭐가 될래, 넌 커서 뭐가 될래?
난 이미 부자가 됐네
지방대 가방끈 Chanel띠
Louis Vuitton 물맛은 개꿀띠
야, 똑똑한 니들은 병신 개그지
Pose, 빠끄, 빠끄
Pose, 염따거 따거",100.003,0.587,0.923,-3.826,0.252
intro,Simon Dominic,618m2IsAf8Cge5ND3sxOLx,"오랜만이다 내가 왔다아이가
With ma man loptimist
몇년 전 랩으로 툭 던져놨던
나의 말땜에 SNL League
기대만 하게 만들었지
Like new Iphone
나도 기다렸으니까 이 순간을
이제 자리 좀 잡아놨으니까
판을 다시 벌려놓을게
미안해 그땐 점잖았던 그땐 그땐
눈 꼴 시려웠다는 것도 다 알어 나도
수만의 귀를 열기 위해
접근이 좀 달랐던 방법
그래도 보기 좋았잖아
2009 남자신인상
Shout out 외치니까 팬들은
뻑갔지 빛났으니까
그 후로 2010 시상식 힙합부문 올킬
땡땡땡 종을 울려댔지
번쩍 든 트로피
그 정도 해먹었어도 가슴엔
Still underground
꼴통인 내가 방송에서
웃긴 전적만 남겼어도
난 여전히 잘해
놀 시간 많은 너보다
집 밖에 안나가도 난 잘 나가니까
Skillmatic forever

Pete rock & cl smooth
Hi-tek & kweli
Primo & guru 한국엔 랍티와 쌈디
힙합팬들이 원하던 최고의 동맹
게임은 이제부터야
2007년의 throwback
1+1은 지금 이뤄졌지 SNL League
변화의 시즌을 위해 몸을 더 키웠지
가짜들을 물어뜯고
보상받은 건 승리뿐
전설이 되기 위해
오늘도 밤을 걷는 소리꾼
내 꿈의 부푸름에 쉬지 않는
입술의 부르틈
부끄러웠던 삶을 폼나게 바꾼
수많은 버릇들
바래왔던 거리의 mercy
머리 위 멋진 장면들은 노래가
됐고, 내 앞날의 벌이가 됐지
내가 뜨면 이제 똥꼬에
힘 빡주는 system
음악이 곧 내다
번 돈은 내 assistant
날 그냥 연예인 취급
정도라면 말을 말아
미친 내가 부산에서
뭐하던 새낀지 알아봐라 bitches
난 봐왔어 동경하던 랩퍼들이
허덕이는 꼴
언더그라운드
이름만 멋진 애들이 엿먹이는 곳
뿌리마저 말라있다면
이리 던져 이름표
Get real 나는 밑바닥에서
피어난 꽃
번뜩이는 flow와
내 번쩍이는 show만이
나의 hustle hustle hard
또 grindin'
돌아온 simon dominic
이 시대의 리더
가장 나 다울 수 밖에 없는
이 앨범 SNL League",190.151,0.993,0.146,-3.506,0.502
Say Yes,Loco,27zrFrtUtWl2urlvjOn5xc,"간지럽게만 느껴지던 눈 빛이
이제는 익숙 하단듯이 웃음 짓지
그 쪽으로 걸어가기만 하면 돼
라고
친구들은 계속해서
날 부추기지만
아직은 무거운 구두의 뒷 굽
차라리 벗어버리고 싶은 이 밤의 끝
손을 내밀어 줬으면 해
맨발로 너에게 뛰어갈 수 있게 끔

복잡하기만한 하루에
매 시간 머리를 굴리지만 난 hey
지금에서야 깨달은 건데
결국 다 버려지고 너만 남아 yeah
지난 봄에는 널 우연히 봤고
더 이상은 우연이
아니였으면 해 uh
스치기만 했던 너의 손을 잡고
어떤 길이라도
같이 걸었으면 해

Yeah 어디든 갈 수 있어 이건
거짓말이 아니야 yeah, yeah, yeah
이제부터는 나의 옆이
제일 편한 자리야 yeah, yeah
입술을 오므리고 내는 소리와 같이
내 이름을 불러줬음 좋겠어 (좋겠어)
내가 뒤로 떨어져서 걷더라도 단지
이 목소리를 들어줬음 좋겠어",94.996,0.778,0.696,-4.653,0.41
It Takes Time (Feat. Colde),Loco,1hhhgA9X2UJCxV4Vk8exVp,"벌써 1년이 벌써 한달이
벌써 하루가
추억할 시간도 없이 빨리
지나갔고 내게는
또 새로운 고민거리들로
단 한시간 조차 못 버티고 있어
마른 입술이 뜯겨
아직도 적응을 못했어
이런 감정은
지나가버리면 그만인데
모르겠어 지나치는 방법을
억지로 감은 눈을 떴을 때
내일 모레였음 좋겠는데

언제쯤이면 괜찮아질까
알면서도 자꾸 반복하는 질문
괜찮냐고 들을 때마다 표정은
점점 굳어지는 기분
시간이 들겠지라고 적었다가
지우고 힘들다 라고 써
소원이 있다면
아무 생각 없이 잠들고 싶어
시원한 여름 노래들은
희망고문이였고
오랜만에 갈색의
가을 안에서 나는 기어코
시계만 쳐다보고 있네
얼마나 걸릴 아픔 이길래",120.014,0.483,0.616,-8.533,0.253
You Don′t Know,Loco,1l5ucvhFyb65OGMX8spr4R,"난 오늘밤도 너를 떠올려
니가 모르게 니가 모르게
난 지금 이 순간에도
어김없이 너를 떠올려
니가 모르게 니가 모르게
오늘도 조용하게
말하지 닿을 수 있다면
당장 그리로 달려갈 수 있다면
어쩔 수 없다는 상황 탓을 하며
괜히 상상해 보는
너와 마주치는 장면
날 달래주는 말 언젠가는
그래 다시 볼 수 있겠지 널 언젠가는
매일 너의 사진들을
확인하는 나와는
다르게 애써 무관심한 척 보낸 말들
더는 아무것도 모른 채 살고 있겠지
노래를 듣게 되도 그냥 지나치겠지
용기를 내고 싶어 마셨던 술
때문에 잃었던 기억
서롤 붙잡고 쳤던 춤
더 빠져들기 싫어서 멈췄던 대화
넌 지금쯤 어떤 상대와
또 인연을 맺고 있을 수도 있어
이기적이지만
그 인연은 아니길 난 빌어

생각했었지 미련을 갖기엔
인생은 너무 짧다
그런 말을 하기엔
난 아직 어린가 봐
너의 말 한마디에
아무것도 하지 못하고 있는
나를 알기에
걷어내고 싶어 네 마음에 모든 벽
궁금해 그 벽장 속에 모든 것
조금이라도 내가 담겨있을 까
아니면 다른 누군가로
가득 차 있을까
분명히 언젠가는 잊혀지겠지
시간은 가고 이 노래가 남겨지겠지
이 감정을 버리고 싶지 않아서
난 끄적였던 가사들을
이 곳에 다 담았어
넌 지금 나의 모든 것을 벌거벗겨
그래도 난 부끄럽지 않아
당당하게 서있어
하지만 넌 아무것도 보지 못해
지금도 너를 떠올리네
니가 모르게

나도 알아 내 손을
네 몸에 댈 수 없어
너무 멀어 내 목소리를 낼 수 없어
나도 모르게 커져가는 욕심
너에게도 나라는
존재가 닿길 바라지
나도 알아 내 손을 네 몸에 댈 수 없어
너무 멀어 내 목소리를 낼 수 없어
나도 모르게 커져가는 욕심
너에게도 나라는
존재가 닿길 바라지",125.981,0.345,0.655,-10.025,0.614
Too Much (Feat. DEAN),Loco,1uhxMfjhglHoWlNyN3JaGs,"너의 발길을 멈추기엔 (Eh)
나의 평범함이 너무 지나쳐
니가 소리 내는 하이힐 킥 주위엔
검은 제비들 높이가 너무 지나쳐 (Eh)
일정한 걸음걸이 난 나른하고 싶지만
심장박동이 너무 지나쳐
풀린 듯한 눈 가던 길 가라 하는 듯해도
나는 못 지나쳐
관람하기만 해
홀로 앉은 채로 숨 막히는 청불 영화를 보듯이 (보듯이)
난감하기만 해
팔다리가 아무것도 못하고 있는 나의 모습이
사실 너와 눈 마주치기 싫어
이미 지나치게 축복받고 있는 삶이 (Yeah)
흐트러질 것 같거든 망가져 버릴 것만 같거든

(Oh-yeh) 니가 모르게 널 상상해도
이번에는 닿지 않기를 빌게 (Yeah)
이제는 주머니가 두둑해도
하루빨리 이 앨범을 내야 해
바텐더는 내게 술을 주지 마 (주지 마)
창문은 이쪽으로 바람 불지 마 (No, no)
난 지금도 충분히 충분하니까
내 앞에서 더는 (더는)
지나치지 마 oh yeah, nope
지금 이 느낌이 김칫국이라면 no more, yeah
신께서 주신 찬스인 거라도 괜히 걱정돼, oh wait
이건 본 적 없던 케이스
I don't care, yeah
I don't wanna care, yeah, yeah
DJ, play it again, again",115.067,0.696,0.799,-6.621,0.414
Still (Feat. Crush),Loco,0UsIsMukG8WAV0CVorWOTb,"무대는 끝났고 난 누워서 밀리고 밀린
가사를 적어 창밖엔 비가 내리고 있지
시원한 바람이 얼굴에 닿으면
올해 여름도 끝이 났다는 걸 차갑게 느낄 수 있지
1년 한 달 하루 일분일초에
모든 건 변해 오늘도 어제가 될 거야
근데 난 지금 부르는 이 노래가
너의 기억 속에 영원히 남길 원해
지나간 여름에 유난히 더 많이 보였던 손바닥
무대 위로 몸을 내던지는 횟수는 계속 올라가
팬들의 얼굴을 기억해 맨 앞엔 익숙한 라인업
시작을 같이 했지만 이젠 못 보는 얼굴까지도
너도 내일이 되면 내 눈앞에
없을 수 있다는 걸 알아
미안해하진 마 부서지지 않게 소중히 담아둘 거니까

네가 느끼는 나의 음악이 루즈 해져도
머릿속에서 뛰어놀던 내 몸짓이 주춤해져도
잡은 손의 온도가 미지근해져도
무대 아래서 뜨거웠던 발길들이 뜸해져도
난 그때를 다시 떠올릴 수 있어
잊혀지는 건 아주 자연스러운 거랬어
언제든 돌아봐도 돼 난 여기 남아있어
돌아봐도 돼 난 항상 남아있어

아직 기억해 2012년 겨울
첫 무대는 내겐 잊을 수 없는 성탄절 선물
우릴 비춰주던 그 조명들
어디에 있어도 여전히 뜨거워 늘
V hall, Rolling hall, Alex hall
밟고 있는 무대가 조금 달라졌어도
각자 자리에서 빛나고 있어
영원히 가슴속에 남아있어",134.714,0.315,0.485,-11.599,0.425
Somebody!,Loco,258Rx9GugoWqcn5rJGVU1W,"Sometimes
얼어버렸나, yeah
너를 보면 잊어버려
I feel it coming, baby
이기적이야 넌 왜
매일 날 시험해
Please take me somewhere, yeah

아무도 없이 봄 지나쳤지만
굳이 안 필요해 아무는
고개 돌렸지만 아니었지
난 보이지가 않아 너 말고는
심장은 곧장 (곧장) 하늘 위로 뛸지 몰라 (몰라)
아니잖아 아무개조차 (조차) 괜찮아 기분 너무 높아 (너무 높아)
나도 혼란스럽지만 이미 구름 위
공감 못한 친구들은 걸어 다니지
Somebody, somebody, somebody (Somebody)
Nobody, 아마도, nobody (Somebody, ooh-ooh)
은행사거리에 핀 꽃 여전히 자라고 있어 (있어)
가리고 있던 이름표
이제 너에게 떼어 주고 싶어 (Yes, it's fine)",141.088,0.461,0.649,-8.401,0.487
NOT OK (Feat. MINNIE),Loco,0tSDqQOK8EgoRxYXWkP5rR,"입꼬리 올라가는 건 무의미 괜찮아질 리가
높이 올라가는 건 무리지 고개 숙여지니까
빙그레 빙그레 뚜껑 열면 빈 수레
애매하게 웃어주는 건 내겐 무례해
작아진 기분 작아진 지분 싸가지고 집으로
솔직하기 두려워서 괜찮다고 말해 일부러
여태 버틴 김에 건배 잘 해냈지만 지레 겁내
나를 위했던 건 없었기에
빈 거울만 쳐다봐도 섭섭해
쭉 외쳤었지 till I die 옛날 얘기는 입 아파
같은 시간 지나왔어도 넌 내가 아니잖아
혼자가 편해 너무 ok 문제가 없게
너라도 괜찮담 고개를 절래

어제 얘기 나눈 별
보이지가 않는 걸
괜한 바람인 걸까
왠지 틀린 것 같아
Why you asking?
No, I'm not ok
바보 같은 눈물로 젖은 긴 한숨만
걱정해 줘 내 못난 상처가 아물게
버틸 자신이 없어 난 또 제자리에서
Said I’m leaving, I’m leaving, I’m leaving",198.032,0.989,0.326,-3.403,0.695
It′s been a while (Feat. Zion.T),Loco,37CKtYC4R9m8woURH6hESX,"음 어 오랜만이야
네가 줬던 영감으로 가사를 쓴 지가
벌써 몇 년 전이네
웃으면서 이렇게 이야기할 수 있어
기뻐 그리고 다행이야
정신없이 살다 보니 시간이 너무 빨라
심장 위에 쌓인 먼지
서른 즈음에는 아저씨들의 노래였는데
이젠 가사 하나하나 죄다 와닿기만 해
요즘도 여전히 작업실 아님 무대 위에
달라진 건 더 이상 쫄지 않아도 돼
모든 price tags
전부 다 덕분이라고 생각해
언제 한번 밥이라도 사야 하는데
그땐 아무것도 해줄 수가 없어서
마시던 맥주잔을 눈물로 채웠었지

어 맞아 그때 들려줬던 나플라가
그 나플라야
웬일로 TV를 다 봤네
친하지는 않고 나도 팬이야
궁금한 게 많네 편안하게 물어봐
여기도 똑같아 보이는 게 다가 아니야
돈으론 뭐든 사재끼지 조작이 가능해
내 친구도 제안받은 적 있고
그걸 작업이라 부른대
난 궁금해 그들도 나처럼 무대 위에서
행복을 느끼는지
사람들이 노랠 따라 부를 때
내가 느끼는 것과 같은 기분인지
아 입대가 많이 늦었지 아마도
2월 7일에 들어갈 것 같아 논산으로
반가웠어 계속 잘 지냈음 좋겠다
우린 언제 다시 또 보게 될까",138.674,0.328,0.321,-9.675,0.182
Hold Me Tight (Feat. Crush),Loco,1dteYDjCFppP33ANUGfKFF,"난 이제 익숙해지는 것 같아
키가 작을 때부터 해 왔던 상상
마음껏 펼치고는 꿀 같은 단잠
자고 일어났어
어딜 가든 나는 항상
자신감 넘치게 행동해야 하지
아직 많이 부족하긴 해도 끝까지
이뤄낼 거야
내 꿈, 너도 알지?
그래도 네가 있어 난 힘이 나지
너의 하루는 어땠어?
느껴져, 딱 목소리에서
누가 또 네 심기에 손댔어?
맞아, 전부 그 사람이 잘못했어
쓰다듬어 주고 싶어, 네 머리를
오늘도 고생 많이 했어
이번 주말에는 떠나자, 어디든
일단 눈 감아, 내 팔에 기대서

쉬는 동안에도 주말마다 일이 생기지 (생기지)
가끔은 너무 정신 없어서 내 몸도 못 챙기지
내 나름대로의 욕심 땜에 압박이 머리를 조여도
다 풀어냈을 때 그 시원함이 나를 무대 위로 또 올려 줘
나도 오늘 일을 끝냈으니 편안하게 와서 안겨도 돼
현실이 꼬리를 물기 전에 더 이상은 아무것도 생각하지 않기로 해, uh
괜찮아, 괜찮아, 우리 둘밖에 없어
네가 하고 싶은 대로 해
준비 안 된 건 없어

Hey
미리 맞춰 놨어, 적당한 온도
너 땜에 오늘 아침부터 뎁혀 놔서 따듯해, 내 몸도
이리 와서 누워도 돼, 내 옆에
눈 감고 기대 봐, 내 옆에
잡은 손 놓지 않아, 절대
네가 눈을 떠도 어디 가지 않아, 절대",82.499,0.69,0.656,-7.783,0.696
Late Night,Loco,5oK2nZo8CTCQJd1SJwBUws,"소중하지 하루하루가
제발 make me say la la la
불러줘 그럼 바로바로
갈테니까 대신 일 할 때는
나나나나나 Nah
TV 앞에 누워 시간 죽이지 죽여
만날 사람이 진짜 반 명도 없어
박준원 보다 더
슬퍼서 오열 미스터 션샤인 내 친구
늦은 밤이 늦지 않게 좀 연락해줘
호랑일 데리고
끽끽 또 부릉부릉 난 기분이 하하
쓸 데 없는 돈은 다달이 2만큼 쌓이다
너 없이는 의미 없는 집의 크기만 더
커지고 있어 고민하지 말고
내 이름을 눌러

알고 있어 곧 출근하는 아침
자기 전에 목소리라도 같이
주고받아도 사실 감사하지
어쨌든 오늘을 함께 시작한 거잖아
지금 혹시 근처라면 잠깐이라도
좋으니까 우리 집으로 모여
(아무것도 필요 없어)
이 시간엔 분명 출출하지
궁금하지 않니 낙지볶음 소면
(Simon Dominic)
매일이 주말이면 좋겠어
시간 가는 줄 모르게
암막을 치고 뒤엉켜서
쭉 점심까지 구르게
알람을 끄고 폰은 던져버릴 거야
너랑 나 Late Night할
필요 없지 아닌 척",125.043,0.628,0.612,-6.754,0.434
Can't Sleep,Loco,0KAEcWBiGbUMqysQGISkz8,"괜찮아지고 싶어서
가슴에 가지런하게 포갠 손
근데 심장은 눕기 전보다 더
세게 나를 쳐
웃으며 말하고 싶었지 I’m back
시간을 들였고 역시 나는 안돼
여전히 열 시가 되면 깜깜해
계절이 바뀌었어도 하룬 똑같애
뛰쳐나가고 싶지만 기껏해야 연병장
콜렉트콜의 lullaby
못 들은 탓일까 하루가 너무 길다

맘이 변한 건
세상이 너무 변해서일까
추억에 너무 취해서일까
아니, 내가 원해서일까
밤새 비가 내리면
나의 꿈을 꾸겠지
미안해 네 머릿속에서
어쩔 생각은 없어
I can sleep
And breathe so deep
벌써
난 네 자리를 채워가고 있어",127.021,0.586,0.731,-16.144,0.616
The Purge,Jay Park,3gGyzpBLb7pqOw5oC47QaV,"(Ayy) I said one for the money
And got two coming for your head (Ayy, ayy, woo)
보일라 머리카락, 빨리 숨어
Better duck 'fore they find you dead
기회는 한번, 대지마 버벅
Spilt that red like Johnnie Walker
우린 너무 나빠, 손에 안 잡혀
진짜로 위험해, 왜 자꾸 시험해?
Better quit testing me, ayy
My clique next to me, ayy
눈앞에 보이는 대로 줄 세워서 한명씩
(Ddu-ddu-ddu) Rest in peace (Ah)
On the purge, so them birds pull up (Brr)
On the purge, so them birds pull up

Yeah, 바주카포 쏘고 다시 가지
넌 바지 잡고 돼 방전, ayy
I just wanna pop a bottle fucker
사실 없어 난 반전, ayy
Hoes on my back, 가방같이 등에 메
끈은 꽉 매, 나는 매일 바삐
계속 걸어가, gotta go man
다 이뤄가, 안 잃어가, 우리가 위로 가
What about you bish? 난 필요해 갱생
밤새 또 밤샐 거 같애, 매일 똑같애, Andante
안돼, 또 같아, 누구보다 빠르게
Study about danger, so many gangsters
So many dancers, fuck all avengers
일억을 땡겨, 가져와 쎈 거
What about tango, bish?

(Ayy, ayy)
이건 영화가 아냐, 정신차려
떨어지나 보네, 현실감
떨어져 봐라, 멀찌감치
쫓아가, 우리는 purge
열심히 쳐라 발버둥
여긴 이미 대소동 (Let's go)
우린 이미 locked and loaded
너네 발 빼는 소리 위로
H1GHR gang already
Ready, get set, go (Ayy)

I'm an outlaw riding on my horse
Rebellion running through my veins, seeping out my pores
Steal from the rich and I give to the poor
Pitchfork pitch dark bodies hit the floor

(Yeah-yeah, uh)
I spit sixteen bars when I was sixteen
They used to call me 'Damn boy' (Damn, boy)
차피 misfit 취급 받지
받아라, 쌓인 내 demo (Demo)
냉무, 이게 내 제목
또 내 메모장에는 chaos (Yeah)
상대적인 내 배포
행방불명, 마치 대포
But no cannon (No), no caption
Do not pull up in my section
떨어져 tension, I do 택견, yeah, yeah
Better not test us, yeah
무뢰배 떼, 우린 몰라 배려
들이대지마, 우리 눈만 배려
병재처럼 너는 불안해져
When we show up

You get in my house, yeah (Huh)
안 속아, bish you never know
밟아 가시밭길 (Huh, what)
맨발이었지, 난 오톤 truck
Lesson 다시 받길
네 사클은 pause
I don't give a fuck about 네 Prada
H1GHR gang mobbin' 해
이미 또 다른 곳에 위치해 있잖아, right
작은 내 꿈이었지만 방에서 이뤘지 (이뤘지)
네가 무슨 말을 하고 싶은지는
나도 잘 모르겠지만, shit (Shit)
모두가 벌벌 떨어도 나 혼자 party
가만히 보니 여긴 사파리, huh
비행기 타고 저 멀리
떠나자, 이게 내 벌이

Man, you better hide
이제 됐잖아, 시간, I'm goin' to kill (Brr)
H1GHR gang the H1GHEST
We on riot, 무대 아님 iPhone screen (iPhone screen)
아니면 like pilots
하늘 위서 확보해 시야 (Woo, woo, woo, woo)
You don't think I can see ya
It's the purge, R.I.P. ya

This that H1GHR, we don't fuck around
Let's loot and riot, let's burn the town
We leave it empty, let's ghost the town
Man, fuck the throne, let's take the crown
우리 편 아니면 반대 편
난 총대 메고선 앞장서
맑은 날씨에도 안개 껴
If you the opps then 다 숨어, like",93.909,0.905,0.487,-3.901,0.496
MOMMAE (Feat. Ugly Duck),Jay Park,1LNlfvPQmB0cqYJQQskZ8x,"네 앞에 서면 비욘세 엉덩이도 납작해
답답해, 시원하게 그냥 갖다 대
구릿빛 피부의 네 허벅지는 탄탄해
택시 기사처럼 넌 쭉쭉 가고 빵빵해
널 감상하는 게 변태 같으면 난 변태할래
진심이야, 연기처럼 보이면 나는 담배
우리의 관계가 뭔지 모르지만
지금 소개받고 싶어, 네 가슴에 달려있는 자매
쌍둥이-둥이, I want you to give it to me, ooh-wee
Twix처럼 있고 싶어, baby, 단둘이
부비부비, 춤은 내 침대에서 추지
규칙과 휴식 없이 너한테 계속 주지, let's shoot a movie, ah

목폴라를 입어도 태 나오는 몸매 (몸매)
목 메이네, 괜히 칵테일 한 모금 더 해 (더 해)
멍해진 동공, 내 초점은 동태 (동태)
원초적 본능에 튼튼해진 내 떡매 (떡매)
보자마자 딱딱히 굳어, 눈매가 메두사
쭉빵에 코피 터져, 허리선이 펀치라인 (Woo)
피부는 미운 네 살 말투마저 귀여운 부산
부모님 한국 분 맞어? 골반이 수입산
더우면 좀 더 벗어, 바람직한 복장 불량
맛이 궁금해, 탐스러운 자연산 복숭아, 수박
클럽 안은 이미 동물농장
넌 발정 난 수컷들 다 불러 모아 멕이는 사육사 (Hey, hey, hey)
이제 빠져나가자, 이 마구간에서 AOMG로
같이 온 친구들까지 다 데리고
누가 뭐래건 신경 안 쓰여, 우린 우리 방식대로
Ayy, yeah, it don't matter",93.91,0.691,0.694,-4.791,0.678
GANADARA (Feat. IU),Jay Park,5quFr5s5PXYfUX5jV2EBZ1,"길거리를 걷다 보면
사랑 노래만 흘러나와
나는 왜 저런 게 낯설까
난 한국말까지 서툴러
번역기도 전혀 도움 안 돼
네 맘엔 어떨까 걱정만, no (Oh)
어떤 단어를 쓸지, I don't know
어떤 말을 할지, I don't know
나는 왜 이런지, I don't know
You're on my mind
어떤 단어를 쓸지, I don't know
어떤 말을 할지, I don't know
나는 왜 이런지, I don't know
You're on my mind
Baby, 정말 생각 안 나 (안 나)
Body language로 자신 있어
보여줄게 girl, just give me some your time, yeah
너를 보면 손에 땀 나, yeah
긴장 풀게 한 번 웃어줘
Let me take you on a magic carpet ride, uh, yeah

너무 완벽하지 않아도
걱정 마 네 맘을 조금 알 것 같아
네게 좀 더 다가서 볼까
고민해 매일 밤
길거리를 걷다 보면
계속 계속 네 생각이 나
이런 내 모습이 왜 낯설까
번역기 위에서
헤매는 네 손가락까지
자꾸만 생각이 나는 걸, okay
Body language도 (Huh) 나는 괜찮아 (Woah)
But, 생각 안 나면 그냥 웃어줘 (Ha-ha)
모든 것을 알려줄게 오늘 밤 (Uh-huh, okay)",90.081,0.615,0.492,-6.663,0.458
STAY WITH ME,Jay Park,3U7cZbyMlSylP0pH3kdV4R,"쉽다고 말하면 그건 거짓말이지
다툰만큼 서로를 더 아끼게 됐지
옆에 있을 때는 난 항상 모르지
없을 때는 또 네가 너무 보고 싶지

수많은 실수를 통해서
너 없이 의미 없단 걸
깨달았지 이제 영원히
It's just you and me, ooh whoa ooh

Baby 난 네 덕분에 사람이 됐지
네가 아니었다면 생각조차 하기 싫어 my baby
네가 날 멋있게 만들어 baby, yeah, yeah

신이 우릴 허락 안 해도
나는 끝까지 널 사랑할래
네가 없는 것보다 차라리 죽는 게 더 나아
모든 게 무의미해져",86.997,0.258,0.664,-10.975,0.358
SOLO (Feat. Hoody),Jay Park,6j3i8yVetAyxX8vUIfoz70,"Baby 솔직할게, yeah
나 조금 당황했어, yeah
이런 경우는 처음이야 나한테, yeah
지금 어쩔 줄을 몰라, nah
나 원래 반대 입장이야, yeah
나를 만나려고 다들 줄 서있는데

근데 니가 나타나서 멘붕 상태야
내 자존심 갖다 버리고 와
I don’t care 널 갖고 싶어 baby
우리 부모님이 반대하셔도
친구들이 바보라고 해도
I don’t care 널 갖고 싶어 baby

Single lady? 누가 물을 땐
난 그냥 거짓말로 아니라 했어 baby (ooh)
하지만 내 앞에 진심인듯한 널 볼 땐
Baby I’m solo from now on

모르겠어 진심인 건지
한순간의 착각인 건지
I don’t know 왜 날 갖고 싶어 baby, yeah yeah
얼마나 많은 여자들이
널 만나려고 줄을 서있는지
I do know 그래서 불안해, yeah, ooh

다 괜찮아 그냥 솔로이길 바래 girl
Aladdin and Jasmine, now I’ll show you a whole new world
Magic carpet 위에 올라타 girl
걱정하지 마 따라와
Baby 보여줄게 많은 걸
Uh, 콩깍지는 아닌 것 같애 (ooh ah)
이름도 모르지만 baby 사랑해 (사랑해, 사랑해)
Nothin' on you, I just wanna know your name
첫 번째는 아니어도 (ooh...)
마지막이 돼줘 baby",124.234,0.314,0.489,-9.245,0.607
DRIVE (Feat. GRAY),Jay Park,4NKQTbmiBtm1MwqBbQQhpM,"Oh yeah, girl, 내 몸이 힘들어 (힘들어)
Oh yeah, girl, 내 맘도 힘들어 (힘들어)
And now 이걸 치료할 수 있는 건 (Yeah)
너 하나뿐, girl only you
데리러 갈게 girl 저녁때쯤
언제나 내가 누굴 필요로 했을 때
You were always there, for sure
내가 Jay-Z면 너는 나의 Beyoncé
Together we can run the world

어떤 차로 pick up 갈까?
I'll take you foreign, 내 옆에는 네 자리 (자리)
전세기에 태울 수 있을 때까지
It's all for me and you, I'ma keep on hustling!

우리 열심히 일했잖아 (Damn right)
오늘 어디든지 떠나자
Me and you, girl I'll show you the world
세계적인 couple Victoria와 Beckham
나 알잖아 기대해도 돼 백이면 백 노력할게 girl
No matter what I'll always be there
Your Superman, 꼭 지켜줄게 baby
길 잃을 일 없어, I'm your GPS girl
어디든 다 갈게 'cause you are so special
다음 단계로 가자 on to the next level
걱정은 다 제껴 우리만의 영원한 여행",90.565,0.792,0.645,-7.34,0.666
World Domination,Jay Park,20QRiEt3H04E5vHJG4LDlG,"Yeah, 뭐를 하든 항상 제대로
The homies got that stick like a 빼빼로
어딜 봐도 all ice like a Eskimo
난 계속 복을 받지, 그건 세뱃돈, yeah
모든 rappers 전부 cappers, 너넨 삐에로
This that Soju, this that Kimchi, this that 찌개 flow
광고 pay 노관심, 나에게 지분 줘
Twelve years in the game, 환영해
나의 시대로, 시대로
나는 시간 절대 안 봐 시계로
나는 가만 있질 못 해 이대로
내 hustle 보고 착각해 기계로
Oh shit, there's a level to this shit
Young boy, notepad 꺼내 적어 all that shit
Young boy, I'm a grown man, yeah
But energy and young boy, 나는 젊은 회장님
I'll treat you like a young boy, talk to me nice

대화 나누기 전에
Respect부터 챙겨 인마
주는 대로 받는 거라 배웠는데
이거 무슨 콩쥐 팥쥐도 아니고
도무지 감이 안 잡혀
모두의 욕심을 채우기엔 부족
그렇다면 나와 나의 주위
모두의 안위 정도만 챙기는 걸로
그렇지만 커지는 원 (원)
누가 막아 대체, 너? (너?)
이건 대체 불가한 것 (Nah)
그래, 말하자면 불가항력
이런 촌스러운 게 먹힌다는 게 (Ooh wee)
실은 뱉고 있는 내게 제일 거슬리는 점
그래도 가끔 이런 게 어린아이들에겐
좋은 귀감이 될 수도 있다는 게
Nah, 뭐라도 뱉으면 fire
Steppin' it we goin' H1GHR
함부로 하면 retire 시켜
엄지처럼 날 치켜
친구들은 날 지켜
BGM은 네 비명

이태원 서울 city
폐허거든 저울질이
헥헥거려, 도무지가 쉬질 못해
서로 시기 질투해
거짓말로 Me Too해
찌그러지자, 귀퉁이에
오심 프로가 capper, 사십오 프로는 개 뻥
사 프로 they ain't rapper, 일 프로 그게 나라고, 새겨
알고 있음 미리 말 좀 하라고 새꺄
제발 내 말 자르지 좀 말라고 새꺄
인천공항 유럽으로 가, 다음에 또 봐
인천공항으로 또 가, 미국 도착, 담에도 좋아
인천공항, 입국허가, 지구 돌아
네 커리어 던져버려 투포환
뗄 수 없어 내 두 고환을
난 앞으로만 go 하는 type이라 그래
받고 만은 못사는 사람이라
죽을 때까지 못 갚으면 제 명에 안 R.I.P. 해
기다려 내 revenge, 양아치 너네

Everything we do is top tier
우리 앞에선 제대로 된 존중 갖춰
네 다음 album 내가 냈어 이미 last year
You always behind me
말 다 했지, 음원 하나 없이 Jay signed me (H1GHR Music)
기억이 나네 손에 3만원도 없을 때
고픈 배를 쥐고 그려갔지 master plan
매일 저녁 ain't no food on my table
이젠 매일이 뷔페 같지
I be feasting with my label
It's that H1GHR gang, H1GHR gang
다 해 먹어 전부 everything, everything
올라가는 나의 개런티
복잡해진 나의 통장
일만 하는 회사 땜에 온 것 같애 공장
Yeah, she tying up my phone asking where you at
I tell her I'm bout hit the airplane
Won't see me till I'm back
Keep tabs on my moves on the gram",102.055,0.912,0.56,-5.125,0.391
REBORN,Jay Park,3j5P08hfKY8oUSARXvmjjZ,"Yo, 새롭게 태어나
잠에서 깨어나
I'm a go-getter
Energy 충전했어, come on let's get it
AOMG, H1GHR MUSIC, let's party
내 삶을 돌아봐 yeah 너무 행복하지
박재범 보컬에다 Cha Cha beat 까지
It's the dream team, 마치 Michael and Scottie
패배를 느껴봐야 승리의 맛이
그만큼 달콤해 희망을 잃지 않길
고개를 숙이지마 떳떳하게
Keep your head up, keep your head up, hey

Yes Sir, 매일 밤 새로 태어나지 난
꿈의 장소는 침대가 아니야
답답한 나의 속을 시원하게 해주는
그 순간을 위해 살아 난 (hey)
지나간 모든 건 당연히 지나간 대로
의미를 갖겠지 다시 새 그림을 그려
한번뿐인 삶은 drama 아닌 다큐
각본은 못 쓴다 해도 분량확보 하길, yeah
예 다른 사람들을 흉내내기엔, yeah, I'm too original
나의 모든걸 직접 디자인하는 작업
중력은 나를 중심에 끌어당겨

어제의 hangover 에서 깨
반쯤 죽어있다 날 일으켜 세워
시원한 바람에 fresh air
다시 생명을 내게 불어 넣어 yeah
내 태도는 새로운 도전 앞에 안 빼
If I take a L, Big Sean처럼 I bounce back
적들은 등 뒤에서 항상 날 압박해
하지만 내 vision은 새 같아서 난 안봐 앞 밖에
이건 꽉 막힌 귀를 뚫어줄 rap
Cha Cha의 beat을 소화하고 타 like green wave
묵힌 걱정과 불안은 이 무대
위에 파도처럼 떠내려보내, I feel great",113.139,0.948,0.315,-7.621,0.318
V,Jay Park,3f5XXfnwDmo3z8fJPb9Oxa,"Ooh baby 난 너무 답답해
우리 서로 알아듣지 못해
And ooh baby 대화가 필요해
Google 번역기 켰어
데이트 약속 잡아
Baby oh, oh, oh
한강을 걸어
내 공연 공연처럼 (what?)
내 위를 벗어던져
Let's 셀카 찍어 photo
올리면 안 돼 no, no (no)
Fan들이 반대해 어머 (what?)
여행을 가자 고고 yeah, yeah
투명한 바닷가에서 surfing해
할 줄 몰라
사실 나도 몰라 같이 배울래
나는 너의 Superman
넌 나의 Mary Jane
빠지면 구해줄게
Yeah, yeah, yeah
모래에서 굴러 대
네 품속에 죽을래
행복하며 웃는 채로
Ooh, baby you the best, like
풀처럼 붙어줘 나한테
누워서 셀카 한 번 더 찍어 우린

눈치 못 챘다면 baby girl
Yeah I like your style
맘에 쏙 들게 생겼어
Baby girl you drive me wild
Bootyfullest girl in the world that I ever found
비자 필요하다면
웨딩드레스를 챙겨와
WhatsApp은 필요 없어
카톡 깔아 내가 먼저 (카톡)
연락을 할게 선물을 살게
예쁜 속옷으로 yeah 미칠 것 같아
Ooh, yeah, 너의 어머니
Ooh, yeah, 감사드리지 (thank you)
Ooh, 널 낳아줬으니
Like ooh, yeah, 푹 빠졌지
Like ooh, baby
A dose of you daily is what I need, girl
So your body lookin' so tasty
Trump는 오지 말래 (fuck off)
여긴 이민자 환영해 (welcome)
너의 향 익숙하지 않네
네 언어도 너처럼 아름답네
너의 나라로 날 데려가 줘 (let's go)
Baby 네 친구들도 소개시켜줘 (let's get it)
네 문화를 가르쳐줘
우리가 거기서
사랑 나눠 누가
뭐라 하면 우린 like",87.788,0.575,0.119,-17.683,0.0381
Candy (Feat. Zion.T),Jay Park,0luFANDtNNjcBXKazh3dV8,"사실은 오늘 너와의 만남을 정리하고 싶어
널 만날거야 이런 날 이해
어렵게 맘 정한거라 네게 말할거지만
사실 오늘 아침에 그냥 나 생각한거야

너 몰래몰래몰래 다른 여자들과 비교 비교했지
자꾸만 깨어지는 환상속에 혼자서 울고 있는
초라하게 갇혀버린 나를 보았어
널 떠날꺼야 음! 널 떠날꺼야 음!
하지만 아직까지 사랑하는걸
그래 그렇지만 내 맘 속에 너를 잊어갈꺼야

Woo 재범
박재범 1,2
1,2,3,4 Let's go!
내게 하늘이 열려 있어
그래 그래 너는 내 앞에서 있고
그래 다른 연인들은 키스를 해
하지만 항상 나는 너의 뒤에 있어야만 해
이제 그만해 음 나도 남잔데 음
내 마음 너도 알고 있는걸 알아
그래 이제 나도 지쳐서 하늘만 바라볼 수 밖에",125.164,0.601,0.612,-7.809,0.368
My Last (Feat. Loco & GRAY),Jay Park,2LTLUWY6bTkBZD5OAqhkuI,"너는 얼굴, 몸매, 그리고 성격까지
10점 만점에 10점이어서 내가 열나지
너무 핫해 girl god dang
내 맘에 너무 들어서 흥분이 못 가라앉지
여자가 너무 많았지 난
나한텐 모두 다 너무나 좋은 추억이지만
모델, 아이돌, 연기자 oh my god
디스패치한테 안 걸린 게 다행이야 oh no
너랑 과거는 싹 잊게 돼
불금에 나가지 않고 니 옆에 있게 돼
Want you now in my bed 안 질리네
Girl with you every day
I feel like a billionaire
명품가방을 굳이 안 메도 돼서
명품가방만 사주고 싶은 여자
쇼미더머니 생기기 한참 전부터
원래 힙합을 좋아하던 여자

눈이 자꾸 가는 빛나는 이마
나를 쳐다보며 위로 올라가는 입과
긴 다리 위에 두른 짧지 않은 치마
어딜 가든 손 잡고 걸어 난 괜찮으니까
아침에 눈꺼풀보다 무거운
내 엉덩이가 벌떡 들어지는 이유
다른 여자 앞에선
보기보다 많이 두꺼운
내 얼굴이 쉽게 풀어지는 이유
아직도 신기해 이런 상황이
첫 번째는 아니지만
진짜 마지막이 될 수 있을 것 같아
이건 내 가사지
무슨 말이냐면 나의 진짜 이야기
의심하지마 내 과거는 다
신경 쓰지마
지금 내일을 같이 준비하기에도
시간은 충분히 부족하니까
더는 신경 안 쓰여 너의 아는 오빠도",99.796,0.463,0.751,-14.039,0.412
Good Day (Prod. by CODE KUNST),pH-1,6CxxgFhfvh5uz6h4l0ltzP,"I just wanna chill with my homies
하얀색의 모래 또 파란색의 물 위엔 파도들이 쭉 밀려오지
전화해서 잡아둬 펜션, 이미 올라온 텐션, yeah
I don't care, 모아둔 돈을 깨
Lotta cash, 얼마든 I'm okay, yeah
비싼 옷 빼 입어 cuz It's a good day
많고 또 많은 스트레스는 어려워, 때로는 정답을 몰라
Sometimes I feel like I'm at war, oh, no
But I know it's gone be alright, yeah
바다로 올라 태워 가자 boat ride, 친구들 불러 몽땅
바람 부는 소리, 들뜬 맘에 잠을 못자, yeah
비싼 옷 빼 입어 cuz It's a good day

Seoul city 서있어 난, 빌딩 옥상에서 봐
어딘가에 가는 사람들 그 사이에 사이에 나
줄처럼 얽힌 우리 삶 (Hold up)
거기서 도망쳐 나왔어
기분은 high with CoKun 또 Palo
Hola, pull up, hola, woo, yah
기분 좋은 날씨야, 다 모일까
Indigo, Cozyboys, 우주로 비행
Indigo, Cozyboys, 우주로 비행
인생은 trip, but 안해 trip
Love 난 필요해 들어 내 1집
인생은 trip, 인생은 여행
눈치 왜 봐, 걔네 말 뻔해
인생은 trip, 인생은 여행
어디든지 가자, okay
내 위 높지, yeah
햇빛, 날씬 좋게, Seoul city, 먼진 걷게해
Seoul city, rollin', Seoul city, finesse
Building 세우지, 내 chain, bling cling, so
여전히 간지부리지, 바람에 내 금 스치지
Geekin', geekin' will.i.am
가득 딴 커피 I'm drippin' (Yeah)
여전히 간지불리지
바람이 chain 스치지
Geekin', geekin' will.i.am
언제까지 til' 평생 (Pow)

Just another good day, 가지 않아 우울의 늪엔
You see me now, I'm beamin' like Lupe, 대축제
세련된 감각에 plus해, 지혜로움과 사랑을 덧셈
Yeah, I'm a sucker for love, 그런데 conscious해 동시에
번 돈을 멋지게 쓰지, 그동안 난 수고했으니
머리부터 발끝 치장하고 냠냠 배를 채우지
친구들도 바쁘게 살아, 많이 벌어서 다음번에 쏴라
오기 힘들면 가면 되잖아, 화창한 이 날 화는 내지 마
좋은 기분을 나누고파, 사랑하는 사람들과
이런저런 수다 떨면서 ping and pong, 주고받는 농담
Just another good day, 가지 않아 우울의 늪엔
You see me now, I'm beamin' like Lupe, 대축제

난 원해 더 많은 거
시간을 담았지, call ma bro
가질러 가야 돼 손이 난 커
절대로 아냐 그냥 주는 건
여러번 넘어져 but I won't
필요해 지금 난 너 아님 너
걱정마 여기는 nobody knows
나를 잘 알어 넌 nobody knows
No doubt, 이쁜 옷을 골라
I'll be at the studio, I work now
기분좋은 매일이지, baby, with a 검은 머리
나는 느껴 모두를, you can't talk now
난 기분이 좋아 좋은것만 골랐지
챙겨가 나의 기준은 높아 저멀리
기분따라 생각나서 전화를 걸었지
기분따라 생각나서 전화를 ring, ring
나는 싫지 않아 이 도시의 빛
밤은 길지 않아, gotta go to deep
Gotta go to sleep, baby don't you leave me
날아가자 날개 달아 with, with
날아가자 날개 달아 with, with
Just another good day, ya, ya
Just another good day, ya, ya
Just another good day, ya, ya
Just another good day, ya, ya",124.966,0.353,0.937,-12.17,0.863
54321 (Feat. HAEWON of NMIXX),pH-1,1XQyhh06QLaEDCyPUax2sz,"The way you look gotta be studied, you a masterpiece
비싼 옷 아녀도 네가 입으면 fashion week
Girl, you put in work, 눈 감게 해 마치 church, yeah
예쁜 여자는 많지만 네가 아님 안 되는 걸
넌 알아, you know it (You know it)
그래서 왠지 나는 늘 paranoid (Yeah)
자꾸만 확인하게 되는 네 story, 복잡하지 내 머리
갈 길 잃어버린 모습, got me feeling like 도리

(Hey, hey, hey)
내 자신에게, 물어봤지 내가
원하고 있는 게 뭘까?
Is it love? 아니면 썸?
편안한 친구 같은 것? (Ooh)
I don't really know, but I can tell you, babe
One thing's for sure (For sure)
너 아님 혼자 할래, yeah
나 완전 고장 났네 (What?)
Whatever you like, just pick it up (Uh)
What's a price tag? Rip it off (Uh)
Mid day, we vacayin'
Champagne, we sippin' on
This lifestyle (Lifestyle)
너무 fancy해 네 주위 다른
남자들과는 절대 비교하지 말아
난 좀 달라",153.028,0.61,0.535,-7.513,0.856
Cupid,pH-1,2QWQbZq001S7e9Pxu5rbS7,"All I ever think about
Is your pretty face
선이 예쁜 몸매 with a little taste
패션킬러 자기한테
뭐가 잘 어울리는 지를 아는 것 같애
그래서인지 너 주위엔 남자가 많아
걔넨 너와 시덥잖은 대화를 나눠
It's a problem
When they too intrusive
Gotta throw them deuces
Chill with me
Oh, please help me, cupid

What brand of jeans
You be rocking (Wow)
잘 어울리는 청바지
또는 너의 걸음걸이 모습 마치
도수코 런웨이 위 같지
왜냐면 넌 cat walking
They watching
보는 눈이 많을 수록
You keep it one hunnit
도도함 어디서 배운거야 진짜
떨리지만 일단 하러 가고있어 인사",112.345,0.382,0.6,-8.454,0.762
Homebody,pH-1,766oOBLBihuZjYuL27CUQM,"I got too many thoughts and too many problems
숙면이 답인 듯 해서 또 잠
친구가 불러
난 아직 졸려
My life’s a party and I called nobody
I’m a homebody, I’m a homebody
잼난건 집에서
내일까진 쉬겠어
요즘 걍 숨쉬며
조용히 지냈어
Livin' inside 나는 거의 뭐 식물인간
뱃속 알람 맞춰 시키는 밥 ring-ring
Then it’s chicken wing-wings
In my belly and my room stays smelly
디저트는 곰 젤리
아이폰 내 단짝
동공은 반짝
늦어 내 답장
담엔 내가 밥 사

밤은 왔는데
잠은 안 올 때
너에게 문자를 보냈지
귀여운 사진과 함께
But you don’t like me, but you don’t like me
I want you to like me
평소에 연락 한번 안 하던 애가 (Skrt)
밤에 자기 심심할 때만
그래 맞아 난 나밖에 모르는 어린놈이지 (Dah)
누가 부르지 않으면 꼼짝을 안 하는 곰이지
근데 잠깐 내가 깜빡한 선약이 하나 있어
오늘 보는 건 무리야 yeah
난 이제 경고 둘이야 yeah",131.963,0.886,0.596,-5.508,0.675
Oscar,pH-1,2Wqnhu5dRQDAQi8Ej6HnVQ,"Every good day start with a good yawn
잠을 푹 잤더니 시간은 두시야
밖에 나갈 준비하지, 너를 만나러
너와 sipping하는 coffee는 너무 달아
넌 당부했지, 오해하지마
사귈 마음 없어, 절대 고백하지마
And it cut my heart open, yeah
Put me in a coffin
그 말과 동시에 부서진 존심
침착 gotta relax, uh
Hollywood 웃음짓네
Ha, ha, ha, laugh like it's funny
Oscar를 원해, Academy 원해
긴장 안 한 듯이 영화배우처럼 제스처는 큼직
Ha, ha, ha, laugh like it's funny
Oscar를 원해, academy 원해

Oh, oh, oh, 잠깐만이여
Oh, no, oh, 잠깐, wait me up
Uh, ah, umm, 길을 물으려
하는 건 아냐, 사실 할말이 있어서
오-오-오늘 시간 있어여?
Uh, oh, 없어도 내게 와줘여
일이 많아도, 오 잠깐만 욜로 와, ayy
Okay, 너를 데리러 갈게, 너는 어디야?
Oh baby, 그냥 call me up
Olleh, 난 네 man이여
엄마 다음으로 너를 사랑해 girl, 나한테 와
수많은 생각들이 내 머리를 스칠 때마다
드는 한가지 비밀은 나는 바로
아마도, 아, 맞다, 사실 그게, 음
I think I love you so much

I'll be the one to give you the best of me
Baby girl, just leave it up to me
Yеah, you know that I'm the one to be, yеah
I'll be the one to give you the best of me
Baby girl, just leave it up to me
Yeah, you know that I'm the one to be",122.573,0.408,0.391,-17.119,0.559
Like Me,pH-1,6CgtxMNf4JQpgUuDT62CJQ,"모르겠어 난
I can't figure out
복잡한 내 맘
정리가 잘 안돼
I'm waiting 'til I die
So I never have to be alone
내가 죽는다면
내 주머니 싹 다 비워줘
가진 것 하나 없지 I got nothing
뭐든 쌓아둘 걸 내 이름 앞에
I'm too hard to love, and that's my bad
떠나가도 돼 but please be right back
Fell in love
You fell in love with me
I don't know what you see in me
Tripping up
You telling me that I'm the one
I'm 'bout to cut you like a bouncer
내 앞에 있는다는 건 믿을 수가 없는 일
누가 봐도 네 손핸데 대체 왜 굳이
I'll probably cut you deep
But love is still what you bleed
너에게 상처 남길 것만 같아 tattooist

Patiently and instantly
뒤바뀐 삶에
한줄기 밝은 색의 원이 그림자를 채웠고
나를 둘러싸던 안개는 개였어
혼자였을 때의 발걸음은 계속 꼬여
내 기분은 rollercoaster
Up and down motions
As you came to me a little closer
사소한 행복들이 조금 보여
아직 네가 보지 못한 좀 부족한 내 모습이
널 비워내고 밀어내
That's why I don't want you calling me
그런 부분까지 좋다고 넌 말하지
의심이 워낙 많은 탓에 난 아직
이해 못 해 너란 멋진 사람이
착각한 건 아닌지
Confusing with another me",150.004,0.812,0.524,-5.804,0.363
Hate You (Prod. by 코드 쿤스트),pH-1,3pWzLdFztaXirLNrFlQ4IT,"너라고 알람이 떠, 전화길 뒤집어 놓지
난 아직 살아있어, 자꾸만 묻지 내 소식
Oh, nah, 결국엔 궁금한 건
Oh, nah, ""누가 또 떨어졌어?""
Ayy, I don't give a spoiler
열심히 살면 또 오겠지 금요일 밤
난 조금 속상, 내가 얼마나 힘든지는 안 듣고파
I'm 'bout to lose it, 너는 네 이야기만 퍼붓네
Ayy, 단답했더니 너는 내가 변했다고 소문내
Okay, 우리 사인 딱 여기까지였나 봐
내 욕하시던가 (don't really care)
어차피 내가 참을 수밖에 없잖아
It's time to say good bye (because, because)

알던 애가 TV에 이름이 뭐더라? 일단 look, look
진원아 우리 꽤 친했잖아, 맞팔하자 꼭꼭
뻔뻔함 대단하지, 난 너를 외면하지
어쩜 난 예민하지 왜냐면 내 주위
모두가 변하고 사람들 신나서
날 다룬 왜곡된 입소문 전하고
혼자가 편해서 party by myself
I'm meeting nobody, I'm such a homebody
알던 애가 TV에 이름이 뭐더라? 일단 look, look
추억팔이할 겸 친구야 만나, I'm like no, no
Okay, 우리 사인 딱 여기까지였나 봐
내 욕하시던가 (don't really care)
어차피 내가 참을 수밖에 없잖아
It's time to say good bye (because, because)

여보세요 나야 왜? 로꼰 나도 못 봐 얘
동대 사거리의 Benz, 그거 내꺼 맞아 왜?
알아 나도 기억해, 우리 친했잖아 꽤
근데 넌 깜깜무소식
야, 나는 너를 미워하고 싶어, 야
야, 나는 너를 기억하고 싶지 않아
낭비도 못해 도와줘, 뒤돌아버린 너의 겉의 색은 날 못 낚아
Okay, 야, 전화해서 랩 해달란 애들 내가 알던 너가 아냐
Okay, 야 그래 니가 줬던 기억은 다시 지워 버릴라구 악
Hold up, wait, hold up, wait, ya, ah, 나보고 다 변했대, ya
Uhm, what is change? ya
난 Phone이 세 개는 더 필요해 (phone, phone)
야 걍 난 거짓말은 됐고 아직 널 좀 사랑해
야 그냥 미워하고 싶어, 넌 이해 못해 날",193.621,0.984,0.169,-4.218,0.567
Orange (Prod. by CODE KUNST),pH-1,16IHyrqNVAEg0mHTXxi92C,"24/7 매일 난, yeah
일하지 for a better life, yeah
I'm in the stu, I just spent the night, yeah
억지로 하는 일은 질색 내 성격상
난 못해 black tie, uh, huh
영혼 담지 못해 white lie, uh, huh
그만해 it's a red light, uh, huh
그 사이에 난 주황색을 칠하지, 그게 제일 real하지
주황색 내가 내는 멋, yeah
Other rappers ain't in the cut, yeah
신경 안 쓰고 있는 척
대체 왜 안 좋게 생각해? I don't care
Got my thriller moves, 내가 움직인다면
난리 날걸 YouTube, prolly get a million views
쇼머니 덕에 난 계속 keep stunning
Now pH-1 is the most wanted
나는 인싸 on Insta, better pay up, 근데 비싸
Everyday 나한테 집중해
Love the way how I'm dressed
Love the way how I'm dressed

Got my mic up feelin like Tyson
Hit you with a right punch stinging like python
혓바닥, ayy, 독이 차 있어 wait
위험해, ayy, 멀리 가 있어
Bad, bad like Rih Rih, 매우 상해 네 비위
사라져 핏빛, 너흰 질투와 시기
Bad, bad like Rih Rih, 매우 상해 네 비위
I'm singin like I'm whitney, 우리 팀은 이미 1위
Good day we chillin', 코쿤 and 팔로 with me
The boy came with a big dream
Got the bread up with whip cream
Got the bread up with whip cream
It's sprayed on, 그 모습 마치 주황색 볼케이노
나는 인싸 on Insta, better pay up, 근데 비싸
Everyday 나한테 집중해
Love the way how I'm dressed
Love the way is that Jay

Hah, 집중해, 집중해, Pay attention
여자들, 심쿵해 cuz we handsome
저쪽에, 이쪽에 put your hands up
쇼미에 이 노래 get them bands up
PH-1, huh, 생각나? what
네가 예전에 고민을 했잖아, hah
내가 다 때가 있다 했잖아, hah
지금 봐 나 점쟁이인가 봐
우리 대박 났어 like Dali Van Picasso
1등 못해도 상금은 이미 탔어
H1GHR gang, mi casa es su casa
Believe we eat good, 매일 밤 steak and lobster
This ain't the 마미손, It's the 대디손
Hater 새끼한테 싸대기 날려
걱정마 작업실에 안 갇혔어
Shining on em, 이런 빛은 넌 못 갚아, bruh
We gonna bring it back",127.997,0.648,0.61,-7.374,0.184
SUMMER FEVER (Feat. aiai),pH-1,371T3piMigFSScaVWHncAL,"Biking in the rain
Got the Nimbos over my head
새로 산 Prada 밑에
몸은 다 젖어 우울함에
I'm fighting
With the man in the rear view mirror
몇 번을 싸워도 못 당해, mm
뻔히 다 아는 정답에
여전히 마음은 복잡해
무더웠던 여름밤에서
난 깨는 중 (Ah-ah-ah-ah)
눈을 감아도 머릿속
내게 웃음 지었던 너였어
가진 모든 걸 다 부어도 couldn't get to you

Baby, I'm still in this fеver dreaming
난 또 어지러운 꿈에서 sinking in
I can't cool it down, 찬물 부어봐도
The hеat never fades, mm-mm
여름 속의 넌 slipping through my hands
Crashing like a tide
어떻게 해도 can't reach you anymore
It's heavy in my head",167.181,0.758,0.672,-8.779,0.945
ZOMBIES,pH-1,2Q1EVavjMH8XrRvHbVRTpc,"She said she love me in Balenci
널 위해 난 제일 예쁜 옷을 꺼냈지
어딘지 말해주면 켤게 navi
Hit me up, we can link up
혼자 두지마 drink up
잔을 높이 in the club
이 밤은 아직 젊어
더우면 그냥 벗어
Do whatever you wanna
서로 되어줘 two lovers
Hit me up, we can link up
혼자 두지마 drink up
가지마 내 옆 지켜

좀 이따 올 거면 네 주위 친구들
한 두 명 아니면 세 네 명 까지도 cool
오히려 좋아 the more the merrier
성민이 담당해 ones and twos
He killing it
신나는 걸로만 choose
왜냐면 오늘 밤은 never get loose
미리 밥 먹고 와
피곤하다면서 자도록
절대로 내버려두지 않아
무시해 시계는 무시해
널 기억 못해도 안 봐 눈치
잃자고 중심
넌 누가 봐도 예쁘지
만들고 싶어 해프닝
But wait
우리 번 만큼 놀기엔
너무 작잖아 테이블이",164.4,0.582,0.591,-7.624,0.792
Malibu,pH-1,4gc5n5YLVvZFORdNOvelZE,"Yea I got news
You my boo
So tonight better see you move
음악 크기는 몸이
울릴만큼 볼륨을 틀자구 yuh
Midnight blues ya
Midnight blues ya
PM to the AM
입맞춤 ya
입맞춤 ya
내 이름을 얘기해
What your name is?
You look dangerous
With a fragrance
Let's just stay on a first name basis
I’m kinda famous
That's not important
하지 않아 고민
긴 생각 없이 그냥 따라가는 본능
Cus tonight you know I'll be bad
우리 둘은 또 밤을 새
They gon see me
Going zz, please wake me
어젯밤 way too lit lit
DM on my IG
넘쳐흘러나지
기억하는 아이디만 골라 click click
생각나지 너의 tat
어깨 위에 예쁜 cat
Now come here little kitty
Imma go and count to ten

A queen of the dance floor
Can I get a chance huh
난 지금 많은 것들이 알고 싶어졌지
너에 대해서
지금까지 내가 본 것 중에
제일 아름다운 것 니가 갱신
Ay hol’ up 이 3곡이 지나가면
Baby I'll take to my mansion
I hear your body's calling me
몸매가 나를 홀리지
Let me be your one & only bee
이 꿀은 나의 것이니
뭐든 tell me what you need
망설일 필요 없어 baby
우릴 위해 나의 밤을 전부 쏟아 부을
준비는 완전히 다 돼있으니
Body line, sexy legs, you know
My heart is racing now
Grown people love session now
내가 알려 줄 테니 배워 놔
나랑 재밌게 노는 법 now do
Something nice on me girl
가사로 차마 쓸 수 없는 걸
Yea this shit is gettin hot as fuck",148.1,0.154,0.435,-21.451,0.0799
BAKA (Feat. CHANMINA),pH-1,43WXvU5sfCdTjAaNCqwRLT,"Who’s in Tokyo? Hit up my line
Come say konichiwa if you kawai
'Cause I need to find me a Japanese wife
Just like Mario jump on the pipe (Ayy)
시부야를 걸어 난 돌을 걸치고 (Um)
걷다가 보면은 사진을 찍어
I feel the panic kickin' in (Woo)
I feel the Xannies kickin' in, yeah
'Cause I done seen too much (Too much)
I don't miss, I swish, 알잖아
If you a lame, bet you know we ain't linkin' (Ayy)
Diamonds be dancing, I caught your ass blinkin’ (Ayy)
너넨 뒷짐하고 뱉어 헛기침( Cough, cough)
관심 없어 competition
No F given like an easy teacher
P and H, 그녀의 몸 안에 새겨

We so sweet and kawaii but
조심해라 watch out
You don't get it, we lie
그냥 웃어주는거야
환상갖지마 like a AV
If you want to be a stupid
I'm effective more than sake
Let me show you おもてなし
Yen은 많이 내려갔지만 (キラキラキラ)
CEO, mom, producer (아이고 바쁘당)
남편 매일 현관까지 바래주고 (行ってらっしゃい)
I’m a sweet Japanese wife
My husband is so luckiest-er",102.013,0.584,0.795,-8.601,0.849
Good Times (feat. Babylon),Paloalto,550rFuoksrby9JcjjwyMGj,"우린 대축제
악마의 편집이 아니고 이건 생중계
다물어 환호 소리빼고, W-A-C-K
그게 때론 내가 될 순 있지만 지금은 아냐
내가 rap을 뱉을 땐, I make'em say, yeah
온도를 올려
올라갈수록 사무실에서 내 출연료를 올려
난 떠올려, JK형에게 다시 한번 더 표하는 존경
돌아보면 다 아름다운 추억이었지, 모두 남김없이
누굴 미워하며 그가 무너지길 바라는 마음은
내가 보기엔 결국 낭비같지
맥주 병을 따, 싫다면 다른 잔 위로
놈팽이처럼 맨날 이러는건 아니고
이 좋은 기분을 당신과 나는 나누고파
높아, 내 얼굴 봐, 난 아래는 못봐

입는 옷, 내 일상 뱉는 말
괴리감 없어 내 음악
누가 말해, ""좀 튈 필요있어""
난 나의 멋을 지키고싶어
존중 할 수 있어, 너와 나의 다름점
희생 할 순 없어, 내가 가진 가능성
난 계속해서 큰 원을 만들어
시작은 작은 점 이었지만 자꾸 커
열정이 넘쳐, 우린 뜨거운 사랑을 해
근데 돈 땜에 안 불러 거짓 사랑 노래
이런 노래 계속 해도 날 사랑해줄래?
누가 뭐라 해도 난 계속 할건데

Such a good time, living the good life
우리 삶을 위해 들어봐 준비된 술잔
즐거운 이 순간 뻗어봐 두 팔
아래 아닌 저기 하늘 위로 더 위로
세상은 digital, 때로는 analog
세상은 요지경, 마치 cameleon
각자 위치로 답, only heaven knows
난 복잡한 건 질색이야, 이제 더이상",117.993,0.794,0.792,-4.414,0.684
My City,Paloalto,7nGOGfovEWW77dXYve2X0n,"Seoul, 내 꿈이 이뤄지는 곳
내 가족과 친구들 다 숨쉬는 곳
나 죽지않았다면 내가 살아가는 곳
나 태어나진 않았지만 죽으면 묻히는 곳
이 곳이 서울부터 부산 끝 쪽
태평양 바다 건너서 New York까지
가지 난 with my music
난 비싼 옷은 안 입지만
Go hard, make my city proud
And I don't need single chain
To stand out, 맨발로 난 앞서던 몇보다 맨앞
Know my worth, so pay me right
Know my cards, I play it right
Know my words
The whole city fuck with me, you pen-pal
Ha, 한강처럼 flow
Work, work, work, work and 남산처럼 glow
돌직구도 받아내는 포수
그 돌 받아 성 쌓아 네게 복수

Seoul, 나의 꿈이 이뤄지는 곳
내 본토, 사람과 사람 이어주는 곳
자꾸 synergy를 키워, 혼자 살려하지 않고
넌 부끄럽겠지만 내겐 자랑스런 한국
참 못났던 내가 여기서 커갔어
넌 빠져 불평만 하며
나를 불편하게 만들 거라면
목소리 큰 사람이 이긴다고 해
Ha, 그런이들에겐 서울의 삶은 감옥행
노예가 아니니까 주인은 바로 나야
내가 대표하는 도시, 아니라면 さよなら
만약 인정 못해도 난 인정 받고 인정 많아
난 내 이름을 걸어 내세우지, 익명 아냐
뜨겁게 살아가고 마음 다 해 사랑하길
때로는 방황하고 결국엔 살만하길
두발로 서서 보이지 않는 저 바다 건너까지
내 존재를 알리게 마음 활짝 열어

A-yo, it's B-Free
Tell the haters I am back, boy
Young Shaquil o'Neal
I'm 'bout to break the backboard
And I don't shop at thrift shops like MacKlemore
I'ma buy fly jordans and then buy go some more
I came from the bottom, 이 느낌이 뭔지 알아?
When I came back, I had nothing but sixty dollars
살아남기위해 바닥부터 기었어
노가다부터 이제 절대 안 써도 되는 이력서
LG 광고는 아니지만 man, life is good
남들은 경쟁에 지쳐 떠나, 마치 Iverson
한국이 경제 뿐만 아닌 문화 선진국
될 때까지 류현진처럼 rap으로 돌직구
성공을 위해 떠난 고향, 그리운 교포들
또 그들을 그리워하는 수많은 형제와 부모들
Things will be better whenever
You wanna come back home
서울, 너의 꿈도 이뤄지는곳, yeah",87.89,0.726,0.627,-5.279,0.367
Drought (feat. Beenzino),Paloalto,5sdMlAnUV122pmtECbvJse,"끊지못한 담배 또 한대 펴
'만족'이라는 녀석과 나는 반대편
축 쳐진 어깨 뒤로 늘어진 어제의
무기력함이 날 어지럽게해
센 척하던 자존심
이 빌어먹을 자본주의속에서
구걸하듯이 추하게 살아남던지
도망치듯 자취를 감추던가
삶의 엇박자 속에서 장단을 맞추던가
선택은 항상 나의 주위를 맴돌아
매순간 갈림길에서 나를 제촉하네
걸음이 느린 내 등을 미는 듯해
둥글게 살고싶었지만 함께 물드네
살아야한다, 이 정도는 참아야 남자
나약함이란 악마뒤를 따라가 봤자
무엇하나 남지않는 장사
속으로 외친다, '괜히 팔자를 탓 마'

우주 안에 지구, 지구 안에 한국
한국의 서울, 그 안에 사는 나
저 구름의 눈에 난 얼마나 작은가?
또 나보다 작은 뇌로는 이해가 불가능한
만족감, 어떤이는 쉽게 자만해
그 사람의 포부는 딱 자기 차만해
그 차 안에 탔던 여자 애들이 말하길
행복이란 건 2주마다 하는 파마래
간단하다는게 나쁘다곤 안해
허나 다시 고민해보자, 낮보다는 밤에
과연 내 가슴이 뛰는가
아니면 내가 이 game에서 지는건가?
적당히란 말이 입에 묻어나올 땐
이 바닥의 바닥 아래 내가 묻어갈 때야
나태한 밤을 피해, 이 글을 써
게으른 내 친구들아, 내 말을 들어줘

망가진 마음, 슬픔에 익숙해졌고
이제는 달라진 나
우유부단해진 판단력 땜에 갈팡질팡
열정의 가뭄, 목마름, 결국엔 갈라진 땅
못할 거 없다는 자신감, 그건 자만일까?
나만의 착각일까?
어두운 창작의 밤을 더 까맣게 칠했고
상황은 나빠진다
술취한 망나니같이 심박수가 빨라진다
침착해, 속단하진 마
모든 건 때가 있는 법
위험한 도박판에 어리석게 매달리는건
내 방식이 아냐, 왜 이리 잿밥에 관심이 많아
증오란 덫에 걸려 괜히 다치지말아
외로운 싸움, 누구 아닌 내 귀에 내가 외치는 말
닳아버린 믿음은 배신의 칼처럼 등 뒤에서 위협해
스스로 헤치진 마, 다시 오른손에 굳게 쥐는 mic",132.023,0.842,0.657,-7.681,0.353
"Shelter (feat. ZENE THE ZILLA, Sway D, SUPERBEE)",Paloalto,2jhMy7miHD7EMXJb937xvd,"Zene the Zilla! Ha-ha-ha!
Yo, Zene놈은 양산 하나 없던 채로 시작해서
결국에는 삼성 울려, 베테랑 P 형께서
말했잖어, 삼봉이는 성공에게 피랍돼서
이제 난 그늘 아래 누워 즐기는 중이란 말씀, uh
힙합엘이 국내게시판 태풍 님에게 박수, uh
나무 밑에서 놀다가 나무 위로 수직 상승, uh
바짝 쫓아 꿈꾸던 것들 이루는 데까지 단숨, uh
Pay or fame or fam 아니면 말도 마, ZILLA는 단순, uh
누가 뭘 어쩌고 어디가 저쩌고
아는 척 쩔었고 새끼들 오지랖 넓어 넘
삼성은 떨었고 나는 돈 벌어 또
난 걍 그늘 아래 집 하나 짓고 친구들이랑 살려고
(It's Young Thugs, baby)

Yuh, 우리 집엔 강아지 셋
그리고 차 두 대 날벼락 세금
피곤할 땐 거실에 LaZBoy에 누우면 만사 okay
아내가 그래 돈 아끼재
쓸데없는 지출 돈 아깝대
국힙 인기 끌었지 몇 년째
업계는 조금씩 걱정을 해
Fuck it, 난 만들고 만드는 중이고
나이가 들수록 날라가 더 위로
나잇값 하면서 즐기는 삼십 줄
내게는 삶이지 유행은 꺾여도
Rapper들 싸잡아 폄하를 당하지, ayy
남들의 허점은 까긴 쉽네
난 그냥 동생들 만나서 rap
능라도에서 한 그릇 해
싸움 멈추고 돈을 벌러
그 돈이 모이면 쇼핑몰로
경치 좋은 곳으로 우린 놀러
다녀와서 또 일을 벌려
그걸 반복하면 남게 돼 전설로
안 떨어져 비트코인처럼
열을 식히려고 그늘에 누우면
무엇을 할지 다음이 그려져

가만히 앉아서 쉬어도 연승
당구가 내 관심사라네 요즘
이건 어쩌구, 저건 저쩌구
수많은 요구, 난 하지 욕을
중지를 올려, 자신감 쩔구
신은 불평등, 왜 나만 천국
2018년 featuring 1호
다 나를 끼워, follow the leader, uh, yuh
파라솔 피고, uh, yuh
담배도 피우고, uh, yuh
내일모레는 일본, uh, yuh
좋은 삶이죠, uh, yuh
난 하지 시도, umm
난 안 봐 뒤는, umm
그림자 분신술
벌자 나뭇잎을, hoo
Hennessy를 마시고 fucked up
I'm a hot mo'fucker 여름에 점퍼
I can go anywhere jumper
넌 너무 말이 많아, too much talker
입 닥쳐 you motherfucker
아니면 your mother a twerker
미래에서 왔어, 난 Trunks
거기서도 넌 망해 Papoose",173.876,0.892,0.435,-2.763,0.168
PRICELESS (Feat. toigo),Paloalto,3ugYRBISHignwAHvbWhxbZ,"한국에서 태어나서 랩을 하며 살았어
옷 크게 입고 랩을 하면 양아치로 알아
근데 난 강남 토박이로 얌전하게 자랐어
관악구 신림동의 삶은 빡셌지만 말이야
난 힙합이 좋았고 흑인 래퍼들을 따라 했지
잘 보니 그런 형들이 홍대 신촌에도 많아
예전엔 랩하고 다니면 떠올렸던 가난
근데 지금의 나를 봐 그지 새끼가 아냐
10대 20대 반항 30대 때는 야망
난 40대가 돼도 쩌는 감각과 야마
때론 연예인 행세를 해도 절대 안 해, 자만
돈과 적이 늘어나도 가슴 안엔 사랑
난 진짜만 골라서 내 가사 안에 담아
의심받을 때도 나는 알아 가야 할 방향
어떤 래퍼들은 멈췄어도 나는 계속 나아가
이 문화가 날 살렸으니 힙합으로 하나

내가 찌질이였던 때 그게 뭐 랩이냐 놀려댔지
그 말에 쫄거나 기가 죽었다면 지금의 팔로는 없었겠지
찾아봐 전야제 6번 트랙 그때 그 생각은 여전해
TV나 YouTube Channel에 나와서 똥꼬쇼 해도 난 멋져 멋져, 꽤
어쩌고 저쩌고 해 논란이 터지면 떠들어대
어쩌면 인생은 커다란 코미디 가볍게 내 길을 걸으면 돼
인터넷 세상은 낙인찍어 무거운 때에도 나를 지켜
남의 불행을 팔아 지 밥그릇을 채우는 간사한 인간
걔네도 돈을 잘 챙기는데 내가 왜 가만히 대기를 해? 허?
찾아 또 다른 business make it louder 안 해 침묵
좁혀 빈부격차 이상, 현실 2아닌 1로
팔랑귀 새끼들 남들의 성공만 쫓지 마 확실히 해 네 진로
음악 돈이 안돼 같은 힘 빠지는 소릴 하네
음악 덕에 난 여기 왔네 스타로 사는 게 아니고
내 삶 온전히 살기에 넌 뒤에서만 험담을
난 시가 물고 차려입어 맞춤 정장을 먹어 진수성찬을 (Yeah)

성수동 커피숍 웬종일 coffee 뽑고 시급 만원
꿈이 많던 청년 한 통의 연락을 받어
2평 작업실 삶에도 꽃이 피나 과연
그렇게 나온 성수동 remix 제작비는 오백만원 (Ooh, ah, 열정으로)
열정으로 모든 걸 쏟지만 결과는 적자
오링이 나버린 판돈 어쩌나 다음엔 손목을 건다
땀으로 통장을 채워도 믿었지 토이고 성공의 서사
눈물이 고여도 웃자 ha-ha-ha-ha, ha-ha
난 친구들과 성수동 앨범을 냈네
그러자 성동구청장님 와 인사를 하데
서울숲에서 페스티벌을 열라 해 내년에
그럼 난 이걸 분명히 현실로 만들 차례
Alright 내 차트는 우상향 (Yeah)
한방을 노렸다가 두방 세방 처맞아, huh, yeah
It's my time, you heard? T-O-I-G-O (Oh)
수년간 꿈을 꾼 현실이 이제는 눈앞에
아른아른거려 let's go (Ooh)",146.9,0.572,0.665,-9.611,0.634
Grind,Paloalto,3m9ZcYzORSe9CC7rlqD1Pj,"저기 저 친구는 연봉 억대
저 래퍼는 차가 몇 대
겨우겨우 처리해내는 월세
저 새끼들은 어떻게 벌길래
돈을 막 써대지, 나도 줘봐 열쇠
Oh god please have mercy
떵떵거리며 살고 싶어 평생
남들만 잘 나간단 얘긴 재미없네
Fuck that, 남들처럼 살기 싫어
남들보다 더 많이 갖고 싶어
이런 욕심들이 현실을 불만족하게 해
그래서 많이 벌 수 있다 굳게 다짐해
근데 너무 빡세, 야근에, 출장에
주말에도 파견이니 뭐니 이직 각이네
윗사람 눈치 다 정치고
숨쉬기에 공기에 섞인 너무 많은 먼지
Instagram에 염따같은 래퍼처럼 한탕 벌어
Flexin’하고 싶어 나도 래퍼처럼
이 시급으론 존나 노동해서 계속 벌어봐야
0에서 100 올라가기에는 너무 멀어
연예인이 기부하는 돈이 내겐 연봉인데
악플 따위는 좀 그냥 웃어넘겨 봐
JUSTHIS 같은 래퍼 왜 늘 빡쳐있는 거지
쟤넨 정말 좆같은 게 뭔지 몰러

모두 돈, 돈, 다 돈으로 보여
이득이 있는 곳으로 모두들 모여
먹고 싶은 것과 사고 싶은 것 다
화면 속에 연예인들이 걸치는 것까지
의미 없다 하는 현자들의 가르침
가져보기 전엔 와닿지가 않지
행복할까, 저런 화려한 삶
저들과 달라 보이는 나 역시 가능할까
여기 서울 땅값이 떨어지려나
아니면 경기도로 휙 떠나야 하나
이런 저런 고민에 어려운 상황
돈을 벌어 열등감에서 벗어날 거야
래퍼들의 가사처럼 티를 낼 거야 가지면
원했던 것들이 전부 내꺼가 되면
아쉬운 소리 안 할 거야 남들한테
그러기 위해 출근 시간 맞춰 일어나야겠지",98.973,0.735,0.848,-4.661,0.57
"Price Tag (feat. Jessi, Ja Mezz)",Paloalto,3bOJ2oxgtl5XikXtdGVxUv,"Uh credit card bank account
결제방식 여러 개
갖고 싶던 몇 가지를 주문했어 어저께
택배가 문 앞에 도착하면 몽크 멍멍대
어렵게 구한 물건도 아꼈다가 똥 돼
가수분해된 친구의 Jordan들 휴지통 안에
특별할 때 신을 거라더니
Huh? 쓰레기가 돼
그러니까 빡 꽂힌다면
지갑 열어 써라 써
자기 전에 생각날 것 같다면 질러라 질러
직접 볼래 Instagram으로만 봤던 걸
돈 번다고 바쁜척했지만 이젠 못 참겠어
바로 날을 잡아서 비행기 호텔 예약을
우리 윤지는 꼭 챙겨가겠지 Fuji 카메라를
경험을 사는 게 소비의 목적
그렇게 스톡홀름의
백야를 산 거지 돈을 써서
디자이너 브랜드 Hype됐다고 물타기 하듯
쓰지 말고 진짜로 자기껄 가지라고

Yah 장바구니에 담기 Click click click
Mj stepped into the mall (Swish)
행복은 할부가 안 된단다 Kids
Go cop that Ja Mezz 정규 1집
이거 사면 엄마한테 혼나
근데 오늘 살고 나면 오늘은 또 Sold out
Price tag을 떼내고 채운 내 옷장
맘껏 비우면 다시 비 오는 내 통장
Bentley penthouse life in a magazine
욕심이라 배우고 느껴 왠지 죄같이
Wish list 없는 Christmas jesus mad
You just want that
Supreme box logo t shirt man
I can't have it all
이것마저도 나의 시급 탓
살 거라면 당장 사는 거지 내 인생
주인장은 나니까 Can I get a discount?

I'm livin' life in the best way
내 선택이라고 Baby
You don't need all them fancy things
전부 필요 없다고 Yeah
남들이 가졌다고 나도 따라가진 않아
내가 원하는 건 내가 잘 알아
You don't need all them fancy things
전부 필요 없다고",175.864,0.478,0.678,-9.981,0.737
Fancy (feat. DEAN & Sway D),Paloalto,7eRVmXnpnvUnqv0bkOJkDV,"기대 반 걱정 반으로 내려왔네 (내려왔네)
아름다운 나의 집 사람도 같이 데려왔네 (데려왔네)
분위기를 보니 취한 사람들 함께 외로워하네 (U-uh)
저 남자는 여자 손을 잡고 계단 위로 데려가네
돌려 몇 잔씩
기분 좋을 정도까지
마셔 오버하면 다음날 좆같지 (Ooh)
그러니까 항상 적당히
경재랑 석현이 (Huh)
참 기분 좋은 것 같지 (Uh-huh)
마치 피리 부는 송창식 (Prr-prr)
오늘 밤 축복은 우리 독차지, yo
목마른 여자들은 주는 잔을 받네 (Woo)
내 아내 그런 그녀들에게 관대해 (Woo)
아까보다 흥이 더 오른 것 같아 (Woo)
이성 잃고 자꾸 더 먹으면 안 돼 (Uh)
움직이며 다들 표현해 뭔가를 (뭔가를)
나는 절대 모르네 정답을 (나는)
우리가 오늘 나누던 몇 마디
뭐가 그리 중요해 놀자고 (Hmm)

눈꼬리가 내려가도 (눈꼬리가 내려가도)
나는 지금 깨어있어 (나는 지금 깨어있어, uh-uh-uh)
소나타를 타고 가도 (소나타를 타고 가도)
너의 마음은 열려있어 (너의 마음은 열려있어, huh-huh)
날씨가 맑아도 (날씨가 맑아도)
너는 항상 젖어있어 (너는 항상 젖어있어, uh-uh)
구름이 방 한가득 (구름이 방 한가득)
비에 우린 젖어있어 (비에 우린 젖어있어, uh-uh)
Smoking (Smoking) wine (Wine-wine)
Cloudy (Cloudy) night (Night)
Kawasaki (Kawasaki, woo) ride (Ride-ride)
On your body (On your body, uh) ride (Ride) (Uh)

밝힐래
어두운 밤을 아침보다 환하게
요란하게 여러 색 조명이 온몸을 감싸네
다 사랑해 (사랑해)
내 안에 미움과 분노가 달아나게, 아름답네
달아오른 밤안개, eh",153.109,0.744,0.537,-7.267,0.826
Prime Time,The Quiett,6RFzA8mLXRgrMnpMUOvKiy,"이 rap game 누가 왕 now? Ay
니들은 꺼져버려 당장, ay
난 음악 갖고 장난치지 않아
My time to motherfuckin' shine now, ay
자전거에서 부터 top down, ay
넌 이제 내게 못해 반말, ha
내가 이 정도로 잘 나갈 줄 알았으면
나를 그렇게 대하진 않았겠지
그땐 니가 좆될 줄 몰랐겠지
니가 실력이 있었음 떴겠지
I ain’t no Pac, you can’t come with me
What do we have here now
이 game을 계속해서 키워 난
어디까지 갈진 몰라도 you know who’s real now
I’m just flexin' on lames, 아주 잘 휘어, 나는
Fuckin' cheerleaders do your cheers now

It’s the return of the underground, yo
We still runnin' shit, autobahn, uh
여긴 우리가 접수해 오늘 밤에
어디를 가든 they show love to the max, uh
I let em bitches know who the mack, yo
예쁜 여자들은 매일 들어 내 rap
Dok2, Zino rap, 효은, 창모 rap, Hash rap
Fuck yo hashtag, it’s that real shit, motherfucker
니 style 구려 솔직히, motherfucker
정신 좀 차려, 이제 이거나 먹구
세상은 바꼈지, 니가 뻘짓하는 사이에 벌렸거든 riot
빌어먹을 Quiett, 내려놓게 해, rapper들의 mic
대신 젊은 아이들의 때가 오게 했지, right?
이건 아홉 번째 솔로 Millionaire Po’
I don’t stop forever I flow",140.436,0.813,0.464,-5.238,0.968
brrr,The Quiett,1XZX84O7VxZSpMAco3NOX1,"너네는 자존심 부리네
내 속마음을 참 모르네
겉멋만 죽어라 들었네
하지만 심장은 여리네
그래도 내겐 자빈 없네
가짜 rapper들 다 털어내
니 밥그릇 전부 털어내
아가리 먼지 다 털어내
Yah, yah, yah, yah, yah
I got the drip in my walk
Only money when I talk
Sipping on henny no wok
Yah, yah, yah, yah, yah
I juh be counting my guap
I'm on a wave I can't stop
강남에서 milly rock

Diamonds on my cuban fuckin' links
Ain't got nothing on my bucket list
성공했더니 넌 적이 돼
그놈의 돈이 대체 뭐길래
상상도 못했지 어릴 땐
이걸 전부 다 써버렸을 땐
니가 돌아올까 나에게
가진 게 없는 한 남자에게
I know I'm doin' it right tho
난 느껴 인생의 단맛, ooh
416 I shoot my shot, uh
To jealous motherfuckas I got, yeah
Paris에서 1lly rock, yeah
세관에 지불해 thousand
3 leica cameras from Germany
Yellow gold watches from Switzerland, oh, yeah",99.984,0.461,0.882,-9.502,0.344
Ambition,The Quiett,5oxIQwbWIvAIYDmB2K8E6j,"난 꼴 보기도 싫었네
야망 없는 rapper들
멋없는 놈들
I don't hear them
Yeah, I can't really fuck with y'all
I'm gettin' out of the matrix
하지 않으려면 rap lesson
넘어야 했어 내 인생의 test를
밟고 올라가 이 공연의 guest들을
I did it my fuckin' way
너도 내가 밉겠지 난 휘둘렀네 채찍
My life's gettin' hectic
내일이 없는 정신 상태
그들과는 영 반대
I remember what they told me
I thought I was Kobe
매일 찾아와 고비 중독돼 과소비
Scarface soundtrack
I pushed it to the limit
You thought it was gimmick
I dreamed every minute
Wrote every night
비가 와도 꽃이 피니
Got seven days to finish
This fuckin' album called Ambition
Puushin SLK two hundred like I was on the mission

I know you're afraid of what I'm gonna be
나도 무섭네 내가 I bet all of me
I became the most hated motherfucker in the game
Fan들도 떠나 그런 건 익숙해졌어, god damn
배수의 진 앞만 보고 사는 인생
You don't know what that mean to be a motherfucking king
I shut myself up, 가시밭길을 달리면서 벌어 paper
I could feel the future
I could feel the energy, I could kill the enemies
I could kill myself if I lose this shit
대기실 motherfuckers, I'd rather die 부자로 살지 못할 바엔
니꿈은 내게 작아, all they want is an apartment
This is Seoul city, 돌아보지 마, there's no pity
To me, sky's the limit, I'm so ambitious and so greedy
Chasin' big dreams (Yeah)
Have you ever had big dreams?
God bless these motherfuckers, man",85.389,0.772,0.502,-5.803,0.462
Bentley,The Quiett,2LLLwm6I3SMEBbs32llNlM,"Quarter million on my whip
모든 일을 마친 뒤에
새 차, 새 집을 계약해, I'm like shit
내 삶이 이렇게 되다니
말했잖아, 좋았지, 예감이
난 기억나네, 외롭게 새던 밤이
기다렸지, 내 꿈이 현실이 되는 날을
대부호 혹은 거물이 된 나를
한 번도 틀린 적이 없지 내 예상은
Livin' rich fuckin' life like Abu Dhabi
돈을 쓰고 다시 벌어, 아주 많이
Cuban links, cuban cigar, I'm smokin' on
난 rap과 돈의 간격을 좁힌 놈
Man I'm feelin' fresh, 마치 Dok2의 beamer
Prima Vista의 beamer, we the young winners
우린 모두 Balenciaga 신발을 신어
Can't forget my man Zino, we gettin' richer

세상을 돌아다녀, 지난 세 달 동안
50개의 공연, I put it down on yall
비행기에서 난 내 인생을 돌아봤네
새 차를 몰고 다시 studio로 돌아왔네
차비도 없던 놈이 한 달에 억을 벌어
한 번에 써버려 cuz I'm a rich motherfucker
졸부 style, 그게 바로 Q style
Sweet life baby, 곰돌이 pooh style
Uh, 10 thousands bucks
And 10 thoundsands likes
어느덧 서른한 살의 나이
Rich as fuck rest of my life
하지만 난 아직도 목말라
평생을 살았지 너완 반대로
넌 날 넘을 수 없어 절대로
심지어 나보다 돈이 많대도
New rap version of Tony Montana",125.055,0.378,0.883,-14.637,0.29
summer night,The Quiett,46Xt0QAyGk5gkqShdxFjUk,"이제는 어쩌면 나 혼자만의 추억일 뿐
가진 것은 없었지만 행복했던
뜨겁기만 했던 내 첫 번째 chapter
여전히 밤을 새워 가살 쓰고 있지만
여긴 완전히 다른 세상이지, wow
다른 beat, 다른 rap style, 매년 다른 trap style
빠른 유행 덕에 다들 잃어가지 색깔
쉽지 않아, 나를 지킨다는 게
동시에 모든 흐름을 앞서간다는 게
But I'm tryna stay focused on this
벌써 나태해지기엔 너무 많은 몰락들을 봤기에
이 바닥엔 배울 것이 별로 없었거든
고민할 때는 자신과의 대화가 전부
맨땅에 헤딩, man that's how I did it
사람들이 뭐라 하던 pushed it to the limit
안 믿었지, 한국에선 안 된다는 말
그래, 난 매일 싸워야 했어 불가능과
Worked over night, 가족들이 잠든 사이
그리곤 친구의 아들, 딸들이 자라는 사이
내 목표도 커져갔지, 그럴수록 너흰
내가 미웠겠지만, 이젠 알잖아, 거의
모든 걸 다음 단계로 옮기로 싶었었네
Rapper들이 싸이 BGM에나 신경 쓸 때
그토록 내가 바래왔던 것들이
결국에는 이뤄져버렸지, 저들이
말했던 것과는 달리 난 가끔씩
오히려 그립기도 하네 너의 bullshit",112.794,0.0448,0.483,-15.235,0.218
asap,The Quiett,63WXF0guF1fSCMEWtTwK1A,"Illionaire baby
언제나 내 인생은 tight해, yeah
Dollar signs on my 나이테, yeah
큰돈이 필요해 난 right now, yeah
I hustle harder, 그게 나이값, yeah
그때 그 순수함을 잃어 가, yeah
하지만 we don't give shit about that
성공이 빨리 찾아왔지, 허나 멈출 수는 없어
핑크색 차압 딱지를 기억하기에 난
여전히 이겨내려 하네, 나의 현실
Bitch, you can't stop me I'm still thirsty
돈을 벌 방법들을 나는 모색해
내 Mercedes Benz 노란색으로 도색해
9번째 정규 album, hustle never ends
지금까지 했던 것들을 repeat again
I go yard on this motherfuckin' rap shit
I stay real and these motherfuckas stay shit

Cast on my neck, 고개는 늘 빳빳이
마치 방금 인출한 현금 다발같이
I ain't tryna be cocky or anything
내가 태어난 게 이렇게 태어난 걸 어떡해, ah, yeah
Live like a king, act like a boss
배운 적 없지, 이렇게 사는 법
It's in my blood bruh, I done told, ya
Ambition in my veins, 피는 여전히 흐르고 있어
4년 전에 Q형이 말했지, 여기에
나올 필요 없어 보인다고, man, I knew that
But I needed to blow up ASAP
Cuz I don't need nobody iggin me
Sayin something like who dat
Gotta work harder, 어제보다 더
Make music, make money, that's what I do
Let's be honest, 난 너무 쉽게 돈 벌어
I'm so blessed with the gift
Get those cream real quick

Yeah, I need that money ASAP, 빨리 가져와 니 돈
너무 오래 기다렸어, 이 순간 since I was young
한순간에 부자가 되는 꿈 like Macklemore
하지만 난 되고 싶지 않다네 one hit wonder
I wanna live long, in this muhfuckin' rap game
난 말할 거야 마지막 순간에 check mate
그때까지 날 기다려줘, just like a waitress
24k 케이스 안에 준비해놔, 내 champagne
내 새로운 album is done, 새롭게 챙기는 돈
새 옷에 전부다 써 버리고 다시 make a new song
당장 돈이 안돼도 걱정은 없어
왜냐면 The Quiett 형이 말했듯이
성과는 달팽이처럼 come
Uh, 하지만 조급해져, 난 가끔씩
모르잖아, 언제 뒤질지, I got 1 life 2 live
난 모든 track에 선명히 남겨 내 발자취
누군간 말하겠지, 여긴 진짜들이 걸어 갔던 길

Drinking vino wit my amigos
Currencies all different colors lookin' like a rainbow
Salude when we cheer even at the breakfast table
Gettin' money wit my people
HI-Lite, that's the record label
I'm tired of gettin' by retire by 35
아직은 젊은 나이 하지만 멀리 봐
내가 원하는 삶을 위해 차근차근 더 걸어
내가 원하는 삶을 위해 더 많이 난 벌어
Sooner than later, but whatever better late then never
급한 건 아니지만, uh, 조급한 맘이 생겨
그게 바로 성공의 달콤한 매력, uh
Life's a bitch, with year long menopause
너의 증오 나의 침묵으로 덮어
너의 사랑은 나의 시야를 넓혀
Life is good, but it can be better
그때까진 묵묵히 평상시처럼",132.02,0.802,0.764,-4.217,0.323
way back home,The Quiett,0IHhOSkL6IFBhQmosa5xjG,"우린 계속 멀어지고 있을까
이미 멀었던 그 거리보다 더
오늘도 니 거짓말에 속아줘
오늘도 또다시 한번 놓아 널
텅 빈 거린 모든 게 불안해 보여
언젠간 모두 제자리에 되돌릴 거야
니가 내게 무슨 짓을 했던지
I really wanna get'em back home, yeah
마음을 기댈 곳이 없네 이 서울엔
Voices in my head, I need to run away, yeah
널 원해, 그게 꿈이라도
널 원해, 그게 꿈이라도
On my way home now
흘리고 있어, 나의 꿈들의 조각
비슷한 날이 다시 오겠지 내일도
사람들은 말하겠지, ""That's the way it goes""
I gotta let it go, yeah, I'm on my way home",107.107,0.493,0.521,-10.006,0.0517
You & Me,DOK2,7j2HXqNaP7V5oOayUpU1rV,"(Yeah) True love can't be this complicated
Late night feeling like triple X
I can't see you when I need your touch
To feel your love, and that's a triple threat
Got my heart pacing like a triplet
다시 태어나도 널 선택해
There's no competition, you're the best I've ever had
그게 사실인 걸 어떡해
세상 저 편에 뜬 해와
달 또 산, 바다, 땅
내 맘 말로 다 표현할 수 없지만
색깔로 전한다면 해변 위 노을과 하늘
다시 또 몇 밤을 지나야 할진 몰라도
난 알아 우릴 다시 떼어 놓는다면 그건
God did, God's gift 이대로만 있어준다면 뭐든지
Diamonds and gold
Platinum 다 따다 줘
찬 바람과 고요한 밤이면 더
드리워지는 네 사랑과 온기
내 사람 같은 기분과 품
숨소리와 향기
We be Bonnie and Clyde-ing
필요 없지 두말이, ride with me 'til Gatti
You will always be my shawty",130.96,0.24,0.506,-14.737,0.0621
On My Way (Feat. Zion.T),DOK2,6eX08sGMU7ynJoSfuoY2hf,"오직 열정과 패기만으로 내린 결정
종이와 검정 pencil만 주면 매일 벌떡
일어나 누른 play 버튼이 나의 하루의 시작
미약하고 서툴지만 내 가슴이 kick과
함께 뛰어 밖에도 나가지 않고 방에서
Hip-hop을 나의 걸로 만들기 위해 난 매일 연습만 했고
Rock and roll, 미친놈처럼 rhyme and flow만
조립하고 연구하던 어린 Einstein
I'mma shine 나의 꿈들과 마주 앉아
밤새 수다를 떨어 떨쳐내던 고민
Like Double D, Amoeba Culture and my story will never die
Every rhyme wrote, 언제나 진실 진심만을 담았고
갈 길이 멀고 오를 벽들이 많아도
이게 나라서 힘들어하지 않았어
Yeah, I got love for this music like every musicians
날 때리는 현실을 부정한 채 객기로 버틴지
벌써 8년이 지났지만 똑같애
꿈을 이루기 위해 still i'm on my way

열심히 밤새며 심혈을 기울여
만든 track 위에 나의 생각을 씨부려
일부러 쏟아지는 잠도 쫒아내
뒹굴어가며 노래를 만들어봤자
현실에 찌그러진 꿈과 찌푸러진 눈 사이
눈 쌓이듯 쌓인 고민
털어내지도 못하고 꼬일 대로 또 꼬인
일들에 치여 이젠 꿈이 뭐였는지도 몰라
혼란스러운 머리로 돈 되는 일만 골라
누구는 몇천 벌 때 나는 몇십에 목숨 걸어
다 때려치고 싶지만 그래도 돈은 벌어
먹고 살아야지, 땅에 남자로 태어나
가난에 태연한 척할 수 없기에 주먹을 뻗어
I rock the mic like Beanie Sigel
I'mma hear, no speak, no see no evil
So there will be no sequel of the 갑갑한 tragedy
막막한 내일이 날 반갑게 반기지만 애써 외면할게
마지막이라고 치고 내 식대로 갈게
아직 외로할 내 꿈, 그래, 그 놈 때문에
누구 때문에? Hip-hop 때문에, word",115.12,0.515,0.647,-12.648,0.254
111%,DOK2,6XsK88k4pe30cx5as6z7xq,"진짜 바닥에서 위, I made it out the gutter
여전히 더 올라가기 위해 매일 난 또 걸어
뻔한 swaggin', 가끔 철없게 좀 뵐지라도
어련 일을 해낸 건 참 부정 못 할 얘기
다들 꺼려 하는 도전, 야망이 도져
I got my mojo back, 분위긴 고조, 내 그분이 오죠
전성기는 왔다 가지도 않고 또 오고
좀 떨어질까 싶을 때 I bounce back like Pogo
날 보고 질투한 적 없다면 넌 마네킹
알아서 잘 되니 내겐 필요 없는 마케팅
타겟팅은 나, 내 자신
절대 남의 귀나 남 의식한 안 내키는 음악 따윈 안 했지
아랫집이 올라올 때까지 더
내 자신이 날 몰라볼 때까지 더
꿈의 한계 보다 높게 가지 더
Sky ain't the limit, 난 내려다보네
하지도 않을 일을 쓸 때 없이 말하지도 않어
여기 rapper들 rapper라며 rap 잘하지도 않어
키만 삐쩍 커, 정신은 자라지도 않어
하다 말지, 뭐든 얼마 못 가 사라지고 말어
성공 바라지도 마라, 서러운 척도
음악 한답시고 길을 걸어온 척도
할 말 없는 rapper들이 찾지 가사 주제
남 얘기, 이별, 감성팔이들이 주돼
그런 짓들보단 솔직히 내 가사들이 낫지
내 성공, 내 돈, 모두 내 가사들이 낳았지
근데 여기선 내 가사들이 낮지
Rap이 책이라면은 내 가사들은 잡지, you heard
Young King, Young Millionaire
Ride with me, Young Boss, Young 1llionaire
내가 지나가면 저 여자들 얼어
오빠 너무 멋있대, 다 하는 말은, ""쩔어""
난 연예인도 아닌데 연예인보다 유명한 rapstar
모른다면 친구한테 물어봐
그 담엔 내가 냈던 노랠 들어봐
Illionaire baby, 모두 그렇게 물들어가

스물하나에는 1억, 스물둘엔 거의 2억
그래, 스물셋엔 5억 찍고, 다섯에는 10억
이젠 여섯이니 더? Oh yeah, I got bigger, man
이러다 억대짜리 광고까지 찍겠네
나는 절대 망할 일이 없네
사기 따윈 당할 일이 없네
니들 도움 바랄 일이 없게
1llionaire way, 참 탄탄한 길을 걷되
안전한 길을 피해 달리는 비포장도로
내 차, 시계 나는 돌려줄 리 없지 도로
어렸을 때부터 어련 일들 많이 겪어 별로
뭐든 놀랍지도 않아, 니들 부정들 정도론
내 정신은 늘 또롱
술이나 대마에 쩔어 의지하며 사는 나약한 인간들과는 멀어
Rockin' Moncler, 나는 겨울에 안 떨어
똑바로 걷긴 지루해, 난 가끔 다릴 절어
네가 벌 돈까지 벌어, 다시 번 돈을 다 걸어
돈 벌 일은 항상 여럿, multillionaire that's wattup
덜떨어진 인간들 세상 탓할 때
난 더러운 꼴도 보기 싫어 명상 중
난 절대 눈 안 열어
My ice so cold, 나를 보면 모두 얼어
Work hard, ball hard, hustle harder that my motto
정신들이 어려빠진 놈들 뭐든 버럭 댈 때
천만 원 짜리 침대에 눠 피곤을 덜어
낸 뒤엔 아무리 바빠도 rap을 또 지껄여
내 태도는 여전해, 아무리 유명해져도
여기 놈들 조금 뜨면 연예인 병들이 쩔어
뭘 하는지도 모른 채 hip-hop은 갖다 버려
Hip-hop을 부끄러워하는 hip-hop으로 분류되는 rapper들
유리할 땐 hip-hop인 척하고
불리할 땐 얌전한 척, 언제 그랬냐는 듯
난 저런 무식한 문화완 거리가 멀다고
예술가인 척을 하네, 이런 배은망덕한 놈들
본인 꿈에 지가 혀를 차네, 나 같이 배운 거 없는 놈두
그 정도의 인간의 도리는 지키며 살어
돈 벌기 쉬워 보이는 가요의 미끼는 달어
누가 시키는 가려운 찝찝한 일들로 네가 금전 땡길 때에
내가 몇 십억을 버니 삐지는 가녀린 fuggin' bitches
Be suckin' on my dick hoe
앞에선 암 말 못 하면서 rap에선 나를 씹죠
시계, 차 자랑이 어쩌네, 요즘 rap이 어떻네
돌려 말하지만 누가 봐도 내 얘기
지는 못하면서 있어도 안 할 거처럼 철이 든 척
나를 어리석은 놈 취급해대지
다시 말해, 난 술, 담배 안 해
쌍스러운 욕도 입으로 안 뱉어
난 싸우지도 않아, 화도 거의 안내
열심히 일하며 살 뿐, 낭비 않네
내가 번 돈으로 가족들 이사를 갔네
파산했던 우리 집에 쌓인 빚을 깠네
우리 엄만 내게 억 단위 연봉을 받네
우리 아빤 팔엔 나와 같은 시곌 찼네
우리 이모 내 Rolls Royce 뒤에 탔네
우리 형은 전 세계를 돌아 나와 함께
마약 조사 와도 검찰들은 날 못 잡네
생긴 거완 다르게 바르게 살아왔네
돈을 떠나 난 아주 행복한 삶을 살기에
내 걱정을 하다니, 아주 참 같잖네
Goddamn, I'm good, don't worry 'bout me
I said I'm good, I feel sorry 'bout that",81.081,0.869,0.597,-7.312,0.597
On & On (feat. Lee Hi),DOK2,2fC4olmcp1E6bVl3PUUUcf,"정답은 하난데 다 말이 너무 많아
목적지도 하난데 가는 발이 너무 많아
도움 받는 건 좋지만 끝에 탈이 너무 많아
정신없이 허무해진 날이 너무 많아
아직 얼마나 더 가야 하는지는 모르지만
산을 내려오는 동시에 또 오르지만
매 순간 선택의 기로에 늘 놓이지만
가장 나 다운 길을 고르지, 많은 이 길들 중에
I ain't here to fight, I ain't here to lose
I'm just here to do my thing
My time just cool off
Tryna love everything, I ain't with that hatin'
Open up my mind and my third eye
My patient no racing man, I just wanna cruise
현실은 쉬어 갈 때쯤 다시 날 떠미는 중
난 어디에도 어울리지 못한 채로
Life goes on and on, 적응조차 못 한 새로움

내가 거품이라면 샴페인 I be rising
Tryna be nice and gentle
Even the spot lights ain't mine
인간이라 어쩔 수 없이
나도 조급할 때가 있어
생각들로 머리가 차있어
복잡할 때면 쉬워하려 노력하지
몸까지 지칠 때면
쉬어가면 오히려 답이 보일 테니
쉽진 않아도 느긋하게 chill
Yes it's gon' be okay, everything will
Kill the negativity, 좋은 생각만 하기
그래, 나도 알아, 어렵지, 좋은 생각만 하긴
좋은 생각과 맘이 나를 좋은 곳으로
데려다주길 바라며 다시 좋은 생각만 하지
아직 멀었단 사실에 익숙해질 수 밖에
간단하게 살고 싶었는데 모든 게 복잡해
Mo' money, mo' problems, 이제 이해 가는 말
Life goes on and on, 난 또 어디로 가는가",97.152,0.421,0.746,-7.944,0.545
Am I,DOK2,4FnhF2M9c3tMTfK9GMBSqo,"잘나가만 왔네 난 어릴 때부터
내 삭막한 삶에 꿈 바라만 봤기에
흔들림 없이 잘 따라서 왔네
I ain't talkin, I'm livin it, 항상 니 앞에
작년엔 ""10억을 향해서 밟네""라 말하고 훨씬 더 많게나 땄네
올해는 얼마를 벌지는 몰라도 확실한 사실은 나는 안 망해
뭐, 망해도 상관없지, 지금 가진 걸 다 갖다 팔아도 니가
평생 벌 돈 보단 많아, 내 걱정은 말아, don't worry bout me
쉽게 망할 일도 없거니와
설사 망한다고 해도 언제든지 일어날 수 있지
'난 할 수 있지'란 작은 생각 하나로
보다시피 보란 듯이 잘 왔으니
이미 난 내려가기에는 너무 높아
니 똥차 세차할 때 새 차 난 또 사
고사 지내기도 전에 난 또 골라
니가 시동 걸기 전에 이미 도착
호사로운 나의 젊은 날의 초상
니들 노파심 내 피부에도 못 닿아
Buffet를 먹어도 난 아직 배고파
Young Illy millionaire hustle for life, let's get it

잘 나갈 거 같애 난
내년도, 후년도, 아마도 죽고 난 다음 세기까지
Chrysler PT Cruiser to SLS AMG, 아마도 전세기까지
전세곌 다니며 거세게 왔지, 고3때 학생부 선생님 같이
Illionaire Records, 우리는
Rap으로 돈 버는 덴 확실히 천재들 같지, woah
I'm blowin' my money so fast
Got honey for sex, got money for gas
24시 7일 나의 머릿속엔 money cash and hoes
You already know I love that dough
누가 뭐래도 돈은 여전하겠지
친구란 놈들이 변해도, hol' up

망하기는 개뿔, 개풀 뜯어먹는 소리하고 있네
부정적인 개새끼들아
내가 너라면 말할 시간에 움직일 거고
그건 손가락이 아냐, 멍청한 새끼들아
니 집이 못산다고 불평 말고 Dok2 얘길 새겨들어
인기 많고 싶으면은 내 얘기를 듣고
Quiett 형의 rap을 듣기 전엔
고추한테 경고하고 들어, gay 될 수도 있으니까
아직 끄지마, 할 말 또 있으니까, wait, wait (잠깐!)
우린 망할 수가 없지, multillionaire는 뭘 타?
Dok2는 차를 너무 많이 사서
다 나열하기 귀찮아 해 (아닌데, 아닌데!)
Quiett 형은 Bentley를 사고
SLS 타지도 않잖아 (타는데, 타는데, woah!)
미안하지만 내 차엔 타지 마
내가 '가'에서 한 말은 모두 다 뻥
없어 너의 자린 여기에
Because you're not my squad
또 너넨 모두 불 보듯 뻔해
너넨 다 똑같아, bitch I'm one of a kind
나는 내 성격상 너네가 간 길은 쳐다도 안보네
얻어 걸린 성공 땜에 떴던 새끼들은
매일 뜨고 지는 석양 같고
난 우주가 되길 원해, uh",119.98,0.686,0.63,-5.53,0.747
Rap Star,DOK2,2BxMmOfP1ncnUzviuj0pWJ,"R-A-P star, that's me, 누구처럼 이쁜 표현들은 안 해
니가 뭐래든 신경 따윈 쓰지 않아
내 맘대로 떠들어, I drop that shit
Flyest, sick, top class, ill. 뭐를 갖다 붙여도 난 다 되지
Ain't no mothafucka here go hard as me
Come fuck with a rap star, Kardashian
일한 만큼 놀아, 지구 반을 돌아
많이 벌은 만큼 쏟아, 너의 꿈의 차를 몰아
You only live once, that's the motto
Screamin' ""YOLO"", 내 나인 Ferrari, Burberry or Polo
여긴 모두가 현실에 갇힌 포로
열심히 일한 몸을 다시 일터로
도로 던져. 매순간 떨어질까 떨어
행복을 위한 게 아니면 돈을 왜 벌어?
걸어, double. 넘어, 허들
가시밭을 걸어도 가벼운 발걸음
내가 지나가면 니 여자는 얼음
10년이라도 7년이 남은 내 서른
Hats on, got heads up, my cash flow, swag walk
아시아부터 유럽, 미국, 빈틈없는 내 passport
I'm a rap star, no 연예인. 도를 닦어, Kobain
주말에도 일을 해, all day. This rap game, I don't play
난 가요 프로 방송국 빼곤 I'll be everywhere
가짜들은 가요 프로 방송국 빼곤 never there

CD를 팔어 벌어 CD를 사네
Album이 아닌 fresh new Dior jeans
비 올 리가 없는 미래
니 스케일은 넘 작어, 내겐 마냥 귀엽지
그래, 기어이 이뤄버린 모든 rapper들의 꿈
계약서는 필요 없지
TV에 나와 쓸 데 없는 짓 나는 안 해
I'm a mothafuckin' Illionaire CEO, bitch
I'm ridin' around and I'm gettin' it. It mine, I spend it
내가 원하는 건 다 가져, if I want it: Genie
난 내가 하고 싶은 말만 해서 버는 1억 5천, 참 살만해
New CLS, 뭐 탈만 해, 3달에 한 번쯤은 여행 갈만해, ah shit
재벌을 바라보는 부자
목에 칼이 와도 혀에 놓지 않은 후장
두 발 뻗고 자네, 절대 뛰지 않는 투잡
The life goes on, I'm on my thug life: 2Pac
날 누가 막어? 이런 걸 누가 알어?
이렇게 누가 날어? 이런 삶 누가 살어?
그게 바로 나, 나야, 나
대한민국에 유일한 rap star, 이건 새로운 직업
평가 받어 오디션에 떨어지면
호모처럼 눈물 흘리는 드라마는 안 찍어",82.142,0.812,0.819,-5.571,0.894
My Love (Feat. Jay Park),DOK2,0esg2yjePEELURCHyFNTLx,"Baby girl come next to me
Just show me your love (No need to rush)
천천히 내게 온기를 전해줘
니 모든 걸 보여줘 내게
오늘도 역시 이 하루는 널 위한 party
You already know, yeah
내게 모든 걸 다 맡겨, 날 믿어
이렇게 행복한데 어찌 감히 how could I leave you
내 품에 안겨, 널 잃어도 돼
마음이 가는 대로 달려
다 잊어도 돼, just follow the leader
그래, 나도 널 필요해 하듯 날 필요해줘
세상에 지친 날 저 푸른 하늘 위로해줘
잘 기록해둬, 내 이름을 니 머릿속 짙게
나와 함께한 매 순간을 니 머릿속 지우개로 지우진 마
이 자리 비우지마
현실이 저울질 해도 꽉 잡어, 기울지마
내가 바람펴도 너는 절대 피우지마
나만 바라봐, 태양처럼 니 곁에 늘 있으니까

낯이 익지도 않았지만
같이 마치 달콤한 연인같이 하나되는 걸 난 봤지
I like it, I like this girl, 난 널 원해
잡은 이 손 놓지 마, 나와 끝까지 걸어
넌 내 favoritе song, 요즘은 너만 불러
문제 있으면 그래 언제든 나만 불러
눌러, 내 번호 365/24
잊지마, 나 빼곤 모두 믿지마
자, 이리 와, let's go
어딜 가? 어딜 봐?
니가 있어야 할 곳은 여기 내 옆이야
같이 걷기만 해도 기분이 좋은 너와 함께라서
어김 없이 난 기운이 오늘도 넘쳐
멈춰, 시간을 잠시
날 떠나지마, 너는 내 유일한 안식처
술은 마시지 않지만 니가 술이라면 난 drunken
하루도 빠짐없이 너에게 만취, that's no doubt",132.025,0.873,0.772,-5.594,0.726
Rollercoaster,DOK2,137hF3xAZrB27rBUo5Qx5B,"어느덧 여느 때와 다를 게 없는 새로운 한해를 여는 겨울
어느 것 하나 없는 것 없이 완벽한 듯
뭐를 더 바랄 건 없지만 원한 건 많아
모두 가진 듯해도 갈증이 가득 채워지지 않은
허전한 마음이 들 때면 내 욕심인가 싶다가도
다 가지지 못한 내가 싫다가 또 조금 있다가 보면 괜찮아지네
내가 어떻든 해는 잘 떴다가 지네
이젠 좀 걷나 싶지만 더 뛰네
가끔은 쉬고 싶지만 현실은 날 떠미네
어린애가 된 듯 투정 부릴 곳도 없는 난 낼 모래 서른
아직 어른이 됨에 부적응이고 싶어서
I gotta restart from the bottom

좋은 집에 살아도 내 빌딩은 없네
좋은 차를 끌어도 다 lease라던데
인기는 많아도 상위 chart엔 없대
한 가지 확실한 건 man I came from nothin'
언제부터 좋은 rapper란 게 1위가 몇개
명성 따위로만 쉽게 가치가 적게 매겨지는진 몰라도
그런 잣대로 여태 잘 나가보이기 위해 살지는 않았었네
Tryna be something, tryna be real
Say what you say boy man I'm a be here
내가 가는 이 길, 또 내가 하는 이 일
다른 건 다 필요 없어, 뭐든 gotta be 1ll
그래, 가끔 휘청거려도 괜찮아
나의 차례란 건 다시 돌아, 마치 유행처럼
자릴 지킨 사람만이 let's see what time it is",129.973,0.848,0.887,-6.139,0.702
Miss You,DOK2,64hSJs405N9lgv0RNJRnlE,"니가 아닌 사람에게 보고 싶단 문자를 보내
허전한 반쪽 짜리 만족 느끼는 나를 보네
니가 좋아하던 노랠 종일 돌려 듣곤 해
슬퍼도 널 느낄 수 있는 유일한 길이라서
아무렇지 않은 듯 지내보려고 노력해
혼자면 밀려오는 그리움은 어쩔 수 없네
니 표정, 니 말투, 난 모든 걸 기억해
니 생각이 날까 쉽게 딴 여잔 만나지 못해
이상형이 뭐냐고 가끔 누가 물어보네
근데 내 머릿속을 스치는 건 니 모습뿐
다시 너와 행복한 순간을 상상하곤 해
마치 이미 일어난 일인 듯 나는 그곳에
혼자 있다 보면 니가 벌써 돌아온 듯해
가슴이 뛰지만 도착해보면 니가 없네
아이폰을 열었다 껐다 하루 종일 반복해
문자를 썼다 지웠다 쉽게 보내진 못해

요즘 하는 일이 다 잘 돼, 돈도 많이 벌었는데
어릴 때 못 사주던 것들 다 사줄 수 있는데
내가 갖고 싶다던 거 모두 다 가졌는데
옆에 늘 있을 것 같았었던, 니가 없네
어느 누구 부럽지 않은 좋은 차들도 뽑았어
너와 함께 하고 싶은 집으로 이사도 왔어
니가 이쁘다고 할 만한 옷과 신발도 샀어
근데 널 만나러 갈 수 없다는 게
슬프지만 이젠 받아들여야 할 듯 해
Its time to say goodbye, 아직 할 말이 많은데
가까운 듯 해, 이젠 다 온 듯해
아직은 떨어지지 않아 쉽게, 나의 발끝에
남아 있는 것들이 너무 많아
니가 없는 침대에 홀로 남아
이 또한 지나면 추억이겠지 아마
가슴이 쓰리지만 질끈 눈을 감아",101.015,0.686,0.592,-6.904,0.397
Alone (Feat. LeeHi),Coogie,2SSbQoEqPHu6qAgi3pFobY,"삥 돌려 말하기는 싫어
이런 가사도 난 쓰기 싫어
더는 못해 너가 원하는 거
끝이 왔는데 왜 괴롭혀 수시로
넌 말해 내가 이제 못 미덥대

우리 사인 없어 이 다음에
왜 다그치려고 하는데
아무도 나를 못 판단해
괜찮아 I don't need nobody
하나도 안 남아 미련
나한테만 신경 쓰기도 버거워
쓸데없이 여지를 주기 싫어
더 뒤로 밀어 you know we're done",79.964,0.617,0.523,-7.76,0.0868
Good Night (Feat. BE'O),Coogie,7uzmxEjFEAiadiCCXa0bhi,"대체 누가 내 뜻을 알아줘 다들 애석해
그럴 의도가 아닌데 맘대로 재해석해
딱 잘라 얘기하면 그거대로 또 재수 없대
설명하는 거보단 차라리 입을 잠글래
내 머린 콤마 콤마, money on mind, yeah, yeah
너뿐만 아냐 신경 쓸게 넘 많아, yeah, yeah
날 괴롭혀 문제, yeah
들이 풀리지 않아
내 주윌 안 떠나고 맴돌아 satellite
난 더 나아간 다음에야 만날 거 같아
너만 괜찮음 옆에 있어도 돼
혼자의 시간이 난 더 필요해
떠나고 싶으면 okay

Yeah, yeah
절대 돌아가지 않아
I don't wanna go back
그때가 내겐 뭣 같아
매일 바랬던 게 love me
니가 불러도 이제 바로 가지
않을 거야 너희 집
나도 할 만큼은 했어
어른스러운 게 좋대서
이렇게 벌려고 했고
너에게 다른 향기가 나도
감기인 척을 또 했었고
Every day was my solo trip
울지 마, ooh, ooh, ooh, ooh
다음에 얘기해
자자 잘 자 good night",145.908,0.498,0.522,-7.247,0.221
Right Now (Feat. Crush),Coogie,4IiSP6seUj7QwhgDgXdS11,"찰나의 눈빛에 흔들려 내 맘 (흔들려 내 맘)
시간이 없는데 벌써 late at night (Late at night)
숨을 고른 채 전화기를 집어 (집어)
You're my hype, girl, 니 앞으로 뛰어 (뛰어)
Yeah, I got money, you gon' need it (Need it)
뭐든 말해봐 차 시계 (시계)
단 한 번에 느꼈어 난
널 만나면 더 낼 수 있지 세금도
Pull up, pull up, I'm coming, girl (I'm coming, girl)
풀어 풀어 니 경계를, girl (경계를, girl)
사실 난 접근하지 않아 쉽게
저 멀대들은 머리에 왁스 빼면 시체 (시체)
뭘 그리 고민해, (고민해) 난 지금에 여기에 (여기에)
너 말고 다른 덴 (다른 덴) 눈도 안 가는데 (가는데)
소문들이 날 끌어내리려 하지 매일 (하지 매일)
근데도 날 믿어주면 I'll give you everything (Everything)

Yeah, cruisin' in my whip, stars above be our script
너와 함께라면 feels like we're on a moon trip
다들 내게 묻지 얼마나 사랑하는지
바다보다 커 그 안에서 swim
You're so sweet, 달콤한 이 사랑은 never tripped
저 비싼 명품들은 정답이 아니지
너의 내면이 더 빛나 like diamond
Woah-oh-oh, shining
I wish you by my side, oh, yeah
You make me sing it, la-la-la, oh, yeah
밤새 떠오를것같아 난 all day, yeah, yeah, ayy
Ain't no bluff, 한순간도 (Oh, yeah)
넘보지 못하게 got you
손 닿을 수 없게 해 너란 작품을 (Oh, yeah)
아껴줄게 열어줘 너의 마음을, ooh, yeah",154.97,0.961,0.402,-2.235,0.312
Justin Bieber (Feat. Jay Park),Coogie,7lKq1zBuch1xYlwQxs9RdD,"진짜 앞이 안보여, 앞이 안 보여
잔상이 남어, 잔상이 남어
뻔한 이별 노랜 안 할랬는데
지금 내가 그걸 할랑말랑해
숨이 안 쉬어져, yeah, 안 쉬어져, yeah
폐가 아퍼, yeah, 폐가 아퍼, yeah
뻔한 이별 노랜 안 할랬는데
지금 내 기분이 말랑말랑해
I'm so gone, gone, gone, yeah
어떻게든 존버해, yeah
아무렇지 않은 척 또 flexin
Mr. porter 택 안 떼고 또 flexin
I'm so gone, gone, gone
어떻게든 지금 존버해
아무렇지 않은 척 또 flexin
Mr. porter 택 안 떼고 또 flexin

Baby, you've been on my mind
아무렇지 않은 척해도, yeah
I need to see you one more time
밤에 편히 잘 수가 없어, yeah
여기 남았지 홀로
눈 감으면 보여, 너의 예쁜 얼굴
I really love you, 난 정말 바보지
나대로 계속 살지, 아무렇지 않은 척",145.05,0.591,0.87,-9.373,0.735
"1,2,3,4,5",Coogie,0b2uMH3ziqvmdPyyv02FA7,"널 만나고 나서야 숨통이 트이지만
쉬지 않아 how can I be lazy?
골치 아픈 일에 절대 얽매이지
않아 믿어도 돼 문젠 생기지
않아 진짜로 you're my only buddy
우리가 같이 걸을 때 길거릴
빠르면 늦춰줄게 걸음걸이
나랑 있으면 안 해도 돼 맞벌이

보고싶음 걸어줘 facetime
근데 이해해 줘 밤 샌다음
내 몰골이 초췌하더라도
괜찮아질 거니까 다음 날
일 때문에 전화를 못 받을 때
네 마음 다 알아 I know you upset
좀만 기다려 이것만 하면 돼
한 시간이면 돼 지금이 last take",185.104,0.696,0.572,-6.394,0.963
"Good Night (Remix) (Feat. Paul Blanco, CAMO)",Coogie,7oJOO76O5QH4SjFUMrvbon,"대체 누가 내 뜻을 알아줘 다들 애석해
그럴 의도가 아닌데 맘대로 재해석해
딱 잘라 얘기하면 그거대로 또 재수 없대
설명하는 거보단 차라리 입을 잠글래
내 머린 콤마 콤마, money on mind, yeah, yeah
너뿐만 아냐 신경 쓸게 넘 많아, yeah, yeah
날 괴롭혀 문제, yeah
들이 풀리지 않아
내 주윌 안 떠나고 맴돌아 satellite
난 더 나아간 다음에야 만날 거 같아
너만 괜찮음 옆에 있어도 돼
혼자의 시간이 난 더 필요해
떠나고 싶으면 okay

Yeah, yeah
절대 돌아가지 않아
I don't wanna go back
그때가 내겐 뭣 같아
매일 바랬던 게 love me
니가 불러도 이제 바로 가지
않을 거야 너희 집
나도 할 만큼은 했어
어른스러운 게 좋대서
이렇게 벌려고 했고
너에게 다른 향기가 나도
감기인 척을 또 했었고
Every day was my solo trip
울지 마, ooh, ooh, ooh, ooh
다음에 얘기해
자자 잘 자 good night",145.908,0.498,0.522,-7.247,0.221
Right Away (Feat. pH-1),Coogie,1t73E6zaEr2H8pqwFn2cF6,"딴 남자들 너무 뻔해
비교 말어 난 신선해
약속해 내 손목을 걸게
널 위해서 돈을 벌게
대신 잡아줄게 벌레
눈이 마주치면 헤벌레
밤새 너를 위해 workin'
계속 내 심장은 twerkin'
어젯밤에 네 꿈을 꿨네
다시 꾸려고 불을 껐네
창문에 전망은 선명해
이쁜 옷 신발들을 꺼내
Look at my drip from my walk
I want you to pick up the phone
같이 걸어 다녀 거리를
어깨에 기대줘 머리를, yeah

You got me up all night
문잘 보내지 good morning
Link도 걸었어 좋은 음악을
뭐든 나누기를 원해
함께할 땐 없어 남은 음식은
집중하고 싶어 우리 대화
없는 시간도 만들어서 여행을
떠나고 싶어 꼭 메고 배낭
You put a spell on me
어떻게 해야 될지를 몰라
잡히던 일도 하나 둘씩 미룬 채로
주위 맛집들을 골라
You and I mean so much to me
I will never leave you alone",93.887,0.715,0.69,-6.661,0.694
Right away (Feat. pH-1),Coogie,4ZLbxNHTlHeRNQOt6KOfSx,"딴 남자들 너무 뻔해
비교 말어 난 신선해
약속해 내 손목을 걸게
널 위해서 돈을 벌게
대신 잡아줄게 벌레
눈이 마주치면 헤벌레
밤새 너를 위해 workin'
계속 내 심장은 twerkin'
어젯밤에 네 꿈을 꿨네
다시 꾸려고 불을 껐네
창문에 전망은 선명해
이쁜 옷 신발들을 꺼내
Look at my drip from my walk
I want you to pick up the phone
같이 걸어 다녀 거리를
어깨에 기대줘 머리를, yeah

You got me up all night
문잘 보내지 good morning
Link도 걸었어 좋은 음악을
뭐든 나누기를 원해
함께할 땐 없어 남은 음식은
집중하고 싶어 우리 대화
없는 시간도 만들어서 여행을
떠나고 싶어 꼭 메고 배낭
You put a spell on me
어떻게 해야 될지를 몰라
잡히던 일도 하나 둘씩 미룬 채로
주위 맛집들을 골라
You and I mean so much to me
I will never leave you alone",93.887,0.715,0.69,-6.661,0.694
Life Goes On (Feat. pH-1),Coogie,7DNT98RushlHadPmT3qaiX,"내 첫차는 외제산 Cabriolet
라고 겁도 없이 너무 까불어대
내 Dayjust 놀림감이 되어버렸네
다음 것을 알아보려 디깅 All day

난 20대에 벌고 싶어 몇십억대
집에 짐을 덜어주고 싶어 OK
조금 무거워도 괜찮아 내 어깨
걱정 말어 저지르지 않아 범죄
난 정말로

I don't mind 니네가 한 말들 다
진짜 상관치 않아 I swear to god
꽉 채워 다 태워 뒤에
내겐 제일 귀해 Ma friend ma fam

We so fly slide
미끄러지듯이 진전해 가
So fly like a kite
구름 가르듯이 계속 가

잠시 멈칫한다 해도
다시 작업하고 Working
헛된 생각날 틈 없이
달리고 또 채찍질을 계속 쳤지

Mo money but no time
자꾸 좁아지는 옷장
그 안에 가득 퍼진 너의 진한 체취가
아직 남아 있어 창문을 또 열지
Understand me

When I tell you I'll be moving on
인연의 끈을 풀고 나서야 난 숨을 쉬어
내 반을 잃었고
내 삶을 다시 얻은 후 나만의 길을 걷네
너와 달리 성공은 내게 손을 건네

So I love her to the death (on god)
도로 가져가 네 Box to the left
너만 쏙 빠진 채
모든 게 똑같애
새로운 날이 코앞에",79.982,0.49,0.7,-5.187,0.569
Wifey (Feat. CHANGMO),Coogie,4WySvS12puJNmkjvJsQKpA,"나는 빚을 내서 네게 백을 사줄래
믿어 빨리 좋은데 왜 간을 보려 해
지켜줄게 gang처럼 21 Savage
널 울렸던 남자애들 델꼬와 다 패줄게
빨리 말해 사람 갖다 장난치지 말어 bebe
한 번 봤지만 생각날 것 같아 everyday
밥도 아닌데 왜 자꾸 뜸을 들여 bebe
꽈배기처럼 꼬아서 말하지 마 bebe
사랑 노래 같은 건 난 절대로 안 불렀으
하기 싫어도 넌 결국 부르게 만들었으
You’re my heart break it
You’re my-
You’re my heart break it
빨리 내게 넘어와 내가 선을 넘기 전에

Shawty mi amor
Can’t you see I’m a rockstar?
시간만 내줘, 그 창모랑 먹자구 파스타
40짜리 와인, 그건 깨끗한 글라스 안
물론 몰라 그 맛은 나, 음 대외적인
내 이미진 young and rich
허나 본성은 여전히
동네 애, 쌈마이 놈 외제 차 타고 노네
쿠기는 대전, 그럼 이 자식은 어디 애?
내 작은 동네에서, 걷자 들어줄게 니 Hermes
니 블랙 outfit
항상 내가 검은 옷
만 입고 질러댄 건, 너와 연결 돼 있다는 거
다들 나와 있고파해 이유는 특별해 보이기에
나도 너와 있고파 (yea)
내겐 너가 그러한 몸이기에, grrrrr",105.256,0.792,0.611,-5.486,0.851
POW (Feat. GRAY),Coogie,3QpwHZCLi4vPrt2TJ1kurE,"What you want, tell me what you want, yeah
먹어 겁, 방탄 헬멧을 써, umm, yeah
침 흘려, 자꾸 눈이 마주쳐, 왜 이래
자릴 떠, 너랑 떠나려고 해 vacay
노려 왜 이렇게, 눈이 aim 해
Shootin’ AK, 도망 택해 (Few, few)
날씨 check해, 뭐든 예약해, 전화, babe
내 작업실은 여기저기로
너가 먼저 일들은 저 뒤로
말하면 데려갈게 어디던
같이 있자고 둘이 till the dawn
Lil Baby, 뻑가게 해, 넌 Gunna (Like Gunna)
걱정, stress는 모두 덜어 (Ooh, ooh)
문제 삼지 않아, 그냥 썰어 (Ooh, ooh)
신경 쓰기에는 우린 젊어 (Ooh, ooh)
신경을 쓰기엔 너무 쩔어

White diamonds and yellow gold (Yellow gold)
내 시계보다 그녀는 빛나 더 (빛나 더)
The Margielas on her feet, she's a bomb, 너무 치명적
넌 나를 춤추게 해, 매력이 수백개 (수백개)
내 눈빛이 너를 볼 땐 shootin' like an AK (AK, AK)
가끔 so 무례한 모습마저 cool 해
Bentley 혹은 G63 타고 멀리 가자고 (가자고)
어디로든 달리자, we go (Go)
해변도로 위를 제주도 (제주도)
오늘 내가 니 manager
총알처럼 쏴서 pick up 갈 테니 금방 나와 있어
우린 사랑을 매일 해, always makin' my dayday
넌 내 유일한 vacay, 모든 걸 줄게, take 해
Yeah, we livin' like birfday, 너에 목말라 thirsty
치지 않아도 돼 curtain, 난 널 봐야 되거든",130.73,0.931,0.317,-4.808,0.232
Buck,Coogie,1BCONvj86ada7Wbr7v0irk,"Please shut up 모르면서 왜 대체 넌 입만 털어
말을 아껴 난 보여줘 계속 runup
필요할 때만 찾는 애 not my type
눈 마주치기만 해도 숨가빠
핑계 뿐인 겁쟁이 don't talk to me
착한 척 그만 너가 제일 속물이지
내 식구는 내 몫까지 빼 big spending
또 몇배로 채워 in a minute

Won, dollar, yen, hunnit bands, no kizzy
다들 보여 내 눈에 뱀 안 엮이지
작업 쳐보려 하는 저기 scammers
껴보려 해도 너흰 여기에는 못 끼지
Just stay in your lane
쟨 멋있는 척도 왜 멋없게 해
난 준비해 tour uh 넌 내 옆에
못 와 기왓장 올려 내 어깨 원래
Just stay in your lane, huh",117.697,0.599,0.725,-9.143,0.764
Sober (Feat. Jvcki Wai),Coogie,4I5g757QtPIpo6TBCJLoLb,"불러봐 나를 어디든, uh
개의치 않아 거리는, uh
씀씀이가 너무 커진 듯, uh
유지 못해 지금 벌이론
버려 만들다 몇 곡 째
마감일이 나를 떠밀어 보채, uh
입안에 털어 넣어, caffeine
개소리들은 무시로 응답해
물이 흘러 필요해
더 많은 제습기가, okay
살만해졌나 봐
예전보다 게을러가
이제는 가뿐하게 벌어 억
물을 뿌려 목에 벗어 옷
Designer 입어봐도 없지 멋
Fashion trapper들은 살이나 빼 (Uh, uh)

싫어 맨정신 잊어 할 일은
길어 하루는 넘어가고
미뤄 좆같은 feature
그냥 난 질러 아무 말 써버렸고
미처 못한 말 비춰
음악에 미쳐 살아도 벌어먹고
빌어먹을 two-sеater
타보고 질려 이미 다 팔았다고
Wah, ah
그냥 난 싫어, sober
은퇴는 했어, clubber
부어줘 liquor, pour, pour
괴로운 일 다 덮어
미친 듯이 난 폈어
닫아줘 입은 lockеd up
달아줘 입에 stopper (Ooh)
맨정신이 난 힘들어
아무것도 할 수가 없어
맨정신이 난 제일 싫어
아무도 이해할 수가 없어",110.164,0.142,0.757,-18.249,0.0383
Shut Up (Feat. ZICO),Coogie,3hOXFLGpLZpWrI8kJdcwmb,"아, 지코 새끼 저거 재수 쩌네 (재수 쩌네)
한방 먹을 생각하니, PTSD 오네 (SD 오네)
입벌구들 they can't tell me shit, 다 묵비권 해
주디 닫고, 지갑 열어 (Uh, uh), what the 땡전 한 푼 없대? (땡)
넌 했던 말 또 했던 말, 그 pattern 전부 뀄어 나
쟨 괴성 아님 외계어, bring some 용개국어 해설자
걸로 story-telling이 되냐 그냥 개돼지들의 배설이잖아
누가 너한테 견주냐고? 여깄네 목줄을 채워줄 사람
Damn homie, 네 fan은 경청하며 합죽이
Damn homie, 우린 물 머금고 웃참중임
Rolling Stones처럼 유서 깊지 내 메롱질
놀림받고 메타인지 챙겨, kids, K-O-Z

내 머리 돌아 bulb (Bulb), 말아버려 curl (Curl)
안 들어 남의 말들 하는 소리들은 뻘
쟤넨 센 척만 하고 rap은 왜 이리 못 뱉지?
저기 마초 rapper는 일도 안 돼, sex appeal, woah (Talk shit)
쿠긴 rap master 아니 남친 rap master, woah (Talk shit)
식단 안 짜도 어지간히 욕먹어 (Talk shit)
핑계 댈 시간에 걍 만들지 하나 더 track을
엎어 plan 될 때까지 숨겨 끝엔 내가 끼지 belt를
Damn homie (Okay), 결과 전까지 입 닥치지 난
Damn homie (Damn homie), 근본 팔아도 안 먹히지 (Okay, okay)
꺼져봐 좀 비켜 (비켜), 비벼봤자 못 이겨 (이겨)
Villain인 척들 지겨워 (지겨) 방해하지 마 내 앞길, get it, get it",138.007,0.654,0.837,-5.148,0.292
Spaceship,Coogie,46sIBHNOtizWM7g6YQ9xXQ,"모두 알아 너를 다 you the hottest in the south (In the south)
콧대는 높지만 또 그렇지 못한 싹수 (싹수)
개념이 꽉 찼어 말이 안 통할 리가
무슨 조합이던 간 안 믿어, MBTI
저기 많은 남자들이 엮이려고 머릴 굴려 (머릴 굴려)
진심인척하며 접근하고 눈만 흘겨 (눈만 흘겨)
잘생긴 건 인정해 돈 많은 거 인정해 (Okay)
근데 사지 멀쩡해도 본업이 존못인데
너가 만약 다리가 없다면 등에 이고 (등에 이고)
다녀 어디든 짐들도 짊어지고 (짊어지고)
뭐든 넘겨 나한테 나쁜 것도 not bad (Not bad)
너 때문에 나태 해질 수 없어서 더 더 speed up (Speed up)
잘 돼야 돼 더 지금보다 빨리 speed up (Just speed up)
안 숨겨도 될 자랑스러운 짝으로 (짝으로)
되려고 더 달리지 (달리지)
쉬는 게 어딨어 빨리하고 갈게
Ridin' round city, 몸만 와 준비할게 좋은 집 좋은 차
바빠도 너한테는 넘쳐나지 내 시간 (내 시간)
안 되는 것도 다 되게 하지
외모랑 다르게 난 겁쟁이처럼 안 해
Call me one time, two time, three time, four time
바빠도 너한테는 넘쳐나지 내 시간 (Brr, brr)
어떡하지 말투와 그 입담 뭐든 간
웃음만 나와 구겨진 얼굴에 펴져 미간",177.087,0.47,0.539,-10.013,0.805
!!!!Lips!!!! (Feat. Woo Won Jae),Coogie,4XbJxXJci17yWm8WBVj1aS,"We just poppin' bottle tonight
왜 그리 도망가려 해? Oh my gosh
Tight 한 허리 더 딱 붙어봐, yeah
밝은 데서 봐도 look so fine, yeah
내 눈은 니 몸 위아래로 racing, yeah
Call me papi but no teriyaki
쟤는 주렁주렁 달려있지 허리에 차 키
근데 그거 말곤 볼품없지, 둘 도 없긴 하나도 없지
Yeah, yeah, yeah

Oh my yo, 난 부수고 싶어요
Oh, 나 거짓말은 절대 못 해
난 자유롭고 싶어 나를 가둔 모든 클리셰
또 울타리를 벗어날래, bitch
Oh my, oh my, 랩퍼들은 나빠 난 그 말에 도파민이, yeah
I got a move You got that groove, 성댄 부분 마취 중
아직은 무리 넌 딱 보면 보이지, 니 시선 내 목 밑을 (Brr, brr)
Make me say woo ya, make me say uhm yaaaa
Make me lay 으아, make me say 큰
소리까지 니가 목이 쉰 건 왜일까?
We just poppin' bottle tonight
니 복숭아 위에 수놓고
Stop, 난 나쁜 놈 되기 싫어서 먼저는 못 끝내
니가 끝내 윗집 벨 누르기 전까지는, yeah",84.519,0.467,0.569,-9.366,0.663
GPS,Coogie,7KIsKkHiPhJvFkKmXM8z0c,"왼 손목이 차가워져 from 빈손
너도  힘들어서 쓰렸었지 빈속
이젠  사줄 수 있어 Louis Vuitton
걷게 할게 얼음 길, 마치 빙속
우린 싸움보단 평화를 더 원해
많은  여자보다 너 하나가 편해
너가  하란 대로 해, 뭐든 져줄게
주름 아니 인생까지 펴줄게

네 손을 잡아 거릴 걸을 때
길을 잃었다면 수신해
변하지 않아, 봄 또 겨울에
꽃들이 피고 다시 시들 때에도
너만 따라다녀, 나는 내비가 돼
자꾸 도망가는 너는 나비 같애
원하는 걸 다 말해 줄게 네게 everything
홀려버려 네 날갯짓에 너무 비겁해 girl
마치 팅커벨",99.972,0.329,0.715,-16.916,0.537
I Made It,Coogie,7flu7AobqtxS77Jatwldhg,"분명 순수했었는데 지금 많이 더러워
DJ Khaled 처럼 계속 만들어 Another one
돈을 벌어도 이름 못 남기면 덧없어
I don't give a 음, 남 의견 모두 다 저 뒤로
내 과거들은 faded, 난 이런 걸 매일 해
Yeah, I'm so underrated, 나는 더 필요해
난 안 잡아 컨셉, 기억될래 평생
난 챙겨 돈 또 명예 다 가져야 떠난다고 전해

잠을 못 자도 caffeine in my cup
손에 하나 더 흡입하지 puff
한탕 한 뒤에 떠나고 싶은데
못 멈춰 난 이 game
못 멈춰 난 이 race
못 멈춰 난 이 race
난 떠버릴래 모두 가진 후에
내가 원하는 것들 잡은 후에
만들었던 계획은 빠개지네
그래도 다음 판을 짜려고 해
터질 때까지 계속 makin' new song
전화 걸지 마, when I'm in my zone
올리지 시속 계기판이 터질 때까지
내 편들을 태우고 straight up
못 내리지 나는 텐션
헛소리는 무시 계속
아니 잘라 버려 랜선
내 앞에서 말해봐, say something
필요해 오직 내 fan love
매일 살고 있어 최선
긍정만 있으면 최소한",91.987,0.625,0.699,-5.658,0.166
MELODY,ASH ISLAND,6JeleVHUHrdvgiFESE33ZU,"난 처음 너의 바램이 되고 싶어 세상을 다 주겠다고 약속을 해
많은 눈들의 착각이 나에겐 혼란이 되어 너만 힘들게 했지
더 잃을 것도 없었는데 날 너와 비교했어
참 나는 못된 사람이 됐고
모든 내 말들은 널 위한 거였단 핑계가 돼
근데 이젠 혼자 살기에는 버거운 집과
혼자 앉아있긴 너무 커 소파
또 다 쓰지도 못하는 돈과 옷
널 데려다줄만한 큰 차
뭐, 다 가져버리고 나서 난
TV에 너와 함께 보던 영화 흘러나오다가
혼잣말, 옆에 없잖아 너가
하루 종일 싸우고 안은 채 잠들어도 좋아
다 괜찮으니 와서 채워주라 이 소파 (Ooh, ooh, ooh)
혼자는 이 공간이 너무 커, 필요해 너가 (Hey, 필요해 너가)

Ooh, 영원할 것 같았던 약속들
손을 잡아주겠다던 너와 나 둘
앞이 안 보일 때 너가 돼준 내 눈
겨울에 함께 봤던 눈 (Hey)
불타올랐지, 아무리 추워도 난 with you (난 with you)
불이 꺼져 재만 남아도 lovin' you (Lovin' you)
라고 말하던 때 그때 그 기억인 듯
아직두 너와 듣던 노래들의 가사들
뻔한듯 했던 그 melody가 익숙하던 예전 그대로
고정돼있던 곡 뻔하던 그 제목
초라해질까 봐 난 말을 못 했어 (필요해 너가)",84.226,0.466,0.364,-10.524,0.534
Nightmare,ASH ISLAND,3uKoBRThCMtgKss90CiXQc,"하루 종일 텅 빈 거리에서
누군지도 모르는 그 발을 쫓네
가로등 밑 그림자가 나의 손을 잡을 때쯤 말을 건네
빨간 피가 손에, 무슨 일이 있었녜
'잘 모르겠어, 왜?'라 하며 눈물 훔쳐데
날 위로하는 척, 지도 눈물 훔쳐
그딴 건 필요 없어, 그런 말은 진절머리
나도 모르는 내 아픈 얘길 해 악마 놈이
재밌어? 씨발, 이게 더 아파, 니 아는 척이
덕분에 내 꿈의 반은 아픈 기억을 떠올려
더 춥기 전에 빨리 나가길 바래 악몽을
제발 없애줘, 그놈들과 내 아픈 기억
내일 이 악몽을 깰 때쯤에도 난 눈물 흘려",129.984,0.949,0.554,-4.928,0.233
Beautiful (Feat. Skinny Brown),ASH ISLAND,3J6NzKxov6PDE1LC99gXV8,"Yeah, I love you everybody, get home safe, gang, gang
너도 좋은 곳에서 편히 쉬길 바래 이젠
너의 향기가 남아서 feeling really bad, bad
공감도 못할 일이었지 when I was 18
비로소 피어날 준비가 된 너라는 꽃은 피었고
모두가 울 때 나는 웃어줄 거야 꼭
내가 받은 게 좀 많어, 넌 모르겠지 아마도
걱정 마, 내가 그 꽃잎으로 남아있어

해가 내리쬐고 바닥에는 white rose
Why everybody's talkin' 'bout the sorrow?
내가 너의 자릴 빛나게 둘게, so hold on
I see you shining like star, oh that's the place you born
No one can replace you
No one can do it like you
짙게 향이 밴 듯이 남아 있어
내 눈엔 너의 흔적들이 다시 보여
찬히 따라가려 해
Baby, I won't hesitate no more
Baby, it's deep in my heart
The flowers bloom in my yard
더 이상 슬프지 않아
너가 여기 있잖아, oh, I",100.027,0.717,0.638,-4.722,0.249
One More Night (Feat. lIlBOI),ASH ISLAND,1kZwWtijucTV6LRUrGn51f,"떨어지고 있어, 밤하늘 유성들처럼 (Hey)
멀어지고 있어, 출발의 반대로 걸어 (Yes sir!)
시간은 우리들의 밤을 도와주긴커녕 (Yeah, yeah, yeah)
더욱이 빠르게 흘러서 남은 숨마저도 조여 wo-wo-wo-woah
그러니 우린 더 wo-wo-wo-woah
같이 있자고 wo-wo-wo-woah
넘어서 내일이라는 door

One more night 다음날까지 여길 떠난다면 (Yeah)
Up all night 너의 모습을 전부 다 내게 담어
아주 멀리서 본 우린 keep fallin'
쏟아져 내릴 ocean
Goin' upside-down
얼마나 갈진 모르지만 확실한 건
지금 이 시간이 괴롭기만 한 건 아니지
'Cause I see your eyes full of galaxy
우린 어리지만 영원하길 바라니 이 장면들이
So, let's stay 'til the mornin'
너의 시선을 여기에 둔 채로
아니, 눈을 마주친 채로 나는 너에게 다시 물어
Let's stay one more night",73.796,0.47,0.548,-9.87,0.797
Lonely,ASH ISLAND,5QcIKO1FjIQOWHlDATLV4g,"질문 하나 할 게 뭘 위해서
지구 위에 존재합니까, 넌?
질문이 애매할 거야 그럼 돈 (돈)
때문이라는 거에 내 손목 걸어
아빠가 말했어, 필요하대 돈 (돈)
그래서 벌었지, 통장 안엔 억 (억)
어려서 그런 건지 난 그래
도저히 좋지만은 않더라고 모든 건 (Wo, wo, wo)
저놈들은 말해, 지껄여 ASH ISLAND (ASH)
잘도 아네, 나 빼고 떠들어 나에 대해
도대체 뭘 아는데, 대체 나다운 게 뭐냐고 시발
그럼 해보던지 좆같게
아마도 너네들이 원한 거 난 못할 거야, 그건 알아둬
난 거짓으로 네게 남아도 진심일 거야, 걸어 모든 걸",147.965,0.619,0.622,-6.4,0.483
"WATER (Feat. Car, the garden)",ASH ISLAND,4JgId66CQQw0YnoeMEVvd8,"""요즘 어때"" 란 한마디도
답하기 두려워서 전화길 뚝
잘 지낸다고 한다면 거짓말
힘들다 하면 유난일까
좀 살 것 같다가도 누군간 떠나가고
""지나가리라 이 또한"" 오늘도 혼잣말로
삼켜내 just breathe it now
Yeah, just keep breathing now

천천히 식어 가는 밤공기
살며시 감싸줬던 온기
아직도 맘 한켠에 번져 있지
그리움만 늘었지
너가 있던 거리 속
가로등이 꺼지면
그림이 되어 남아
원래 그런 것 같아",130.013,0.822,0.528,-5.371,0.363
Error (Feat. Loopy),ASH ISLAND,7IRknQOMvsycACYS1fVGex,"It is hard to say good bye
Baby don't tell me a lie
차라리 말없이 떠나 버리던지
폰을 확인해 난 다시
전활 걸어 오늘 밤
혹시나 너가 나를 기다릴지
Baby, I'm so alone without you girl
고요한 이 밤
Baby, I just want to take you home
I can't get you outta my head

난 너의 번호를 누르지도 못해
친구들은 날 대신해 너를 욕해
아주 아주 작은 기대에 기대긴
난 늘 그랬듯이 어리고 모자라지
Keep calling 의미 없이 lost in
지금은 먼 얘기 너한텐
너와 내 시간은 끝
And I say 너만이 흐려 보여 멀리
편안해져 조금씩
집에 오는 그 길 난 홀로 걸어가, ya
Ring, ring, 전화벨이 울려
왜 이제서야 넌 나를 또 흔들어
Oh-oh-oh-oh
Oh-oh-oh-oh
괜찮아, 늘 그랬듯 지금 갈게
Baby, don't worry 'bout it none",116.028,0.749,0.527,-5.774,0.0926
Goodbye (Feat. Paul Blanco),ASH ISLAND,7qlA2Y1zPNnQxUd1BWx19x,"여전히 예쁘더라 날 쳐다보는 눈빛
같이 밥을 먹고 난 뒤
괜히 조금 더 같이 있고 싶어서 늦게 해, 나갈 준비
전부 다 알고 있어 너 봤잖아 내 눈치
Girl, I don't feel the same
너도 알잖아 우리 예전 같지 않네
Oh, 이젠 그만둬야 해
아직 넌 듣고 싶어 하지 않겠지만
이게 최선이었어 goodbye
지금 아님 안 될 거 같아
아쉽지만 우린 여기서
아름다운 작별 인사를 건네

다신 널 못 볼까 봐
더 세게 널 껴안아 보고 싶었었다만
왠지 모르게 너 앞에서는 freeze 해
역시 너는 아직도 너무 아름다워, baby
숨이 더 이상 안 쉬어질 때
너가 다시 나타나 주길래
But 역시 내가 했던 거 그대로 돌려주네
솔직히 난 그냥 너가 행복했음 해
너가 봤듯이 너 앞엔 더 이상 나답지를 못해
넌 내 것인 적도 없었지만
These are the words in my mind",87.159,0.457,0.484,-13.976,0.187
OST (Feat. CHANMINA),ASH ISLAND,0KXdlcZHmCqIfIfRVGRGP2,"만약에
시간 괜찮냐라던 네 말에
마침 비었었던 그날에
집에 혼자 남아
잠이나 잤다면 우린 달랐을까
No way (No way)
아무래도 운명인거 같애 (같애)
내 머린 온통 네 생각에 (생각에)
영화 같은 거야
멈춘 시간 속에 너와 나

갑자기 약속이 없어졌던 그날
집에도 못가 혼자 멍 때린 그밤
왜 하필 너를 생각했을까
누군가가 장난을 쳤었나
처음 손을 잡아줬던 겨울 (Ha-yeah-yeah-yeah)
너를 떠나가려 했던 여름도
전부 소중해 여기 담을게
멈춘 시간 속에 너와 나",93.037,0.879,0.801,-4.848,0.82
Because,ASH ISLAND,08xMOoUaMWWlNStVUdBTBC,"우린 끝을 향해 가고 있었고
그런 모습마저 아름다웠어
어느새 같이 있는 게 너무 어색해서
돌아서며 말했어 우리 더는 마주하지 말자고
우린 이미 알고 있었잖아
너가 나를 밀고 집을 떠난 날
우린 서로가 왜 그토록
끝까지 애를 썼을까
이런 건 의미 없다는 걸 알아
그리워서 하는 얘기도 아니야
그냥 그냥

난 그 시절 새벽을 노래했고
너는 그날 밤이 되어 춤을 춰
다시 그때로 갈 수 없단 걸
I know oh oh oh oh oh oh oh oh
난 아직 그 시간의 노랠 불러
혹여나 네가 들을까 싶어서
만약 돌아갈 수 있다면 Oh oh oh oh oh oh
너가 원하는 거면 다 좋다고
미안하다 말 한 번 더 할걸
내가 만약 그때 그랬었다면
그렇게 애를 썼을까 과연
이런 건 의미 없다는 걸 알아도
그리워서 하는 게 아닐지라도 Oh oh
그냥 그냥",77.997,0.634,0.358,-10.558,0.161
Paranoid,ASH ISLAND,2HkLBmbvSYIa9wt51jtGwe,"별이 보일 때쯤 나는 눈을 감았네
머리까지 이불을 덮어 내가 잘 안 보이게
누군가 내 삶을 뺏아가도 모르기에
거릴 걸을 때는 뒤를 돌아 버릇돼
매일이 난 너무 두려워, 누가 날 죽일 수도
When open ma eyes, 어떤 것도 안 보이는 걸
지금 시간에도 누가 날 겨누고 있어
알지 안 일어날 걸, 하지만 아무도 몰라

Yeah, look at my eyes sad
Too many lies there
I'm gonna die, 차라리 더 나아
나를 저 달이 달래, yeah
Oh, I wanna be alone, yeah
또 봤지 내 눈에 고인
피와 똑같은 이 voice
맴돌아, 공기 중에, livin' in a..
Why",162.78,0.685,0.423,-9.651,0.328
Over,ASH ISLAND,3y7NPDRKRJx6xTEOXKs7Gu,"Back to the first day, it's the night (It's the night)
내게 걸어와 걸었지 말 (걸었지 말)
We fell in love that's all we got (We got)
But now it's gone that all we have (Hey)
Paranoid is paranoid, you hate that song
내 심장에서 빼내야 되겠어 (Hey)
가만두면 더 아파질 거잖아 넌

It's over the moon look like a blur
오늘 저 별과 지는 해도 새로워져
네게 별로였던 노래도 다 버렸고
너의 전부였던 나도 이곳에 버려줘
Kiss of the morning, it's gone I know
귀찮던 고민 이젠 하지 않어
가만두면 더 나빠질 걸 알아 넌",113.32,0.51,0.371,-8.942,0.147
Stay With Me (Feat. Skinny Brown),ASH ISLAND,4YJlv9lK1EsszlUZ4ekj7I,"늘 혼자지네 내 겨울은
친구는 밤하늘의 별들
방 안의 거울은 나를 보지만
비어있네 옆은
But I'm not alone now
걸어왔지 너가
내리는 눈꽃처럼
어디든 달려올게 너의 곁에
So please don't go away, go away
준비가 됐어 나는
너도 그렇다면 해줄래 말을

Last year I was dumb, facts
어쩜 너가 아니라서 그래
비가 오는 날이 아니어도 돼 (춥게 눈이 오는 날엔 stay)
Just sit here and don't think you are alone
입어 same thing, 들어 same song
You change me, I'ma change yours
계절 지나도 불러 that chorus
주워 담아 these stars and
시간에 담아 like jar
어두워진 이 밤에
우리만은 밝자
Uh, you gotta stay with me
그래왔던 듯이 lay it on me
눈처럼 어깨 위 you are my fantasy
Stay with me",86.997,0.258,0.664,-10.975,0.358
Play,ASH ISLAND,12FGJeMWeTVRjK31NIUIMQ,"누구나 그렇듯 너도 벽을 홀로 마주한 채
벽이 무너지길 바라며 서 있던 거 같애
누구나 그렇다고 마냥 기다리기만 할래
나라면 조금씩이라도 벽을 올라갈래
안 늦었어 왜 포기하려 그래
뭐가 그렇게 해 다 똑같애
나도 매일 별이 보이네 힘들어서
이젠 너도 저기 있네 계속 버티래
그러더라 그럼 결국에 끝은 보인 데",101.944,0.798,0.52,-5.498,0.168
Black Rose,ASH ISLAND,2EEp1hfwhP3yvPhZzFCZSw,"꼭 쥐고 싶었지 난
""나를 다치게 해도 괜찮아 I'll be fine""
지금은 타버리고 재밖에 안 남았지 그 말들
돌리고 싶어도 이미 지난 시간들
아직도 잠을 못 자
여전히 허전한 내 sofa
아름다웠었던 꽃 한 송이
아파도 놓진 말자
다신 하지 못할 여러 약속들까지
함께 타들어 가버렸네 우리의 불같이

여전히 내 옷장
한켠에는 너가
후회를 했어 사실 난
하루도 빠짐없이 모든 날
손 하나를 흔들지 못해서 못 한 goodbye
바보 같앴지 너를 보내면서 했었던 그 말
지금이라도 돌아와 준담 혹시
We'll be lovin' all night 'til the mornin'
잘 가 고맙단 말
말하지 못했어
넌 안 들리겠지만
I miss you",122.003,0.683,0.739,-9.303,0.495
Last Moments,ASH ISLAND,5vmhBfZnhfvAZb5hJIbKfa,"어제 누가 나에게 그러지 말라고 얘기해줬으면 좋았는데
화가 가득 나 있는 나의 말투는 무섭기만 해
난 여전히 알고 있어 사랑은 여전히 이곳에
애써 숨기려는 네 모습에서 우린 끝이라는 걸 말해
눈물이 나는 건 무엇 때문일까
멈추지 않는 연결음 때문인가
전화 그만할게 너 힘드니까
내가 미안해 감성적이라

눈을 찡그리는 너에게 다가가서 안겨도 될까
비도 내리고 있네, 네 기분을 말해주는 날씨
안개는 또 이렇게 네 얼굴을 가리는 걸까
깨지 않으려는 내 모습에서 이건 꿈이라는 걸 말해
아침에 눈을 뜬 내가 미웠어
아직 너 없는 내가 너무 괴로워서
넘어갔네 또 의미 없는 하루로",67.447,0.427,0.199,-13.826,0.0425
It’s Okay (Feat. ZICO),ASH ISLAND,1rIxqNylFsRslfo8lRcWJ6,"사람들은 말을 하지, 조금 어렵게
이러니 저러니 사랑은 다 덧없대
I don't mind, 너란 사람을 보고 있으니
괜히 사랑을 다 알 것 같은 거 있지 (Yeah)
이젠 바보가 된 거 같애
내 마음이랑 다르게 답해
얼음이 되지, 너 앞에선
완벽해, 아무리 생각해도
그러니 난, 너라는 사람에 비하면 초라하니까
상처가 될 거야, 도망가, 돌아보지 마
괜찮으니까 (Hey, hey)
너란 사람을 만나
뭐가 사랑인지 알았으니까
너와 있던 시간은 행복했어
진심이야, 난 그걸로 됐어

이 끔찍한 존재로부터
도망 나와, 널 지켜주렴
폭풍처럼 와닿았지만
그저 한때의 흔들림
색 바랜 그림, 소리 없는 울림
흔적쯤으로 남겨지면 만족해 (Ayy)
꿈속에서 멀찍이 바라볼게
삼켜 왔던 말이 턱밑까지 막 차올라
떠나가, 아니, 떠나가지 마
괜찮아, 사실 전부 거짓말
속일수록 탄로 나는 일
그게 사랑이잖아
우린 이미 늦어버렸나 봐
I can't hold on to you, ooh-ooh, ooh-ooh, ooh-ooh
이제 진짜 안녕",105.031,0.761,0.563,-8.805,0.433
Empty Head,ASH ISLAND,2mPR6yNoDn0IN8vqtz1Yrx,"3 A.M. in the morning, 아직 깨있네
독한 술이 흘러 몸에, 난 집에 있네
귀를 막아도 난 들려 지겹게 이젠
술 없인 안와 내일이, 비워 머린 깨져있네
다 그랬듯이 술이 맘을 채웠데
빌어먹을 소음 나는 술로 게워네
이게 약이 아니라면 I need a medicine
And I'm in my head again

내일 난 아마도 기억을 못 하겠지
그걸 알아도 못 하겠어, 날 막아줘, whoa
너라도 알아줘, 나아지질 않아
난 내려가도 넌 따라와줘 날",116.673,0.611,0.774,-12.338,0.895
WONDER,ASH ISLAND,3nW7zEVZamOeAYnWp5LqVh,"You are like a fire
네 눈빛이 잊혀지질 않아서
너와 난 도대체 우연이 뭐길래
왜 다른 사람들 같이 만나지를 못해
I'm just sayin bout love
나의 생각도 들어보지도 않은 채로 가지 넌
I will say no more
화가 나다가도 너의 눈으로 내 심장을 녹이지 넌
I don't know why 하필 우리는 왜
만났을까 그 많은 사람 속에서
You got me drivin' crazy
I don't fuckin' care, 일단 먼저 우리 집으로 갈래

우리 만남은 연기 같아
차가운 방향으로 가니까
Shall we walk outside (No, no girl)
거짓말 아까 너도 날 쳐다봤잖아
I don't wanna waste time
I copped a new car
태워줄게 원하면 내 손을 잡아
다 내게 맡겨 해가 뜨기 전까지
'Cause I don't wanna waste time
안 해도 돼 생각 damn
어차피 넌 내가 아니어도 괜찮다는 말은 왜
You got me drivin crazy
I don't fuckin' care, 일단 먼저 우리 집으로 갈래",155.008,0.985,0.449,-2.508,0.296
MIDNIGHT SKY,ASH ISLAND,2edpFQH2dVevhKbJyRQPLi,"일어나
버릇같이
너에게 온 연락을 봐
근처에 있는 것 같아
익숙해진 걸까 나
But the truth is you're not on this side
I miss you bad, you're on my mind
전화를 또 걸어본다
한 번 보러 가볼까

도착할 거 같아 아침까진
밤은 길고 여긴 마치
Lost in your galaxy (Ooh)
Way to see my destiny (Ooh, yeah)
It's true, I miss you every night
Every second, every time
전화가 걸려 온다
Maybe this time, I'll see your eyes",109.976,0.805,0.699,-5.535,0.232
"PUBLIC ENEMIES (Feat. OSUN, Iyaan, Jeffrey White, Raf Sandou)",Sik-K,6TUuxnabfrlNbFi0FJSz5G,"Uh, yeah, yeah
돈 채워, 마음 비워
긴장 풀어, 밑으로 기어
생각했던 거보다 쉽네
삼만 불러, 딜 하나 띄워
What you got, I got fever
Run that shit up, 내 뒤에 neo
Fake-ass, tryna hop on that Beamer
내 새끼들 빼고 안 줘
후려쳐봐 나머지
줘도 안 먹어, 네 집 개 줘
난 떡 하나 주면 안 잡아먹지
담배 피우던 시절은 버려
잘나가는 알라도
뱀새끼 걸렸다가 족쳐
바짓가랑이 찢길라 해도

Yeah, 소원을 빌었지 어릴 적
We smoking time like we always young
평생을 어릴 것처럼 굴었어
우린 집 앞 mart에서
사곤 했어 폴라포랑 빵
외상값은 give a toss to my mom
Vice City Tommy처럼
Reset해 처음처럼 나의 life, what
Steroid rage 올 거 같아
너의 face, 가려 늦기 전에 (Yeah)
나 좀 도와달라고 물었지
그에 대한 너의 대답은, mm-mm
내 야망을 cannot understand
일점오년 동안 dopamine detox
Yeah, I got no label on my table
털어 먼지, oh-oh

She tryna keep airplane mode, huh
Shawty still wanna play more, huh
Party gon' wild for the night
Dеstroy this thing up like a claymore, huh
Babe knows what's hеr asset
Why you see me with the same set?
Can't even see where's the stains at?
Already on the freakin' next thing
Next thing, next stage
We on a POV van then
Hold that sit up, living like vacay, still laid back
Tied up with a session cascade
왜 이렇게 다 작업을 할라 들어?
짜식들 작업을 할라 들어
제발 좀 그만 좀 달라붙어
못 놀 거면 그대로 나가주렴

(Squad) Huh, huh, yuh
Ice, I put OKA on my chain
Mister Buster 하나만 패
Bling, I kissed it, I do my dance, bass go bang like (Bang)
Ayy, 난 가져와 all of that purple baguettes
빵에 넌 들어가 like that baguette
I do what I want, 나는 절대 안 빼
내 fashion 아니야 from Korea, babe
Huh, huh, huh
Straight to Japan (Woah)
Yo, yuh, yo
I say back it again
Pullupboi gon' turn 찍었어 HENZ
Pullupboi gon' turn 찢었어 bass (Alright)
Okay, my fit lookin' too fresh
Huh, boy, check out my swag",156.436,0.612,0.623,-8.698,0.374
"PUBLIC ENEMY (Feat. Roh Yun Ha, Wuuslime)",Sik-K,0k4IMjv3mF9LlphfeG8ZjA,"Thank god, 나는 역시 너무 talented
Fuck your fan club, 내 fan들은 안 해 갈라치기
안 통해 땡깡, 아주 어려, 매 널 지켜봐도 너는 될까
말까 한 수준인데 또 얕은수를 생각
야생이라던 네 친구들은 돌고래인가 봐?
Trapper인 양 왼쪽 어깨에만 둘러멘 가방
Huh, 안에 들어있는 건 보조배터리잖아
십만 원밖에 안 들은 체크카드, 괜찮아 brother, uh, ah

Yo, 씬이 어쩌고 또 저쩌고
몸으로 흐름을 체감해 거꾸로
너희들이 쳐 놓은 벽 넘어 난 파쿠르
이 지랄 만들어 놓은 새끼들 데리고 와 내 앞으로
별 도움 안 돼 네 shout out
더 막 대해도 되겠어 함부로
나 더 이상 눈 안 깔아
네가 올려다봐야지, everybody type of us
(Oh) Still by my side, Wuuslime
꼬레아노 South side
허락 안 해 반말, huh (Yuh), uh
여기서 돈 버는 거 간단해
우리 하는 것들 반만 해봐 봐
That your prime time

#Backinstyle, I'ma gon' smoke you up
이거 아니야 shisha
이십사시간 잠은 뒤져서나
자고 내 시간은 비싸
I put my life on the line
살다 보니 가려 이 사람 저 사람
다 보여 얘는 bitch boy type
쟤는 pussy boy type 잘 가려 해서 가려해 식사
유재하 peace of mind
Bounce back 기적 같아, I feel blessed
신경 쓰지 말고 네 것 잘 팔아
무서워 늦바람 와리가리 too much
맞아 talk is cheap 그 입 닫아
밤바리, two-seat undercover
철없게 안 해 이런 자랑
정말로 난 신경도 안 써
이 바닥 I'm out of your sight, 이거 봐봐",150.018,0.968,0.576,-2.078,0.261
PLAYER (feat. Crush),Sik-K,0aKxRmN8Dv6KAWuYwLbKim,"왜 폰만 만져?
다 보여 고민하고 있는 거 이 바보야
나라면 뭐 하냐면서 뭐 한 번, 두 번, 세 번쯤은
두드리겠지 계속 또
무르익겠지, like 100도?
물음표는 어느새 zero
넌 이젠 알겠니 좀?

Um
밤은 너무 시끄러워
별의 별의 별의 말들이 돌아 네게 소문을 내러 와
의심은 해로워
I ain't playin' no more
너만 알고 싶은 게 있음
내게로 와
내가 위험해 보여? 다칠까 봐?
그래 한때는 막살았지만, 이젠 아냐
책임질 게 많은 것은 죄가 아냐",170.02,0.839,0.617,-5.192,0.846
LALALA (Snitch Club),Sik-K,4F8e1uEGDoefb784hyp6Et,"윗도리는 Margiela, Thug Club 절대 안 입어 (안 입어)
하남자로 만들어버리는 suck my dick, panty는 burn it up (Burn it up)
좆같은 기분 팔-이-오 (팔-이-오), 광복된 것처럼 흔들어
코 그만 훔쳐 약사들 앞에서 대답해, 이 병신이 뜸 들여
눈치 없는 새끼, 귀여운 새끼, 지겨운 새끼, 겁쟁이
Bitch 새끼, snitch 새끼, thug 인 척하는 영민이 새끼
없지 애미, 멋쟁이, 여자 패지 마치 지 애비
Authentic한 내 친구들과 이제 볼일 없겠지

Michael Jaejoon Kim with me, 우린 물어봐, who are you?
마지막이야 나가 뒤지기 싫으면 권지율도
No friends in this industry의 진짜 뜻을
너가 알 때쯤 날 찾아와 꿇겠지 무릎을

No, no, 맨입으로 안 돼
예의 바르게 suck my dick
GOAT호소인 새끼 결국 뒤졌잖아, don't fuck with Sik
알잖아 6MAFIA 난 끝까지 가, you already know
어차피 마지막에는 흥얼대고 있겠지
내가 you already know",92.488,0.924,0.629,-1.136,0.105
party (SHUT DOWN),Sik-K,1ihIXI2MVklmJdPvIUxExZ,"If I die tomorrow, 식장은 party로 바꿔
너무 울지마, 눈물까지 가지고 가면
조금 빨리 잊혀질걸 알어
하지만 tho I’m gone
난 음악 속에서 여전히 살어, hey
우리 엄마 아빤 싸우지도 않고
두 번 다시 사랑 앞에 까불지도 않고
나는 그냥 누워 쉴래 그 땐
즐길 수 있을거 같아
눈 감고서야 good day

멍청이들아 왜 울먹거려
Just grab another bottle
니네 아직 덜 먹어서그래
전 여친은 부르지마, 지옥갈거같아
날 더 미워할걸 아마
불효자가 되서 눈을 감아
이틀동안 내 앨범 순서대로 straight
계속 돌려줘, 계속 틀어, 더 크게
Yeah, 내가 누운 관 뚜껑을 덮을 땐
돈다발을 가득 채워줘, Goyard duffel bag에",97.013,0.799,0.829,-5.389,0.471
"M.I.A (feat. HAON, JMIN)",Sik-K,0kkWU02BFaQXlEkaxY2DPD,"정답이 뭐야? I'm wondering
정답이 있는 거야? 털려, 어이
그때부터 너도 내가 좋았는지
Mingle, 찰싹, sex
그 후에는 뭐 내 욕하든지?
내기해 분명 넌 나한테 아무 얘기해
Like 밥이나 먹자고 연락해
생각하고 있겠지 넌 나의 나체를
Woo, woo, woo

너의 전화, 놀러 오란 말에
빈손으로 가긴 뭐해서 사 온 Ferrero Rocher
너의 고맙다는 말은 번개 같았고
바로 본론으로 넘어가길 원해
이럴 거면 영화는 왜 틀어놓은 건데?
You got me speechless
네 테두리 안에 난 딱 맞아떨어지네
그녀는 너무 잘해 Tetris
돌리는 솜씨가 허리와 동기화 되어있지, 너와 나의 케미스트리
New memory 기록해 매일 밤
속으론 언제나 counting 3
최선을 다해 resisting
For you I can go M.I.A
Ok girl, you made me saying that
난 무시를 못 해 네가 가면을 벗어던질 땐
Is it alright? 너도 원한다는 걸 알아 babe",84.912,0.685,0.534,-6.082,0.445
DARLING,Sik-K,67Nn0OgNZ31s7iEx9UmpEO,"하나, 둘, 셋, 또 넷
Timing을 자꾸 뭘 세
오늘 밤이 아니어도 돼
네가 딴 사람과 밖이어도 돼
날이 아니잖아 오늘만
가만히 있을게, 그럼 중간은
가있을 테니까, see you then
아무 이유 없이 내가 미울 땐
Tell me why you sad
And tell me why you bad
I am with it I can fix it
더 친해지길 바래
너도 시간 되면 미리 말해

You know we made for each other
Gotta be worth it
The way you touch
하루 수백 번도 널 찾아
Truly I'm falling in love
한 번도 빠져본 적 없던 것처럼
Don't give a fuck what they say, 넌 내 집이니까
같이 있을 땐 want you to stay, 시간이 미우니까
사랑 노래만 하루 종일 듣고 싶으니까
So that's why I wanna call you my

Tho' you workin' 9 to 5
뾰루퉁해, 내 말투만
그런 거야, it's alright
Good night, babe
어딘가에 있을까
만약 있다면 지금 난
많아 하고 싶은 말
Tonight",96.06,0.686,0.71,-4.926,0.483
iffy (Prod. GroovyRoom),Sik-K,4q9JLlC3HIhN4CDC6KlpYK,"Hit my line, yeah
눈더미같이 쌓인 일들은 Himalaya
난 얼마나 더 많이 또 일을 해야
사람들은 잊지 않을까
내 이름 세 글자를 덕분에 우린
하루 두 번의 아침 해를 봐 늘
다 집어 쳐 오늘 밤 we party
난 다 미뤘어 오랜만에 we mobbin'
계획을 바꿀래 갑자기
Yeah, bottles' poppin'
내 새로운 노래가 rockin' on the speaker
사진 찍고 싶어
Yeah, just take a picture
Yeah, yeah, yeah, yeah
Feelin' all this liquor, drinkin' all this liquor
Yeah, yeah, yeah
Yeah, yeah, yeah, yeah
한 방울 방울 방울도 남기지 말고
오늘 밤을 밤을 밤을 넌 아끼지마
너가 데려온 친구들 전부 세워놓고
음악 볼륨을 키워 더
천장을 뚫어버릴 정도로

Poppin' tags for tonight, yeah
Meet up extra early, get it started, yeah
올 거면 미리 내게 말을 해
I don't recognize your friend's face
소개시켜줘 나랑 놀게
원하면 함께 chillin'
내 폰은 백 퍼센트 전화해 tonight
Yeah, I'm finna represent, we H1GHR 음악
오늘 파티엔 멋진 옷들로만
몸에 걸친 상태로 오면 돼
Take pics for instagram
Lookin' like them 절친 (Snap, snap)
Snap, snap, ooh, snap, snap, ooh
맘에 든 애를 뺀 (Ayy)
Snap, snap, ooh, snap, snap
나머진 태그 안 해도 돼
잊어봐 내일은 싹 다 뒤로 미뤄 내
싹 다 뒤로 미뤄 내 싹 다 뒤로 미뤄야 눈앞을 즐기지
오늘은 놀 거야 미친 듯이
하루만 허락해
We down for the night, ooh
Bass bumpin' right, ooh
I done lost count, ooh
We don't rap alike, nah
We don't flex alike, nah

Yeah, yeah, uh
내 옆엔 기분 좋은 사람 기분 좋은 vibes, yeah
난 요트를 타고 있어 기분 좋은 life, yeah
어디 어디 갈까 오늘 오늘밤, yeah
도착지는 space, see me in the stars, yeah
난 연락이 와 전화가 와
내 목소리 듣고 싶대, eh
내 party로 와 술자리 있다고
받은 수 많은 초대, ayy
But I'd rather be with you
우리 둘이 먹는 술
취하면 훨씬 느낌 좋아 좋아
음악 틀어 make the mood
Ayy, we take it H1GHR every day
큰 목걸이 하나 하는 거 보다는 19개
하나에 500만원이면
Yeah, 한번 계산해
500만원 x 19
That means I'm getting paid, yeah
Riding everyday, yeah
손을 모아 pray, yeah, yeah
나름 겸손해, yeah, 난 너무 감사해, yeah
민식아 준원아 빵 터질 필요 없어
꾸준히만 하면 돼
Yeah, let's get it",86.984,0.771,0.858,-4.934,0.589
BETTER,Sik-K,3VOQmwJWqFysoX5mig7sQb,"도미노같이 쓰러지겠어
피하라고 말해 머리에선
내 감정은 죽여 널 위해서
거울 속에 나랑 적이 됐어
상처를 주려고 했겠니?
내 전부를 주는데 baby
널 아끼기만 하는데
난 왜 망치기만 하는데 baby

난 또 폼이 안 나, 넌 귀찮아해
자꾸 간다 그래 뻑하면
이해가 안 가, 방금 전까지
좋았지 않아?
트집 잡아, 이제 척하면
나도 알아
이해한다 안 한다
이게 맞나, 안 맞나?",104.988,0.187,0.662,-9.003,0.233
TRAP (feat. Jimmy Paige),Sik-K,2BJzz3Zfl6pPXYksd7I01C,"내 상태 gotta call 911, 대신 whip a 911
뭘 또 하고 싶을지 알 리가 있나
내가 마흔이 되면
이 루틴에 중독이 된 지 오래인가
아직 마흔이 되려면 10년
인생은 한 번이 맞냐고 정말?
I think it’s a twice time
You should come and try mine
알 거 같아 아니 알아버리고 있는 거 같아
돈이 예술을
예술이 숫자랑 있는 거 같아
Illuminati에서 나한테 곧 연락해
“자리 비는 거 같아”
라고 할 거 같아
망상 it’s a trap
상상 it’s a trap
실현시킬 수 있는지 제발 말해줘 다음번에
Brother 허세 it’s a trap
너의 어제 it’s a trap
실수했다면 네 가면 제발 벗어줘
Don’t blame on 네 여자친구
너가 지켜야지 너의 명분
이라면 난 너랑 친구 못 해 먹어
'Cause 내 친구들은 다 달고 다니지 pepper
넌 친구들이랑 체념하고 말해야 알지
랩퍼인지도
네 인지도

This rap shit, it’s a trap
My rhyme scheme, it’s on crack
My lines be hittin' so hard
They geekin' out loud, it’s ear cocaine
보낼 때 얘네 이름 없게 해
짭새들은 됐거든 올빼미
If the gas turn into a case, then
I'ma blow it up like fuckin' propane
나는 너의 눈물이 매주 묵주를 적시는 걸 알아
기대 말아 don’t pray
I’m too stonеd like a body from Pompeii
따버렸어 환갑 지난 Dom Peri
Tryna play that gamе then better be on table
모두 한 번쯤은 받아 똥패, 손 떼
Don’t place no bet, all them
선택 in your hands
Patek, it’s the best
Hi-Tech in a stack
걔 하체 them shits on clap
Nah, she all natural that don‘t train
All these dollar signs and ’em guala’s mine
Never let them be on my tail
In the trap, we all trapped
아냐 서로 미워할 때가",116.991,0.839,0.791,-2.887,0.349
Trouble Child (Full Ver.) (Full Version),SUPERBEE,4hru8jF2LrRpPaLri7fOAz,"Ay, ay
나도 한때는 고등래퍼였지, 공부와는 멀었어 거리, ay
그땐 도서관에서 비트박슬 연습하다 쫓겨났었지, damn
잠꼬대도 나는 랩으로 해, 자고 일어나면 앨범이 돼
난 마이크가 없어서 PC방 가서
헤드셋에 내 노래를 녹음했어, 친구들 날 놀려댔어
교장선생님 훈화말씀때도 못참고 랩을 뱉어댔어
모두 날 꼴통이랬어, but 현재 난 rich as fuck
일진들 내가 혼냈어, gangster rap을 통해서, yeah, yeah

나는 네 여자를 뺏어, 그것도 네 집 앞에서
너 그렇게 살다간 큰일 날 거라고 말했어 어른들께서
지랄하네, suck my dick (dick)
Now I'm gettin fuckin rich (rich)
I got diamonds on my wrist (bling)
여자들은 말하지, ""멋있어 Uneducated Kid!""
학교를 안 가도 취직을 했어 (hey)
공부 대신에 잔머리를 썼어 (hey)
결국에 내가 너보다 돈 벌어
결국에 내가 세상을 다 바꿔
Uneducated, SUPERBEE
우리는 새로운 서태지
Uneducated, SUPERBEE
래퍼들 우리를 겁내지

내 Flow는 Tsunami
Yng & Rich we got it check, check, check
Trap부터 Ratchet 또 Backpack
병신들 get back, I get 100 hunnid
매입해 강남에 건물 100채
랩에서는 심하게 내 돈을 자랑하고 좋은 일에 써버리네
내가 미래, 미래, 미래, 나는 니네 머리 위에
난 영리해서 영리해
실행하고 진행, 니네가 어찌 천재를 이해
더 떠버려 Air balloon보다 높히, uh
Gucci 옷이 내 outfit, 현찰을 pop it, pop pa-ra pop it
날 소개하지, 난 니 여친 전 남친, uh
은행원이 날 보고 떠네, 돈을 다 인출해 버렸더니
빵원도 안 남아 여기 ATM, 동네 주민들이 나를 욕해
""아니 수퍼비 이 시발 새끼가 돈을 다 뽑아갔다니깐""

I don’t study anymore, feelin like I'm animal
차에 타, 여자애들 다 여섯 명 데리고
Live fast die slow, 내 인생 내 맘대로
살 거니까 꼰대 새끼들은 전부 꺼지고
나는 돈 벌어 무인도에서도
난 필요하면 사람 먹어 식인종
돈만 보면 침을 흘려 코모도
도마뱀인 줄 알았대 나보고, yeah
Fuck my school and fuck my teachers too
니네가 쓸데없는 지식 공부할 때 우린 몸으로 느끼는 중
시간은 금 (시간은 금)
우린 결국 (우린 결국)
시간을 조금이나마 아껴보려
상대성 이론 연구하는 중 (Einstein)",97.691,0.322,0.605,-13.261,0.597
Uck (Prod. by CHANGMO),SUPERBEE,7x7SVFDFIjZj4QBrC3VgiA,"Yeah, 내 손목엔 오데마 시계, 약속 안 늦어 다신
사랑보다도 돈이 절실했던 거야, 그때 나 실은
나 이제 벌었어 사임, 잘할 자신 있어 다시 널 본다면
다 이뤘지만 허전함은, yeah, ay, yeah
근데 이젠 너를 못 부를듯하네, babe
기념일 대신에 돈을 세 이젠, 영혼 버린 듯 일만을 매일 해
무료로 들어가 많은 클럽, 눈이 커다래져 나를 봄
잘생겼다며 거짓말해, 너도 그 말은 한 번도 안 했는데
그래서 난 그런 말 안 믿어, 그대가 안 했으니까
그렇담 그런 거지 뭐, 그리 나 너를 못 지워
500 넘어 내 목걸이는, 월에 못 벌어두 천이구
허나 내 머릿속 서리는 한 그림은 3평 월세 안 껴안은 둘

(Ay, bee!), ouu, yeah, i'm addicted to the cash, ouu
Yeah, i'm addicted to the cash, ouu
연애는 uneducated, 버는 건 천재, 미안해 baby, ouu
매드홀릭, 아레나, 버닝선, 페이스
매드홀릭, 아레나, 버닝선, 페이스
불토에 pull up, pull up 해도 너 같은 앤 no one, 돌아와 baby, ouu
Gucci bag, Louis bag, Fendi bag, Chanel bag, Birkin bag
다 줄게, i'm moneybagg
멋진 벼락부자 얘도 너가 없어 그지 같애 꼴
매일 밤 돈을 세다 잠에 들지만 꿈에 너가 나타나 잠 깨, uh
눈물이 흘러 매일, yeah, 마치 내 목에 icey (ice)
드디어 내 벌이는 억이야, 우리 매일 가던 롯데리아
단품 말고 살 수 있어 세트 100개
근데 너가 없이 무슨 소용이야, ya, ya, ya
(무슨 소용이야, uh, huck, uh, uh, uh, uh, 억)",0,0.251,0,6.106,0
"U (feat. Oxynova, Royal 44)",SUPERBEE,162GeV7HFg7uWs3TK29VYo,"내 앨범 제목이 love 그리고 rap and life
된 건 because of you 우주를 도는 satellite
처럼 I tripped 질리지도 않아 day and night
Think of her, 매일 나 아직까지도 damn, why?
그냥 나 혼자 살래 I don't love, that's fucked
차라리 쿨했어 돈만 밝혔던 내가
친구 몇도 I kicked them
클럽 꽁테이블 혹은 대출 they wishin’

Uh 누가 묻네, 무슨 기분이야 돈 있음
궁금해서 [?] 피워볼까 걍 고민중
갑자기 그게 무슨 말이냐 해
최고의 답변이었는데 they’re missin'
Oxy는 현실이랑 멀수록 가진 꿈이 의미가 있대
이제 그 꿈 난 없지만 좋았던 기억은 언제나
Yeah, the one for me is just always gon’ be you

하루 종일 너 생각만 돼, 이건 병이야
돌고 돌고 돌고 돌아 결국 또 제자리야
어딜 가든 대접받잖아 이제 이게 내 자리야
근데 만약 너가 딴 남자 곁에? 그럼 씨발년이야
널 처음 보자마자 네게 fallin'
When I'm with you, I don't need molly
Baby, I'm just get that money
안 되면 전부 내 탓 해
사랑을 안 믿어 그게 나의 complex
너가 먼저 열어주면 나도 열어줄게",132.945,0.841,0.572,-5.571,0.595
Mirror (feat. JUSTHIS),SUPERBEE,3dm7z08f9vgO4bN3kjCoXJ,"대마초는 안 피지만
피웠으면 내가 제일 비싼 걸 피지 (비싼 걸 피지)
Only I fuck with foreign jewelers
내가 찬 얼음은 fiji (얼음은 fiji)
구린 걸 구리다 말했더니
왕따가 된 느낌이 (왕따 된 느낌이)
기분이 드럽다가도
또 위로를 해줘 내 수입이, 들켜 니 시기
VVS, VVS, diamonds
손목을 감어 honeycomb flower
They gon panic me shine harder
새끼들 모두 다 bitch 음악하고
이쯤에 rapper는 몇이나 남어
I don’t know why I don’t get it
I don’t know why
I don’t know why they keep bitchin’
짜식들 돌려 까는게 재미인데, ah man
이젠 그것도 너무 시시
Goyard buckle을 차곤 LV 매장을 통째로 사
One damn minute (Let’s get it)
심지어 그림자도 못 밟아
내가 있는 곳에 오지못해 니넨 (Bitch)
돈 얘기 없는 가사도 내 기준엔
Hip-hop 아니지, y’all lamest lames
수술대 의사보다 내 이성은 날카로워
On cartier frameless glass, huh
니꺼는 Stainless steel (Steel)
우리집 부엌에 Lock&Lock 냄비처럼 (Ha-ha-ha-ha)
근데 그걸 넌 목에 거니
언니들이 싫어해 y’all ain’t shit (You ain’t shit)
Ooh, Ice on me real
그게 홍대랑 내가 악수를 할 수 없는 일
난 야마를 지키지, 그거 외로워
때론 홀로 game을 지키는 꼬락서니니, ya heard

난 걸쳐 Raf Simons archive
얘네 입어 여자한테나 잘 보이려고
근데 깔 상도 박살
그걸 어케 타 가기는 하냐, huh
수위조절 줘 강아지한테
개 돼지들이 맛 봐, 날 씹고 뜯고 즐기지
But I'm cool with that meme shit
누군 억 목에 감아도 아무도 관심 하나 안 줘
돈 써 푸는데 알바도
간장에 절인 암게 배딱지 갈라서
알에다가 밥 비벼먹는 삼시세끼인
내가 할 소린 배부른 소리 like 트림 (트림)
다들 돈을 위해 죽을 듯 살지만
돈을 위해 죽을 수 있냐고 물으면 아무도
쥐 죽은 듯이 조용해지는 서울특별city
근데 잘 먹고 잘 사는 snitches
그래서 외로운 내가 더 행복
Oh, your whip foreign? my chick foreign
그냥 무지티가 아냐, bitch it's Rick Owens
강 윗 쪽 놈 보러 언니들이 강 밑 쪽서 skirt skirt, whoa
구멍동서라니 아우야, I'm never sour
I'm just smokin' somethin' much louder
난 뱉어 걸고 내 아들과 딸들
물론 방금 걔넨 뱉었지, 얘가 삼킬려다 말구
엄마 걱정 마, it's all lie
친구들한텐 장난까냐, no lie
년들한텐 가서 알려 다른 년들한테
민국이 민순이들한테는
이런 나라도 어차피 사랑해줄 거잖아
네 거울이라, whoa

I’m on a whole another level (Level)
Y&R gang 니 두배로 do better, yeah (Gang)
Yellow Versace robe를 걸치지
난 Tutankhamen king
No.1 내 numero
생각해보면 이 game은 나를
더 negative하게 만들어 이 시발
내 모든 의도가 뻔한 돈 얘기로 바뀔 땐
떠나고 싶었었지 난
Listener들에 큰 실망
고인돌적인 사고력과 감정에 휩싸여
마치 타짜 영화를 보고
김윤석을 길에서 본다면 손가락질 할
연약한 발라드 타입의 bitch
자칭 hip-hop fan, yo none of that shit
넌 이 문화의 암 병폐 sick
What da suck is y’all saying, 떠나길 이 scean
Goddamn, goddamn, goddamn (Goddamn)
나 1TYM 전성기처럼 뜨거 hotdamn (Hotdamn)
내가 rap을 할땐 만지지 말어 다 데여
가격 묻지마 my wrist (No, no)
닌 못 사, 하던대로 지르콘이나 박어
핏이 나 넌 그게 딱 damn (Lol)
Fuck them, 내 모조품들이 경례도 안해줘
난 서운한 상태야 (Ha-ha ha)",127.03,0.916,0.517,-3.831,0.471
Summer!,SUPERBEE,3HiAtpwg9qkgiPHJSdnHHF,"피서지로 가자 Skrrrr 써
Prada Bucket 날씨가 너무 더운데
이런 날은 저
시원한 바다에 퐁 하고
빠지고 파 너랑 동해에
Baby I can make your dreams come true
파노라마 선루프를 열어 이뻐 구름이
모닥불을 피워 Like cast away
옆에 있어 매일 바비큐 파티에 맥주
모든 Stress는 Dead
널 백수로 만들어 버릴래 Babe
Got you all iced out 코끼리만 한 웨딩링
너랑 살 저택을 매입해
선물로 줄 수도 New porsche ah ah

오늘이 월요일이면
사표 쓰고 그냥 Follow me
차를 타고 떠나버리자 이 복잡한 도시를
걱정 마 Baby you know
That I'm yng&rich yeah
모히또에 가서 몰디브를 그냥 Sip 해
말하기만 해봐 Baby 난 너의 지니
모두 가질 수 있어 이 카드는 No limit
머리부터 발끝까지 전부다 Louis V
이젠 더 이상 안 맞춰도 돼
그 새끼들 비위 Yeah
파도 소리에 눈을 뜨면
내가 해물 라면을 끓여줄게
옆에 타기만 해 나 너네 집 앞이야
저 바다가 우릴 기다리니

Uh baby 거짓말이 아냐
난 너랑 가고 싶어 Paradise
나 이제 지쳤어 For one night
돈 걱정은 하지 마 My money's right
내 차는 2인석 다른 여자는 못 앉혀
I just need real love
해변으로 달려 내 차는 뚜껑이 열려
24살인데 이런 놈이 어딨어?
Baby I'm so fly 아아 안 해도 돼 멋진 척
시속 200으로 밟어 I'm a speed racer
Oh 오늘 밤에 우린 찾을 거야 보물섬 Yeah

우린 여길 벗어나
아무도 없는 곳으로 빨리 떠나자
난 꿈을 그려 너와
Okay 이미 준비됐어 난
You can ride with me
Okay baby Lets chill
Don't care about nothing
누가 뭐라 말하던지
Don't kill my vibe
I can feel so great
You can rock with us
Let's meet up
이젠 놀러다녀 매일 (Let's go)",85.005,0.453,0.717,-9.394,0.483
Do You Love Me?,SUPERBEE,3F2uFzI9QZvu32jpV499EM,"I don't know why you here
네가 원하는 건 내가 아닌 크리스챤 디올
다른 여자 만나는 건 내게 너무나 쉬워
근데 굳이 널 만나고 있는 내가 넘 미워
돈만 쫓다보니까 어느새 내 맘은 텅 비어
주변을 돌아보니깐 아무도 없어 나는 외로워
그래서 지붕을 연 다음
엑셀을 밟어 마치 Top gear
거지 새끼들이랑 어울릴 수 없어
Yeah I'm top tear
넌 연기를 참 잘해 Better than 안젤리나 졸리
내 눈엔 전부 보이지만 알면서 속아줬지
이유는 오로지 내 맘을 채우기 위해서
I felt so empty
아마도 우리는 다를 바 없어
I'll forgive you you'll forgive me

난 발망 선글라스를 끼고 울며 걸어 밤거릴
눈물이 흘러 나이아 가라 폭포
넌 날 사랑하는 척 하곤 떠나
알고보니 데뷔를 앞둔 배우였어 기획사 소속
대체 왜 그랬니 알고보니 걔네 집
연기 수업 받기에는 가난했던 Ghetto 집
나 처음으로 돈이 밉다고
생각했었지 (미쳤었지)
저주받았다 생각했어 나의 고통
넌 모를걸 My pain
지금 나를 봐 그냥 폐인
난 원해 Love 넌 원해 Blow up
못 이뤄질 수 밖에
이 이야기는 실화야 지금도 안 믿기지만
그래서 마음 아파
잘 살아",126.603,0.814,0.751,-2.417,0.441
I’m Gone,SUPERBEE,1AN7BllhO1nMLYfMzXTszi,"Yeah, spit my soul
Hip-hop이 똥값이어도 keep myself (Hoo)
성공은 년, 난 배다른 친남매 (Let’s get it)
실패는 놈, 그 새낀 이제 안 친한 애야 (Bitch)
Insta 성형미인 wanna be my bae (What?)
흙바닥에서 온 놈 이제는 빛나 매일 rockin Dior
When I walk in the city Seoul
Damn I feel like I'm mayor
괜찮은 새끼래네, 자랑이 심한 걸 빼면 (빼면)
근데 그걸 빼면 내가 아니지 (Huh)
여기서 화폐는 예술, 전부 바라지 (Damn right)
지어낸 가짜 사랑 노래보단
사임당 냄새나는 내 음악이 전해 진짜 사실을 (Fact)
우린 사실 돈을 벌고 싶어서 공부를 했지 (Shit)
그걸 고대로 믿은 친구는 병신이 됐지
우릴 가르친 것들이 다 공무원이니 (Shit)
다 공무원 돼, 여기 코미딘
Too many people jealous of me
Rapper 같은 것들이 없어 난 rapper지 (Rapper지)
Homo couple 마냥
모두 같은 fake jewelrys, fake drippin
난 그걸 거지 hip-hop이라 부르고
It ain't funny, uh (Ain’t funny)
그걸 만들어 놓은 새끼들이 잡혀가야
이 문화가 소중해지겠지만, uh
실은 내가 이런 말을 해도
아무도 관심이 없고 나만 깨지겠지만, uh
I'm fucking real tryna test me
근데 fake이 너무 많아서 fake이 real
난 Verbal Jint 2020 version
가짜들 모여 진짜가 돼
진짜인 내 편인 listener도 없지, I'm done

10만원짜리 mic로 시작했지만 이젠
10분에 1000만원도 써 버려 진짜 (진짜)
Prada를 신고 걸어 난 이제 더러운 부자야 (I’m rich)
학교는 비록 끝까지 못 끝냈지만, ay
인마, 나 서울대를 갔어도 이 만큼은 못 벌었을 거라고
Rap이 한 놈 구했지, 은혜를 입어 갱생
이 날을 너무 오래 기다렸네, erry damn dayz
지하에서 came back came back
너넨 몰라 얼마나 어려운지, 서러운지
또 더러운지를 여기 이 game이 (이 game이)
샴페인을 따야겠어 통장에
100이 없을 때가 기억이 나서
기분이 fucked up이네 (Feel shit)
신은 용서하시길, 이 자리에 오려
어쩔 수없이 lame들의 등을 밟았네
Amen, 난 한국의 Wayne돼
내 안엔 돈과 rap skill, 유명세가 모여 서로 갱뱅
나하고 돈은 늘 언제나 밀접하게 있지
마치 주유소와 화장실의 관계처럼, ay
다만 그것보다 중요한 건 내가 최고라는 거지
I’m the goat motherfucker, you nah mean (Aight?)
Rap Legend 2's bumpin the city pumf
Fake들은 die, 지진 나 엎질러지지 goin' quake (Quake)
Rollie가 오른쪽엔 왼편엔 AP
Yeah, that's why I'm goin' straight
Rap legend, 불을 뿜어대, dragon
귀신의 귀도 뺏어
난 rap을 위해 태어났어, tell 'em
이 flow는 미래서 왔지
근데 하나 문제는 과거로 불시착을 했단거지
한국 hip-hop, I’m done",95.596,0.205,0.515,-13.385,0.314
KILL,UNEDUCATED KID,1TlxJTl12nTgCI0HxwRUpo,"내 여자는 빨어 케타민, 내 여자는 빨어 ecstasy
[?]친년 난 그냥 가지고 놀다가 버리지, I cannot trust this bitch
나랑 내 친구들 ready to drill, 나랑 내 친구들 ready to kill
새꺄 난 필요하다면 널 죽이고 감방에 갈 거야, I keep it real
I keep it trill, 변하지 않아
I let you feel, 하늘을 날아
널 천국에 보내줄게 손을 잡아
I count my bills, 지문이 닳아
They think I'm weird, 신경 쓰지 않아
왜냐면 내가 너보다 돈 많아",127.068,0.907,0.55,-3.744,0.512
Amazing (feat. Jvcki Wai & Paul Blanco),UNEDUCATED KID,1Ok6W0xYKDTm5VzCcGs7Ff,"Bitch, I'm on that gang shit
Bitch, I'm still finessin'
나는 너네랑 안 놀지, 왜냐면 니넨 그지
They don't know my pain, 한번 와봐 내 동네, yah
I need all the light, 지금 Blanco 내 옆에, yah
난 교회는 잘 안가, 돈 버느라 바빠
하지만 I feel like god bless on me
내 돈을 빨리 갚아, 내 성격 너무 나빠
Now I got hunnit thousand cash on me
네 여자는 날 빨구 형님들은 눈을 깔구, yah
나는 약을 팔구 그 돈으로 옷을 사구, yah
Bitch, I'm still shinin, bitch, I'm still glory
Bitch, I'm still grindin, bitch, I'm still ballin

친구들과 놀아, 지금 존나게 높아
옆에 잘생긴 오빠 입에 지폐를 꽂아
사실 아직 나 부족해, 여기 한대 더 말아
하얀색, 초록색 전부 다 가루로 갈아
좆같은 얼굴들 재끼고, 나는 내 것만 챙기고
트렌디한 flow도 챙기고, 전부 쓰러뜨려 도미노
전부 쓰러뜨려 도미노, 전부 쓰러뜨려 도미노
난 비트코인 시세처럼 쓰러졌다 더 위로
Boy I'm not gonna die tonight
I'm gon make you bitch suicide",133.207,0.483,0.508,-6.883,0.523
I’m Back,UNEDUCATED KID,4CModgKbnce8Gi8FVQlNmS,"I'm back, lil bitch
집을 떠나온 지 2년 만에 got rich
Rolex를 차고 있고 외제차를 몰고 있어
듣도 보도 못해봤던 거지새끼
I came from nothin' you can't tell me shit
어린 놈이 산전수전 겪었지
너네들은 감당할 수 없겠지
That's why I got diamonds on teeth on my wrist
금의환향, 동네방네 소리 지르고 다녀, 고성방가
백정으로 태어나서 돼버려 fuckin' 양반
저주받은 사주팔자, 씨발, 내가 바꿔
솔직히 걍 내가 해야 돼 문화부 장관
왜냐하면 내가 한국 힙합 문화 바깠으
내 음악은 계속해서 팔려, 마치 박카스
I ain't got no time for rest for vacance
남자가 되어야만 했어
셀 수 없을 만큼 돈을 벌기 위해선
난 원하는 건 가져, 안되면 그냥 뺏어
Uneducated Kid I'm a youngest finesser
계산기가 돌아가 내 머릿속에선
뭐가 이득이고 손해인지 고민해 계속
순수했던 김성우는 물들어 세속
순수했던 김성우는 물들어 세속",140.031,0.773,0.898,-5.588,0.6
So What (Feat. Beenzino),UNEDUCATED KID,3q738cBTApcG0vo5G1OTZC,"난 바지를 내리고 다녀 골반에
그래서 어쩌라고
명품에다가만 몇억을 썼네
그래서 어쩌라고
With my gang, we party all day
그래서 어쩌라고
어제 네 여자랑 갔었지 모텔
좋더라고
바람 좀 쐬려고 나갔어 홍대
래퍼들 숨더라고
손목엔 iced out 롤렉스 시계
어쩐지 춥더라고
엄마는 나 때문에 슬퍼했는데
이제는 웃더라고
성공은 어려워 보였었는데
해보니 쉽더라고
돈맛을 봐도 난 절대 안 변해
너넨 바뀌었더라고
난 가사에 진실만을 담았는데
너는 뻥 쳤더라고
여자를 불렀어 남친 있는데
버리고 오더라고
그녀는 말했어 오빠 넘 변태
그래서 어쩌라고
No, no, no, no, no, no
I don't care about you
난 남의 눈치 보지 않아
모든 게 내 자유
Middle fingers up, up, up, up
세상이 뭐래도 I go, go, go, go

신세계 갔는데 남는 게 없네
언에듀가 샀더라고
라플에 당첨된 애들도 없네
나도 안되더라고
BANA는 왜 자꾸 앨범을 안내?
말해 너 잘 되라고
코펜하겐에서 코피를 냈네
빵만 처먹느라고
요새 난 개밥에 더 신경 쓰네
강형욱도 아니고
삼시 세끼 나는 래퍼를 먹네
근데 맛없더라고
타협을 안 하고 농협을 갔네
부가 쌓였더라고
부가티 몇 대는 살 돈을 갖고 다니네
일부러 거지꼴 하고
스테피랑 라스베이거스 갔어
어쩌라고
딜러는 날 중국 부자로 봤어
어쩌라고
Motherfucker 나는 한국서 Nas
Motherfucker 나는 일등석에서
윷놀이하면서 왔어
What the fuck
돈 주라고 돈 주라고
합장 좀 그만해
알고 보면 힙스터들이
제일 돈을 안 내
이 골목에 저 골목에
시간 낭비 말고
버스에 태워 버스에 girl
쇼미는 정거장에 없어",123.895,0.827,0.777,-4.575,0.861
Now (feat. Okasian),UNEDUCATED KID,3Uh1D6HHmpu9iIGKG1iZsT,"네 눈엔 내가 바보처럼 보이나 본데
난 안 움직여 입금 전엔
지금 내가 바보처럼 보이나 본데
I don't post shit 입국 전엔
돈 필요해 지금 지금 말고 바로 지금
내 눈엔 상금뿐이니 좆까 네 기분
네 농담엔 하품만 해, 나 진지해 지금
난 그저 집중에 집중

Ah, runnin' up a check, 나는 돈이 필요해
왜냐하면 명품관에 가서 쇼핑 해야돼
Gucci, Chanel, Moncler, 전부 담아 shopping bag
아줌마들은 나를 보고 기절 초풍해
Bitch, I’m up next, feelin' so blessed
힘든 날은 갔고 좋은 날만 남았네
I don’t need no fame, I just want some cash
나는 지금 당장 아님 음악 안 할래, yah

지금 이어야만 하는 건
지금 이어야만 해 타던가 꺼져
숨이 차, 돈 세느라 숨차
이젠 갚을 돈 아니라 번 돈을 세다 자고 나면
아침이 오고 난 당연히 한 바퀴
그 한 바퀴 끝나기 전 이미 난 다음 바퀴
배가 터지더라도 안 끝나 우리 끼니
If you with it then I’m with it
뭘 물어봐, 우리 끼리

나는 부자 아님 부자 아님 부자
돈 때문에 힘들었으니까 우리 웃자
숨자 내가 부자 되는 날에
우리 같이 문 잠그고 숨자
나는 돈에 환장, 나는 돈에 환장
시간은 날 기다리지 않아 항상
난 외제차를 원해, 씨발, 지금 당장",140.025,0.952,0.533,-3.471,0.517
SUCCESS,UNEDUCATED KID,3RJiyAM2XQCrNE4BBYO1jL,"[?]까 학교 선생님 내 연봉은 억대
난 행동했어 반대로 이거 완전 nonsense
유쾌, 상쾌, 통쾌 말해 기분이 어때?
난 쌓아 올려 지폐를 니 키보다 더 높게
난 믿을 수 없어 여자를 우리 엄마 빼고
난 [?]약에 취해있어, R.I.P Fredo
일억 원어치 Chrome Hearts 있어 in my closet
난 돈을 혹시 몰라 묻어놨어 마늘 밭에
넌 여자 뒤꽁무니나 쫓아
난 그냥 돈이나 벌게
넌 여자 뒤꽁무니나 쫓아
난 그냥 돈이나 벌게
Woah! Let's go",129.132,0.119,0.485,-16.643,0.1
God Bless (Feat. Paul Blanco & Jay Park),UNEDUCATED KID,7fkaOjdjqt5pPjOq4yOwjw,"착하게만 살 수는 없잖아
너도 누군가 되고 싶잖아
내일 눈 뜰지 누가 알어
거리에서 성공을 찾잖아
내 친구들 아직 저기 있잖아
우린 그렇게 배웠잖아
새꺄, I'm ballin' out the gym
난 여기 있을 놈이 아니었지
My bro still out here servin' fiends
We really came up from nada
So the whole block is proud of me
엄마 가방 값은 4000달러 God Bless
착하게만 살 수 없던 나를 God Blessed
성경 책을 뜯어 말아 피던 난데
심판의 날 이 거리 놈은 외쳐

I be like God Bless, 두 손을 모아 기도해
내가 힘들 땐 지폐가 나를 위로해
세상이 나를 시험해, 하지만 나는 이겨내
Like ooh, let's go on a rendezvous, po' it up drink in the stu
내 homie 걸렸지만 지금 완치됐어, God Bless
항상 기도해줘, 가끔 밤을 샜어, God Bless
God Bless, 솔직하게 honest
바라는 거 없어, this from AOMG's finest
주어진 이 기회로 let's take it H1GHR baby
Featuring을 할 거라면 let's make it fire baby
Baby, chart 봐봐, wavy
AOMG, H1GHR, Yng & Rich shit is crazy
셋이 다시 뭉쳤어, yeah, God Bless
Blanco boy I hope you good, yeah, God Bless
성우 건강해야돼 yeah, God Bless

교회는 잘 못 가지만 느껴 God Bless
나는 절대 잊지 못해, when I was nothing
사람들은 나를 무시하곤 했었지
하지만 이젠 모든 게 달라졌어",139.987,0.681,0.632,-6.067,0.534
Rockstar!,UNEDUCATED KID,1PeKLnL37LkQW8yt8aCFVn,"난 너네들을 바꿔놨어, 이건 big facts
내 손목위엔 4천만 원짜리 시계
널브러져 있는 rapper들의 시체
난 그 위에다 뿌려버려 fuckin' 지폐
만약 내가 rap을 안 했다면
길거리서 약 팔고 있어, 이건 너무 당연
UNEDUCATED KID, 나는 선택받은 소년
난 하늘에서 내려왔어, 너가 알았으면
Bitch I'm a rockstar
수백수천수만개의 눈이 나를 따라와
밖에도 못 나가 나는 꿈을 살아
네 여자친구 지금 내 밑에서 내꺼 빨아

오랜만이지만 오랜만이 아닌 기분
넌 죽었다가 깨어나도 모를 걸 내 기분
천만 원 그게 바로 나의 시급
Skrt, skrt, skrt, 활짝 열려 나의 지붕
난 game을 싹 바꿀 생각이야
니네가 좋아하는 style 아니라면 미안
하지만 이 game의 운명은 나의 손안에
내가 어떻게 하냐에 따라서 바뀔 것 같에
That's a fact, that's a fact
내 영향력은 너도 이미 알잖아, okay
가짜 래퍼들은 get the fuck out of my face
무슨 일이 생겨도 I'm doin my thang",144.072,0.91,0.616,-3.004,0.693
Good Girl Gone Bad (feat. Leellamarz),UNEDUCATED KID,4cDJ0cLKrRUbVcWyuujkm8,"난 재개발 구역에서 왔어, 도대체 말하냐 몇 번째
가난은 죄가 아니지만 죽을 때 가난한 것은 죄
이 새끼야 그러게 나한테 잘 좀 했어야지 평소에
왜 자꾸 돈을 빌려달래, 내 잘못이냐 너가 거지인 게
너가 20년 동안 고생해 갖고 키운 딸
나는 20초 만에 별 노력도 안 하고 데려가
나쁜 것들만 골라서 가르쳐, 애 버릇 다 베려놔
착하고 순수한 그녀를 만들어버렸어 ***
어제 백인과 잤는데 다리가 길어 안 되더라 ***
그저껜 흑인과 잤는데 확실히 다르긴 하더라 스킬이
일본인 중국인 영국인 독일인 터키인 체코인 프랑스인
한 명은 남미서 왔다고 했는데 나라가 기억이 안 나네 정확히

그녀는 착했던 나를 만들었지 나쁜년
그래서 나도 만들었지 착했던 그녀들을 다 나쁜년
생각보다 나쁘지 않을지도 몰라, 우리 다 나쁘면
바람 같이 왔다 간 여자들을 사랑했지, 난 그녀들의 바램이었어서
Poppin it, poppin it, poppin it, poppin it
Pop! Pop! poppin it, 난 거의 팝핀현준
모두가 떠넘기는 남친, material shit, 떠밀려 도착해 *나 큰 booty
그래 하나였었지, 내가 바랬던 건 찾길 바랬어 이쁘고 착한 부인
태우고 채워 냉장고 money 잔고를 보니 또 사라졌네 억이
얼마나 벌어야지 남아 있는 건지 돈이
모르겠어 아직 못 봤지 남은 꼴을
다 빨아야 직성이 풀리는 내 모습을 보며 그년 말해
내 몸 내 돈 내 전부를 원해
욕심만큼이나 과했던 그녀의 몸매
다신 아는 척하지 않기로 해
Rule no.1
And you know",87.342,0.651,0.616,-6.316,0.478
BMW (Feat. Northfacegawd),UNEDUCATED KID,2d7Yhby4jJGPXrMAf2tH0g,"R.I.P. Pablo Escobar, I get the money no matter what
먹어도 먹어도 배가 고파, 내 몸에 치장된 보석 좀 봐
나는 네 동네에 나타나, 지붕 없는 BMW와
빨리 내 돈을 갚아라, 200%의 이자율과
난 무대 위에서 넘 화끈해, 침대 위에서는 어떨까?
후진은 없어, 내 인생에, 그냥 난 박아버려, 범퍼카
Ha, ha, ha, ha, ha, ha, ha, ha, 난 은행에서 웃어 현금과
La, la, la, la, la, la, la, la, 막 노래를 불러, 내 bank account
Make it rain, 돈 비가 내려, 그래서 난 BMW 우산을 써
Switchin' lane, 차선을 바꿔, 하지만 난 노선은 안 바꿔
Vroom, vroom, skrt, skrt, 내 차는 빌어먹을 경찰차보다 더 빨러
Catch me if you can, 지금 내 기분은 Leonardo DiCaprio

나는 지금 탔어 성우 BMW
묵직한 거 할 때마다 페이가 올라 따불루
쟤네 지금 하는 짓 좀 봐라, 얼씨구
I pull up on yo' 동네, if you test me, 패고 나서 거리루
그다음 장소는 신세계, 성우야 화장실 갔다 와
바지를 샀어 200에, 역시 난 명품이 잘 맞아
""고객님 마스크 쓰세요"", 알았어, 그니까 쌉쳐봐 잠깐만
오만 원짜리 내 지폐를 하나둘 셌더니 닫혔지 샷다가
이름값이 올라가도 still sippin' on 4
경찰서는 돌아가, 아무리 급해도
느그 아빠 차? 안 나가, 아무리 밟아도
그동안 나는 왔다 갔다 다섯 번을 왕복",133.133,0.137,0.464,-20.184,0.191
Drop Top,UNEDUCATED KID,1HP41bnrxLpVIPphIapOxs,"네 여자친구가 나보고 금수저인 줄 알았대
그래서 씨발 난 자수성가라고 존나 화내
빡치게 하지마 고속도로서 내 쫓기 전에
다이아몬드가 박힌 Rolex 내 손목 위에
뚜껑을 열어, 사람들이 전부 다 알아봐
근데 난 신경을 안 써
왜냐면 나한텐 당연한 거니까
내 외제차처럼 I'm livin fast
내 시간은 빨라, look at my face
무슨 일 있어도 I get the bag
UNEDUCATED KID I'm the man
난 2019 BMW Z4 계약
니네들은 빌어먹을 대학교 개학
내 생각에 난 걍 선택받은 애야
난 죽기 일보 직전까지 돈을 생각

내 첫 차는 drop top beamer
뒤엔 붙어있어 초보운전
난 맨날 명품만 입어
I feelin like Justin Bieber
Rapper들 내 style을 베껴
근데 내 멜로딘 못 베껴
난 은행에다 돈 안 맽겨
왜냐면 은행도 안 믿겨
I'm livin my best life
추석에 타고 가 스포츠카
노래를 불러 랄라
돈 얘기 아니면 좆까
네 여자 내 거를 빨아
싫으면 집에 가, bye, bye
그녀는 나를 막 잡아
넌 기회를 놓쳤어, bye, bye
나는 내 맘대로 살지만 외제차를 몰아
과자 사듯이 난 명품을 골라
보험금만 880이 나와
하지만 나에겐 아무것도 아냐, oh my god
난 대한민국 상위 0.01%
이제 니네들 대가리 박어 내 밑으로",160.118,0.704,0.651,-9.829,0.471
HIGHWAY,UNEDUCATED KID,7f2JHx3dwqruJ38Xm708E1,"내가 [?]도 아니었을 때 (Wha'?)
네가 날 보던 눈, 기억해 (Huh?)
그런데 이제 why did you change? (Huh?)
괜찮아 모른 척해줄게
천사처럼 fly away (Huh)
모든 고통들은 far away
부재중 전화, I don't call 'em back (Why?)
지폐로 내 눈물을 씻어내 (Yeah, yeah)
내게 불가능은 없어 마치 닉 부이치치 (Yeah)
월 화 수 목 금 토 일 난 만져 different 찌찌
난 한 대 피고 날아 이건 아냐 니코틴 (Wha'?)
난 항상 취해있어 내 기분 앙 기모띠

내 여자들은 C컵-컵
수술 아냐 내추럴-럴
하지만 머린 텅텅
비었어, they fuckin' dumb, dumb
I can never trust ho, ho
몰래 녹음길 켜둬
쓰지 않아 난 콘돔
책임질 수 있어서

한 달에 번 돈 난 하루에 다 쓰고 다음 날 멘징 (Woah)
Rockstar lifestyle, 잠을 잘 안 자 흰 가루 내 엔진 (Vroom)
절대로 까먹지 않아, I'm from the 의정부 trenches (의정부 trenches)
Ladies and gentlemen, 실례합니다, I'm on that gang shit (Woah)",154.038,0.941,0.457,-5.174,0.704
Need Your Love (feat. Royal 44),UNEDUCATED KID,1gUZ4VaGRTFemwadS1W6O3,"나에게만 말해줘
I just wanna know your love
너만 보면 사라져
나의 모든 근심 걱정
내 사랑을 너에게 주고 싶어
내 돈을 다 너에게 주고 싶어
지금 어디야 빨리 와 보고 싶어 (Baby)
밤새 이야기보따리 풀고 싶어

너 대신 내가 아플게, 'cause I need your love
너를 위해 거짓말할게, 'cause I want your love, yeah
너한테만 반응해 나의 몸
난 지금 너에게 몰입한 상태야
너도 그렇다 해 줘
딴 *은 눈에 안 들어와, baby
You make me laugh, I make you wet, yeah, I swear
난 너의 모든 게 꼭 필요해
That's my baby, yeah, she baddie
All the time
You're my high, yeah
Don't think twice
You are mine, yeah",95.723,0.49,0.63,-6.722,0.614
CALL ME,UNEDUCATED KID,5OxbRh8YC4R1UV3pafBzI8,"Every night, yeah, I'm just thinking 'bout you
I'm dreaming 'bout you
혹시 내가 생각난다면 연락해 가끔
항상 니 생각뿐
꿈에 나와 자꾸
Huh, your boy so corney, you got my number
둘만의 비밀, 내 입 무거워
너 말고 다른 여자는 이제 별로
고기도 먹어 이미 먹어 본 놈

Call me 나쁜 새끼, but 질 수 있어 책임
I'm not gonna be sleepy, 없는 듯이 내일이
All time, you're the greatest
염소처럼 내 소리
나의 인생에서 너 같은 [?]은 처음이야
You're mine, you're mine
My bitch, my bitch
Right now, right now
I need you, I need you
You're mine, you're mine
Come here, come here
걱정 마, 너와 나의
Secret, secret

I cannot forget you-ou-ou (Call me maybe)
Can't wait for you-ou-ou (Call me, baby-y-y)
I'm thinking 'bout you-ou-ou (너 말고 다른 여잔)
I'm dreaming 'bout you-ou-ou (고기도 먹어 이미 먹어 본)
Pussy, pussy, I got dеmons in my mind
니 남자친구 버리고 나한테 와, 망설이지 마
너가 자꾸 꿈에 나와 every night
Every hour, еvery minute, every second",143.504,0.468,0.38,-4.245,0.303
Fallin' in Love (feat. ASH ISLAND),UNEDUCATED KID,0wfpGTipssFpDOJtLSdKm5,"네 말과 행동들로 내 기분이 바뀌어
이틀이 지났지만 why you don't answer
사랑이 뭔지 잘 모르겠지만 I love her
넌 가까운 것 같으면서도 멀어
I wanna know about you, 맘속 깊은 곳까지
I wanna know who are you, 자라 온 환경까지
Can lose everything for you, 내 돈과 인기까지
Can do anything for you, 심지어 범죄까지
너랑 즐기려는 게 아냐 just for one night
이제는 그만하고 싶어 가벼운 만남
널 쳐다보는 것만으로 난 받아 영감
하루 종일 멍때려, 홀린 것 같아 뭔가

넌 모르겠지만 우린 꽤나 닮았어
널 보기 전까진 모든 게 귀찮았고
어딜 가도 외로움에 목말라 있었던
내 반을 줄 테니 넌 손을 잡아줘
Yeah, I fell in love, 너로 가득해 내 머릿속, woah
난 내 머리로 이해를 못 해 이 모든 걸, woah
전부 가져가 버려, tell me everything you want
Wherever you want, 따라갈게 그게 어디던지
어쩌라고, 어쩌라고, 니가 좋아하는 노래
틀고 날아 높게, I don't care, 절대 outta my head
말해줘, Hawaii, Dubai, Osaka, 부산
어딜 가던 니가 있다면 영화야, baby, just come to me
And show me your love to me, girl",90.145,0.808,0.64,-6.327,0.424
1+1=1,UNEDUCATED KID,4uiXiv4dkxfwgK6Q9qIv3y,"You're my love, you're my drug
시간이 이대로 멈췄으면
You're my hope, you're my rope
세상에 둘만 남았으면
I was wrong, one plus one
Was one, you're breakin' my world
널 처음 본 순간은 꼭
마치 영화의 한 장면
불안정했던 날 치료해 줘 이젠 안 먹어 xanax
아마도 너를 만나기 위한 준비였나 봐 그동안 헤맨 (Yeah)
시간들조차 너무 소중해 널 알아볼 수 있었잖아 baby
너에게 너무 고마워 새 삶을 선물해 줬으니까 내게",81.081,0.869,0.597,-7.312,0.597
Go Insane (Feat. Loopy),kaogaii,0D1XTPsaKK6uDjlGz0ZYRE,"난 또라이, 예술한 보람이
드럼 위에서 놀았지 근데 돈이 따라 오다니
내 딕션 미친거녜 너 내 과거를 잊은거니
존내 딸배 뛰며 컸으니 당연히 쩔어 내 delivery
아 그래 난 말했어 soccer is hobby 태극기 뒷자리 펄럭 말이 좀
안 돼도 내가 하니 박수를 받지 출연료 더 줘라 댓글에 난리
Camera 돌면 다 구라치기 바뻐, 뒤에선 손가락 하트
난 솔직해 나만 뜨고 파서 기도해 덕소만 오르길 아파트 값

뇌 안 거쳐 내 필력 번역기 안 빌려
한글로만 찢어 멋진 직업
맨 정신인 적 없어 그래 충동 구매 여전해
한우 자주 먹어 그만큼 벌어
난 계산 못 해 수틀림 돌아버려 눈깔이
근데 또 애들은 늘 따르지 왜냐 난 많아 술값이
너 미칠 자신 없으면 빠르게 딴 직업 구해봐
난 돌아있지 다시 태어나면 넌 랩 할거냔 질문에 난

최고가 될 때 까지 절대 안 멈춰, yeah
아니 최고가 된 것 같아 난 벌써
단지 사람들이 모를 뿐 그럼 알려 짜치는 바이럴 대신
다들 쥐어 짜낸 챌린지 찍을 때 나만 진짜로 challenge
도전해 내 자신 다음 세상 다음 하늘
하나님도 제껴 명수옹보다 더 악마의 아들
Rapper들이 받고 싶은 딱지는 공인
너희나 해 난 원해 내 실력의 자타공인

허슬이 뭔 대수라고 내게 또라이래
내 눈엔 너희가 병신이고 나만 정상이네
So go to the top 빅뱅 T.O.P 는 아니야
맨날 윗 쪽만 바라보지만 GOP 는 아니야
한국에서 지 꼴리는대로 사는게
그걸로 돈을 버는게 이건 돌아야 가능해
너도 니 똘끼를 꺼내 진짜 원하는 게 있다면
난 최고가 될거야 자문자답 답은 당연

절대 못 말려 아무도 머리 위에 꼭지가 돌 땐 (Yeah)
노려봤어 두 눈 얘네가 내 짐을 뒤질 때도 (Fuck 'em)
Fuck a manner if I feel 이건 아니지, tryna off the leash
안 재고 가 straight bit, blat, big black on ,yeah
겪어봤어 전부를 나 now, 바닥에서 위로 또 점프를
비밀이 아냐 my mama 엄마 아들 TV 나와 걍 대충 했지
Fuck other rappers 할 수 없어 너흰, do like me? nobody
빙빙 돌려 말 안해 꺼져 꺼 너의 career, come
아물지 않는 scar 두고 나가서 싸워 이기지 다음 round
지켜 내지 곧 난 뱉은 말 second round, take this shit my lesson
Now you get it 길어 내 싸움 I die winnin', 없어 나 혼자야 다구리
난 또라이지 아냐 까불이 넌 불편하지 이 발음이",141.007,0.981,0.703,-5.76,0.109
Where You At (Feat. Kohway),kaogaii,0Ck7t2hFDZJtetBHJjcR6N,"Where you at? 나는 집에
옆에 내 wife는 나의 식객
어깨엔 분유 자국 with baby
Okay, 나 해냈어 위기일 때
매일 같이 울어줬어 넌
안 무너졌어 영원하겠단 그 약속 지켜냈잖어
연고를 발라줬어 넌
다 나를 긁었어도, 그래 뭐 괜찮어 돈 버니 됐잖어
내려갈 일 없는 roller coaster (Ooh-oh)
내 얼굴이 박힌 공연 poster (Ooh-oh)
예능 나가 멍청 떠는 내 모습도
두 여잘 위해 벌고 써, 세무사는 장부를 적고있어, 시장님과 밥 먹고있어
많이 배 아팠음 해 나 망할거라던 잡것들이
왜 빨고 있어? 내 작업실 이제 환전소가 되어 잠궜어
내가 된다 했잖아 넌 괴로워 해
난 항상 여깄어 그래서 넌 지금 where you at?

Where you at, my honey? Where you at, my shawty?
평생 물음표 살인마 I don't know what love is
근데 지금 여기 내 앞에 넌 서 있지
환영해 my baby, do you love me? 그럼 show me
돈을 벌어도, career 펴져도
사랑은 놓쳤었던 내 안 늘 허허벌판
그녀들 떠나며 내 마음에 남긴 scratch (Scratch)
Band 열풍이 불어도 거기엔 못 붙였던 band (Band)
그 때 너가 내게 나타나준거야 in the club
2NE1 컴백보다 반가워 nice to meet you, girl
건배 dancin', 너무 잘 맞는 talkin'
Fallin' in love, club인데 둘이서만 번지
Baby, check my swag (Swag)
Look at you, you bad (Bad)
Baby, what's your ETA? What's your ETA?
시간 맞춰 마중 갈게 baby, where you at? (At)
다시 만나 허나 and 아냐 endgame of love",82.035,0.711,0.722,-4.769,0.548
Come Over (Feat. BLASÉ),kaogaii,5DKXZHVkmW8kXTWqPVWHdr,"You call me on the telephone, you feel so far away
You tell me to come over, there's some games you wanna play
I'm walking to your house, nobody's home
Just me and you and you and me alone

Wake up in your bedroom and there's nothing left to say
When I try to talk, you're always playing board games
I wish I had monopoly over your mind
I wish I didn't care all the time",131.978,0.672,0.797,-6.135,0.561
Showdown,kaogaii,7n5zEvc42vXgrxsyeTaSBE,"이 귀염둥이들 버릇 못 고쳐 입에 달고 살어 어부바 (바)
꺼져 여태 누가 업어 키운 적 없지, 난 그냥 내가 직접 쇼부 봐
금수저 인맥 빽 뭐 하나 없이 여기까지 온 새끼 (Uh)
너희는 남자란 게 기념일의 내 여친보다 더 빽을 갖길 원했지
이랬네 저랬네 이유만 많아, 어쩌고 저쩌고 핑계는 더 많아
내 눈엔 죄다 여장남자 같아, 고추는 달렸는데 남자는 또 아냐
인맥이 없으면 만들어 예산이 없으면 일을 하고 실력이 모자라?
연습해 닥치고 잘 들어, 연습 game 없어 인생은 실전이야 좆만아
All in 니 삶을 전부 걸어 ballin' 다 잃거나 따거나
놓치면 사년이 뭐야 평생을 기다리다 죽어 이건 아냐 Olympic
HOFGANG 매일 띄워 승부수, 너무 띄워서 못 따라와 승무원두
야동 shorts 그만 보고, 쇼부나 봐, no die, just do or do

좀 닥쳐, uh
그 시간에 난 쇼부 쳐, uh
이십사시간을 다 써, uh
몸엔 땀띠가 났어 uh
가만 있음 되려 아퍼, uh
가난이랑 해야 해 작별 uh
체해도 일하러 갔어, uh
어금니로 손을 땄어, uh

이거 완전히 rap money 고집하다 외할머니 가신지도 몰랐잖아 (몰랐잖아)
똥폼 다 뗐더니 생각보다 폼나게 벌 수 있는게 졸라 많아
유튜브 외화벌이 달러가 원이 되니 달달해 놀랐잖아 (Ooh)
잠깐만 랩머니 어쩌고 벌어보니 돈 모양이 똑같잖아
빙시같은 그 새끼들도 그 스탠스 갖고 돈 벌기 위해 쇼부 치고 있어
Pay는 됐다하고 table 잡아주면 star 된 마냥 공연 뛰고 있고
난 달리거나 넘어질 바엔 쇼부쳐를 여기 썼던 가사인데 땀범벅에 썼어
이 바닥은 업소 더 노출해 몸값이 안 오르면 씨바 걍 벗어",124.998,0.84,0.656,-3.755,0.187
Headbang (Feat. Kohway),kaogaii,0KxkbigdxaTzzhDb2uK5tv,"홈레코딩 보급 탓에 개나 소나 MC
너희 다 studio MC 꺼져 우린 stage MC
Live 하면 새끼들 떠올려 Insta나 YouTube
그래 SuperChat이나 구걸해 HOFGANG 공연 페이를 수금 중
뻐끔 금붕어들 fuck you
AR lipsync 원툴 제스쳐는 얼쑤
썸녀 한 번 없었을 놈들이 여기 누구 앞이라고 뚝딱거려
이 아마추어들의 뼈를 때리다 못 해 빻아 없애 순살처럼

HOFGANG 우린 pro지요, 무대 위에 불을 질러
관객들 팔 다리 부러지고 회식 땐 상다리 부러지고
좆밥이랑은 겸상 안 해 넌 또 누구세요? (Uh)
개 좆같은 매너 근데 좆되는 무대매너
Dirty South Korean 이게 이번 우리 소리야
영어로는 sound 그래 병신아 못 알아 쳐먹으면 I'm sorry 야
김치 먹고 자라서 김치 힙합 그래서 순딩아 우린 매워 (Woo)
대가리 비우고 노는 법 씨바 이 형들 보고 배워

오 쇼 찢고 돌아왔다 six block 의 boss
날 뭘로 봤길래 이 빙신 놀래긴, woah
난 원래 잘했고 배로 뛰지 페이가 더
뭣같지 넌 왜 깝쳤어 이 썅놈들 대가리 위에 늘 내가 있어
이제 알겠니 난 필요 없어 marketing
또 targeting 시장은 망했지만 내 돈 구멍 만개 있지
넌 숨어서 글을 써 가오가이 이 새끼는 강약약강
닥쳐 봤잖아 걍 랩 안 해도 뭐 제이통보다 내가 강강강강

난 너의 대가리, uh, 난 나의 대가리, uh
들이박아 메갈리안처럼 노인네 색깔론처럼
무식하게 살어도 칭찬 받어 되려 내가 돋보인다고 (What?)
왜냐면 다들 생각만 하고 난 걍 박어 그래 보법이 달러
High risk, high return, uh, 빨리는 맛은 미쳐 (What?)
뼈다귀 남을 때까지 뛰니까 내 잔고는 비만, uh
아빠가 됐지만 빠가를 고수해 안 바뀌어 nice한 내 빡대가리
Camera 치워 대가리 비워 그냥 씨바꺼 흔들어 쌀 때까지",140.73,0.911,0.493,-7.549,0.369
Interior,Kim Ximya,064W66ohIhy6bVFWxce2sL,"Bitches I'm on my knees when you watch me
I beg you please when you stop me
Baby I'm cashing out empty the devil
The devil is me I'm cocky
Oh baby excuse me I'm balanced
내 저울은 저리 치워둔 채로
Yeah, I got my glasses on
요즘 유행하듯이 I'm judging, I'm judging
감각들은 불보듯이 뻔해
피라도 모시듯이 권해
똥고무신을 신고 선을 넘어 보지는 못해도 더 중요한 건
Pointless, decimals over decimals over commas they countless
영광은 영원하지 않다고 말씀하셨지, well I fucking guess
I better be saving these fucking 위인s
Keep these keys at least I buy me a Porsche
사실 공생하는 중, 손톱 씹어가며 경쟁 따윈 없어
매번 똑같은 짓, 다른 반응, 그건 어디 회사냐의 차이
다 닥쳐, 내가 바로 니들이 모셔야 할 king
Or you could fucking die
You know what pointless
멋있게 벌어보자는 의미지, but I'm the fucking king
I'm the fucking 세자, I'm the fucking 세자의 아들
책봉 따위는 좆까, 이 잡것들아
가서 변소나 치워, 수라나 올려, 이 씨팔 것아
내시들은 고자질에 고자질이지만 고자니까 내가 봐줬지
계속 좆 같은 소리 아뢰봐라, 주리를 아가리에 쑤실터이니
Bitches you wanna 대령해 내 용포를
잘 알겠지, 내 맘에 드는 용모는 지금 나설 터이니
Better be ready for it get me the baddestbiches
Icing of the cake and shit
Queen of the fucking 서울시 and shit
Pointless, 표정에 답은 거의 camouflage
These male cunts bunch of veterans
Take it easy baby you better check your breath
그렇게 발버둥 쳐봤자 I'm the king
내가 늙어가도 that shit never change
내가 죽고 내 이름 will ever last
내가 미쳐가면 you bitches better pray
Cause all I be doing be undoing that
Who the fuck call them kings
그런 유언비어 따위를 감히
Fuck that bitches, 그녀의 뒷구멍 재 interior

I could be dead by now
I could be dead by then
Last forever with my billion songs
수발이나 들던 미친 새끼들이 내 목을 노리는 날들의 연속
방송 안 나오냐고 감히 여쭙는 새끼들을 위해
방송 하나 만들어야겠어
토요일마다 만나면 되겠지 BANA TV
대망의 아작이 나는 주말연속
Better know what they be talking
I could have killed them
입대하기 전까지 잘 지내보자고
입대하기 전까지 I be your man
I be the man, 가오 살리다가 잊혀진 새끼
Pointless, decimals over decimals over commas they countless
You sons and bitches I beg you to please read about it
돈이 만든 위치가 만든 돈이 벌어주는 거",116.605,0.802,0.85,-7.131,0.503
Forgotten,Kim Ximya,5BWYPcRaZtuVX9jaQpnY4g,"Me and my money goes way back
Back when my paychecks
Wasn't so ready (Ready)
These banks keep calling me
For some loan shit
You shouldn't worry (Worry)
Sick of all these fake flex talk
All you want fam I just forget it ('Get it)
Beat the game up, I'm going up
I never spoil it ('Poil it)
Me and my fame is so close
난 더욱 멀리 가려해
So I'm packed (Huh)
Arc on my back for approach
더욱 여유로운 상태로 I attack it (Huh)
Taking my chances, 난 제대로 아님 안해
내 직장은 좀 sketchy (Woah, woah)
Baby, they acting (Woah)
다 보여도 난 침묵
여기 생태 내 향수가 베있지

Me and my money goes way back
Back when my paychecks
Wasn't so ready (Huh)
Nothing has changed
So why would I rush
Why would I duck for some change money
I'm here for the fat stacks
I'm here for the fast cash
I'm with the team
날 좀 더 믿어야 해
The only one to get this shit straight to the ping
Me and the crew on the low
Nothings for sure, 난 절대 안 지켜 (Huh)
This culture ain't mine, 누구의 것도 아니지
그 누가 어떻게 여길 지켜 (Damn)
This shit Is so flowing
우린 한 배에 탐 (Woah, woah)
만약 물결을 거슬러 위로 (Woah, woah, woah)
간다면 그것은 우리의 노력과는 무관해
So let's preach",150.009,0.983,0.412,-4.296,0.307
Runner's High (Feat. Cautious Clay),Kim Ximya,3X8QQw2gvBtREJM8opnBWZ,"얼마 안됐어, I hate it
These plastic bitches I get them
It's all about the surface no deeper
망가진 몸으로 뛰는
내가 억지로 들이마시는 신은
맘 닫힌 여자들의 흥분 횟수
딱 그만큼의 비를 내리시지
의미 없는 곡들을 쏟아내는 지랄 오늘 안에도 가능해
바로 구멍 찾기 바빠 돌아갈 맘 없는 새끼들과 다를 게 전혀
Baby, I be running crazy, I'm aiming your head
Yeah, maybe I can
You'd never understand what this money does
All these talking and gossip
물질 앞에 흔들리는 장래는
잔뜩 부풀어버린 배 안으로
부자연스러운 관심을 쑤시지만 우린 알지
Hold up, maybe you should
아니, 제발 알아듣지 말아줘
Cause I was bout to be feeding off of it

Losing, losing, losing
결국에 수식 뿐인 승기는
You know what the bad music used to move with
죄다 하나같이 무늬 뿐인 느낌은
지워 버리기엔 너무 넓게 번져 버렸지, 휘말릴 뿐 (Losing)
If you wanna make it happen
각자의 신이 베푼 대로 걷는 수밖에 (Lost, bitch keep walking)
I don't give a dang (You do give a dang)
숨만 쉬면 돼 (더 많은 걸 원해)
I don't give a shit about that motherfucking money in your bank
I do give a shit, 말은 필요 없지
난 되는대로 살아왔어
15년 이후로 말이 되는 것만 하며
계속 굴러가게끔 은수저로 뒷받침
많이, 많이, 많이 벌길 원해
가물가물 할 뿐 나의 견해
When I'm bout it, bout it, I could make it ugly
계속 걸어 갈 듯 멈춰있는 것에",95.032,0.93,0.643,-6.583,0.314
Drive Slow (feat. Rad Museum),Kim Ximya,5IKGBT5nv4lEeqGlyCZ205,"Coming up with unrelated metaphors
Just to impress, 난 이제 거의 다 이뤘어
I'm so ahead, 뭘 해도 나에겐 Aftermath
열심히 싸워, 난 싸워온 이유를 잊었어
Drive slow, money making
Money spending, anderoid
오직 감각에 몰아준 내 집중력은 또
다시 나를 시궁창으로 밀어버리네
가슴 아픈 내 매일 내 죄질을 되새김질해 (Drive slow)

무엇을 위해 사는가는 a pop quiz
준비할 수 없다는 사실에 망연자실
나는 같은 처지에 수많은 친구를 봐
질문은 다 마찬가지 man who is this professor
Drive slow, drive slow homie, 인생 너무 짧아
문제를 한꺼번에 풀고 나면 다음 문제는 찾아와
굳이 내일에 머리 아픔 다 오늘 겪는다면
해치워 버리는 것처럼 느껴도 it don't run out (Drive slow)

꾸밈 하나없이 사는 것
무리없이 다음 파도를 맞아 철썩이는 무거운 몸
젖어버린 옷을 벗지도 않고 그대로 말려
머린 아파와도 언젠 안 아팠어?

반짝이는 white headlight
무심한 손안에는 땀이 고여
멀어지는 출발선에 놔두고 온
꿈은 여전히 거기에",158.708,0.441,0.482,-10.251,0.326
Walking On Thin Ice,Kim Ximya,5Ino5rIXFrzPhR7cwiHoJC,"Bought a lot of things I guess
Didn't do a thing I guess
나의 만족은 더욱 위에
거의 만져볼 수가 없을지도
Pull a lot of strings I guess
Sleeping on these beats I guess
Sleeping on these new vibes
나는 나의 멋을
I don't believe in taste makers
나는 평생 나의 것을 찾길

Talk about the things you love
Talk about the things you adore
나는 내 길을 걷는 법 터득했어
다시 걸음마를 배운 아이처럼
I'm walking on a thin ice (Yeah)
I'm walking on a thin ice
I'm walking till my knees die",107.873,0.298,0.223,-9.978,0.0369
"One, Two (Feat. Punch)",Kim Seungmin,7Ict85eqFVFqUp6ogAjaV1,"우리 많이 사랑했었던
그 시간 속에 나는 아직도
남아있는 것만 같아서
매일매일 괴로워

우리 같이 걷던 거리도
공사 중이라 발을 돌리고
그대로 아름다웠던
우리 추억과 등을 돌렸어

하나, 둘 널 지워야만 했던
많은 시간들, 난 애썼어
너가 선물했었던 미소가 보이질 않네
내 거울엔 온통

나쁜 표정뿐인 걸
돌아봐요 많은 행적들
혹여라도 네가 전부를
지우려 한다면, 다 치우려 한다면
힘든 척 날 지우는 게",147.92,0.888,0.61,-5.581,0.764
Deep Sea (Feat. BE'O),Kim Seungmin,1yaEsGauwkaJsu2RO0rFLg,"I'm just howling down to the moonlight
부서진 듯해 내 마음 전부
너가 떠난 후 내 눈에는 black out
My city drowning like a pool
하얀 연기 자욱한 내 방에
숨 쉴 수 없을 정도로 날 점점 죽여가 매일
I fell in your love 널 사랑했던 깊이가
너무 깊어서 이젠 벗어날 방법도 몰라
Please help me, where you at darling
날 힘들게 해도 좋으니까 just love me
I'm drowning, maybe I'm dying
So bring me 다시 너의 곁에 나를 가둬줘 baby
비 내리는 시간에 가로등 밑에 쓰러져
빗물에 가려진 내 눈물이 흘러내려가
우산을 덮어줄 사람이 없어진 나의 곁에는
그림자만이 날 바라보는데

더 빠져 deep sea
깊이 미리 알지 못한 silly
날 놓는 거냐며
넌 외쳐 really? really?
그래 우린 헤어져 한 뒤
목이 또 메어 더
밥을 먹어도 체하고
대화도 제한적이게 다 변했어
여자는 많다 위로하면서
일 주는 참어 이 주짼 감옥
삼 주는 말로 못 할 정도로
아팠어 언제쯤 너 없는 나로
과연 지낼 수 있나 생각을 하다
네가 했던 말과 행동 떠올라
불가능하구나

한 번에 잊는 게 말이 돼?
어디를 가도 네가 있네
바다에 빠진 듯 주위에
아무도 보이질 않고
들리지가 않아
아파
너 없이 맞는 겨울바람 아파
바빠도 상관없이 또 생각나
I miss the hotel room
아직 추억에 살아서 못 깬 꿈
코트 주머니 속 립스틱
아직 못 꺼냈어
다시 줄 수 있으니
이런 핑계라도 댈게 더 더 더",100.004,0.756,0.801,-9.366,0.405
"This song (STUDY GROUP X Kim Seungmin, Skinny Brown)",Kim Seungmin,0ZDod3umane8yhiFprEx34,"하루 종일 창가에 기대어 앉아
서서히 변하다 떠난 날
그날을 떠올려 봤어
어쩜 마지막일지도 모르는 이 공간엔
너와 나 무엇 하나
바뀐 게 없는 것 같아서

If I die Chase The Star
그건 우리 소갯말
바보같이도 널 외치고 살아 노랫말
나를 우울하고
기쁜 춤을 추게 해 이 노래가
B와 D 사이 C라 말하더라 누군가
Yeah, I'm in the Cell
어차피 몇 평짜리 위
Two birds in the trap singing
About the Cardi B
You turn onsets off
You turn offsets on
이건 기믹이 아니고 또 아냐
Conceptual
싹 밀어내려고도 했지
날 비우려고도 했지
기억 조각은 다시 돌아와있어
Like I was hacked
Uh 컴퓨터에 만든 수많은 노래
너가 없는걸 찾기 어려워
Thought it was ransomware
너는 신경조차 안 쓰겠지만
아직도 날 울리고 살려 이 노래가
정규 마지막 노래 제목
I'm not fine 근데
I'm fine 에도 참여한 걸 보면
Something's not right",84.194,0.528,0.541,-7.894,0.398
"Drivin’ (Feat. Layone, BIG Naughty)",Kim Seungmin,1x8waytyN4BfxrkuoQsBRT,"누나 나 새로운 계약 땄어
적당히 나쁘게 사는 법도 난 배웠어
어디든 가자 피서 더운 여름 피해서
치는 파도들 그 모양 마치 bacon
어제는 라디오 두 탕 뛰고 왔어
자는 시간 아껴서라도 가겠어
어린 티가 팍 근데 시간은 뱀처럼
부드럽게 따라가 놓지 마 내 손

Bentley GT Convertible
계약했지 어머니 몰래 two seater를
너 때문에 땄다고 운전면허를
이제부터 할 게 네 대학교 셔틀을
너는 아무 걱정 안 해도 돼
그냥 벨트만 매면 돼
아니 사실 안 매도 돼
그냥 벌금 내버리면 돼
Any time, any night just hit me up girl
I can do this all day 마치 시빌 워
과제고 나발이고 그냥 give it up for me
Let me drive you to 우리 집으로
Jimmy, jimmy, jimmy, jimmy, young jimmy life
형 노래 들으면서 꺼버리지 headlight
이미, 이미, 이미 시작됐어 green light
없어 의미, 의미 no stop, no break, no red lights",125.443,0.573,0.64,-5.349,0.751
Lie (Feat. BIG Naughty),Kim Seungmin,6H9vbCPubW2x7rD5mMsrJJ,"신경 쓰여 너의 그 curves
그리고 어쩔 수 없이
우린 안된다는 너의 bullshit
왜 이런 날에도 넌 아름다워 더
너의 눈빛 속엔 이미 내가
지워져있어 yeah, yeah
들켰단 너의 wrinkle check
아님 내가 그렇게 또
생각하는 게 더 편해서
네 말 하나 믿지 않나
봐봐 연기 속에 폰 은폐했지
감 엿 바꿔 먹은 줄 아나 본데
너의 눈빛 속엔 눈빛 속엔
눈빛 속엔 눈빛 속엔

마지막까지 거짓말로
끝나버린 우리 둘의 관계
나지막하게 개소리하는
네 모습이 난 좀 뭣 같아
지랄하지 마 네가 할 수 있는 건
미안하단 말 밖에
없다고 사실 다 알고 하는 얘기야
미안 다 봤어 어젯밤에
요즘은 이런 노래를 들을 때마다
주인공이 된 듯해
보고 싶은데 볼 수가 없는
이 밤에는 네 향기가 밴 듯해
Fuck that 사랑이란 건 yeah
없대 바람이란 것 yeah
네가 남긴 이 상처가
아물 때까지만이라도
네가 힘들었으면 해 girl
Fucking bad thought
너가 내게 남기고 간
Fucking bad thought
Fucking bad, girl fucking bad, girl
너와 내가 만들어낸
Fucking sad story",94.069,0.779,0.541,-5.581,0.501
Lovin' (Feat. Han Yo Han),Kim Seungmin,3M2ttw7ucRZFMjBDtOHwkI,"모두가 앞다퉈 날 꼴통이라 부르더라
긴 시간이 지남 떠날 그 흑백 톤의 사람들만
더는 하루가 하루 같지 않아 넘어지는 난 보여 하늘만
자로 잰 듯한 까칠함이 너에게 또 영향을 줄까
벼랑 끝에 선 주제에 제멋대로 군다더라
긴 터널 끝에 닿아도 다음 터널을 거야
에휴 하여간 쉽지 않아 지켜 내기가 그 약속 하나
다시 잘못되어 어딘가 크게 고장 날 거야

우리 돈을 벌어도 지하는 못 벗어났기에
그 찰나의 순간이 아닌 나날을 탓했어
좋지 않대 표피에는 결절이 왔대
지난날 목 놓아 네 이름 불렀던 게 다인데
넌 세상 가졌지만 맞부딪칠 동전이 없어
수중엔 몇 억 터무니없이 돈 부족해
너가 눈 감을 때까지 끝날 때까지는
쇼미 2치는 간 게 아냐 아직 갈 때까지
난 더한 짓 하지 그 과정서 몇 번을 더 헤맬지도
실수투성이 맛 갔다고 새끼 제정신이 아니라고
해도 벌 거야 모든 화폐의 돈
Don’t let the bedbugs bite all night long
사랑해 줘 단 한 번도 상처받지 않은 것처럼

어제는 많이 잤는데도
또 잠에 들고 싶더라
더는 짖지도 않는 개처럼
이젠 받아들였나 봐
두꺼운 사슬을 내 목에 몇 번을 간고
너를 향해 뛸 수 없게 자물쇠를 굳게 잠가버려
날 불쌍해 말아
원래 여기가 내 자리였을 테니까
뒤도 돌아보지 말고 도망가
불이 난 것처럼
착해빠진 성격부터 바꿔 다
너만 매일 아파
실수투성이 맛 갔다고
새끼 제정신이 아니라고 해도
다시 나를 한번 안아줘 baby
Still can’t stop lovin’ you 너이기에",123.572,0.94,0.44,-2.057,0.858
Unreachable (Feat. Milena),Kim Seungmin,3L0ipvNeREfCAJWCPaweUu,"난 결국 너를 지워내야만 하나봐
너무 예뻤던 나머지 닿을 수 없다
저 하늘 위로 손을 뻗어 너에게 닿게
넌 비웃듯이 손만을 내밀어 어떻게
하면 저 앞으로 나아갈 수 있을까
자각몽이 현실이라면 또 어떨까
신이 있다면 세상을 반으로
접어줘 나 그녀에게 닿게끔 말야

거울 속에 너를 쳐다보다 다시 또
입체적인 빨간 너를 담은 거울에
손을 올려 평평한 유릴 만져
이 거울이 작은 조각이 되고 피가 번져
부수면 ""너가 나올 줄 알았어""라고
혼자 되뇌이며 줍는 이 조각 사이로
너가 비춰 나 진짜 이제 지쳐
만지지도 못하게 날이 서서 날 미치게 만들어",99.997,0.612,0.814,-6.021,0.433
Be Okay,Kim Seungmin,3vgmgQaJm40kRvDDCeOpkJ,"널 비워내야 한다니
이럴 줄은 몰랐어
넌 뒤 안 돌고 간다
뒷모습마저 낭만이었다
그 짧은 찰나의 영원함에 안주했던 꼴이라니
등신이 따로 없네 참나
추해 망가지지 마
한번 수도꼭지 열리면 넌 여배우 뺨치게 울거니까

돈이 전부랬던 과거 다행히 돈이 많아
건강 없음 말짱 꽝, 입안에 pills 많아
비록 이렇게 혼자가 됐대도
Walt Disney에 가도 너만한 공주들 많아
추해 망가지지 마
한번 수도꼭지 열리면 난 애새끼 뺨치게 울거니까

돈이 전부래서 돈 벌었는데 돈이 다가 아니래
기분전환으로 품 내주던 여자들은 진심이 아니래
나 이렇게, 그저 그렇게 버티다
꼭 한 번은 무너지겠지만
무뎌지게 그대로 뒀어
잔해 속에서 기지개 켰어
기억들도 어디 흐르게 걍 냅둬 녹게
남았다면 복잡한 패턴도 채워놓을게
열어볼 수 없게 먼지 쌓인 구석 한 켠에
짐이 되어 떠날 때마저 난 잊어낼게
Okay baby, so let me get this straight
이번엔 전과 같지 않단 것도 알 테니 yeah
망할 하루 당분간 이어진대도
시간이 지나면 아마 더",109.909,0.482,0.648,-8.998,0.357
Song (Feat. Han Yo Han),Kim Seungmin,6FoIibxckGhCrtrDZZ3tEE,"Yeah, 마음이 못돼 처먹었나 봐
Yeah, 나쁜 생각을 좀 하고 있어
다들 얘는 또 왜 이래?
난 매일 이래 yeah
난 매일 이래 yeah
Yeah, 속이 완전히 꼬였나 봐
Yeah, 괜히 벽을 한 대 치며 걸어
말려주면 또 왜 이래?
난 매일 이래 yeah
난 매일 이래 yeah

추락하는 나를 사랑하지 말아줘
웃으면서 나를 왜 또 다시 안아줘
내 마음속엔 불안만이 가득해
부서진 나를 바라보니 넌 어때
날 그냥 가라앉고 죽게 냅둬
왜 내게 숨을 주고 손을 내밀어?
난 나를 포기하려는 행동을 할 때
뜨겁게 나를 돌이키고
니 옆에 날 서있게 해
이제 깊은 심해 속엔 따듯함이 찾아오네
이 외로움 속에서
너와 나를 창조시킨 노래가
우린 많이 괴로웠고
서로를 회복시키고 너와 나를 지켜
깊은 외로움에 니가 다시 오네
이 슬픈 아픔에 전부를 바친 우리 노래
이제 다시 위로 올라가 볼게
떠올리면 너 때문에 여기까지 왔네",118.237,0.441,0.372,-11.394,0.0538
Blame (Feat. Chan),Kim Seungmin,7kIKIsLBLGMWZxWuDffixb,"넌 괜히 화를 내
시간 낭비했던 널 인정하는 게
당장은 힘들 거야 다 알아
너가 이 긴 드라마에 빠져 있는 동안
걘 네 조각짜리 사진에 목숨 걸었다고
널 사랑이 아닌 자랑으로써 여겼다는
말이 어렵게 느껴질 이유가 없는데
너 빼고 모두가 다 아는데
너는 지쳤어
멀어지는 법도 몰라
더는 뭐가 손해인지도 몰라
그 새낀 아니라고 차라리 내가 oh my god
나 잠시 미쳤어
계획에 없던 말을 골라
더 모질게 뱉고선 다시 후회로 집 돌아와
연습하지 다시 혼잣말
사실 전부 다

그대로 come to me now
쓰리긴 할 거야
걱정마 hold you tight
걔 탓이라니깐
너를 놔두는 게 아닌 것 같아서
더욱 미뤄두기 싫어
알아
너도 이젠
반복되는 것을 지겨워해
나라고 다를 건 아닌데
다르고 바른 사람 일 것처럼 너에게 말을 해
Cuz I want you to back
걔 탓이야 아니, 내 탓이야",94.998,0.692,0.75,-6.18,0.659
MIA,Kim Seungmin,7pQDMCdLyKTfUBqdGkw0CF,"""Can I really trust you?"" 질문하는 너를 두고 잠깐 문자
확인하려 했다 제길 앞에 말이 뭐였을까?
""너가 없인 한 숟갈을 뜨는 것도 못해""
라는 생각이 내 앞에 김치볶음밥에 보였네
자기야 우리 그러지 말고 동네 앞 좀 돌까?
근데 그녀는 혼자래 내 침묵이 또 답장
이 되어 버려서 미안해
이 되어 버려서 미안해

너 떠나는 날 잡지 말아 달란 너가 했던 유일한 부탁
여자의 언어였던 걸까 아님 진심이었을까
철저하게 혼자돼버렸어 보기 좋게
죽을 것 같음이 견뎌지긴 하는 상태
자기야 아니 뭐라고 널 부르는 게 좋을까?
그때 했던 말에 앞이 진짜 대체 뭐였을까?
뭐가 중요해 난 MIA인데
뭐가 중요해 난 MIA인데",84.912,0.685,0.534,-6.082,0.445
Unreachable (feat. Milena),Kim Seungmin,4hHIKPMrkukqNBA377ddgI,"난 결국 너를 지워내야만 하나봐
너무 예뻤던 나머지 닿을 수 없다
저 하늘 위로 손을 뻗어 너에게 닿게
넌 비웃듯이 손만을 내밀어 어떻게
하면 저 앞으로 나아갈 수 있을까
자각몽이 현실이라면 또 어떨까
신이 있다면 세상을 반으로
접어줘 나 그녀에게 닿게끔 말야

거울 속에 너를 쳐다보다 다시 또
입체적인 빨간 너를 담은 거울에
손을 올려 평평한 유릴 만져
이 거울이 작은 조각이 되고 피가 번져
부수면 ""너가 나올 줄 알았어""라고
혼자 되뇌이며 줍는 이 조각 사이로
너가 비춰 나 진짜 이제 지쳐
만지지도 못하게 날이 서서 날 미치게 만들어",99.997,0.612,0.814,-6.021,0.433
Gas Station (Feat. DEREK & Skinny Brown),Kim Seungmin,5b1JaDIiuFxAhZ9x0wOmzT,"You think I'm crazy, I think I'm love you
늦은 밤 주유소에서 전화기를 들고
기름 다 넣으면 차랑 전화기 챙겨서
말했잖아 지금 네게 간다고
And I call you, you don't answer the phone
누가 전화기를 훔쳐 간 듯한 너의 행동도
다 이해할 테니 난 뭘 더 어쩌지?
기어의 방향이 너의 집 쪽이지
Damn, I must be famous
사진 찍자 하지 않고는 못 배겨
망할 이미지는 짐이지 다 챙겨서
19번째 도로 근처 위 어디야

Oh, you think I'm crazy?
Baby okay, let's get used to it
니 옆에 내가 아니라면
Imma get his ass whoop
널 태우고 달린다 했잖아
With a new coupe
I was thinkin' bout next move
같이 잡고서 핸들
Please, pick up the phone, baby
너의 집 까진 long way
If I drop these coins 박을지 몰라 tollgate
Yeah, she drives me crazy
내 마음은 가지 wrong place
너가 원한다면 난 내 인생까지 줄게
So come outta door baby
I can be your true man
Hoes can't give me a head
내 머린 너로 차있기에
끝을 본 것만 같겠지 baby
Someone said
Every finish-line is
The begining of the new race

날 믿게 되면 킬 거야 이 밤을
I could share this place with you
날 부수던가 잡아 오늘 밤
I don't altogether agree with you
Don't forget to bring your mind with you
Don’t let your imagination
Run away with you
잘 알지도 못하는 나쁜 여자들이 사진 보내
넌 마음에 멍들겠지만
정당화했다 다시 crazy
너무 멀리 와있었는지
오늘 밤도 새어야만 하나 봐",151.004,0.554,0.779,-7.81,0.848
New Kings,Keem Hyo-Eun,2SXmcvPunWNXunWuGOeSsh,"Ay, I'm just a little skinny kid
Who chillin' with OG's and legends
And I love my life, 사랑하는 사람들이 늘어 계속
얘넨 다 전시용, 난 전시 상황용
난 키보드 말고 아무 일도 없었어
존나 알려주고 싶어져
The second usage of microphone
니 대가리에 굴절이 생기는 상상 계속 해
Hater들이 세를 낸 내 머릿속 내 방처럼 mess
But that's why I'm the threat for the rap game
That I've never played, yah
난 게임 안 해, 게임 하는 놈들로 게임하지
걔네 집 방에다 캠을 설치하고 나가서 놀다 밤에 일하지
인기는 걔네 엄마한테 다 드리고 난 돈만 share할게
약 먹고 예술하는 나보다 예민한 미친년들아
골라봐 문장, 까봐라 줄창
어차피 안 바뀌어, 내가 명반을 냈다는 사실
신발만 보고 지랄 해라, 어차피 걷는 건 내 발
가는 곳은 다 내 맘 전체를 봐, 남는 건 형제야
이제 주변 둘러보고 tell me
Who the where the fuck am I

I'm from D started from the street that' oldschool
어떤 crew 건 우리앞에 붙히면 난 죽일 수 밖에
없는 건 태도 처음 에 본대로
D-squad on the block, 못 와 절대로
발악해 봤자 Spotlight은 내게 쏠리지 (I'm Eighteen)
어른인척 하는 형 누나들 앞에 올인
내가 깔아놓은 덫에 걸린 넌 먹이
다 이뤄놓은 척 하는 애 놀리는 맛 들렸지
중간쯤에 rappers 흔하게 있는 fan
Instagram selfie man, follow수가 너네 swag
더 높은 곳에 설 순간이 이제
여태까지 온 것 같이 금방이게
I'll Run, 죽기 전 뱉을 flow, 모두가 one하고
Two 외치기전에 I'm done
Y-O-U-N-G-B, 형들 앞 입 닫았던 내 모습은 없어
On the top, 엘레베이터 없이 내 방식대로

Yo, 다시 돌아왔지, 계속 더 올라가지 그들을 향해
마음으로 본 것들, 눈을 감네, 기대해 모두들 나에게
조금은 강해, 보여줘, 다시 한 번, yo
그때완 달러 제대로 잘 봐둬
난 저 높이 그들 옆에서 꿈을 꿔
너흰 내 음악이 나옴 춤을 춰
가까이 있지만 먼 마냥 우러러 보는 별
날 향해 손을 뻗어, 때론 유성처럼 내 몸을 던져
다음 새벽을 기다릴 시간도 없네, 어쩜 마지막 기회
그저 너흰 자신감이 돼, 정말 도덕산 아래가 시작이네
정상까지 바라봐, 내 믿음을 따라가 날 막아 봤자
이젠 그리 높지 않은 니들 벽, 쓰러뜨려, dominoes
좋은 그림 하나 마지막에 남기고 잔인한 상상이 곧
너에게 현실이 될 때 준비됐네, 정말로 기대 돼",76.004,0.817,0.558,-3.619,0.429
Come Back,Keem Hyo-Eun,2TyhDq6bTmFuEwmKSW1Zua,"너는 내게 영원하자고 말했어
근데 너는 지금 대체 날 두고 어딨어?
나 이제서야 오로지 널 위해 돈 벌어
차라리 이대로 내 심장도 같이 썩어
Come back to me, 우리 영원히
난 다 줬지, 안 돼, 너 없인
나는 이미 너무 많은 것을 잃었어요
너 뿐인 것처럼
우리 이렇게 끝나버리는 건 안 돼요
I said no, no, no

그대 나는 역시 그대를 잊어버린 걸까요
혹시 잊어버린 그때부터
정말로 잃어버린 걸까요
영원한건 영원한건 없단 사실뿐이라 하죠
もう話すのがぎこちなくなった。おはよう
깊이감 조차 없는 파도 앞에 난 멍해져요, oh, oh
기다린단 말을 해버렸지, 참 못됐어요

You said 'I'll be by your side till the last come'
아니 끝나도 우린 함께 하쟀어
넌 반을 잘라내는 게 쉽니, just say something
기억이 날 죄고 받아내려 해 Ransom
Left off uh but no one right
Uh, 센 척 못해, cuz I'm not fine
뒤돌아 보지 못한 책임일까 나의
But you said to me, yeah, 한 발짝 못가 자리에
원해 너가 다시 오길 stuck to me like glue
너에게서 너를 뺏겨버렸어, that's stupid
돌아간 길을 안다면 갔겠지, no clues
할 말이 이것 뿐이란 게 슬퍼, come back to me",167.412,0.563,0.296,-5.58,0.267
XXL,Keem Hyo-Eun,5Tym9X0OrYDhWLqX2X5qEa,"나이만 쳐 먹은 래퍼들이 진지해
이 어린 놈의 침대가 토해 젖비린내
그 위 쌓인 돈 냄새나 맡고 질식해
재미로 네 똥 차도 뺏을 거야, GTA (skrt)
눈에 띄니 치어버려, uh
네가 죽치고 있어 이 게임 안에
차라리 The Quiett 제외 shut the fuck up
제외 내가 떠받드는 몇 명, 더 방심하다 쳐 맞지 uppercut
너는 아냐 병신아, 좆까, 짜릿해, 콜라
지 얘긴지 몰라, 숨겨 와사비 초밥
Deepflow, 농담, 내가 그의 목발
Fuck your 도발, 다시 그의 총알이 돼버려, 빵

파도 타고 휩쓸러 가, 팔목인 양 꺾이라고
판돈은 쥘 수 있겠냐? 판 돈은 너네 요양비
팝콘이나 사 먹던지 (yeah)
이쯤에서 나도 터져버린 다음 튀
Lie, lie, lie, lie, lie, 내 속옷 안에 두 개쯤은 더 있다고 bomb
예쁜이가 덤비니 잠 못 이루는 밤
다 이뤄버리고 이거 그냥 내 거 팜
Ay, ay, 그래 봤자들 못 감당해, uh
두려워나 해라 산사태, uh, 꼿꼿이 세워 내 발사대, uh
돼줄 일은 없지 빵빠레, uh, 이미 준비 됐냐, 혹시 cake?
발버둥 쳐봤자 오리배, fuck it, 돈이나 더 내놔
내 거북선 party 안 태워 썅 노인네

Reppin’ Illi-ambition, we gettin em money
자, microphone check 하나, 둘
TV에 누가 또 나와서 지리는 척하니 랩 한다고?
내가 나오면 다 burrow, 네 마이크나 버려, 빨리 내놓으라고
래퍼란 놈들 다 귀여운 척 아님 예쁜 짓 여길 다 배려놨군
니들이 여기서 깔보는 효은인 적어도 가짜 힙합은 안 해
난 쇼미더머니 그딴 거 보지 않아, 누가 나오든 간에
TV 안에 잘 나가봤자 현실에선 다들 어딜 가니?
목에 힘 빡 주고 머리 컸던 니들 요즘 밥은 챙겨 먹고 사니?
Audemars on my wrist iced, tennis chain on my neck cost
여기 상금보다 큰 내 장신구들과 내 옷
네가 누구든 간에 늘 엿 먹으란 태도
불국사 바로 내 고향, 다음 집은 저기 west coast",98.807,0.704,0.935,-5.157,0.682
Baby,Keem Hyo-Eun,09LGaJUKYfSHvq7Q6b0bts,"너 없이는 내 방안은 어두워
어서 와 내 맘을 훤히 밝혀줘
한 번 더 내게 사랑을 알려줘
아니 이번엔 어쩜 내 차례야
너는 있어주면 돼 내 곁에만
난 네게 별로 할 말이 없지만
이렇게라도 노래를 불러
화려한 조명이 나를 애워
자기 여전히 내 맘엔 비가 내려
근데 너마저 내 맘을 몰라주면
그런 너마저 내 곁을 떠난다면

그래, 그거면 난 돼 baby
어려운 건 부탁 안 해, 내 입이
무심코 널 말하곤 씩 웃어
어두웠던 내게 와준 넌 싱그러움
Woo, 널 볼 수 없게 돼버린 후에
해봐야 무슨 소용이 있겠냐만은 후회
여전히 난 궁금해
너의 하루에 다시 자리가 있을지
못 잊어, 그 밤 고개
말해줄래 내게, 그동안은 어땠어?
너땜에 쓴 이 노랠 불러, 채워줘 객석
오늘 밤은 나와 같은 꿈을 꾸겠어",116.103,0.147,0.655,-14.409,0.328
Sailing Boat,Keem Hyo-Eun,28LXvrD3H6zb9Mfv7L5ZOx,"못 뺏어가 날 네게서
악마들이 밤새 창문에 드리워
곁에 너를 두고 이렇겐 못 디져
코로나가 왔어도 난 억은 벌어
부디 내 손을 놓지는 말아줘
나는 하루 수백 번도 흔들려
그 속에서도 난 널 그려
어쩌면 바다 깊이 잠기겠지
아무것도 난 할 수는 없겠지
때가 됨 의사 전화가 오겠지, oh
그 누구도 나를 외면하겠지
내가 이대로 죽길 바랄 테니
그 전에 내가 먼저 너를 해치워

내가 돌아갈 때까지 너는 나를 품에 담아
나 홀로였던 만큼 해줄 말이 많아
걔가 너를 대신해도 나 지금은 참아
이 파도가 꺼질 때까지 난 여기 남아
수백 번 깨지고 다시 배워
더 외롭게 돛단배에 나를 태워
눈이 감기려 할 때 파도는 나를 때려
허전한 맘을 rhyme으로 채워, yo
나를 잊지 말어 절대
너는 나를 놓지 못해
이 파도가 나를 높게
태울 때 너를 지켜볼게
홀로 외로워도 go way
이대로 멈추는 건 no way
나를 잊지 말어 절대
너는 나를 놓지 못해",143.867,0.309,0.374,-9.887,0.33
her,Keem Hyo-Eun,4I0ANQsYmQNQtlNcZFeN7o,"너 때문에 나는 좆 됐어
이제는 시발 병원에 다녀
나는 내 얼굴을 반쯤 가려
세상 소리는 좆도 안 들어
저 x들 웃음소리가 여기까지 들려
이제는 안 도망쳐
나는 너희의 기대를 망쳐
그리고 결국 노래 만들어
너에게 들리길 바라
너는 내가 죽길 바라
내가 미치 길 바라는
의사도 앞에 있잖아
내가 아프기는 지랄
그저 원한다고 사랑
술에 취해 나 오늘 밤에는
자고 싶어 쟤랑 (Woo, woo)
너에게 들리길 바라
너는 내가 죽길 바라 (Woo, woo)
내가 아프기는 지랄
그저 원한다고 사랑",82.067,0.394,0.665,-11.567,0.499
Rap Star,Keem Hyo-Eun,6NihAcG4kJ13X1gIfs0yXO,"새벽이 가고 때가 됐지 눈을 떠
내 여잔 답답한
이 품속에 간신히 숨을 쉬
어떤 앤 네 옆에서 밤새 내 꿈을 꿔
게임의 룰을 어겨
내 뒤로 붙거나 아님 죽은척 해
소문을 퍼뜨려 내 이름 내 회사
계약금은 죄다 엄마께
그저 난 집중하지 내 앨범에
걔네 사정은 참 애석해 yo
함께였지만 지금 내 옆엔
우러러봤던 형들이
모든 건 처음에
이미 정해졌었지
도훈이도 알지
내가 했던 말들
속으론 날 욕했든 말든
기다리고 있지
이젠 내 연락을
넌 아무것도 아니란
엄마의 말씀이
언젠간 그렇게 날 정상에
맘에 걸려 이걸 듣고 있을
내 친구들 너네 다
그저 난 너희가
다 행복하길 바래

Yo 내게 물어
다 가짐 행복할 것 같냐고
행복할 것 같다고
일부러 이 외로움 속에 날 가둬
느낄 수 없지 너흴 하나도
스물 넷 층 사무실 view로 바라본
내 비젼은 너무 머네
겨울처럼 차가운 내 맘은 억 단윌 버네
Seoul city 나도 여의도 도덕 형네 옆
이 생각은 진짜 불과 얼마 전에 처음
누가 뭐라던 내 거울 속엔 건방진
백 열두 가지 꿈을 가진 형들 기대에
무조건 만족시킬
생각은 없지 위대해
걍 내 친구이름이내
A M B I T I O N 쌓인
내 엄마 빚을 갚을 거야
같이 올해 안에
카펠 차려드려 좋은 데 다
구름 위 기분
그 어딜가도 마치
이제는 다 내 동네

Yeah yeah Yeah
We the am b i t i on we live we fly
힙합, 이 하나로 지하에서 tip top
진짜들만 이해 할 수 있는 얘기
효은이의 꿈 쩌는 야망 또는 패기
내기 모 아님 도 go 아님 no
뭘 하든 올인 할 자신 없음 집에 가라
누구 따라만하다 살다 넌 yaint gettin nada
여기 랩퍼들 모아봤자 겉만 화려한 가라
I aint fuckin with that fake shit
Mix it up with some balenciaga bape shit
트랩이니 붐뱁이니 그딴 말 다 집어치고
마이크나 똑바로 집어 들어 이건 rap shit
Just rap bitch 여긴 rhyme 하나 없는 랩퍼들이
리듬도 제대로 못 타면서 대중성을 섞고 있지
돈 많은 회사 하나 잡으면 성공이라도 한듯
어설픈 연예인 행세 하며 썩고 있지
우리는 그딴짓은 안 해 적어도
노예 계약서에 이름 석자 안적어도
웬만한 연예인들 보다 우린 훨씬 벌어 더
너넨 언제 망할지 모르니 바짝 벌어둬",82.142,0.812,0.819,-5.571,0.894
Shadow,Keem Hyo-Eun,2IvcuZBMpUV33KQiWkShff,"겁쟁이 새끼지 난
도망치고만 있잖아
혹시라도 멀어질까
차라리 다, yeah
내 목숨마저 가져가
너도 그걸 원한 거잖아
그렇게 너란 그림자는

아니, 전혀, 네 얼굴이 안 보여
너의 눈물조차 나는 알 수 없게
지금 내 옆에 이 여잘 안고서
난 어쩌면 그녀 품 안에 숨었네
넌 내 방안의 그림자
그래서 난 불을 껐잖아
괴롭히지마
눈을 감아도 너가 있잖아

한참을 도망쳐 부딪힌 벽 앞에
너를 마주하는 이 밤
머리가 시끄러워져 문을 닫네
그래봤자 넌 이미 안에
신경 안 썼었어, 여까지 오기 전엔
요즘에는 취하지 않음 불편해
너와 있는 게 익숙해진 게 어색해서
날 내 버리네, 줍게 되면 보내주라 어디
당연히도 초라하지 않은 밤
꿈에게 독촉 당하지 않는 낮
하늘 위로 나 긴 소풍 가는 날
여길 떠나, 그래, 거기서 봐",123.951,0.718,0.786,-6.292,0.525
Take Care,Keem Hyo-Eun,6wI32jcffEI4rbpSqv0War,"자기야, 내 손을 잡아
너는 말해, ""이제 그만""
너에게 써 놓은 한 마디
난 그 손을 놓치고 말아
마음이 떠난 게 아니야
내가 너에게 늦은 거야
넌 내게 걸지만 전화
난 또 안 받을지도 몰라
그렇게 너가 울어버리면 내 심장이 갈라져
이런 나를 지우기엔 너의 눈물이 아까워
나도 너와 그렸던 우리 미래가 정말 그리워
Woah, woah, woah",120.039,0.637,0.805,-6.503,0.577
interlude,Keem Hyo-Eun,5Y9d6O994n6x0OWU5bmIep,"돌아오고 있어줘
결국 너를 잃었어
너에게 난 빌었어
네 사랑이 그리워
아무 기억도 난 나지 않는데
너는 왜 그렇게 내게 화를 내
이미 끝이라는 것도 아는데
내게 와서 다시 한번 말을 해
그럼 널 볼 수 있잖아
마지막이어도 괜찮아
내가 다 잘못 했잖아
넌 듣고 싶지 않나 봐
시간이 지나면 날 용서하겠니
그때쯤 넌 다른 사랑을 하겠지
서로에게 우린 과거로 남겠지",100.079,0.0831,0.584,-21.379,0.591
LA LA LA,Keem Hyo-Eun,6uaGJVsuBVoGHdKNE2gboD,"사람들은 내가 벌써
부자가 된 줄 알아
근데 벌써 부자라 불림 재미없잖아
짠하자고 친구들아 걍
내 아버지와 이제는
사이좋은 부자가 된 줄 알아
짠하다고 걔넨 뭐하냐
빠동 이 새끼는 새끼를 걸고
약속한 얘기들 어따 팔고
왜 힘든 얘기를 못해 외길을 걸어
내 지금 얘기는 니 옆에 속도를
늦춘 채 뛰는 track 임을 책임은
못 져도 술 한잔 생각남 친구야
여긴 내가 산다 기분야 정말로
꿈속에 사는 기분야
꿈속에 살 수 있게 해 준건
믿음야 야 야 야
여기로 붙어라 라라라 집에서
잠 못드는 울 엄마 mama 마 걱정
이제는 편히 발 뻗어
진탕 먹고 난 뻗어

너무 떴어 너무 떴어 저 덕소애
Bubble bubble bubble bubble
Fuck that
바닥과 결혼
I was in trouble 이혼했으
콰 대신 광명 찾은 난 멋진 머슴애
2017년 여름에 나는 아마
호텔의 풀로 가는데 이골이 나겠지
효은 행님과의 추억을
위해선 참을 수 있어
우린 비즈니스보다
더한 피보다 더한
지연을 갖고 있으니 bro
구리 덕소 면적보다
우리 덩치 커졌어
성공한 덕소놈 땜에 덕소는 떴어
구리는 우릴 향해 힘줬던 눈 풀었어
평화가 오셨어 그래 우린 하나
여 해쉬스완 시간 남 구리시 와
거에서 1차 그 다음은 리 안의 PC방
티스푼이던 이 시끼 입진
서울시 속까지
퍼졌으니 돈 쓸 시간
Oh look at my wrist watch

카톡 하지마 난 신나게 돈 벌어
그들과 함께 일하는 기분 좀 쩔어
어딜가 이런 소고기는 못 먹어
So 이제 딴 건 못 먹어 소고기는
뭐 거 못 잡아먹어 놈 들은 bro
그래 내 머리 위에 창 to the 모
덕광이도 이제 곧 막 뜰 거고
나도 진짜 음악을 만들거여
들 거여 맘에
무거워 들 거여 맘의 짐들
아니 걍 둘 거여 맘에
자고 일어남 내일이
비워 둘 거여 맘을
예쁜 girl 들을 봄 무뎌져 맘은
쟤네들이 내 여자가 되면
줄 거여 맘을
라라라 라라라 살맛나
혀가 말해주잖냐
창모와 효은이가
술 한잔한다 하면
구리 덕소 모여 모여 돌다리 way
쟤넨 뭐여 뭐여 몰라 니넨",87.248,0.2,0.42,-18.827,0.164
Beautiful Life,Keem Hyo-Eun,3EZS155EgOD2EwwzXCgzI8,"기분이 좋아 그 날만
생각하며 앞을 봐
의심한 적 없어 한순간도
닿을 수만 있다면 아니 임마
형들이 이제는 날 기다려
니들 얘기도 이게 마지막이여
과건 더 이상 아무 도움도
안 돼 겨우 몇 만원 돈 도
아무렇지도 않게 폴로
매장 들어가 구경하지
온 김에 여자친구꺼 까지
내가 얠 좋아함은 분명하지
두려움과 믿음 그 속에서
결국 난 빛을
가족들의 기쁨 이제야
좀 맘의 빚을
갚을 수 있다는 게
줄 수 있다는 게
감사해 나도 이젠
그들 같은 생각을 해
잠을 깨니 내 눈앞엔
어젯밤 꿈꿔 왔던
것들이 불안해져
물론 지금 이 순간에도
Track 위 중간에서
걍 달릴꺼야 저 끝을 향해서

녹음이 끝나면 클럽에
근데 취하진 않아 절대
다음 날도 공연 기억해
내 옆에 누가 있는지
내가 볼 땐 창모는 천재지
의심 하지 않어 내 성공처럼
가까워 조금 씩 정말로 살만해
엄만 요새 아들 자랑만 해
난 정말 모든 걸 바라네
갖고 싶은 건 무조건 다 갖네
등 돌렸던 너희 마저 사랑해
때가 됨 말 할게 눈을 감은 다음
주문 같은 할 수 있단
말과 함께 멋진 나의 미랠
그려 선명하게 말도 안 돼
콰이엇 형께 부탁드린
내 훅이 방금 막 도착해
내가 봐도 참 볼 만해
니들 입장의 내 삶
그러니 너도 시작해 봐
몹시 나에겐 아무것도
아닌 내딛는 첫 발
저 멀리서 방금 또 섭외 전화",135.03,0.909,0.86,-7.372,0.947
Hit Em Up,Keem Hyo-Eun,2xvIbjW9O2lCHkSSqEYIPy,"나갈거야 지옥 같은
숨 막히는 이곳에서
죽어가는 나를 위해 기도해 줘
온몸이 뜨겁고 잇몸에선 피가 나며
지독해져 절망적인
비극의 역한 냄새가 위독해
영혼마저 간신히 깨워
꺼져버린 내 안의 빛을
계집들 속옷에 깃든
내 숨소리조차 제 기능해야 돼
지금 여기 나를 끌어내리는
좀비 같은 새끼들과의 타락의 리듬
충분히 다 봤지 니 여자와 재미는
들리냐 내 목소리가 하 하 모조리 다
차라리 침이나 뱉기를
이곳이 내 무덤이라 생각한다면
Uh 거짓된 웃는 얼굴이나
가다 넘어져 갈아버려
너는 크게 될 거라던 머리 좋은
그녀가 내 걸 빨아줬어

난 그 지옥 같은
늪에서 몸부림쳤군
동료의 썩은 주검을 먹는
구더기들의 천국
그곳은 속물 같은 것들끼리
몸을 섞은 대가로 얻은 성공을
늘어놓는 구정물
욕심에 일그린 표정은
화장 따위로 가리고
어색해진 낯으로 선택지를 맞닥뜨려
따를 결정은 항상 기회주의가 바탕
볼품없는 계약서를 장착하곤 위풍당당
여전히 달려드는 수많은 불나방들
벌써 비열함부터 갖춘 어린 악마들
자기들 딴에 한 번 잘해보길 바래
일단 맛을 봤다면 절대
과거로 돌아갈 순 없다네
대신 난 기대를 접어두겠어 완전히
애송이들이 싸지르는
난장판의 뒤치다꺼리
지긋 지긋하지 멀리 거리를 둔 채로
높은 데서 살피고 두들기지 두 배로",95.192,0.807,0.815,-3.778,0.818
FOREVER,NO:EL,2tct7pqRDHjt103WB4sNGR,"영원히 너를 사랑할 수 있다면
내 모든 것을 내려놓을 수도 있을 것만 같아
영원히 산들바람 속에 웃고 있을 수만 있다면
내 모든 것을 포기할 수 있을 것 같아
오 다시 돌아와 나 처음으로 나는 도대체 누구 여기는 도대체 어디
빛나는 동공 사이로 나 시작했었지만 이젠 너무나도 아파
내 발걸음이 무너질 세상의 끝이 다가오는 게 난 보이는데
겁먹은 걸 감추려 위험한 불장난질을 해
죽어있던 거야 영원함을 못 믿었을 땐
어차피 떠날 너희들이 너무 미웠을 땐
내가 판 무덤에 떨어졌던 그날에
간만에 본 하늘이 그제야 더 아름답네
눈물이 가려 흙이 덮여 심장이 멈춰
추억이 날려 꿈이 접혀 깃발이 꺾여
첫숨 터져 나왔어 심장이 뛰기 시작해
눈앞이 보이게 됐어 손 뻗어 너를 나는 잡아야만 해
첫숨 터져 나와 심장이 뛰기 시작
눈앞 보이게 돼 손 뻗어 너를 나는
잡아야만, 잡아야만

우린 시간을 살았고 이미 넌 완벽한 작품
사랑은 필름처럼 돌려 나 널 계속 보고파 자꾸
그대 입에 초승달이 걸릴 때가 좋아요
두 눈에 별빛이 내 우주 같아요
내 무릎에 누워 망가진 머리를
숨소리로 내 영혼까지 들썩거려줘
머리를 맞대고 나를 들여보내줘
널 향한 생각에 맘들은 불안한 것들을 일일이 수놓아줘
내 떨리는 안정감을 네가 이제는 안아줘
내 속 안을 들여다보고도 사랑해 줘
뭐가 있을지 나 모른대도
첫숨 터져 나왔어 심장이 뛰기 시작해
눈앞이 보이게 돼 손 뻗어 너를 나는 잡아야만 해
첫숨 터져 나와 심장이 뛰기 시작
눈앞 보이게 돼 손 뻗어 너를 나는
잡아야만, 잡아야만",159.962,0.444,0.635,-11.772,0.758
Damn! (Feat. Black Nut),NO:EL,1fkgcLWZQkLzFBrm1TAx0z,"Rapper들 반 이상은 못하니 rap
이 님이랑 television에 탔네 한배
Rapper들 반 아니 백 다 해라 건배
내 이 븅신들이랑 get money top 100
Rapper 아니 귀때기 좆박은 얘네
덕택에 돈 보여주라 7, god damn it
Rapper 아니 그래 반년 쉬었더니
내 16이 오르가즘이래 빡 때리지
Boom, 바로 나의 등장, ouu
투, 뱉어 계급장, fool
Brr, 3류 아마추어 flow
또 내 clone 가져다가 붙인 hip-hop crew
피리 Suwoncity copy 하지 소리
가짜 새끼 flow 가져다 빌림 언제까지
우린 이미 다른 city, copy 하기를 이거까지
우리들은 다 이미 구림, 처먹어라 Bon appetit

Okay, god damn it
갓대웅은 부었네 간때기
갔대 맛탱이, 닥쳐, 빨어, 내 막대기
너네 오빠 싸대기 앞에 난 박세리
다 제껴, 니 할애비 과거처럼 나는 앞잽이 (Uh)
Rap so tight like 이국주 란제리
I wanna get ice on me, 마치 박대기
Rap 하지 말래, 고작 했다고 딸 얘기
걔 이제 rapper 아니니 딴 얘기 (Uh)
Ice on my wrist 대신 팔에 수갑 둘러
팔을 묶음 뭘 해? 내 머리 끈 풀린 불독
억을 벌다가 올핸 못 건졌어 한 푼도
봐, 난 다 걸고 탄다고 내 flow (ay)
Fuck your rapper, 난 걍 계속 깔래, 마치 박재범 웃통
NO:EL, Black Nut, 합정에서 매일 해, 운동
곧 홍대로 출동해서
Deep throat처럼 조여 rapper들 숨통
번 돈 다 뺏겼어
법원 가 개겼어, 나 혼자만 rapper (Ay)
안 쫄려, 덤벼, what?
'YG 해결사' 내 변호사 별명 (Ay)
걘 계속 감성만 팔구
어쩌라고 듣고 자란 Eminem만이 내 변명 (Ay)
밥줄 다 끊겨도 내 할 말해
최고가 못 되면 차라리 될래 난 최악이
Rap 하면 할수록 느끼는 하나
그냥 한국은 졸라 큰 딤채 (Whoo)
성숙은 개뿔, 걍 너넨
갈수록 숙성 돼가는 김치's (Okay)
못 되나 봐 나는 Beenzino
뭘 해도 걍 쟤네 눈에 난 미친놈 됐어
걍 내 식대로 해서 다 밀치고
MC들 중의 MC 될래
마치 쇼미 김진표, bitch",99.977,0.948,0.566,-2.962,0.204
Dumb,NO:EL,4c6aB1I4DOSweH2DXaqefZ,"I go dumb on this niggas, I go dumb on this hoes
I'm a smart motherfucker going dumb with the blunts
I go dumb on the verse, montego dumb on the beat
I got your girl in the booth she going dumb on the knees
Go against me is you being dumb
I live the silent, like the b in dumb
The track is the blunt I'm just sparking it up
I'm the best period it's that time of the month
I'm looking out of the suite like yeah I camе from the block
I'm going dumb with this last real niggas I got
I'm going dumb on the mic, thеy going dumb on the pots
Different stove same fire what we're cooking it hot
I said a couple niggas hate, but women show me love
If I die having fun, just bury me in the club
Hahaha what's my name? C-H-I-P
You can catch me in your city going D-U-M-B
Let's go!

I go dumb with my funds
My money dumber than blunts
I go to Amsterdam for good, they go to London for fun
I got a bad British, she say I'm second tonight
I'm cut it off in her lung and yeah nigga still I come
She say love the way I talk
She going on where I'm from
I'm a say the cater where the neighbors
Even when I'm from your crumbs
And if It's painful to be me then I' trying get some
I'm talking ball us, but I'm [?]
The Rolex with the [?]
Smoke droke by the feel, I'm talking go post to go post
I'm so blow I'm in slow moe
I'm [?] but some dope hoes
If it ain't then she grand [?]",113.589,0.395,0.697,-13.58,0.876
I'm gone,NO:EL,4Ka1Xvh5Xpl5gaqyB44xg2,"I die five times
I die just right
Make me pay for fucking up the rest of your life
Nice, nice, nice, nice-

Strobe death my way
Caught in the flash and I'm gone
And I'm gone
And I'm gone
(The dark world we hide, run, run, run)

Roadkill highway
Next to last day
Hit the concrete
All new life after you hit delete
Please!

Altered species
I'll be your nightmare",95.596,0.205,0.515,-13.385,0.314
Flower (Feat. Benzamin),NO:EL,50w1OKviRH6Mgf7JiQ0DkB,"They say you want love
You're  like an evil flower that the cattle will crush
As  you walk on by
They say you don't bleed
You're like an evil flower that the cattle will crush
As  you walk on by

They say you want love
You're like an evil flower that the cattle will crush
As you walk on by (Evil flower)
They say you don't bleed
You're like an evil flower that the cattle will crush
As you walk on by (Evil flower)
That the cattle will crush
As you walk on by (Evil flower)
That the cattle will crush
As you walk on by (Evil flower)
That the cattle will crush
As you walk on by (Evil flower)
That the cattle will crush
As you walk on by (Evil flower)",196.78,0.361,0.486,-7.682,0.5
Cold winter (Prod. GRIO),NO:EL,05rtraXV60p22qXHmy2Agu,"Do you even really want me?
I've been tryna figure out
I pull the blade through my skin
This medication knocks me out
You know I'm really sorry
Don't even know what I'm talking about
It's all in my head
Don't even try to help me now
Do you even really want me?
I've been tryna figure out
I pull the blade through my skin
This medication knocks me out
All these drugs in my system
Don't try to give me Narcan now
I know you never cared
So just get rid of it",160.017,0.359,0.719,-10.807,0.617
FML (Fuck My Life),NO:EL,2qyMzR8K97gkb28IX8DAWv,"Nice to know ya (Nice), even better to see (Oh yeah)
Misses Florida, mysterious as me (Yeah)
California (Cali'), you can't compare the two (No, no, no)
Been there, did that, this a tap, like, what are we supposed to do?
And you say

Like it's a long vacation, Sunday to Saturday
Some days I get away
And the next, you convince me to stay here with you
I been here ever since you'd say
One location, one place unlike the same
One day I'll get away
And the next, I believe I could stay here with ya
I'll be there whenever you say",150.046,0.797,0.555,-2.265,0.159
asteroid (Feat. MELOH),NO:EL,2r2v5xpRJe4hdAdC8FRHeB,"Can we keep it on the low right now? Lights out
Told her, ""Baby, pipe down, no sound""
It's a total blackout, pop out
I'ma tear the house down, strike out

She sayin' that she sick of my shit
I don't take critique from a bitch
Seeping from my wrist to the floor
Cold light leaking from the door
Razor wrapped in tissue, give a little more
Turn into a product, feelin' like a whore
Yeah, I'm drunk as fuck, can we just fuck?
Girls like me get addicted to the gore
So pathetic and intense, right?
That’s why I don't have, like, any friends, right?
That’s why I've been late to evening plans, right?
Shorty, I been up late, howlin' at the moon
Didn't even rise 'til about noon
You don't wanna see me in a bad mood
Take a lil' bite if I have to
Stack the fuckin' bodies, gettin' ran through",116.947,0.158,0.391,-16.181,0.175
Immature,NO:EL,5skNVWTumifJA4RNVB6Xj9,"Uh
You seen me moving on, I bet you was salty
You think ‘bout Target when you working at Aldi’s
I know you hate to see another bitch on me

You made the wrong choice, you starting to regret
That new nigga dick so wack, got you upset
I be up on my shit, I’m starting to flex
I be up on my shit, you see how I flex
Yеah, you really failed the tеst
I seen yo’ other option, can’t compare me to the rest
I hit it with no hoody on, you say it feel the best, yeah
You say it feel the best, yeah",94.027,0.507,0.716,-11.073,0.707
Celebration (Prod. By Minit) (Feat. Jhnovr),NO:EL,5JSsQNaAVNYAmjZex0jC4X,"이번 여름의 열기는 뜨거웠고
내 두 번째 가족들은 다 부자 벌어 like a uh
마지막 겨울을 보내고 있지 난 곧 졸업
하고 다음 년의 drop top 불가사리 위 flexing 이건
구라가 아니지 뻥도 아니고 바보야
속된 말로 내 인생 개쩔어 기분 최고야
사장님이 말해 ""내 새끼 뭘 해도 되고 막""
Shout out to Loco형, 윙가르디움 레비오우사
이제 내 앞에 니가 있어
6개월의 고생 니 어깨 위에 다 털어야겠어
막지 못해 우리 눈앞엔 이제 아무것도
18년 동안 쌓은 마일리지 한 계절에 pour
보고 듣고 알고 따지지도 말아
파파라치 카메라 flash 셔터 소리 찰칵
나 같은 새끼로 사는 새끼가 내 새끼
새끼 말고 네 번째 가락에 믿어주기 바람

환호성이 터져 나와 여기저기로
Tony Montana, 빡시게 번 다음에 adios
시마이치고 싶어 서울은 탁하니까
새 택은 뜯은 채로 입어 내가 다 살라니까
왤케 다 꼬치 캐물어 니가 대신 살랍니까 내 생
아 댁은 대체 누구 절대 안 판답니다
한자리나 꿰바라 이 꼰대 팔랑귀야
Party we celebrate 아무것도 늴리리야
Woo, yeah, red boys, okay
Cozyboys, Indigo 잔을 들어 건배
Woo, yeah, red boys, okay
Cozyboys, Indigo 철 안 들어 평생
Woo, yeah, red boys, okay
Cozyboys, Indigo 잔을 들어 건배
Woo, yeah, red boys, okay
Cozyboys, Indigo 철 안 들어 평생",120.763,0.782,0.857,-5.633,0.899
Seoul (Feat. Huh),NO:EL,6amJOWamF7tolut1VJcM8N,"칠년을 돌고 돌아서
나에게 남아있는 것이 대체
뭐냐고 물었어 to myself
The most hated
개 모순적으로
동시에 most wanted
일그러진 채로 시작된
삶이 너무 싫었어도
도망가 보려고
발버둥질을 쳐봐도
마음의 재산은
기초수급자만도 못해서
낭비했었다고 다
지나고 보니 다
이 레퍼토리 지겨운
놈들 이제라도 내 삶에서 좀 꺼져
들어주는 건 바라지도 않아
지킬 게 너무 많아져서
즐기지도 못하겠다
눈떠보니 여기
얼떨결에 자수성가
생일 땐 일 겹치네
서운하긴 뭐 다 그렇잖아
내 첫 앨범 뺏은 넌 인간
취급하지도 않아
꿈 팔아 쳐먹은 돈으로
나잇값들 좀 하고 살아
탈출구라고 믿었던 양아치들뿐인 이곳에서
이제 이사를 준비해 멀어지고파 Seoul

Ay, yeah
빛이 나는 곳
내 동네는 날 담을 수 없다고 느낀 나는
떠나온 거였어 서울로
철 지나서 철들기는 곁엔 결국 아무도
친구도 여자도 큰 야망에 가려서 저물어
나 첨으로 꿨었던 꿈에 가까워지나
한 점으로 그게 이거라면 안 할 거야
그냥 척으로 남들처럼 성공을 바랬던
어린놈으로 남을래 그럼 내 삶 다시금 돌려줘
월세로 이백 내면 남는 게 있나
내 사랑 놓친 뒤로 손님 거의 fake thot
어차피 술 처먹고 늦은 저녁에 인나서
기어 나갈 거라면 대체 왜 난 서울에 있나
내 생일은 이제 내 기쁨 아니게 돼
내 죄마저도 나 혼자의 것 아닌 게 됐고
근데 왜 실패 그거 하나는 내 책임이래
시발 다 가져갈 거면 이것도 나누지 왜",111.113,0.315,0.588,-14.32,0.562
Juice,northfacegawd,4ZNzJW10hjSdISfQs8M1s2,"어깨 힘 딱 들어간 너의 발목을 까 (Tra-ta-ta)
3대 오백 전사 새끼야 이거 진짜 총이야 (Tra-ta-ta)
너의 요즘 걱정은 청년 실업이야 (Nah)
자신이 없는 네가 찾는 비뇨기과 (Nah)
네가 나를 못 이기는 이유 실력이야 (Pow, pow, pow)
남녀노소 감동을 준 필력이야
She keeps on callin' me 그건 미련이야 (No)
돈을 줄게 이건 너의 치료비야
두 개의 심장 lil' 지성이야
계속 달려가다 보니 거의 지진이야 (Mmh)
수입이 달라졌어 이거 필립이야
새 차를 알아봐 가격은 1억이야, let's go!

Northfacegawd형 지성이면 감천 (Wow)
어느새 보니 여긴 짜바리들이 판쳐
짜바린 나가리 억울해도 그냥 아가리 닥쳐
뭐 그리 억울해 너네를 족쳐 깡그리 다 다 다 다
가진 것이라곤 돈과 돈색 머리
이런 내가 너 사랑하면 안 되냐 like 최민식 (Mmh)
오늘은 우리 둘의 랑데부 like 권민식 (Mmh)
멍청아 네 얘기 아녀 그녀가 아니라면 제발 사려 (Zene the Zilla, haha)
올백 그건 내 멋 점수, mama, I made it
I'm so juicy, juicy, juicy 미닛메이드
I'm so juicy, juicy, juicy, Juicy J
Bang-bang-bang-bang like Jessie J",130.018,0.576,0.735,-10.496,0.847
in the club,northfacegawd,7CBgN7DtI8FyZkGpKferGK,"Tonight looking for my boo
Peepin lucky guy 누구
제일 귀엽고 핫한 애로
골라보자 네 크루
멤버 중에 pretty boy
너 좋으면서 왜
자꾸 숨기려고 해
아 진짜 킹 받게
원래 몰라 빠꾸를
머리 아파 아무튼
직진만을 원해 썸이 뭐야
I don't understand
이건 미친 잔치야 (Yes)
준비해놓은 꽃다발
맛있는 거 옆에 맛있는 거 (Yummy)
Dinner time

내길 걸어
좀 멀어도 (Yeah)
벌어 (Yeah)
그냥 털어 (Ha)
더 묻지 마 굳이
남다른 내 뿌리 (Yeah)
Tap, tap, double tap on my gram
인정할 수밖에 없어
내가 하는 god game (God game)
진도를 speeding up 달려 빨리 (Yeah, ooh)
엔진은 뜨거우니 let's go party (Ah)
채워 너의 fantasy (Yeah)
기어 바꿔 put the stick (Woah)
D to the p
뭔 말이냐면
Yours in my p

몇십만 원에 다 목숨을 난 걸었네
So 한 달 만에 몇천만 원 벌었네
When you see me in a club
제일 turn up 해
그녀가 내게 말을 걸어 더럽게
그녀는 너무 nasty 해
어쩔 수 없이 그녀를 내 집에
그녀는 내걸 매립해
그녀는 깜짝 놀라 나는 men in black
그녀와 나의 사랑의 빠떼루
떼굴 떼굴 떼굴 떼떼굴
막 굴러 못 말려 그녀 고집
Feel it like i'm dbo
난 사랑해

꽃 찾으러 왔지 우리 집
꽃 찾으러 왔으면 꽃 가지고 꺼져
상구형은 말해 계속 정교하게 하라고
넉살형은 말해 계속 무식하게 가라고
누구 말을 들어야 돼 그냥 내 식대로 간다
간다 간다 간다 간다
와 다다다 다다다다
통장에 꽃 폈다
눈 돌아가 다 썼다
여우 같은 놈들 gaslighter
네 편 인적 없어 난 늘 남편 남편",116.972,0.701,0.679,-3.646,0.0511
Bank Account,northfacegawd,0uql5xBCTyBjkNOw8xRczp,"여기 이리 와봐 여기 내 옆으로 와봐
문신으로 욕한 새꺄 여기 내 계좌 좀 봐봐
얼마 전까진 알바 머니
근데 check my bank account
네 피해 의식이 쌓여 내 바지는 계속 내려가
I just wanna smash on 'em 내 손으로 다 밀어
팔로워수처럼 변했어 통장 뒷자리도
몇 달 후엔 성우처럼 백화점 돗자리 펴
너나 피워 담배 나는 피고 있어 zario
8년 걸렸어 이제 너도 나를 알아
꾸준함이 무기라서 주댕이가 하마
한심하게 봐 가서 거울이라도 봐봐
정글이었다면 너는 못 만들어 아마",75.016,0.346,0.884,-8.228,0.376
Ballin',northfacegawd,4uhT2TiiHrY0OAJIqt6h9U,"Me 'n' my team, we ballin' (Bih)
'Preme, Northface on my body (Bih)
우리 전부 다 모인 자리
돌돌 굵게 말아서 돌림
정말 부드럽다 니 손이
발로 까 기다란 니 다리
너 빼고 다 신나는 파티
Pop a bottle, pop a molly (Molly)
Smokin' loudest loud, bitch, I'm high as kite (High as kite)
Countin' on my guap, all 신사임당 (신사임당)
I'm rollin' with my squad while you fallin' down (Fallin' down; Paow)
Fuck all of the opps, never slowin' down (Slowin' down)

Me 'n' my team, we ballin' (Squad)
우린 아무랑도 할 수 없어 fuck with (Fuck)
우리 인생 그냥 현금에다 all in (Pew-pew)
우린 물러서지 않아 그냥 직진 (직진)
우린 돈 앞에서 너무나도 잔인 (잔인)
우린 돈 앞에서 저지르지 살인 (살인)
You know we can never trust nobody (Yo-yo)
And we don't really need nobody (Squad)
난 트루진을 입고 페레가모 벨트를 차고 있어 (Few, few; 차고 있어)
지금 내 침대 옆에는 네 여자가 자고 있어 (자고 있어)
Bitch, I wanna fuck but I will never kiss her
난 친구들이랑 외쳐 Fuck the police officer",130.075,0.913,0.724,-6.04,0.584
Papi,northfacegawd,2p8l8Fl0SD6QFoO6lrEdmR,"Next up (Next up)
Yeah, I'm feelin myself, I already know I'm next up (Next up)
쟤넨 가볍고 나는 무거워 맷돌
눈 두 덩 이 넘 무거워 맷돌
한자리에서만 굴러 맷돌
난 내 선에서 해결하려 했어
너넨 진작 지쳤잖아 애써
구린 니 노래 아끼다가 똥 됐어
너의 약점 이미 눈치챘어
옷이 너무 많아 I know how to dress though
눈깔이 돌아가 난 이럴 때만 개코
절대 못 돌아가 개그지 그 때로
9인승 승합차 시트 다 뗀 채로

I put my city on the map
I'm with my crew, with the gang
We have a party over here
못 이겨도 질 수는 없는 게임
2년 까먹어버린 virus, 악감정과 찢어발긴 달력
수갑만 안 찼지 여긴 감옥, 이 답답함에 피가 말러
Get up in the morning, I take drugs first, first
That shit make me thirsty
손가락엔 다이아 목엔 rocking pearl, pearl
And pop a lot of perky
약발 떨어지면 땀이 뻘뻘
지금 내게 필요한건 **
Gucci on my feet I'm like burr, burr
이 가짜들은 내 앞에서 쩔쩔
매-지, 이 ***, 암만 발악해봤자 넌 퇴물
Hopped up out the bed, I turn my swag on, swag
Brag I like to brag 온몸을 덮어 다 쌔 거
They see me blowin' up too fast
Too fast, too fast, leggo

**하지 말고 절로 꺼져
돈이랑 같냐 이게 빚을 털어
왜 넌 자꾸만 계산이 틀려?
또 시간이 지나면 중요한 게 달라
The baby try'na make me look I lie
(but I ain't lie)
You know I turn up everyday
'Cause I need to dash
(니가 버려야 했던)
자신이 없는 상태로 흥분해
(집에 가야지)
시간이 하나 둘 세시 네시네
(빠피)
거울에 자신을 보고 I don't need no style
눈을 감아서 과녁을 보고난 다음
내가 망상을 했던걸 실행한 다음
You know that I can make no doubt
생각을 해보니 I gotta eat this town
I think I need to keep it down
어제보단 오늘이 나은 거 같아
I'm working for the skyline",130.002,0.898,0.683,-6.746,0.276
Drive,northfacegawd,05LEAYtwPBmiWTQhQJesUz,"책임감을 느낀 유부남
음식을 올려놔 내 식탁
본 적 없어 힙합 엘이 게시판
왜냠 나는 소중하지 내 시간

손잡고 야채가게 가서 샀어 big broccoli
서로 먹여줘 주거니 받거니
주어진 게 아냐 네가 사는 삶이
넌 언제까지 슬퍼만 할 거니

또다시 밟아 내차 페달
내 옆에는 이쁜 아내 길쭉한 개가
우린 말이 잘 통해서 계속했어 대화
돌돌돌 말아 마치 케밥

자고 일어나 보니까 밤
와이프한테 디지게 혼났다
눈 깜짝하니 바뀌어버린 차
여기서 가장 먼 곳까지 드라이브

휴게소에 들려갖고 또 간단히
하나 찢고 나서 라면 한 사바리
그녀에게 지갑 보여주고 나니
언제부터 걱정하지 않는다 밥벌이

해가 지고 있어 조수석 옆 동해안
숨을 들이쉬어 마이바흐 내 세단
시간은 흘러갔고 살아있음을 체감
돌돌돌 말아 마치 케밥",90.565,0.792,0.645,-7.34,0.666
Hammer,northfacegawd,7oxftyRN2AbI0a3QRvtIp3,"웃어 난, Swoosh
배신했던 새끼들은 처먹어 Scoop (Skrrt)
SB SQUAD (Hey)
모이면 체내에 투입해 Snoopy (Snoopy)
Need no lootin'
다리 밑으로 지나갈 땐 keep scoochin' (Scoochin')
Bitch, I never lose, 하늘로 날아버려 난, Canada Goose
Mask on (Oh shit), mask on (Skrt)
벌레가 너무 많아갖고 불러야 해 세스코 (Brrr)
형의 Nike 물려 입던 놈이 사버려 일시불로 (Oh my God)
내가 안될 거라 했던 새끼들
전부다 나를 모셔라 boss로

수시로 Swoosh로 감싸, 내 몸뚱아리
스시로 끼니를 해결해
이 쑤시고 후식은 cake, cake (Cake)
돈이 안 되는 거는 백해무익
매캐한 연기로 채워버려, 내 폐
너무 높아서 너넨 못 봐, 내 패 (Nah, ZENE THE ZILLA)
흠, ITX 뭐시기, 모시끼
ZENE 시끼 멋이 기깔나 (쌈뽕)
이리 와서 보시길
여전하게 돈색이 내 signature color
내 오른목에 승리의 여신님을 (Ay)
내가 따버렸다는 소식이 (Ay)
들릴 때쯤 나는 이미 훨씬 위 (Ay)
마치 Air Force 1 (Oh)

Play ball, 심판 불어봐 whistle
아직 없어 난 label, 네 개 목줄은 안 채워
그래도 언제나 돈이 최고
내 계산기 정확해, 새 거, right
더 볼 일 없어, 얘 데리고 가
여전히 I got money on my mind
벌었네 시간, 이 바닥엔 여전히 피라미 밖에
난 다시 rewind, 인마 back to 내 시간
더 멍청하게 많은 시끼들이 나를 걱정하네
Fuck you bitch, 네 앞길이나
얼른 갔다 오기나 해, 국방부가 너흴 애타게 기다려
그건 너희 차례
노원의 까리 내 앞에서 비켜 (Huh)
새 Nike 두 발에 신겨 (Huh)
네 연락 어차피 또 씹혀 (Uh)
두 번 말하긴 난 너무 지쳐 (Okay)
내 outfit 말끔히 씻겨
그 담에 거리로 나가서 난 불 지펴
Swoosh flow, 넌 또 찢겼으
친구야, 열 좀 식혀 (Fuck)

Yo, 내가 못 먹으면 시바 아무도 못 먹어
Yo, 악마는, 아니, Paul Blanco는 Prada를 입어
근데 내 Air Force 존나게 dirty, man I'm from the mud
근데 이 새끼들은 다 cap 하고 cap 하고 cap 하고 cap 하고
Yeah, 알다시피 내 출신은 Blockaz
200$면 사 (Boom)
이 가방은 fashion이 아니야
Like Baka 가방 안 (Boom)
돈 세는 기계 필요없다
거리놈은 손으로 세 돈 (손으로 세)
부자가 되지 못하면 난 걍 거지로 뒤져, man

Back then I made do it now Damndef
Rap on U-G-R-S ting from 덕소
검은 Nike와 'Preme My outfit
하지만 앞길의 Colore e rosso
꿈 꾸는 거 자유랬더니 멍청한 새끼들
인생에 테두리 치고서 fucked up
내 입에선 풉, 법칙에 중지 올리고
타 Swoosh처럼 우상향곡선
난 실패 몰라, 해도 반의 반쯤
성공한 거라 치고 말지, Bombaclat
날 판단할 수 있는건 오직 판사 뿐이고
그도 내가 쩔어줌을 선고하지
같을 수 없어, 우리 시간의 가격
독기로 찬 충혈된 눈 빛나 섬광같이
담배 연기처럼 움직여
You can't touch me like MC hammer, 거의 유령 같지
누벅 헤진 Jordan 신던 인천 새끼 첫 유럽은 tour로
피 묻은 Back Force 신던 덕소 아이
피마원 Force는 피색 logo
알 수 없는 앞길의 방향
하지만 Nintendo처럼 노선 스위치 하지 않아
Talk less work more, 말했잖아, don't care
의심 없어, 나의 가능성에 대해, just do it

(Bition Boys)
누군가는 말해, 내 가치는 거품
쫄리는 애들은 뒤지셔 (Yuh)
10년이면 난 부동의 선두
그건 복리 때문이 아냐 (Shit)
새끼들은 보이는 게 전부
차라리 난 사고 말래 그걸 품은 기업을
이런 나도 쳐박혀 버려 가끔 (Bition Boys)
Baby, 나는 니 눈에 보이고 싶어 망나니
그런 너에게 마저도 사랑을 못 배웠지
그런데 나는 적어도 아니니까 개 그지
부끄럽지 않아, 지금 니 앞에 내 모습이
한 탕에 수 백, 더 불러 볼래, 더블로
꼰대 새끼들 렉 걸려, 버벅 대, 어버 버버
내가 받는 pay, 나의 몸값의 반의 반의 반의 반도 안 돼
쟤네들은 반에 반도 받음 안 돼, woah

내 신발이 너무 더러워
난 그냥 하나 더 사
내 차가 Nike에 보이면
직원이 가져와 Air Force One
근데 진짜로 이걸 왜 버리는지
물어보면 새꺄 그럼 집에 가져가던지
Northfacegawd big sauce, 하지않아 하소연
색맹인가봐, 노란 지폐밖에 안 보여
돈 벌어서 렌즈 삽입, 앞이 너무 잘 보여
평소대로 했드니만 연락 왔어 창모, oh",180.008,0.878,0.486,-3.068,0.205
Still,northfacegawd,53gFdsVnLioucropJOrUA6,"돈을 벌고 쓰고 벌고 쓰기에도 바빠 난
너의 이름 뒤엔 선생님 내 돈을 갚아라
천따리가 아니면은 빼 나의 발바닥
한방에 knock out 신사답게 참다가

내 여자 나의 가족 건드려서 못 참아
옳고 그른 건 모르겠고 난 더는 못 참아
모두 기분 좋아 보여 근데 너 혼자만
세상 비관적인 표정으로 날 보잖아

I said 벌고 쓰기에도 바빠 난 안 멍청해
월세 걱정하던 놈이 세금 걱정해
한참 잘나가던 너를 한참 전에 역전해
너는 내가 변했대 나는 여전해",134.714,0.315,0.485,-11.599,0.425
Fufu,northfacegawd,0DGIP538fbWjxY5qFFPWis,"오늘 나의 눈에 띄는 벅보이는 죽음
Don’t you try me 안보이니 나의 근육
문신하고 귀를 크게 들어나도 순수
근데 이리 보고 저리 봐도 너는 fufu
Fufu, you the biggest fufu
너랑 나랑 절대 안될거야 승부
졸아갖고 도망가는 뒤통수에 콩푸
둥푸 콩푸
작지만 내심장은 커 마치 중국
너를 그냥 마셔버릴거야 마치 국수
자가 점점 빨라져서 이젠 맨날 부를 부릉",180.11,0.866,0.727,-4.48,0.891
TROUBLE (Prod. Slom),Don Mills,5UJTNrW72ZMubW2wKBf8g2,"시간이 필요해, 다름 아닌 쉬는 시간
그게 쭉 쉬겠다는 헛소리는 아니지만
왜냐면 움직여야 한 달을 버티니
고지서에 출렁이는 심장 찌릿
두꺼비집 차단기 내려버려
숨만 쉬어도 나가는 돈, 지갑은 너덜너덜
그 순간 마누라가 건네주는 말
""척하지 말고 착하게 살아""
정신없어, 당 충전
인생은 설탕 각이 졌다는 말이지
여기가 어디라고 떨어대냐 민폐
운 없으면 나가리, no cap, no 핑계
Wanna chill, 적게 work and get money

침대 위로 녹아내려 시간
쉴 틈 없이 또 네모 속 세상으로 나를 밀어
두 시간을 더 써 이 사진 저 사진 또
뒤지다 비싼 걸로 pick 후 네 profile로
보여지는 날 믿지 말어 제발
나도 화면 속 너를 믿지 않으니까
솔직함은 지난 유행이 됐지만
Wait, 왠지 오늘 같은 밤엔 그립네, huh
아무도 몰라 내 속마음과 내 모습 사이에

Northfacegawd Northface 매장에서 몰라봐
협찬은 커녕 일주일 전 골라 놨던 티 쪼가리 하나 살까 말까
비슷한 거 있다면서 위로하고 돌려놔
참 야속하다 시대가
딛으려고 보는 곳마다 지뢰밭
기회는 올 때마다 나를 자꾸 피해가
가족들 말곤 나를 찾지 않는 cinema
인터넷 속 가십 아님 말고
착하게 살아 봤자 손해 봤고
돈이 없는 너는 화만 많고
나쁜 놈이 결국 돈이 많어
내 집처럼 편안하게 있으라네
그 말을 듣는 순간 불편해져
난 다시 반지하로 돌아와서 곰팡이 핀
제습기를 틀어 놓고 들어왔어 이불 안에

문제가 생겼나 봐 어린 그녀 뱃속에
스물둘 여대생은 떨리지 손이
병원 문턱 앞에서 얼어붙은 발
결국 돌아선 그날 되기로 했대 어머니가
날 때부터 꼬인 탯줄 없어 money가
아빠 집에 잠시 맡겨진 난 골칫거리인 아이
어차피 떠날 앤데 뭘 사줘 벅스버니
양육비는 주지도 말아라, 뭔 소린지
알진 못했어도 느꼈어 난 trouble
날 데리러 온단 엄마 믿었지만 조금 이해가 안 돼
대체 왜 이렇게까지 사서 고생을 하면서 약속을 지켰을까
너보다 중요한 건 없단 말에 애써
눈물을 참았어 일산 가는 차 안에서
여기서 내려줘, 도착했어 거의 다
이 노래가 끝나면 데리러 갈게 엄마

문제 생겨, 그럼 바꿔, 나의 계획 밑에 계획도
Double trouble 나랑 있음 만들어 모두 animal
디비디비딥, 마법에 걸린 듯이 dip
나 혼자 살아남아 live vida the way it should have been
먼지 쌓인 스피커, 혼자 작업실에서
누군가는 여기서 숨을 쉬고 있어
컴퓨터는 일체형 모니터가 달렸어
근데 외로운 건 절대 풀리지가 않아요",173.352,0.424,0.325,-12.733,0.494
"CHAMELEON (Feat. SUMIN, Dbo) (Prod. SUMIN)",Don Mills,7CP1u7vb5Yyj9qz2e6Ulnk,"어 그래 나 변했다 뭐
니가 뭐를 보태 줬다고
니가 뭔데 말을 저따구로 해
내 승질 건들여 그땐 그냥 되는 거야 꼰대
넌 또 뭐냐 뭔데 갑자기 전화
혀는 풀려서 얘 진짜 왜 이러는 거야 정말
내가 있잖아 기억 하나도 안 난다고
그래 어쩔 건데
야 나 던밀스라니까 몰라? 나 어깨 깡패
신발 끈 묶는 너랑 달라
계산대로 제일 먼저 걸어가
나보고 변했다고 하는 넌
내 본명 혹시 뭔진 아냐고
모른다면 이젠 알만 해
계속 변할 거야 난 카멜레온
유연해진 내 멘탈 유명해진 것도 인정
건네 너의 귀에 적어도
너같이 비굴하게는 난 안 변해

이 새낀 누구야 대체 장실 거울 속에
죽일 듯 째려보네 Huh 바짝 마른
Face uh 여전히 내 밑에는 bass uh
달라진 냄새 Uh 정확히 이 년 새
옷을 대충 걸쳐 입어
다 까진 구두 구겨 신고
Back in the stu 난 움직여 move
구렸던 기분은 저리 치워
Uh, uh 형들 저길 봐 쟨 아직 개소리를
변했단 말에 난 걍 고갤 끄덕여줘
평생 해 손가락질
나의 지갑 네 뱃살보다 thicker
맨날 했던 짓을 반복하는 짓
재미없어 닥쳐 줄 순 없는지?
바보 같은 소리
답도 없이 고인
물 안에서 놀긴
난 uh-hmm
움직여 조용히
알맞은 색 위로, 내기할게 You gon' love it

Excuse moi
난 French는 몰라
근데 걔랑 french kiss
I'm so sticky
말이 많아 네 mouth
난 그냥 미키 마우스
왜 이렇게 새롭냐고
난 갓 태어났어
우리 좀 더 발칙해지자
남 신경 쓰기엔 너무 아까운 시간
걔네가 뭘 알겠어
난 너만 신경 써
우린 좀 더 높게 날고 싶어 하늘 위를 함께
더 자유롭게 Way too sexy, way too sexy yeah",74.812,0.308,0.494,-16.42,0.427
MVP,Don Mills,3kM96zt7iGGgwKDtxXBcJx,"2012년에 다시 한국 돌아왔지 (Huh)
지하철역 가도 알아보는 사람 없지 (Huh)
기억해 내 이름 황마 from the bottom
Rapper들 전부다 바름, huh (Huh)
일부로 외국 티 내고 싶어서 어눌한 척 했지 발음, huh (Huh)
Musmas 도착하자마자 부평 지하상가 통해 구해 알바 (알바)
포부 컸지, 여전히 크지, 내 꿈은 커, 여긴 너무 작다 (작다)
자타공인 너무 많은 고민, 한강 건너가는 황마 (황마)
Rap이 내 천국, 김밥 먹고 나서 다시 헤엄쳤지 알바
더 이상 알바 하지마, 내가 뭐를 하든 말든 알 바야 인마
당산에서 남구로까지 걸어가 길렀지 발바닥 힘만
방구석 rapper 뚜벅이 택시 타고 강남 넘어가려면 멀었지
바람난 Don Mills 2013 예전엔 상상조차 못했지, huh

2020년에 다시 서울 돌아왔지, huh (Huh)
역병 돌아 전국체전까지 밀려났지, huh (Huh)
마스크 끼고 결혼식 하객 사진 역사에 남지, huh (Huh)
향동동 황동현 Mills gon' do it 역사에 남지, huh (Huh)
Pull up, 그리고 press rest, 밀어버려 역사의 무게
적당히 스며들어 역사 인물에
TV랑 laptop, cell phone을 번갈아 가며
욕심을 내니 끝이 안 보여
대체 언제 다시 봐 핀 조명
자체 발광, 자체 brand fresh off the boat MVP rap",82.365,0.803,0.457,-4.533,0.571
88,Don Mills,0MaozTtiw4qrNo1LTnudRw,"겉으로 알아보는 사람들이 늘어가는 순간에 빵빵 거리면서 내 심기를
건드리며 자꾸 길을 막아. 찢어먹고 씹어먹고 빨아먹고 빌어먹어
따뜻하게 뎁혀놓은 자리, 내 자리
두리번 두리번 거려. 다리 아파? 어디 앉아?
평상시에 잘해. 나중에나 네가 아네 마네 해도
내가 하는 말: ""안 해, 안 해, 안 해, 안 해""
안에서 새는 바가지 밖에서도 마찬가지
방구석 래퍼는 외출을 나가도 절대로 다물 수가 없지, 나의 아가리
걸레를 뱉어 벽에 걸어 놨다매, 너?
어디서 본 거야? 그런 개같은 매너
확실히 봐라. 이게 바로 내 건데
너한테 건네줄게. 벨트 풀어헤쳐

새벽 네 시 반에 난 일어나
새로 산 시계가 잘못됐나?
실수 투성이라도 일어나
인생은 돌고 돌아: 김연아
시건방진 건 못 참아. 잘못 배운 애일 걸?
허세만 가득해서 하는 ""yezzir""
기본 예절부터 지키고 와. 적어도 네가 한국인이라면
역사를 무시해 가치가 없어, bitch, 개년
네가 할 수 있는 욕이라곤 'shut the fuck up, motherfucker'
랩한다 떠들지 마. Shut the fuck up, motherfucker
아무나 쓰는 가사 너만 쓰냐? Motherfucker
존경을 원한다고? Shut the fuck up, motherfucker",89.956,0.756,0.778,-4.927,0.788
? (Prod. GRAY),"SGBOYZ (Jay Park, Don Mills, Loco, Nucksal)",1lVU264I9zQ24l1RnPLPDQ,"Baby, baby
궁금해
잘 지내고 있는지
Baby, baby
궁금해
너의 모든 것들이
I say ooh
I won’t hurt you like that
Oh baby, don’t worry
I won’t hurt you like that

Baby, baby 나도 궁금해
재범이 형 잘 지내고 있는지
Baby, baby 나도 궁금하다니까
(GRAY) 비트 왜 잘 찍는지
내가 진짜 궁금한 건 AOMG에
혹시 남는 자리 하나라도 있나요
상구 형 미안해요
인생에 세 번의 기회가 온다는데
이번 기회 놓치면 큰 일이야
다시 한 번 말하지만 미안해
너무 쌔끈하지 우리 미래를 생각할 때마다
아무런 걱정도 하지 않아
왜냐면 난
이 순간부터 쌔끈보이즈

알고 싶어 올라갈지
Yeah 알고 싶어 내려갈지
Yeah 지금 들어가야 맞는지
내 전부를 걸 수 있는지
나도 바보는 아니야 알아
Nobody knows but God bless me
확실한 건 액땜 저번 달에 다 끝났지
그러니까 이번 time 내 미래는 쌔끈해
들소 팔아 당장 나도 X로 바꿀래
내 기분 마치 Skrr
내가 up down 물어 볼 때
너의 대답이 난 저엉말로 궁금해
Baby, 걱정 마 곧 쨍하고 sunshine
드디어 찾은 것 같아 아마도 넌 나의
최자, 난 너의 Bruno Mars
곧 달달해질 기분 타고 Let’s go to mars

힙합보다 궁금해 죽상을 하고 끙끙대
어떻게 살고 있는지 어떻게 사는지 있는 집
랩스타의 lifestyle 외로운 건 똑같아
오늘은 좋아 날씨가 나가고 싶어 똑같아
가까이 보고 싶어 돋보기 듣고 싶어 너의 독백이
운전할 때 욕하는지 놀리면 너 욱하는지
혼자 있을 땐 우울한지 친구들이랑 롤 하는지
아 그리고 또 쌔끈보이즈 땜에 놀랐는지
어서 우릴 반겨줘 무슨 일인지 말해줘
항상 여기서 웃어줄게 너의 진심을 꺼내줘
세상은 완전 토네이도
비가 쏟아진대 오늘 밤에도
날 너의 옆에 둘게 우산을 갖다 줄게",168.21,0.914,0.373,-4.185,0.56
"Dope (feat. Son Simba, YANGHONGWON)",Donutman,7yjPd6j3nXsVm7Rp6xx3Gd,"난 매일마다 구워내지 motherfuckin' dope
내 목소리가 재료지, beat에다 섞어둬
병신 상품화된 rapper들 다 fuck 'em up
난 작업하기 전에 말하지 않아 돈 먼저
Respect이 먼저, hip-hop의 원리, that's basic shit
다 알아들었지만 지키는 이는 몇 없지
Hall of fame road to the riches hall of fame
-에 들어가기 위해 밟는 첫번째 단계
다 첫 술에 배부르려고만 하지, ay
서로 등쳐 먹는 게 습관이 됐기에
아무도 믿지 못해, 그래서 견제하지
마치 그 모습이 Afghanistan과 Pakistan을
보는 듯해, 그렇지만 I ain't with that
긍정적인 mind로 살아, always keep that
1 hunnit percent 잃지 않아 절대
내 물건은 순도 100%, 안 들어있지 허세, ay

내 느낌은 fuckin' dope, 현기증 나, 마치 holy ghost
Bitch rapper들의 귓바퀴엔 악마들이 꼬릴쳐
난 진짜 멋을 내려입고 너넨 Hollister
아니면 Abercrombie motherfucker 강남 거지 꼴
모든 걸 쏟아낸 듯 해도 여기 더 있어
내 verse에 매번 목숨을 정확하게 섞지, whut
모두에게 천국을 보여
너네끼리만 물고 빠는 cartel들은 들어, yo party's over
감각을 잃은 너희에게 삶을 줄 Sullivan 같은 존재
이곳에서 도망쳐
Rolex 자랑들만 하는 양아치들은 fuck that
판을 키우겠다던 진짜 dealer들은 어딨어?
이 판의 절반을 먹은 돼지들의 거짓말
그 절반을 밝힐 blue magic flow가 여깄어
1 hunnit percent 변하지 않아 절대
내 물건이 정신을 맑게 만들어줬지

내꺼야 다
너희 몇 년 전 내 말은 ""개 뻥야 다""라 말했지만
니 rapper 친구 내 flow 베껴 가
나의 해는 내 방 안에 있지, friends 해 떴다 말하지마
내 rap 쳐박지 니네들 헤드폰에다
Level up 한단계 더, 나 구름 위 눕게 돼
내 부모님 steak 내 집안에서 굽게 돼
Album 내고 1월 1일 club의 두개 table
애들 앉혀놓고 smoke and drink, ay, look at there
Yeah, 금발이 튄 뻗은 다리 skinny, yeah
가슴팍에 'G', 쟤네도 우릴 가르키지
내 눈빛까지 느껴버림 안돼 가늠질이
셀피 원한다면 다른데 알아봐둬 미리
'Cause it is fuckin' dope man, 없어도 돼 chain
좆까 fake motherfuckers, 빼입어도 못해 대입
Fame이 뭔데, rapper 새끼들 왜 이리 못해
Get it away, 니 내리는 거 내겐 내일이면 돼, yeah",88.115,0.634,0.874,-6.672,0.136
hurt (feat. punchnello),Donutman,1mtWYUcdHan2qswSYjeAzx,"This for my real niggas, take the beat and kill niggas
Go and pop the steel niggas(Pow), shit can get for real nigga
I ain't never lie to you niggas bout what I wrote(nope)
And if I do, man I ask the Lord don’t take me for a jokе(please don't take mе for a joke)
Before I go, man this game came with a lot of chances
And with that money chicks gone start giving you lots of glances
Like “Trxgga where you get yo Benz?”, bitch this off advancements
I’m playing with the dreams like a nigga Steve Francis
I’m only 18 and I’m runnin’ round frantic
Like will I sink or float? A nigga feeling Titanic
I’m cut from a different stone, Rosetta can't understand this(uh)
I’m calling on God and I just pray the Man’ll answer, like",90.379,0.392,0.534,-7.636,0.163
Lemonade,Donutman,3XtCtA3xWO9oasWGLp62qw,"난 매일마다 짜내지 lemonade
내 머리속에서 나와 내 밑에
깔리는 조명이 날 빛나게
만들어 너희들은 아마 테이블옆에
앉아있겠지 나는 공급책
Muhfuckin' plug imma link you up
너희 homeless 같은
머저리들에게 난
만들어줄거야 새주소
이리와서 나를 따라와봐
아직 네게 보여줄게 많아
많은 rapper들께서 말하듯이
여기에는 정치인들이 너무 나도 많아
그 사이에서 내 힘으로 살아
남을라면 가지고 있어야돼 무기
나는 one mic one pen 혀 하나
형들 똥꼬는 빨지않아 굳이
Aye 그래도 어느정도는 이뤄냈지
기억나네 영라와 puff puff pass it
냈을때만 해도 got nuthin'
이제 뭐 rap하면서 먹고 살지
하지만 앞으로 keep it goin'
우린 무단횡단하지
Fuck the police
신경쓰지 않아 남의 눈치
우린 하고 싶은 일하면서 벌지

고등학생때 부터 했던 rap이
Yeah yeah
만들어줬지 나의 fuckin' pay day
어떻게 될지 고민은 내일해
지금 난 그냥 마시고 있지
Lemonade
너무 달콤해서 전부다 잊게 만들어
현실에서 오는 negative
지금 내 노랠 듣고 있는 청자들도
느꼈으면 하지 이느낌
나눠주고 싶어 이거는 homemade
돈 많이 받지 않아 no tax
면세점의 담배처럼 전부다
나눠가지고
모여서 다 relax
넘 많이 세우지마 핏대
세상 누구나 다 하지 mistake
넘어진 다음에 어떻게 일어나서
극복했는지가 문제
너무 걱정하지마 my friend
모두다 잘 될거야 all is well
무슨 일들이 있던간에 이 말
잘 새겨놔 마음속에
우리한테는 가끔씩 필요하지
세상속의 해독제
찾기가 힘들지만 내게 주어진 것들로
I make it my self",143.998,0.744,0.789,-7.245,0.783
New Beginning,Donutman,6kFYg1oFSuJyoTZZqqpp6j,"New beginning new beginning
처음부터 다시 마치 고삐리 shit
땅바닥에서 별 that's what i be
나혼자서 보여주지 clarity shit
Mad city mad city seoul where i be
카메라 뒤에서 나는 캠핑하지
너희들은 외면해 시간이 지나면
알게될꺼야 내가 모아둔 이 돈
어디에다 쓰이는지 봐 masterpiece
만들어서 너희앞에 돌아가는 식
팔아가는 식 다시 돈을 걸고서
돌려드려 수혜자는 우리 어머니
너넨 모르지만 꽤나 돈을 벌었지
몰 들어가서 나는 shopping spree
여자친구 하고는 소고기 썰었지
입벌리고 나서 나는 마셔 sushi
절대 거지같은길로 돌아가지 않아
몰락하지 않아 채웠잖아 나의 가방
Hater 들은 전부 너무 가진게 없잖아
그래서 말이 많아
무시하고 나는 방아
쇠를 당기지 나의 탄환
통장과 너희들 머리위에
찍히지 commas
너무 쉽게 입을 열고 입을 닫아
내가 할말은 하나
다 처음으로 돌아가라

넌 기억하게 될거야 clarity team
이 게임에서 우리들은 멘디니지
저 맨 뒤에 있던 놈들이 갑자기
튀어올라선 서울시에 색 입히지
쳐다보던 사람들은 can't forget it
역사의 한 장면이 되겠지
그 다음엔 아마도 우린 on the tv
전파를 타고 전세계에 퍼지겠지
우리들은 묻힐거야 fan 더미위
그 위에서 screamin'
Like money ain't a thing
푼돈 뜯어먹는 놈들에게 전해
Get the fuck off
여긴 우리 땅이지 bitch
그날이 올때까지
Just calm down peace
써내려가지 새로운 역사 한 페이지
하나도 안 빼먹었어 comma까지
내 허물들까지도 전부 적어놨지
나는 기억해 내 출발은 mic하나
이제는 많은 fan들이 보고있어
My life
내가 하는 말 무대에서 입는 옷
전부다 입방아에 오르내리지만
방아쇠를 당기지 나의 탄환
통장과 너희들
머리위에 찍히지 commas
너무 쉽게 입을 열고 입을 닫아
내가 할말은 하나
난 처음으로 돌아간다",140.038,0.741,0.469,-6.445,0.0704
Never Change,Donutman,6kcFnhi1WYA38MTDTqHixM,"많은 사람들이 말해
돈 벌어야지 man
너도 어서 타
위로 올라가는 race
경쟁 경쟁 위해 하는 rap
이제 음악보다는 인기가 더 중요해
Cocaine 처럼 잊지 못해
달콤한 열매 나도 맛을 봤네
하룻밤 여자들이 내게 말해
Hey bae can you
Follow me on instagram
다른 rapper들은
나한테 빨아먹었어
내가 TV에 나올 땐 respect 하는 척
하더니 이제는 전활 안 받어
회사 계약했대
Lil' homie good luck
난 여기 올라왔지 홀로
너희 같은 새끼들 너무 많이 봤어
내가 쇼미더머니
다시 나간다고 하면
연락오지 피디보다 먼저
Bitch ass muhfucka why u rap
그냥 비데 회사에 취직해
When i drop shit 너는 가사 장에
내 이름을 적고 그걸로 clean my ass
나는 한번 적은 이름 안 빼
콰이엇 형 화나 형 still my favorite
P-type 쇼미에서 망신당했어도
헤비베이스 여전히 나의 playlist

좋은 재능을 가진 어린 놈
나는 여전해
정신 있어도 안 쓰지 컨셔스 랩
너무 뻔해 하는 말이 똑같애
정치인 같애 우리를 조절해
Who's the real who's the real
누가 진짜고 가짜인진 관심 없네
I'm the muhfuckin' only one
비교대상 없지
내 flow가 여기 필요해
수돗물 공급해
순도 백퍼센트 전부 튀는 rap
하려고 할 때 난 뱉지 결정체
24k i'm never never gonna change
처음부터 끝까지 난 똑같애
마치 이 노래 2 절의 flow 같애
Uh 이제 약간 지루해
질것 같으니까
Imma switch it mane
다시 땅바닥에서부터
올라가지 내겐 아무것도
남은 거 없어도 i can flow
Better than anybody
내 경쟁자는 없어
누군 내가 쇼미더머니 나오고 나서
변했다고 말하네 but
내 마음가짐 아무것도 안 변해
2절의 첫 flow
다시 bring it back",116.013,0.534,0.817,-11.808,0.47
Ali (feat. Keem Hyo-Eun),Donutman,5FvDfe9eeC9R8pEGCXqpJH,"When i'm on the beat
막을사람 ain't nobody
전부 다 앞에 쓰러져
난 무하마드 알리
Cassius clay
날려 원 투 잽
Ain't no 펀치라인 shit
이건 pure rap shit
불순물 한점 없는 1 hunnid percent
누군말해 평범해 색깔없어 mix that
잘나가는 rapper들의
속사포하는 style
공연에선 뛰어다니면서 외쳐봐 skrr
너도 될수있어 muhthafuckin' star
That's you wanna be
여태 고집부려서 대체 얼마나 벌었니
Money money 돈이 굴러가게 하지
Run this shit
이해못한다고 생각해
좆같은 industry
전부 빨래통에 넣고 laundry
썩은 정신상태는 clarity가
다시 brain washin'
닥터드레 detoxin'
Remixin' these bithces
전부 쓰러뜨리지 like 무하마드 알리

내 방 하늘의 별
고이 가져와 서울로
내 맘 같이 한강을 가로지르는 선로
이 끝은 얼로
날 데려갈진 몰라도
보라고 최고라고
Go 라고 난 자신있게
말할 수 있어 여전히
과거는 저 멀리
잠시 젖었지 철 없이
여럿이 but fuck it
이젠 내 놀이턴 그 동네가 아냐
뻗어나가 더 뻗어나가
내 한방에 너네는 뻗어 나가
얻어맞아 너거 봤냐
나 나 난 쉰 적이 없으니
계속 올라가지 몇 배로
새 보금자린 18층
출발이 시팔 높네요
이건 어때요
사실 니들이 뭐라건
나는 좆도 신경 안써
사실 니들이 뭐라고
감상해 영화로 닥치고
다시 제자리로 맘을 다지고
따지고 보면 내가 하려던 말은
이게 아닌 누구도 못 막지
보여줘 내 방식 쓰러뜨려
Like 무하마드 알리",88.014,0.766,0.699,-5.802,0.311
One Hunnit,Dbo,3EVuHxRd8syOYUcPe0WQIk,"몸무게는 바뀌었지만 keep it 100
고딩 수학 점순 아냐 keep it 100
내 energy의 level 항상 keep it 100
나중에 벌 mills 알아 keep it 100
같이 갈 사람들만 가 잠깐
앨범 없는 애들이 뭘 까 잠깐
나는 용돈 줘 너는 타 잠깐
승잔 승잘 보고 올라가 잠깐
Loser는 자신 없으니까 까
그런 애들 다수가 부자
올해에 쟨 쇼미 나온다
Clones 뻔한 pattern 바꾸자
내 동년배들 대부분 멸망
윗사람들 말 꺼내지 마
문화모기 어린 애들아
다른 장르해 왜 힙합 하냐

내 처음 single처럼 keep it 100
마치 Del Monte, bitch, I keep it 100
너네 따라쟁이, 미국 래퍼 옷걸이
내가 따라할 건 오직 미국 래퍼 돈벌이
우린 우리끼리 놀아, 너넨 걍 쩌리
그냥 신주닭발 가서 뜯어 닭도리
나는 top 위에 올라, getting high like --
Pockets fat, 내겐 있지 다른 Swings 한 명이
어딜 가도 니넨 물을 흐리고 난 흘려
Yeah, I'm drippin' water, 물을 빼 미아리처럼
Black Nut and Swings, 너네 얼굴빛 歌舞伎
We gettin' chips 마치 Calbee, ayy
Your bitches not bad and boujee
걔넨 fat and stupid
그냥 쇼미만 나오면 대주는 groupie
먹고 싶지 않어 걔넬 굳이
맨날 해 난 IU 번호를 캐낼 궁리만 I'll levitate
I never hesitate
예쁜 계집애들 새 지폐다발 또 lambo는 candy paint
떳떳하게 내 것을 해서 I'm a get that
계속 꼴리는 대로 쓰지만 나는 아냐 길태
컨셉과 현실을 쟤넨 구분 못 해
But bitch I don't care, yeah

Yeah 빛이 나는 모습 내가 볼 땐
너는 그저 내가 흘린 정액
길을 잃었어 돈과 명예
그 중에 무엇을 one hunnit
I gotta eat so wait microwave
Think she's figure and I'm gonna figure out
끊임없이 변해 내가 찾는 건 아니야
그들을 다 용서해야 했어
그녀는 ink ink ink
아무것도 없어 난 도전을 하고 있어 동 떠
그저 그런 애들을 끌어내려
내가 그리는 건 미래니까
조심하는 게 좋아 너의 female artist
난 그냥 원해 앞으로 뒤로
I give her electro
이 녀석들은 날 받들어
시간이 가고 난 밖으로
그녀의 태도는 아 뜨거",105.058,0.915,0.85,-1.575,0.218
I Know What I'm Doing,Dbo,5KGE9mqIl2rviurYiGqdNd,"Bo
Yeah, 넌 날 몰라
난 내 flow 골라
다 원해 나와 콜라-보 (Oh)
Yeah, you just fall out
넌 음악을 몰라
잘하는 랩 속사-포?
What? There's level to it, hoe
곡이 좋아 보여도 복사본
영혼이 없어 얘넨 또 싸 똥
넌 꽃중엔 조팝꽃
고속도로가 뻥 뚫렸고 난 똑바로
난 앞 뒤 같아 토마토
난 오작교 넌 오작동
꼬칼콘 니 노잣돈
코카콜라 맛있다
맛있으면 내 바나나
봐 나 나는 기차

Yeah, 지갑 잘 안 닫혀
수지 타산 내 약점
But 벌이 사시 사철
내 옆에 있음 살 쪄
누가 인생이 썅년이래
그럼 난 걔 전 남편
빡쳐서 바로 찼어
다시 안 봐 평생 안녕
오늘 본 강남 여자들 왜 다 존나 이뻐?
같이 놀아요, 나 고양시에 혼자 있어
Yeah, 밀물 밀려오네
I'm going in 안타면 손해
좆되게 till eight in the morning
지금 삶 반지하서 그려봤던 거지
같이 빡쳤던 친구들 다 얼굴 쫙 폈어
야, 술 더 시켜 도수 좀 높은 거
비싸고 양 적은거, hehe, 맛있어",109.996,0.588,0.804,-19.531,0.217
POP IT UP,Dbo,3D5i8oH4cCr0qktOZz5MG5,"연기가 가득찬 방에서
불을 붙혀 내 lighter
여긴 바로 내 놀이터
여자들 천국 못 말려
막걸리 배부르게
얘네들 막무가내
침대 위 막노동 해
유혹이 너무 많네
그네 안 흔들리네
침대가 계속해서 흔들려
내 피를 빨아 뱀파이어
이 여자들 정신 팔려
I'm yo father Darth Vader
Baby, just fuck it, let's go
Baby, just smoke it, let's go
Baby, just suck it, let's go
Baby, just fucking let's go, woah
우리는 안 좋은건 안해
이제 우리를 원해
말해, 너네 뭘 원해?
찰칵, huh, bang, bang
우린 이거 계속 해야돼 turn up
얘네들은 계속 아가리 털어
목 마른 애들이 계속 날 꼬셔
난 시간 없으니까 저리 꺼져

어쨋든 우리는 계속돼 turn up
또 쟤네들 아가리 계속해 털어
니 기분 상했다면 I was just stunnin’
실수한게 있다면 I was learning
범인은 쟤네 I'm innocent
난 5퍼 쟤네 다 ten percent
나머지 팔십오 애석해 하기엔 바뻐
뭐 알아서 해석해 God
Kith on kith on kith
또 키뜨 위에 키뜨 and kin 늘 끼리
힘 loyalty 위엄 big blessing과 지혜 인내 코끼리
We litty 가는길 빠삭한 지리
자극만 섞인거 말고 난 지리
They ain't talking shit, they just Siris
They capping we five-nine fifties
This is my new era, 다 눈 내려 자 who better
늘 두배로 나의 힘 불릴때 쟤네 레벨 다 그대로
그때로 나는 안돌아가지 절대
태도 양자리 삼월 말 내 birthday
다 지네들 챙기고 남은거 덜때
나는 모두 나눠 사이 좋게

I been stuck in the dark, so throw no shade
Step to the light, lookin' for a new way
Let my pride go 'cause that shit betrays
When you know better, no, you can't go both ways
아침에 눈뜨면 기도해
케이션 해 도끼 해 디보 해
기본도 안하고 왜 기분 내
난 말을 아끼고 돈 쓸래
Uh, pop it up
If you ain't paying, I ain't popping out
떨어 트리면 터뜨려
언제 터뜨렷냐는듯 첨으로
범고래 더 큰물에
방법이랑 재료는 충분해
안걸려 다 보이는 그물에
Can't do that, hm-mhm",128.038,0.715,0.876,-5.97,0.641
Horse,Dbo,32ERc154apRqv3oe3n026R,"Love keep me going (Ye-eah)
Look at you darling (Ye-eah)
긴장해 하루 종일
운전대를 붙잡아 ([?])
밤샌듯이 졸린 눈 기분 전환
입냄새가 고독해 (Eh)
Happy Valentine (Eedeh)

Get that matter fact
I get paid (Argh)
Keep that I prepare
I'm just saying (Argh)
I get respect
What does that mean (Eeh)
Understand me? (Ooh)
I want to stack it (Uh)
목걸이가 얼어도 (Pa-pa)
내 목은 안 얼어, yeah (Rrr)
시원한 바람이
코를 타고 흘러 (Phrrr)
So cool
My thing in your area (Area)
각설탕처럼 먹여 (Ooh-ooh)
Wanna have a party with me?
We need some refresh
눈이 번쩍하고 떠질꺼처럼 상쾌해 ([?])
지나가는 사람들 날 쳐다보지
난 크게 생각해 그런가보지
자꾸 보채지마 난 시간이 더 필요해
불난집에 부채질 너무 강력해",92.162,0.715,0.705,-6.592,0.784
Peacock (feat. ZENE THE ZILLA),Dbo,6iCffi0f4iIe2lIPlMc5PP,"깨달아 인생의 진리 (Uh)
I'm ready for billionaire (Billi')
어디서 났는지 비밀
She's definitely a milli (Milli)
난 준비해 따뜻한 침실 ([?])
알겠니 알려줘 미리 (Uh)
I came from nothing really, yeah, I can say that (Yeah-yeah)
집 밖에 나가기가 싫어 세대 (Yeah-yeah)
찍찍찍 찍 찍 찍 찍 찍 내 계획 (Yeah)
잘하고 있니
목표를 이뤘니
깨끗하게 정리 (Ow)
Bruce Lee, woah (Yah)
I'm on some shit, bitch (Bih)
I'ma hit (Hit)
Then I'm gonna dip (Dip-dip)
떨어져
줄래 거머리 (Drip-drip)
이유 있는 야반도주 (Yah)
나는 정확하게 조준 (Ooh)
난 누구보다 잘 다뤄 (Ooh)
그년 내 소중한 도구 (Yah)
검사가 주는 기소유예
글쎄 너 하는 거 보구
난 내 돈을 달라고 요구
울먹이는 그녀에게 먹이는 총구

나도 인사 니 여친은 짐 싸 (Yeah, yeah)
찾지 말어 그녀는 이미 내 침대 위 (Yeah, yeah)
식후땡 피고 날라 하늘 위 (Yeah, yeah)
기우제 물러갔지 가뭄이 (Ooh)
홀라당 벳기지, ooh (Yeah, yeah)
꼴까닥 했지, ooh (Yah, yah)
진주 목걸이 아래로 은색의 목걸이 아래로
은색의 목걸이 공작 꼬리처럼
영롱히 삼봉이 초까리 (Okay)
영롱히 삼봉이 초까리, yah
너네들 눈깔이 ('Kay)
너네들 눈깔이 맘에 안 들어, yah, yah, yah
질투 나도 째려보지마 함부로, yah, yah, yah (Eh)
I'm a peacock, 니 여자는 꿀꺽 (Uh)
물을 두 컵 입을 헹궈, prr (Oh)
찾지 말라니까 전화 계속 brrr (Uh, uh)
근데 걔는 자꾸 내 밑에서 부르르르 (Fuck)
근데 걔는 자꾸 내 앞에서 부르르르

I got plug on my back (Uh)
I apply for the show (Uh)
I got plus on my mass
풀어도 풀어도 답답해 (Eeh)
모두 틀에 들어갔네 (Yah)
나는 풀 위에서 뛰어놀게
I need black plastic bag
I put Prada properly (Pra)
다 봐라 파란 바람 (바람)
I'm like Barack, I got some problem (Problem)
They're from me (From), they look like my clone (Clone)
I aim at yo head like buffalo
I got Celine, point
우린 만나 꼭짓점 (Uh)
난 약속은 꼭 지켜 (-cock)
늦어서 미안해 (미안해)
난 찍어 마침표
아직 안 끝났지 뭐 (뭐)
난 모험을 하니까
바닥에 오지 마 너 바닥에서 안 왔다면 (Uh), yah, no
야 너 사라질 수 있어 하늘에서 떨어져 녹아버린 눈처럼
난 거름이 돼서 계속 (Uh) 내 걸음을 이어 (Yah)
우린 멈추지 않아 (Huh)
부자가 돼버려",103.99,0.691,0.208,-8.593,0.299
Space,Dbo,4EyBhLhjXPupgaLy7MCDE2,"우 나를 크게 틀어줘
예 내가 탄건 우주선
아니면 아닌거지만
내가 초대할게 누구던
니넨 다 외계인 난 검은 자객
칼이 빛나지 기억을 삭제
내 밑에 블랙홀 난 들어갈래
꽉 닫힌 다리 열려라 참깨
순간을 잡아 난 사진
I'll be right here mommy
이건 마치 연락이
끝나지 않은 여자 같지
내 옆에 있겠지
나를 바라보는 것만으로도
너무나 다르겠지

우주까지 올라가서 별자리
Fuck you 보내줄게 편안히
다 꺼져버려 병신같은 성격
내 목을 조여서 나도 쏟아냈어
Too many guys are talking and
Too many bitches are talking man
Jane drop that ass
Stick ma finger to your space well than
나는 즐기지 시간을 죽이지
It's good time
야 내가 시작하면 끝장
이렇게 살아왔어 습관
제발 좀 제발 좀 내게 진짜를 줘
그럼 신나서 난 영화를 찍겠지
열심히 일하고 연기를 뿜는 대신",76.945,0.912,0.475,-5.561,0.198
FALLIN (Feat. 용용),D.Ark,6dRs7IYrqh5FTHJurw1sP9,"어디야?
네 생각나는 밤이야
너 없이 하는 party야
이 노래로 끝낼 게 마지막 기회
더는 못할래 사랑은 똑같애
난 너를 좋아해 그게 더 좃같애
그냥 지나가지도
더는 잠을 자지도 못하겠어
Seugafen on my mind
너를 찾지 또

어디야? 너의 집 앞 다 왔어 (왔어)
나랑 얘기 좀 해 알았어 (았어)
이 반복 수천 번 했어 (Yeah, yeah, yeah, yeah)
달라지는 건 없어
네가 담배를 열 까치 태울 때
내 속이 타들어갔어
Whisky로 목을 태울 땐
내 목소린 애가 탔어
돌이킬 수 있을 때가 많았잖아 (잖아)
감정은 메말라가 (라가)
I don’t fuckin' love you
심장에 칼을 꽂은 채로
침대 위에서 밀칠 때
그때 이미 난 모든 게 fallin' down",118.009,0.517,0.832,-8.355,0.595
Do My Best (Feat. Jessi) (Prod. Way Ched),D.Ark,7w115PrDV6KB1WrhQAtQsZ,"벌써 나 떴, 떴나 봐
거, 거봐 나 이 이뤘나 봐
허나 건방 떨어 널 몰라봐
내가 아마 날 너무 잘 알아
내가 예언을 했잖아 이 위치에
내가 뛰어간다 했잖아 래퍼의 길
내가 증명을 한다고 보란 듯이
나를 무시했던 놈들에겐 랩이 미운 짓
고마워 Past (past)
Let's (let's) Dance (dance)
I try my best (best)
Let's (let's) Dance (dance)
나는 천재 아냐 Man
선택한 직업 때문에
난 노력파라 해
난 나를 책임져야 돼
모든 게 뜻대로 다 되는 건 현실이 아닌데
아마 하늘이 나의 간절함을 알아봐 준 게

I'm feelin like a model on the runway
Everyday its feelin like sunday
내 걸음이 돈 벌어 All day
Just move it to the left like Beyonce
Do it like me? baby no way
허풍떨지 마 넌 못해
거품 없어 난 내 자체
난 빛나 선글라스 벗지 마
누나를 봐 돈처럼 멋 내
뒤는 안 봐 내 길은 One way
내 Style 알잖아
Boy you know that I don‘t play
I’m a different type of a beast
But It’s okay",126.994,0.783,0.59,-3.423,0.263
아침,D.Ark,1uTDYTjySenBx9vqjXgfuy,"불을 꺼야겠어 turn the lights out
I be on the way, I’m beyond the lane
I’m too underpaid 쏟아부어 마치 탄산
바삐 움직일 때 너흰 잡지 이미 지나간 남은 잔상
Make money when you keep snoozing
I be skrt skrtin when I keep cruising
Imma pull up in the scene in a pink Stussy
Fresher than a Jiro sushi ,have somebody introduce me
준비됐다던 애들은 대체 어디에 숨어있냐구 yea
수면에 떠오른 수많은 플레이어 They don’t stay up, no yeah
이유는 변한 게 아냐 원래 전부터 걍 구린거라구
최면에 걸려, 생기는 권력 누구나 돈이 벌려
Too many times, too many, too many times
Selling too many rhymes, too many lives, yea
Too many lives buying too many lies
불 꺼 누가 빛이 나나 구별
눈떠 네가 진짜라면 glow up

좋은 아침 but it's dark out
대학교는 졸업해도 I maneuver like a dropout
늘 계획 하는 Tony Stark clout
Gotta, drop by the club say 안녕 and then get out
Cuz wowee, all these DM's are here to trick or treat
Happy Halloween, may I get the 병언 피처링?
Ch-ch-ch-change, Hydralisk for a night spit purple rain
My pH level's getting high
And even higher baby whatchu gonna do?
Rookies turn into red velvet cake when I peek a boo
Cuz I'm sicker than blue velvet Dennis Hopper cannibal
Peeping any type of flow, eat it up like 불짬뽕
Morpheus I sit em down, I'm just here to play my role
Shining like a traffic light, let me show you where to go
From the Henz to the MODECi
나의 별명은 수위아저씨 cuz",110.027,0.878,0.637,-9.568,0.86
SHE'S GONE(feat. BE'O),D.Ark,6QAhK5nwE4T9xKoTeS3SFh,"그 의도가 아냐, girl
문자 몇통이 다야, girl
너의 낮에 너의 밤에
집착을 했었던 난
솔직히 짜증났어, 난 맘이 아퍼
너가 친구들이랑 club에 술을 먹고
웬 남자 놈들이 네게 다가가도
너는 내게 답장이 두시간은 없고
Baby, that's all
내 변명이니 돌아와줘
맞아 누가 뭐라해도
내 잘못인걸 알아도 용서해줘
넌 날 잘 알기에
매일 너만 만났기에
너와 함께였던 시기로
돌아가게 해줘, I miss ya, Vivi

너는 봤기에 나의 차 뒤에
딴 여자와 또 화기애애
알아서 하길 바랬지만
숨이 턱 한 여름에도 추워
Love, 그딴건 도움이 안돼 역시
나도 많이 헷갈려서
이런 사랑 처음해봐서
그게 사랑인줄 몰랐어
나 나빴어 맞어 봤어
숱하게 만났던 사람들관 different
I've always been waiting for someone like that
Late check out
Hotel front에다가
전화해 물어봐
내가 언제 나갔나
나 혼자 blah-blah
떠들어봤자 내 입만 아파
너 나빠 한마디에 바빠
이제 끊자 bye-bye
아닌데 진짜 아닌데
넌 자꾸 더 더 더 더 확인해
벌써 밤이네 톡이 와있는걸보니
낮에 한 말이 다 거짓말이어도 넌 날",137.18,0.559,0.416,-10.751,0.152