"title","artist","spotify_id","lyrics","bpm","energy","danceability","loudness","valence"
"듣고 있어?","Swings","3fxz5KdLS3B2KAjfEENekY","[Verse 1]
벌써 2년이 지났지
세상은 많이 바뀐 듯해
너와의 인연 끝에서
네게 미련 없을 거라고 확신했었던 나지
날 사랑한다고 말했어, 그때 니 말을 믿었을 걸
며칠 전 그 누나 만났다며
너 잘 지내냐고 물어보려다 말았어
꼭 헤어지고 나면 남자들은 바뀌어
계속 연락했더니 넌 번호를 바꿨어
Good girl, 난 니가 자랑스러워
니 남자친구가 진심으로 부러워
만나면 걜 때릴지도 몰라
내가 이러니 넌 비밀리에 사귄 거야
걔가 너를 울렸으면 좋겠어
나보다 100배, 아니, 1000배 더 못 되서
근데 그건 불가능해, 그건 악마지
연락 할 수 있는 방법은 하나지
나 연기 실력 늘었어, 속으론 울고 있어
이 노랜 떠야 돼, 널 위해, 듣고 있어?

[Chorus]
I just wanted to know if you still hate me
한 번이라도 나를 그리워 했니?
이 노랠 듣고 있다면 고민하지마
그땐 몰랐지만 난 너의 중독자야
For your love, your love, your love, your love
Your love, your love, 욕심 많은 거지만
Your love, your love, your love, your love, your love
Your love, 절실하게 필요해 your love

[Verse 2]
도대체 어디 갔어?
니가 살던 집, 앞에서 널 기다려
이사한다 했는데, 갔을까 정말로
밤길 싫어했던 너, 어떻게 혼자서..
넌 니 친구들한테 혹시 내 욕해?
난 할 말 없어, 솔직히 너는 해도 돼
그렇게 화 풀릴 때까지 실컷
나를 원망하는게 지치고 질려
날 용서하고 돌아온다면 난 은퇴할게
내 fan 싫어했잖아, 원한다면 다 해
너처럼 날 사랑한 여잔 없었거든
너랑 다 비교해도, 너에게 졌어 늘
너 같은 건 백화점서 팔지 않거든
이 집 없는 느낌, 낙엽같은 가벼움
나 연기 실력 늘었어, 속으론 울고 있어
이 노랜 떠야 돼, 널 위해, 듣고 있어?

[Chorus]
I just wanted to know if you still hate me
한 번이라도 나를 그리워 했니?
이 노랠 듣고 있다면 고민하지마
그땐 몰랐지만 난 너의 중독자야
For your love, your love, your love, your love
Your love, your love, 욕심 많은 거지만
Your love, your love, your love, your love, your love
Your love, 절실하게 필요해 your love","","","","",""
"Not Enough (Prod. by BOYCOLD)","Swings","67sTNM9DVfsloYxfqGUffx","[Intro]
Big boy it's COLD

[Chorus: YUMDDA]
위웅 위웅 싸이렌이 울리면
나를 숨겨주던 여자가 있지
위험 위험, 오토바이를 깔으면
내 붕대를 감아준 여자가 있지
아무리 난 돈을 쓸어 담아도
너를 너를 생각해 난 담아두지
다른 여자들 날 휘감아도 (woo, woo, woo)
나는 너를 생각하지, yeah
아무리 난 돈을 쓸어 담아도
너를 너를 생각해 난 담아두지
다른 여자들 날 휘감아도 (woo, woo, woo)
나는 너를 생각하지, yeah (woo, woo)

[Verse 1: Kid Milli]
돈 벌어 쌓아 둬, yeah, huh
너는 말해, ""rapper들은 다 같은 얘기 해"", yeah
Justin Bieber movin', 다녀 전 세계 매일, yeah
너는 말했어, ""rapper들은 다 같은 얘기 해"", hey
멀리 다녔어, 너가 내 곁에 항상
있을 것만 난 같았어
착각에 빠져 살아, 살아, huh
너무 바뀌어서 우리 처음 상황관
너무 달라, 봐, 우리 앞 김밥 집은 안 가, huh
Diamonds on my neck
전부 다 너에게 주면 될 줄 알았거든, yeah
가진 게 없을 땐 줄 수 있었던 게 사랑뿐이라서 나
I was wrong, 그건 나의 fault
진짜 원했어 난 real love
진짜 원해 난 real dawg
아무리 쓸어 담아도

[Verse 2: pH-1]
너만을 기다려 나는, 눈 뜨고 수많은 밤을
그래서 내 눈이 빨개, uh, 이런 내 모습을 봐야 돼 넌
티내고 싶어서 빨리 바꿨지 프로필 사진
상태 메세지도 바꿨네, '이 또한 다 지나가리'
Why am I like this, 내 생각
우리는 아직 할 얘기 너무나 많지
눈으로 확인 해줄래
그새 많이 올라버린 이름 가치, yeah
You my boo boo
Imma go cop that new new (cop that new new)
필요한 거 있음 말해봐, 나한테 주문 (okay)
다시 날 받아줘 (yeah), 네 남친 삼아줘 (oh)
I got my pradas on (huh?), 빨리 날 안아줘, yeah
Hug me til my body break, 너가 이상하게 보고싶다
그래, 난 마치 그렉

[Chorus: YUMDDA]
위웅 위웅 싸이렌이 울리면
나를 숨겨주던 여자가 있지
위험 위험, 오토바이를 깔으면
내 붕대를 감아준 여자가 있지
아무리 난 돈을 쓸어 담아도
너를 너를 생각해 난 담아두지
다른 여자들 날 휘감아도 (woo, woo, woo)
나는 너를 생각하지, yeah
아무리 난 돈을 쓸어 담아도
너를 너를 생각해 난 담아두지
다른 여자들 날 휘감아도 (woo, woo, woo)
나는 너를 생각하지, yeah (woo, woo)

[Verse 3: Swings]
넌 널 보게 하는 법 알아, it's effortless
난 디네뎃을 입고 넌 태도도 never this
안정적인 멘탈 안 봤지 내 messages
정상에 있는 자존감, everest
우리가 안 본지 약 2년쯤
아직도 내 raps do you listen to it
애인 아냐, 또 아냐 enemies
너 보내고 난 바뀌었어 energy
I just wanna talk to you
하나 된 건 하나두 안 좋아
다시 될 수 없을까, 다이나믹 둘로
늦은 밤 이제 대화가 아닌 술로
혹시나 궁금했다면 내 맘을 이젠 you know

[Verse 4: Mad Clown]
니 입술이 나를 욕해도
니 마음이 날 진작 접어도
사랑은 항상 내 지난 허름한 자취방 냉장고 같았네
그때 내 나이 고작 스물
열면 춥고 텅 볐지, 채워줄 수 없었지
부족한 주머니로 너를 데려간 김밥집
돌아보면 너무 가난한 사랑은 사랑이 아니었다고
너무 가난한 사랑은 사랑이 절대 아니었다고
That's why
자기야, 난 돈이 없는 거지
가오가 없는 게 아니야, okay
사랑은 헷갈려도 돈은 헷갈리게 하지 않아
That's why I'm ballin'

[Chorus: YUMDDA]
위웅 위웅 싸이렌이 울리면
나를 숨겨주던 여자가 있지
위험 위험, 오토바이를 깔으면
내 붕대를 감아준 여자가 있지
아무리 난 돈을 쓸어 담아도
너를 너를 생각해 난 담아두지
다른 여자들 날 휘감아도 (woo, woo, woo)
나는 너를 생각하지, yeah
아무리 난 돈을 쓸어 담아도
너를 너를 생각해 난 담아두지
다른 여자들 날 휘감아도 (woo, woo, woo)
나는 너를 생각하지, yeah (woo, woo)","179.149","0.167","0.36","-11.568","0.329"
"Invasion (Prod. niceshotnick)","Swings","7oUMBW2Xtb3CCt4rWRLSB8","Aidan:
Ow

[intro plays for 4 seconds]

Ron and Barbra:
It’s an alien invasion

…

Ron:
Woah I can’t deal man
This can’t be happening
Is this real or somethin I’m imagining?

Barbra:
Am I hellucinatin’
Do you see what I’m seein’?
This can’t be werewolves, zombies
Or human beings

Ron and Barbra:
Outta the clouds down from the sky
Something is here but we don’t know why
Could be a threat lets put up a fight
We gotta protect the moonstone tonight
Set up perimeters here right now
Move out defenses there get down
Extra terrestrials all around
They’re hovering over our town watch out
Oh fallin’ from the stars a distant galaxy
Oh we’re not sure who
They are friend or enemy
Now we really now that we’re not alone
It’s kinda scary though but it’s kinda cool
Film it on your phone hide in your homes
It’s an alien invasion","119.938","0.68","0.879","-8.933","0.753"
"No One Likes Us (Prod. Nochang)","Swings","3TVPGk9hkCLnUP17yOAxAJ","[에이피 알케미 ""No One Likes Us"" 가사]

[Chorus: Nochang]
Fuck your friends (Fuck your friends)
Fuck your crew (Fuck your crew)
Fuck your fans (Fuck your fans)
Fuck you too (Fuck you too)
Fuck your ma (Fuck your ma)
Fuck your pa (Fuck your pa)
We don't care (We don't care)
We don't care
Fuck your friends (Fuck your friends)
Fuck your crew (Fuck your crew)
Fuck your fans (Fuck your fans)
Fuck you too (Fuck you too)
Fuck your ma (Fuck your ma)
Fuck your pa (Fuck your pa)
We don't care (We don't care)
We don't care

[Verse 1: Black Nut]
내 손에 사임당 뭉치
눈앞이 샛노랄 뿐이야, 마치 이무진
Rap으로 벌었지 오직
넌 카메라 앞에서 meenoi가 차린 밥 먹지
말해봐, 뭐 누가 OG?
닥쳐, 난 rap으로 울려봤지 Verbal Jint
Black Nut 앨범 없이 탑 티얼 유지
이 바닥 정상 위에 씹고인물, 마치 백두산 천지
Hustle rapper들 날 보고선, ""He so lazy""
좆까, 달라 우리 verse 하나에 거는 risk 걸린 기대치
너 존나 해도 쟤넨 불러대 내 이름
서른다섯, 여중생이 누드 DM을
섰지만, sorry, I don't fuck with loli
I'ma pass her to my lil' bro 율음 (Gang)
죽이게 뱉지 내 입, 마치 낙태녀 음문
안 가려 똥 오줌, 다 조져 like 문문
봐, 내 discography all 청불
진짜 사내들의 shit, 이건 좆물
넌 걸었지 구독 좋아요에 목숨
잼민이 똥꼬만 졸졸 like 조두순
좆 까고 우리 뜨면 전부 다 정숙 (No one likes us)

[Chorus: Nochang]
Fuck your friends (Fuck your friends)
Fuck your crew (Fuck your crew)
Fuck your fans (Fuck your fans)
Fuck you too (Fuck you too)
Fuck your ma (Fuck your ma)
Fuck your pa (Fuck your pa)
We don't care (We don't care)
We don't care
Fuck your friends (Fuck your friеnds)
Fuck your crew (Fuck your crew)
Fuck your fans (Fuck your fans)
Fuck you too (Fuck you too)
Fuck your ma (Fuck your ma)
Fuck your pa (Fuck your pa)

[Interlude: Nochang]
No one likеs us, yeah
Nobody likes us (Yeah)

[Verse 2: DAMINI]
Seoul city best rap female
섭외 시딩 촬영 협찬 메일
Rapper들 단체 카톡방에서
개그맨들의 입방아에
그 돈 갖고 이제 안 돼요
방송 안 봤어요 I'm the best rap here
IPhone 시리 내게 역정 내
뒤지기 싫음 제때 답장해라
ADHD, where are my pills?
갓대웅 is next to me
신태일한테는 개 맞듯 까이고
Black Nut과 타있지 한 track에
어그로 끌러 간 Show Me The Money
목걸이라곤 소품이요
Rapper들 사연팔이 한창 때
딱 rap만 갖고 했어, hip-hop 했지
No one like us, we don't care, bro
한국의 rapper란 연예인
감사합니다, 좆까세요
여기 띠꺼운 애들아 hip-hop 해라
이 이름 아래 없어 안 될 게
옆 테이블에서 두리번대도 여전히 없어 난 못할 짓
출신 수유리 160
Wannabe rappers anti 다민
튀어나온 못 사이 압정
쪽 써도 못 뜨는 새끼들 절찬 세일
좋은 sex 이전에 rap 다음 fame
It's just a lack of concentration
어떡해요, 이 모든 기회를
See you next time only fuck me self
옷 안 사, 살 안 빼
돈도 안 벌어, rap도 안 해
이제 대충 해도 온 세상이 대줘
좆밥들 뿐이라 밤 안 새 이제
노창님 저 좀 닦달해요
""가서 찢어라, 다민아 일해""
All eyes on me, nice to meet you

[Interlude: Nochang]
No one likes us, yeah
Nobody likes us (Yeah)

[Verse 3: Swings]
난 어린 애들 바르는 게 새 취미네
중기업 회장님들과 어깰 비비네
맨 위로 올라와봐라 꽤 찌릿해
올라가자, 남들 탓하면 개 찌질해
And her ass like 'Christ' and my watch so bright
My tomorrow is too, rivals 없앴구
월세는 밀렸었지, 이제 전세 줌
너네 bitch hip-hop해? Fuck your crew
Few-few-few, few-few-few
니 태도 무슨 hip-hop? 넌 'pussy cute'
요즘 분위기를 보면 그냥 'fuck my life'
니 후두불 부시고 싶 under my Nikes
'난 인실좆 멋져' fuck your likes
And I'll take your bitch and l make her cum
And I send her back and she be like 'What?'
난 미시들을 보내 홍콩 말고 화성으로
난 마른 우물 분수대로 문지후인 프로
Aqua man, bitch, 고래도 수영하지
우주선 광기 레즈도 올라타리
내 사람들을 지켜 목에 들어와도 칼이
매워도 울면서 또 먹어 나는 King Wasabi
Cold like hockey, bitch, and I'm cocky, bitch
You can't stop me, bitch, father's not me, bitch
Don't try me, bitch, you got me, bitch?
And I'm hot steam, bitch, like Iraqis, bitch
나는 짱임, bitch, 너는 아님, bitch
나는 황인, bitch, 24k, bitch
쿠데타임, bitch, watch me, kids
존나 웃겨, 17년째 Swings on top
첫사랑의 말, ""음악 접고 걍 해 영어 강사""

[Outro: Swings]
Hahahahahaha
Bitch, you crazy?
Are you fucking crazy?
Are you fucking serious?","","","","",""
"PORN FLICK (Feat. YANGHONGWON, Street Baby) (Prod. Matt)","Swings","2Qvr1LlQyKexI7eCUm1l6x","[Verse 1: Swings]
Tall bitch on the top, short bitch laying next to me
All of this porn shit without weed or ecstacy
I ain’t worried about gettin' no STDS
Who gives one when the opps tryin' to get the best of me
Dying erection after a few squirts
This bitch rose it back up again #Resurrection
She tried to reverse it don’t ask what that means
I told her to stay in her section don’t test me
Who said rap is evil this life is a blessing
I’m living remotely from getting attention
Direction I need but addicted to speed
No fucks given if these hoes go and cheat
Why be mad don’t even know insta IDs
Why be mad don’t even know insta IDs
Why be mad don’t even know insta IDs
Why be mad don’t even know insta IDs

[Verse 2: Swings]
I beat my obesity, handled depression
Ready for anything, give my attention to
Whatever’s in front of me so no guessing
Her mouths in my presence so I release tension
Partnered up round ones call 'em Smith and Wesson
No kids for me LTRs out of the question
‘Falling in love shit’ has taught me some lessons
Been puppeteered now I’m low-key Jim Henson
Tired of spoiled motherfuckers extending
Their hands out like I won’t pull out machetes
Getting rich brings out the scrooge I’m so petty
Paranoid, quiet, and moving so steady
Hatred towards people weighs on me heavy
Talking to strangers I’m secretly dreading
Life is a nightmare when pretty is Freddy
At a point where friends don't exist I’m betting

[Verse 2: Yanghongwon]
흰색 나시에 다 똑같은 검정색 선글라스
쿨한 척으로 가린 음악만큼은 안 구린 패션
Fuck the chain, fuck the label
다 ** 너가 뱉는 랩처럼
난 아직 자면서도 뱉어
근데 넌 껌부터 뱉어
안 굴러본 발음이 베있어
옆에 애들만 봐도 알겠어
26 YB microphone checker yeah
She know I'm a rap master yeah
차를 잡아야 서겠지
근데 내가 스윙스 형 밑에 있어
내 밑에 있는 이미테이션 너를
대체 누가 사겠어
내 손목 위엔 오직 예절이
아픔에서 난 배웠어
돈 얘기면 됐어
아빠의 품에서 다 배웠어
어렸을 때 돈을 뺏었지
그만큼은 나도 뺏겼어
업그레이드 5 나오겠어 떼창
마치 Indigo compilation

[Verse 3: Street Baby]
Why be mad (Huh, huh)
걍 삽입해 yuh (Huh, huh)
먹어 맛있게 yuh (Huh, huh)
안 봐 다시는 yuh (Huh, huh)
올려 바지를 yuh (Huh, huh)
찍재 사진을 yuh (Huh)
안돼 'Cause I’m on the low yuh 말했잖아
사실은 yuh
I gotta go
I have to leave
I got mo' mo
Waiting for me
Some say it’s hard to believe
Sometimes I have to agree
Sometimes they testing my pee
다 알고 싶어 해 내 비밀
So I gotta 쉿 or I’m goin’ in
못 들어가 다시 난 편해 이 침대
Huh fuck a rapstar rockstar bitch I‘d rather be
Pornstar
Huh 난 어쨌던 별이고 내가 뜨면 ** 뜨잖아 경찰
GTA 그건 게임 아니야 나한테 ** 난 밤에도 못 자
Huh so baby oh baby oh baby 걍 오늘은 닥치고 박자
Ye 내일은 여자를 바꿔 또 대신 난 여자만 바꿔
Huh 나한테 오나 봐 자꾸 지 오빠가 성별이 여자로 바뀌어
Well 덕분에 매일 shooting porn flick
I think they should put this shit out on Netflix
난 ** 이걸 하루 종일 할 수 있어 좋은 말로
I’m an athlete","","","","",""
"Villain (Feat. LeeHi & Simon Dominic) (Prod. CODE KUNST)","Swings","3c6N9ENwOAfXZ97itIzYy6","[Verse 1: Swings]
나는 입이 너무 가벼워
하고 싶은 말 못 하면 얼굴 가려워
어릴 때부터 날 쫓아오는 trouble
어쩔 수 없나 봐, 이게 그냥 나거든
내가 노력 안 한 것도 아니야
교회도 나갔지만 아버진 전직 목자
하드에 저장됐어 bible
날 누르면 꼭 터져
자책으로 시간 낭비했어
속박하지 마, 뒤로 가, 어서
모난 돌이 정을 맞지
부모 선생 형들 사회 날 패도 여전히 cocky
서른 넘어도 이러는데 어떡해?
악플 받기 1등 연예인 해도 난 못 변해
CoKun, Palo 형이 말해, ""이제 좋게 해보자""
아직 모르겠어, 그게 대체 무슨 말이야
사랑해달라 부탁하고 싶지만 괜찮아
봐봐, 시청률을 담당하는 애는 누굴까? I'm sorry

[Chorus: LEE HI]
Yeah, 여기 모였다고 villain
오늘도 저지르지 나쁜 짓을
It's time for the show
우린 뭣 같은 villain
조금 더 more 사랑 받고 싶어
손가락질 받는, yeah
여기 모였다고 villain
오늘도 저지르지 나쁜 짓을
It's time for the show
But you'll gonna addicted to me now
너도 모르게 쉿

[Verse 2: Swings]
I'm back, 우리 동생
300명이 diss? 멀쩡해, 우리 동생
날조범은 걔, 난 전봇대, 우리 동생
일 봐도 머리에는 안 닿네, 우리 동생
나는 센 척 아니라 그냥 세, 우리 동생
Rap은 좀 하냐고? 그래, 꽤, 우리 동생
누가 나를 이겨? 꿈 깨, 우리 동생
아직도 배고프니? 네, 네, 우리 동생, 네네
나보다 멘탈 좋은 연예인이 있을까
여긴 내 고문장, 근데 제 발로 돌아왔어
나는 rap 이병헌, 나는 Hip JYP
누구는 싫어해도 항상 되찾지 내 자리
가짜로 사랑받을 바에 나로 살고 악당 할래
대신 돈은 놔둬, 챙길게, 당당하게
Real 한 게 궁금하면 내 14년을 봐
얻을 게 없는 game이라며
지금은 어때, 맞아?

[Chorus: LEE HI]
Yeah, 여기 모였다고 villain
오늘도 저지르지 나쁜 짓을
It's time for the show
우린 뭣 같은 villain
조금 더 more 사랑 받고 싶어
손가락질 받는, yeah
여기 모였다고 villain
오늘도 저지르지 나쁜 짓을
It's time for the show
But you'll gonna addicted to me now
너도 모르게 쉿

[Interlude: Simon Dominic]
잘 지냈지 문지후이
오랜만이데이, yeah

[Verse 3: Simon Dominic]
싸가지 없게 생긴 face, 난 얼굴값을 해
자기 또 눈물 콧물 짤 거면서 내 빨간 맛을 택
난 안티보다 팬, 적보단 편이 더 많아, 다행히도
내 이름 뜻 알잖아, hip-hop scene의 악역 도미니코
성악설을 믿기에 그렇게 aka을 지어
나는 진심으로 내가 제일 잘 되기를 빌어
이 이기심에 질려 떠나지 나를 결국엔 다들
돈 문젠 1도 없는데 내 문제만 99개야
갖고픈 걸 아무리 다 가져도 마음은 우울하지
아주 비싼 시세일 때 난 가끔 미움을 사지
내 selfie는 곧 나의 mugshot
영화 속에 명대사도 대부분 악당들의 몫이야
악역도 나름 사연이 다 있다고, 나의 가족과
사랑을 지키기 위해서라고 해도 과연 좋게 봐줄까
난 나밖에 모르겠어 영원히 이럴 놈이야
과거가 밥 안 맥여주니까 let's leave it all behind
이렇게 한 track 위에 서 있다해도
Swings와 난 다시 예전처럼 돌아갈 수 없지
근데 the reason why
I do this shit, 걍 돈 되니까 하는 거지 뭐
옛 정 땜에 한다 했다면 그건 존나 거짓말

[Bridge: Simon Dominic]
난 필요악이야
날 싫어한다 해도 넌 계속 다 보고 있잖아
날 미워하지만 난 뒤로 가지 않네 절대로
그건 더 비참해
착한 척하는 놈들보다 훨씬 낫지 be honest
솔직한 게 죄라면 난 하나도 안 미안해
알고 있어, 넌 아직도 내가 망하길 바라
원래 나쁜 놈들이 더 잘 먹고 잘 살지 않니 (Yay)

[Chorus: LEE HI]
Yeah, 여기 모였다고 villain
오늘도 저지르지 나쁜 짓을
It's time for the show
우린 뭣 같은 villain
조금 더 more 사랑 받고 싶어
손가락질 받는, yeah
여기 모였다고 villain
오늘도 저지르지 나쁜 짓을
It's time for the show
But you'll gonna addicted to me now
너도 모르게 쉿","108.955","0.636","0.745","-4.7","0.834"
"Fake Rock Star (Feat. NO:EL)","Swings","1VHx7hzQWgDM5ekRVc8OIT","[Intro: Swings]
Fuck Hip-Hop, 나는 fake rap star, yah
Fuck Hip-Hop, 나는 fake rap star, yah
뭔 Hip-Hop, 뜬 건 한요한, yah
돈 냄새 맡고 빨아먹을 거야

[Verse 1: Swings]
한요한은 그냥 병신, yah
나보다도 못생겼지, yah
Porsche 가장 싼 거, yah
물론 나도 흰색 탔어, yah
장용준도 존나 병신, yah
술 먹고 인스타질, yah
아침에 이불킥 병신, yah
CK 팬티 말고 하기스, yah

[Verse 2: 한요한]
문지훈은 더 병신, 헬스장 차리고 피자 처먹지, yah
돼지는 어디 안 가, 걍 장광남, 역시는 역시, yo
Porsche 네 번째로 비싼 거, 차알못, 나는 쫌 빡쳐, yo
형 유명세 쪽쪽 빨어 먹고 버린 뒤에 나는 치고 빠져, okay
괴물 래퍼란 호칭이 맞지, 실제로 와꾸에 말문이 막힘
10년을 형 동생 했지만 아직도 적응 안 돼 (fuck you)
TV에 나오면 무조건 돌려, 런닝머신을 하다 토 쏠려, yeah
그래도 있어 공통점, 이쁜이들이 JM 가만 못 둬

[Pre-Hook: Swings]
양홍원 제발 말 똑바로 해
너의 형 홍시영 그럼 그렇지
Goretexx는 옷이냐 래퍼냐
Jvcki Wai 현피 말고 춤 배워와
양홍원 제발 말 똑바로 해
너의 형 홍시영 그럼 그렇지
Goretexx는 옷이냐 래퍼냐
Jvcki Wai 현피 말고 춤 배워와

[Hook: 한요한 & Swings]
Fuck Hip-Hop, 나는 real rock star, yah
Fuck Hip-Hop, 나는 real rock star, yah
Fuck Hip-Hop, 나는 real rock star, yah
Fuck Hip-Hop, 나는 real rock star, yah
Fuck Hip-Hop, 나는 fake rap star, yah
Fuck Hip-Hop, 나는 fake rap star, yah
뭔 Hip-Hop, 뜬 건 한요한, yah
돈 냄새 맡고 빨아먹을 거야

[Verse 3: NO:EL]
내 앞에 두 명 다 병신, 34과 29 대한민국 현실
문돼지는 오천 내고 월세집을 고침
그 옆에 원숭이는 내 차 반값 짜리 Porsche, yah
나의 꿈은 AOMG, 맨 처음에 7대 3이라 뻥침
사자후 3번, 인생이 송두리째 바뀜
이래서 형 친구 SQ형밖에 없지
아, 요한인 범퍼로 떴지
Young B, NO:EL 아니었음 평생 훅잽이로, huh
혹은 트수 아님 BJ
ZICO 이슬 라이브 때 기타 치던 돼지 (그래도)
그래도 기리보이 항상 꽃길 걸어
기리보인 항상 꽃길 걸어
기리보이 형은 꽃길 걸어
기리보인 항상 꽃길 걸어

[Pre-Hook: Swings]
양홍원 제발 말 똑바로 해
너의 형 홍시영 그럼 그렇지
Goretexx는 옷이냐 래퍼냐
Jvcki Wai 현피 말고 춤 배워와
양홍원 제발 말 똑바로 해
너의 형 홍시영 그럼 그렇지
Goretexx는 옷이냐 래퍼냐
Jvcki Wai 현피 말고 춤 배워와

[Hook: 한요한 & Swings]
Fuck Hip-Hop, 나는 real rock star, yah
Fuck Hip-Hop, 나는 real rock star, yah
Fuck Hip-Hop, 나는 real rock star, yah
Fuck Hip-Hop, 나는 real rock star, yah
Fuck Hip-Hop, 나는 fake rap star, yah
Fuck Hip-Hop, 나는 fake rap star, yah
뭔 Hip-Hop, 뜬 건 한요한, yah
돈 냄새 맡고 빨아먹을 거야","","","","",""
"Watch (feat.Black Nut)","Swings","555Z9qFIXfk7JPuBfMlJmU","[Intro]
[?]
Gray, c'mon man
Pick up
Let's do it
GRAY

[Verse 1: Swings]
김욱, 영준 형, 노창, 대웅이, 홍시영
Vasco, 또 C Jamm, 넌 쫄린 용사, 창피해
니 rap에 대한 내 feedback은 내 위액
이건 기회, 고민해, 니 미래는 위기에 놓이네
짬이 벼슬? 난 노친네, 내 punchlines 놓치네
빡센 해녀처럼 김 새, 두 손 내리지마, 그냥 위에
아니, 대충 10시에 맛간 시곌 니 머리에 그리게
Dream team이 돌고 도는 relay, 이건 민폐, 다른 crew에게
흠뻑 젖어봐, 내 수액에, 모두가 말하네, ""Swings 문제""래
틀렸지 넌, 난 문지훈, 여길 수리중
이 rap scene, chips stacking, 다 밀어버리지, waxing
첨 보는 애가 말해, ""오빠"", 넌 업소녈 잡아도 ""좀 놔""
문신 새기는 중 통장에, 이 beat 난 패버려, 혹나네
소방관 불러 I'm so hot, 또 얼음보다 차, Cro Cop
반은 나를 좋아해서 집중, 또 반은 나를 미워해서 씹구
넘어져도 난 오뚜기, Viagra 안 먹어도 난 또 서지
내 정신 상태와 소세지, 니 고갠 올라가고 내려가 코스피
난 Top Gun, bang! bang! bang! bang! 난 답, 넌 땡! 땡! 땡!
난 R-E-A-L, I'm Sorry
난 매일 혀랑 rhyme이 내 pay day를 당기니 이래요
Twitter에다 맨날 쓸데없이 사회, 여자, 엄마, 아빠까지 탓해
나도 가끔 그래, 근데 제발 그런 와중에도 한 번 CD나 내
니 기분 이해하지, 나도 그랬으니, 그냥 다시 일어서면 되지
근데 그때까진 너가 rapper라는 말은 밖에서 당분간 그만해

[Chorus: Swings]
썅노무새끼야
썅노무새끼야
썅노무새끼야
썅노무새끼
썅노무새끼야
썅노무새끼야

[Interlude: Swings]
김대웅 rap 존나 못해

[Verse 2: Black Nut]
Okay, 나 rap 못 해, 실컷 웃어대
Flow는 개판, 읽어 국어책을
근데 봐, 읽는 level이 아나운서 급
그래서 날 찾나봐, 모든 방송국이
사람들은 말해, ""넌 개거품""
""어린애 감성만 건드려, 고영욱""
""캐릭터랑 가사 빼면 rapper들 중 최하위, 아마 아싸나 팻두 급""
Okay, 그럼 난 Swings를 불러 싸대길 때려
어쩔 거야, 전부 다 뽀록났잖아
메모장 켜고 beat를 틀어
자리에 앉아 빨리 날 빠는 가사를 적어
난 오래 가길 빌어 버텨야 해
AV 남배우보다 간절하게
내 실패를 바라는 넌 한결같이
내가 금방 꺼질 거란 글만 쓰지만
봐, 난 이 짓거릴 8년째 해
갈수록 더 뜨지, 아이러니해
물론 방송에선 idol한테 발렸네
그래도 뻔뻔해, I'm the best
다 덤벼, 몰라, 난 겁 따위
쇼미를 봤다면 그거 나랑 안 친한 거 알지?
Big Deal, OVC, Soul Com이 망하고
Illionaire, Hi-Lite, AOMG가 와도
나는 계속 이 중심에 있는 hot한 놈
브라자끈을 풀게 해, 여성부 장관도
물론 역겨워, 안 봐도 돼
넌 센 척하다 털리는 bitch, Ronda Rousey
여시 빼고 모든 여자가 날 사랑해
니 엄마는 내가 가입하길 원해 산악회에
니 걱정과는 달리 잘 나갈 뿐이지
여전히 먹혀 like Kazama Yumi
자살해, 너넨 공기란 게 무의미해
마치 문돼지 밥그릇, you pussies
날 죽일 기세던데 내 앞엔 못 오지?
넌 라텍스 입은 년 거기보다 쫄보지
1억을 벌었어, single '100'
우리 엄마는 월경이 멈춰도 춤 췄지
넌 beat 위로 그만해 gang 연기
정신차려, 너네 엄마는 이제 갱년기
Stop hating on me
내 성공이 배 아프면 너도 팬티 까
넌 못 하지, 너는 bitch, 겁 나지?
레이스 달린 T 팬티 들킬까봐, woah
아직도 남았어 할 말이? 닥쳐, 아가리
그냥 지켜 봐봐, 내가 뜰 때
너네 얼굴빛? 나 대신 이 beat가 말해주네, it's GRAY

[Chorus: Swings]
썅노무새끼야
썅노무새끼야
썅노무새끼야
썅노무새끼
썅노무새끼야
썅노무새끼야
썅노무새끼야","150.043","0.732","0.669","-8.724","0.727"
"A Real Lady (feat. Beenzino, GRAY, Zion.T)","Swings","0XUkedMnKr7SNDJlDPHviO","[Hook: GRAY]
Pedicured toe
Sexy한 걸 과시하지 않아
니가 진짜 여자야 넌
지조 있는 girl, 지조 있는 girl
항상 바쁜 몸
그래도 나를 볼 시간은 많아
넌 진짜 여자야
넌 지조 있는 girl, 지조 있는 girl

[Verse 1: Swings]
검은 머리 high heels, 몸이 sexy하지만
그걸 또 알아도 너무 짧지 않은 치마를 입는
근데 청바지가 더 어울리는
좌우로 부드럽게 swing 하는 엉덩이와
한 손에 잡힐 듯한 발목, 알이 살짝 있는 팔도
수영장에 가면 여자들이 도망가죠
화장은 안 한 듯해, kiss는 폭탄같애
Yeah, 어떻게 like bang
남자들을 알아서 처리해, 진짜 최고
화장실 갔다 온 사이 coffee 값을 내는 센스쟁이
속으론 좋지만 ""왜 냈어 괜히?""
Cool하게 웃지, fan이 안아달라 할 때
가끔 어머니께 문자를 보내는
가끔은 친구들과 술을 먹게 해 주는
멋을 낼 줄 알면서도 속이 있는 baby
Yeah, now that's a real lady

[Hook: GRAY]
Pedicured toe
Sexy한 걸 과시하지 않아
니가 진짜 여자야 넌
지조 있는 girl, 지조 있는 girl
항상 바쁜 몸
그래도 나를 볼 시간은 많아
넌 진짜 여자야
넌 지조 있는 girl, 지조 있는 girl

[Verse 2: Beenzino]
이기주의 팽배, 받기만 해, 줄 줄을 몰라
지밖에 모르는 애들은 줄줄이 몰락
날씬한 몸은 잦어도 맘은 더 줄어
하루밤의 허무함, 총각이 더 부러워
Nightclub VVIP Room에 매일
영혼 없는 여자들이 넉놓고 대기
'존심', '지조' 라는 말은 왜 있는 거?
Where's the love, 무조건 돈임 오케이지
Yeah, i don't give a thing about ya body
척 해봤자 아닌 애들 going in to bed
가슴보다 마음이 더 육덕진 type을 난 바래
Girl you can throw it in the bag
돈 보다 더 자기 고집있는 애
몸보다 말에 더욱 감동있는 애
Girl let me get you some, 너가 뭘 원하건
너가 나의 기준선 통과하면 you deserve it

[Hook: GRAY]
Pedicured toe
Sexy한 걸 과시하지 않아
니가 진짜 여자야 넌
지조 있는 girl, 지조 있는 girl
항상 바쁜 몸
그래도 나를 볼 시간은 많아
넌 진짜 여자야
넌 지조 있는 girl, 지조 있는 girl

[Verse 3: Swings]
A Real Lady, 말려도 일 나가
필요한 건 돈이 아닌 나 같은 남자
A Real Lady, 아무나 안 만나
절실하게 필요해 나 같은 남잔
독립적인 여자, 관순이 누나같이
고양이 같애, 늘 발로 착지
늦잠을 잘 땐 직접 찾아와서 깨워
내가 좋아하는 요리를 나 몰래 배워

[Hook: GRAY & Zion.T]
Pedicured toe
Sexy한 걸 과시하지 않아
니가 진짜 여자야 넌
지조 있는 girl, 지조 있는 girl
항상 바쁜 몸
그래도 나를 볼 시간은 많아
넌 진짜 여자야
넌 지조 있는 girl, 지조 있는 girl","","","","",""
"WAKEUP (Prod. Jeffrey White)","Swings","1Vale2aRQ9NaDbJDXajzI3","[Verse 1 : GIRIBOY]
넌 아직도 배우 되길 원하고 있어
영화 많이 본 티가 나
그게 어딜 가겠어
니 손을 잡느니 차라리
예전에 헤어졌던
첫사랑 찾아가겠어 그럼
이제 넌 뭘 하겠어
Yo baby wake up 소리 지르지 말고
말했잖아 백번 아니 수만 번
자기야 세상에는
만약이란 말이 있어
만약 내가 널 버린다면
넌 어떡할 거야
내가 처음이자 마지막
부탁하나 할게 때리기 전에
빨리 가
이런 느낌 처음일 거야 보기를 줄게
미안해 사랑해 중에
너는 무슨 말을 할래

[Hook]
You better wake up before i'm gone
영어로 해야 알아들을 수 있니
You better wake up 정신 차려
한글로 해도 알아들을 수 있지
Wake up wake up wake up
Wake up wake up wake up
Wake up wake up wake up
Wake up wake up wake up
Wake up wake up wake up
Wake up

[Verse 2 : Swings]
You better wake up girl
I shake ya girl
지금 필요한 건
정신적인 make up girl
난 걱정돼
너 어떻게 하려 하는 거야
Babe 아 난 솔직히 섭섭해
내가 알던 여자는
지금 너완 너무 다른
사람이었는데 지금도
넌 완전 언짢은 표정을 짓고
나를 노려보고 있다니
잔소리는 아니지만
이런 말 듣기 귀찮지
반대로 나도 니가 이렇게 나옴
조금씩 지치는 건 어쩔 수 없다고
근데 잘 생각해봐
난 내고 있어 용기
진짜 너를 생각 안 하면
이럴 필요 없지
내가 득 볼게 뭐가 있어
안 그래도 바빠
안 믿겠지만 미움
사는 거 싫다는 말야
애들이 니 욕 한 적 솔까 적진 않어
마지막으로 얘기해
정신 차려

[Hook]
You better wake up before i'm gone
영어로 해야 알아들을 수 있니
You better wake up 정신 차려
한글로 해도 알아들을 수 있지
Wake up wake up wake up
Wake up wake up wake up
Wake up wake up wake up
Wake up wake up wake up
Wake up wake up wake up
Wake up

[Outro]
You better wake up before i'm gone
영어로 해야 알아들을 수 있니
You better wake up 정신 차려
한글로 해도 알아들을 수 있지
You better wake up
You better wake up","97.004","0.745","0.754","-8.912","0.499"
"Want It (Feat. Paloalto) (Prod. CODE KUNST)","Swings","6KRLNVGTXLZI2gjwRmozAc","[Intro: Paloalto]
Woah, woah, go away, hah

[Chorus: Paloalto]
Trynna make a change bad mood go away (Uh)
나를 믿고 우린 계속 나아가야 해 (Yeah, yeah, yeah)
내 그래프 직선, 타오르기 직전 (Ooh)
Trynna make it blow up, 저리 비켜
Trynna make a change bad mood go away (Go away)
나를 믿고 우린 계속 나아가야 해
Woah, woah, no way (Ay)
세상이 우릴 원해 (Ay)

[Verse 1: Khakii]
흔해 빠진 이름 사이 Khakii 빼줘 제발 좀 (좀)
날 미워하는 너는 안 보나 봐 거울도
이 노랜 tattoo 처럼 세상에 새겨져
남겠지만 괜한 걱정들은 저기 미뤄둬 (Ooh, ooh)
Whoa, whoa, go away, 못 돼 넘볼 게 (Huh, huh)
세상은 날 원하고 난 더 많은 걸 원해 (Woah)
내일은 더 멀리에 헤엄쳐야 해서 집에 돌아가지
파란 길 위 가로등이 잠들 때 (Okay)
올해가 누구 꺼라 생각해?
축배 들어, 래원, Wings형 같이 건배 (Woah)
2020 no more bad thang
I don't freakin' hate you
Wanna be your friend (Huh)
To you all the ladies, 그래, 거기 좀만 wait
저 높이 떠있는 해가 바다 뒤로 숨을 때
그땐 날 믿어줘, let'em boys go (Surfin')
다 올라타, 전세계 shippin' Wavy season (Whoo)

[Verse 2: Mckdaddy]
이젠 내 시간인지 시험인지 모를 게 와버렸고
겪고 지나서 이젠 색으로 보여 검은 것도
멀리 빛이 보여와, 난 지금 터널 속에 있어
신발 밑에 묻은 먼지
여전히 버스 타도 폼은 Porsche, 마치 다 가진 듯해
눈만 떠도 어차피 날씨는 늘 좋아, 지금이
바로 그 때지 언덕 넘어, 어? 원하면 걸어 다
날 저울 위에 올려도 내겐 시소지
이 불이 꺼지고 난 다음 내 잔해가 남길
바래, 넌 느껴줘, 마치 날 기다린 듯이
지나가 지나간 곳은, 가짠 결국 보여
잃어봤고 이루려 다시 장전, 없어 머물 일
도착은 여전히 먼 곳, 되물어보지 난 거울 보고
아마도 그래서 더 이뻐, 그래서 오르고 불 속에 던져
내 과거는 날 위한 경고고 먼지처럼 털어
이 결말은 뻔해, 세상아, 나도 너를 원해

[Chorus: Paloalto]
Trynna make a change bad mood go away (Uh)
나를 믿고 우린 계속 나아가야 해 (Yeah, yeah, yeah)
내 그래프 직선, 타오르기 직전 (Ooh)
Trynna make it blow up, 저리 비켜
Trynna make a change bad mood go away (Go away)
나를 믿고 우린 계속 나아가야 해
Woah, woah, no way (Ay)
세상이 우릴 원해 (Ay)

[Verse 3: Layone]
오렌지색 빛 터널 도로 위에 핏자국
허무했던 게임을 떠나, 흔들어 백기 좀
펄럭거리던 새의 깃털은 떨어지고 폐기처분
특이점은 날 원해 오뚝이처럼
한 바퀴를 돌아가 난 다시
드라마 항상 마지막에 반전 구하지 (Ay)
발 못 맞춰, 어떻게 봐
바보 같잖아 두리번은
바통 터치하고 출발, jump out (Let's go)
갈 길이 멀기에 던져놨지, 가끔 혼자 벙쪄 난
부화기로 복귀하듯 던전의 아침, 칼 손에 쥐어 버텨라
벼랑 끝에 필요한 건 쥐구멍, 들어가 비를 맞지 그만
근데 하필이면 지금의 난 석회암 조각
네 손잡고 앞으로, 견제 안 해, 바보야
위선자는 나일 걸, 선처해줘
뒤를 못 본 걸 담보로
들이 갖다 박아 또 한 번
안 되면 드러눕길

[Verse 4: Swings]
Nobody stop me
올해의 artist? No, 올해의 총알받이
넌 봤지, 난 누굴 언급하지? 떠버리잖니
혹은 반대로 불에 하얗게 타지
내 주둥아리에선 담배 없이 연기가 나지
어떤 아가씨도 가능해, 원할 때 hottie 맞이
나이 차며 점수 올라, 이젠 10점짜리
내가 zone에 들어가면 구경꾼은 전신마비
내 뇌는 IMF, 누구보다 부가 많지
From the bottom to the top
자리 잡았어 the charts
가끔 살짝 내려가, 그리고 다시 올라와 (Yeah, yeah)
나는 rockstar, lit like a cop car
내 출신은 왕따, 건국했어 왕가 (Ay)
여기 MVP로 누굴 뽑을래? (Ay, ay)
넘쳤던 닭대가리 속의 오골계
니가 원하지 않아도 나머지는 원한대
솔직히 말해 내가 진짜 가면 이제 뭐할래?

[Verse 5: Paloalto]
기록갱신 legendary 위기도 기회로 make it
한땐 여론 땜에 내가 가진 재능 underrated
그들이 짜놓은 더러운 frame이 내 credit 더럽히겠지
근데 아직 할 게 많고 세상은 자꾸 날 찾네
잘 풀릴 땐 다 반기지
내가 무너지면 남이 될 이들도 별로 안 밉지
그게 승자의 방식
나쁜 생각들은 잠시 꺼두고 난 계속 밟지
Straight up, 초연하게 make dough

[Chorus: Paloalto]
Trynna make a change bad mood go away (Uh)
나를 믿고 우린 계속 나아가야 해 (Yeah, yeah, yeah)
내 그래프 직선, 타오르기 직전 (Ooh)
Trynna make it blow up, 저리 비켜
Trynna make a change bad mood go away (Go away)
나를 믿고 우린 계속 나아가야 해
Woah, woah, no way (Ay)
세상이 우릴 원해 (Ay)","117.971","0.726","0.674","-4.497","0.119"
"양아치 (feat. BlackNut, GIRIBOY)","Swings","6EcDznwJ1099aL5jzm6Vch","[Verse 1: Black Nut]
그냥 멋있어 보일 줄 알았어
날 쳐다도 안 봤던 그 망할 년들에게
소리치면 내가 달라져 보일까봐
난 더 꽉 마이크를 잡았어
모두에게 손가락질 받아도
끝까지 난 니 얼굴에다 똥을 싼다고
너를 생각하며 쓴 가사들 속에
넌 언제나 나쁜 년, 나는 강간범
그래 할 말 없어, 나는 양아치
뜨고 싶어서 너를 팔았지
너와 했던 술자리 속에선 한 마디도 못하고
집에 와 혼자 쓴 fantasy
괜히 가만히 있는 너를 망가뜨리고
공연장에서 노래 불러, 당당히
내가 피해자인 척 rap으로 연기하고
사람들은 위로해, ""힘내, 멋진 놈.""
왜 내 곁에 니가 없는 거지?
왜 내 곁엔 아무도 없는 거지?
스스로에게 물어, 문제는 내게 있었지
다가가려 하면 덜컥 났어, 겁이
내 마른 몸이, 내가 입은 옷이
맘에 들지 않아서 나를 숨겼지
항상 니 주위를 맴도는 주변인
되고 싶어, 네 세상 속 주연이
넌 걸레도 또 꽃뱀도 아니고
어장 주인도 또 성괴도 아닌데
널 얻으려고 노력도 하지 않은 채
험한 단어들로 너를 표현해
날 더럽다 욕해, 너는 그래도 돼
나한테 웃지마, 날 더 괴롭게 해
다른 여자들한텐 찌질한 남자지
너에겐 그냥 난 더러운 양아치

[Chorus: Swings]
나는 염색 안 한 양아치, 개양아치
니 뒤에서 할 거 다 하고
간지러웠어, 내 가랑이
가만 앉지 못하니 맨날 딴짓 하고
무겁게 느껴져 이 가랑비
이 바람이 나를 저주하는 것 같아
어떻게 그렇게 해 사람이
난 차라리 태어나지말 걸 그랬나?
그래, 나는 쳐죽일 양아치요
나는 날라리요, 때려, 귓방망이 좀
맨날 장난만 치고, 죽여, 내 자만심 좀
죽여, 내 자만심 좀

[Verse 2: GIRIBOY]
갈 길이 다르잖아, 우리 둘은 서로
처음부터 모른 사인 거야, 앞으로도
넌 그냥 내 팔에 낀 장식품이었고
난 그냥 너가 만난 호구 한 명이었어
우는 척하지마, 하품하는 거 다 봤으니까
아쉬울 거 없잖아, 우린 서로 재미 다 봤으니까
니 일 다 이해한다니까, 너는 바쁘니까
난 이 모든 것들을 가사로 써 뜰 거야, 가수니까
그래, 난 개념이 없어, 양아치
너도 똑같아, 뒤에서는 할 꺼 다하지
눈에 보여, 친구들을 만나서 술을 먹고
내 욕을 하고 피해자인 척 넌 울고불고
이제 알았어? 나는 말을 해도 이런 방식으로 밖에 못해
나란 쓰레기 새끼는 항상 니 상식 밖에
너가 잘못했다 빌고, 손목 그어 자해해도
난 친구들과 그런 너를 보면서 박장대소

[Chorus: Swings]
나는 염색 안 한 양아치, 개양아치
니 뒤에서 할 거 다 하고
간지러웠어, 내 가랑이
가만 앉지 못하니 맨날 딴짓 하고
무겁게 느껴져 이 가랑비
이 바람이 나를 저주하는 것 같아
어떻게 그렇게 해 사람이
난 차라리 태어나지말 걸 그랬나?
그래, 나는 쳐죽일 양아치요
나는 날라리요, 때려, 귓방망이 좀
맨날 장난만 치고, 죽여, 내 자만심 좀
죽여, 내 자만심 좀","","","","",""
"step back b**** 'cause I'm too fye (Prod. sAewoo)","Swings","43GeKUZ8072z0qt3IJm8Y0","[에이피 알케미 ""step back b**** 'cause i'm too fye"" 가사]

[Intro: Raf Sandou]
Step back bitch 'cause
Step back bitch 'cause
Uh, step back bitch 'cause
Step back bitch 'cause
Step back bitch 'cause
Step back bitch 'cause I'm too fye
With my brothers let that shine
Hit the gas you know I'm too fine
Hit the gas you know I'm too fine
Hit the gas you know I'm too fine
Hit the gas you know I'm too fine
Hit the gas you know I'm
All I ever want is money, bitch, yeah
Hit that fuckers up, they ain't ready yet
Pick another role, y'all on same clothes
Same hoes on a date, gotta barricade on my mind
I took my bitch to Paris, yeah
Sippin' anothеr fresh damn Perrier
Gotta burn this wholе, I don't feel them none
Never touch this shh, I don't talk to lame

[Pre-Chorus: Kid Milli]
Audemars that don't tick 너넨 공장 shit 난 custom made
Off to Paris, Xanax 두 개 그럼 I can't feel my face
니네 crew 누구랑 네트워킹 하던 거기엔 내가 없네
제발 나랑 일하는 애들 갖다 쓰지 마 걔넨 거절도 못 하니
커리어에선 빈틈없었지 자기 내가 뭐였어 uh
니 새 boyfriend 내게 다 배웠어 uh 평생을 난 나로, 걘 변장만
Touring Europe touring Tokyo, fuck the rest 그건 진 너의 몫
이름도 모르는 놈들이 건네는 인사는 이젠 조금 질렸어
Okay, okay, big shit poppin', step back 뒤엔 없어 난 책임
Cracked my jacket 거기에 낀 건 다 다른 색깔의 머리
너네 형젠 절벽 앞에 세우면 서로 밀 궁리하네
Pathetic 난 너의 dream 곧 난 너의 reaper 물러서 뒤로 uh
Gold on gold, I'm stackin' like Wendy's
경쟁 안 남았어 내 시절 fresh 맨들 사이서 boy, show some respect
반지 위에 snowflake
Aston SUV, black on black 니 처음 때부터 난 players' player
Balenci jean without no logo, drip on them 마치 시오후키 비디오

[Chorus: All]
Step back bitch 'cause I'm too fye
With my brothers let that shine
Hit the gas you know I'm

[Verse 2: Swings]
난 좆같이 살고 싶어서 돈 벌어
갑질하는 새끼들 전부 똥 먹여
Thanos 왔다 갔나 봐 적들 다 없어
17년 걸렸지만 드디어 먹었어
100년짜리 회사 만들어냈네
나 없어지고 나면 율음이 jefe
소변 속에서 금이 나왔어 맹세
서른여덟 twenty eight 같네 늘 팩해
인복 날 가만 못 두지
니 좆 행보 잿더미 위서 셔플 춤추지
Linchpins 결국 됐네요 핵심축이
니가 던지는 모든 건 내 무기
항시에 준비, 절대로 되지 마 나의 화풀이
대상이 너도 해봐라 좀 계산질
숙이고 들어왔어야지 왜 이케 애 같니 boy
튀려면 좋아야 해 대가리 boy
어제밤 니 여친 개따임 boy
왜 두 쪽 편 다 들고 그래 넌 멀었어
표정관리 안 되지 마늘 좀 썰어
Step back, bitch, 'cause I'm too fye
Wrist is real, the charms a crime
Diamonds gold and guessing why
Just like engine number nine

[Verse 3: YUNHWAY]
Who are these people, they not my equal, bitch get the fuck out
I tell them, I tell them again (꺼져) I'm talk of this town now
I'm ten out of ten, your bitch got no ass, she flat as a plate
A packet of A4 paper, no way
I got what it takes, boy, come and just find out
Yeah, slime drippin' off my body, watch me stand out
You can't keep up with my pace, Manny Pacquiao
You know when I pull up, I'm black and I'm pink, it's a shutdown
Step back bitch 'cause I'm too fye, I wear the crown, it's time to shine
Fuck your bitch she out of bounds, turn that frown, yeah, upside down
Take an L, you just a clown
I'm too fine, ain't nobody loyal these days
Nobody got that confidence (No, no)
Keep talking no acting you playin', you jelly I'm winning the game
Don't go around using my name, I know I'm the best you have had
Got too many problems, not I
Get more money, I get it watch out
Don't worry about me, I'm just fine now
Got diamonds on my ring now (bling)
Okay, okay, okay, okay, okay
(Shout) out loud

[Pre-Chorus: Kid Milli]
Audemars that don't tick 너넨 공장 shit 난 custom made
Off to Paris, Xanax 두 개 그럼 I can't feel my face
니네 crew 누구랑 네트워킹 하던 거기엔 내가 없네
Off to Paris, Xanax 두 개 그럼 I can't feel my face (let's go)

[Verse 4: iiso]
You need more potion if you want a paradise (mysterious to me)
Fuck all these you ain't even paradigm (digm, digm, digm)
The alley boss is busy in my front yard, yard, yard, yard
I've got a reliable dog and he's gonna bark, bark, bark, bark
They always make excuses
They wanna call me puss
You're gonna ask for GG
And I'm like, nah, nah
Looking for cheese to eat with
Meow, meow, meow, meow
Looking for cheese to eat with
Meow, meow, meow, meow
Looking for cheese to eat with
Meow, meow, meow, meow
Looking for cheese to eat with
Meow, meow, meow, meow

[Chorus: All]
Step back bitch 'cause I'm too fye
With my brothers let that shine
Hit the gas you know I'm","","","","",""
"Upgrade 2020","Swings","1yO2Tdk9kigVegslEzEWPN","[Verse 1: Swings]
나는 완벽과는 거리가 멀어
그리고 완벽하고 싶던 적도 없어
단지 매일 나아지고 싶어, 후회가 많아
어제를 반복하기 싫어, 제발 어젤 이겨
이제는 애기들과 애기 엄마들도
내가 누군지 다 알아버렸지
진심으로 지금 너무 버겁지
상식보단 감정으로 겁 없이
세상을 살다 뒤늦게 눈이 떠졌지, 난 얼었지
이제는 최선을 다해
내 fan들이 되도록 더는 창피하지 않게
나 혼자 욕먹는 게 아녀서 좀 꾸미고 살 빼
내가 뭐 모델은 아니지만 이젠 태 좀 나네, ha
그렇게 나아지고 싶어
코로나에 기가 죽기 싫어 코로나 한 병을 끼워
가끔 사라지고 싶어도 끝까지 나를 믿어
다들 너무 힘들지만 게임처럼 삶을 이어
애기가 삼촌 좋아한대 어떤 엄마 fan이 말했다
이제 난 어쩌냐
애기야, 삼촌 말 잘 들어
살며 실수해도 돼, 누가 뭐라 해도 괜찮아
그게 내가 2020 지구에게 전하고 싶던 말
너무 각박해졌어, 다 죽어가
서로를 놔두고 보내는 것도 관심이야
각자 자리에서 꼭 나아지자

[Chorus: Swings & Paloalto]
Upgrade 2020, yeah, 이건 dedicated
우린 시행착오 삶을 통해 educated
Upgrade 2020, yeah, 매일이 생일, 생일
새로 태어난듯 살아, 밤에 죽고 내일은 재림
Upgrade 2020, uh, 이건 dedicated
우린 시행착오 삶을 통해 levitated
Upgrade 2020, yeah, 매일이 생일, 생일
오늘의 나는 어제와 달리 push it to the limit

[Verse 2: Swings]
진짜 hip-hop 다시 데려올 때
내가 실력이 밀리면 그때 내려놓을게
하지만 그날이 올 때까진 난 사자 중 왕
난 날 위험하게 만들어 항상 노려 한 방
나도 누구나처럼 무섭고 떨려 항상
단지 내 특색은 쫄린다고 꼭 빼지 않아
이런 게 hip-hop, 이런 게 realness
세상은 변해도 지켜야 할 것이 있지
Hip-hop도 안 완벽해, 단 솔직해서 버티지
솔직한 건 귀중해, 아기처럼 지키길
Show Me season 9개 어떻게 여실히
건재할까, 그건 우리가 지켜 온 깊이가 이유야
돈을 버는 건 그 이후야
예술은 위험해, 역설적으로 치유야
꼰대 같아? 네, 근데 rap 한다는 건
여자, 돈, 허세 뿐만은 아니라는 점을 알고 살아야 해
안 그러면 우리는 망해
솔직히 말해 너나 나나 외모 배우 같애?
우리가 가진 인기 영원할 거라 생각해?
근데 잠깐 묻자, 이번 season 누구 땜 안 망해?
너희는 답을 알지, 그러니까 fan 해 빨리
거만한 게 아냐, 그저 swag 넘치는 학생
대통령 선거처럼 말하는 거
미래로 가게 나를 따라와줘

[Chorus: Swings & Paloalto]
Upgrade 2020, yeah, 이건 dedicated
우린 시행착오 삶을 통해 educated
Upgrade 2020, yeah, 매일이 생일, 생일
새로 태어난듯 살아, 밤에 죽고 내일은 재림
Upgrade 2020, uh, 이건 dedicated
우린 시행착오 삶을 통해 levitated
Upgrade 2020, yeah, 매일이 생일, 생일
오늘의 나는 어제와 달리 push it to the limit

[Verse 3: Swings]
우린 완벽하지 않아, 남에게 요구 안 해
다 가치관이 달라, 이제는 관용할 때
연예인이 TV 나와 무식한 것 탄로 났네
그게 죽을 일 아니잖아, 보면 다 공황장애
난 사실은 너무 모자란 인간, 흔히 말하는 정신과
말실수 해서 끊긴 인연 백 명은 되니까
오래오래 후회하고 창피하게 생각해
이걸 견딘 사람만이 아직 내 옆에 함께
난 누굴 살릴 자격 없어, 능력 부재가 더 맞지
근데 이러다가 몇 명 더 떠날 것 같니?
난 너무 까였잖아, 피해망상에 빠졌어
진심이었던 fan 수백 명 적으로 다 날렸어
삶을 택한 이유 좋은 게 훨씬 더 많아
유명해져 단점 밝혀지면 난 죽어야 하냐?
카메라 백만 대가 내 하늘 위에 있어
좌표 그만 찍고 이제 추억 위해 찍어

[Outro: Paloalto]
Stand alone never give up, 내 목소리로 나를 지켜
시끄러운 건 사람들이 아니라 내 마음이었단 걸
I ain't gon' lose, I ain't gon' lose, baby I ain't gon' lose
절대로 난 질 수 없거든
Upgrade 해야 돼 upgrade (저 위에)","","","","",""
"Warrior (Prod. sAewoo)","Swings","0GmP4Q5RsowghUZRpGjaLq","[Chorus: Kid Milli]
Balenciaga shade got me sneeze, no Omicron
왼손에 더플 백, 차 시동은 button wah
빈손인 너랑 안 해, 공짜 아냐 내 audio
Bands, bands in the banks 넣어놔 죄다 뭉치로
Show에서 난, 마치 warrior, go ape shit, audience
Show에서 난, 마치 warrior, go ape shit, audience
Show에서 난, 마치 warrior, go ape shit, buddy
Show에서 난, 마치 warrior, go ape shit, buddy

[Verse 1: Lil tachi]
Show에서 난, 마치 warrior, I go ape shit, buddy
있는 척 안 통해 결국 넌 개 씹거지
You bitch ass motherfucker 날 마주치면 너희는 runnin'
아니면 빨리 suck my dick, 분조장 you know it
Yeah, this is me 벌기 위해 swervin' in the morning
Money is different for me, take another pictures for me
No label, but ambitions on me
야만인 vibe, let’s jump in thuggin' with my homie 여긴
우리가 접수해 오늘 밤 어디를 가던 show에서 난 warrior, I go ape shit, buddy
Yo fuck you, stop talking 됐고 where's ma money
은행엔 공 공 공 드리블, 마치 네이마르
난 너무 빨라 병신아 그러니까 다시 say what
넌 확실하게 멍청이 전기 꺼 you 블랙아웃
다 조져놓고 도망가 ninja, yeah, we fade out
난 사기 치네 sorry to ma victim
한번 거쳐 간 년은 please sorry miss me
I feel that energy 토하기 전에 휙휙
네 귀에 박아 TNC it’s so trippy

[ChorusL Kid Milli]
Balenciaga shade got me sneeze, no Omicron
왼손에 더플 백, 차 시동은 button wah
빈손인 너랑 안 해, 공짜 아냐 내 audio
Bands, bands in the banks 넣어놔 죄다 뭉치로
Show에서 난, 마치 warrior, go ape shit, audience
Show에서 난, 마치 warrior, go ape shit, audience
Show에서 난, 마치 warrior, go ape shit, buddy
Show에서 난, 마치 warrior, go ape shit, buddy

[Verse 2: Swings]
집이 너무 커서 저번에 돈까를 잃었었지
난 너무 진짜라서 머리 안 감고 종로를 걷지
이건 자신감이 아냐 이건 그냥 앎 그 자체
사람들이 싫어져서 반드시 cool time을 갖네
난 힙합과 경쟁 안 해
난 새로운 도전만 해
9점 이상 hottie만
절대로 결혼 안 함
어떤 미녀라도 날 조련 못해 난 rich forever
딴 놈 땜에 날 떠났다면 택했어 차선책을
I’m the motherfuckin' shit
재벌 1세 곧 되실
워라벨 행복 필요 없어 가끔 발사하면 돼
Alpha male이 궁금하면 그냥 봐봐 내 인생
나랑 함께 일하는 사람 100명이 넘었네
난 질려가 fucking fame bitch
이제 봐 우리 labels
AP Alchemy
난 질려가 fucking fame bitch
이제 봐봐 우리 labels
AP Alchemy

[Chorus: Kid Milli]
Balenciaga shade got me sneeze, no Omicron
왼손에 더플 백, 차 시동은 button wah
빈손인 너랑 안 해, 공짜 아냐 내 audio
Bands, bands in the banks 넣어놔 죄다 뭉치로
Show에서 난, 마치 warrior, go ape shit, audience
Show에서 난, 마치 warrior, go ape shit, audience
Show에서 난, 마치 warrior, go ape shit, buddy
Show에서 난, 마치 warrior, go ape shit, buddy

[Verse 3: Roh Yunha]
Go ape shit, buddy 안 거쳐 머리
먼저 나가 몸이 완전 풀린 고삐
엿이나 먹어 머피
나한테 계속되는 실패 따위는 없지
새끼들아 know it? 상관없어 공식 무시의 법칙
Yeah, I say fuck it up for real 나 뻥치지 않아
넌 군대에서 뺑이 쳐
난 누워서 돈 벌어 pay 미쳤지
2년 전에는 일했어 개미처럼
학교 다닐 때마저 get paper
할 말 많아 부족해 A4
난 무지성 랩하지 개처럼
내 성장세 말도 안 돼 개쩔어
주문받을 준비하고 있어 Ben Baller
트랩 하는 놈들 중에 제일 올바르게 살아
마약 같은 거 할 바에 랩을 접고 말지 난 차라리
못 뜨면 못 뜨는 거지 다른 놈 똥꼬 안 빨아
나 한국 힙합 장기 집권할 거야 마치 오바마
시끄러 내 toss 왔다 갔다 또
느껴져 촉감 종이돈
난 몰라 적당히 모 아니면 도
올라야지 저기까지 노윤하 go up, aw yeah","160.035","0.926","0.481","-3.314","0.162"
"2007 (Prod. By IOAH)","Swings","6uQ0YE1KVu7Ua3UpvahBTD","[Verse 1]
Close your eyes you'll still notice me
These new nerds they ain't known to me
Nurtured the game like ovaries
Can't get old like jodeci
Deep throat, deep throat, aye
She know, she know, aye
Get your fix like Coldplay
This new shit fuck old ways
I could do this shit all day
You can hear me in the hallway
Save the game? yeah, probably
Not to claim that I'm Yahweh
JMIM we poppin'
What ya doin' is good ya way
I ain't trynna run no arms race
We stay on track we go our lane
Flow water like Bobby
Boucher shake ya bootie
Who they? who me?
Moon Swings
New king, she thinks
You cool, she thinks?
I think, you too, thank you
The new king, the new cobra
Middle finger to old me
I'm my best friend, we homies
So I owe me that much
When I lingered in '03
In the gutter you told me
Get up and cop that rollie
Cuz your motherfucking past sucks
That's old money old money don't pay for shit
Quit bitchin take off the apron
Now you're the one on some hater shit
And you wonder why you get hated trick?
You changed the game you raised the bar
But that was then know who you are
You hated old heads
And now who's gettin old here?
Swallow your pride switch the flow up
Hip hop's about change you know thus
Keeping it fresh is of the essence
You like to teach
Give you a lesson for a change
You claim the crown
For the message? Or just fame?
Ask yourself, switch tounges, yo

[Verse 2]
내 중딩 때 swag이 니보다 더 멋있어
병신아, 넌 rapper가 아니지, shit
그때 swag 현재 나보다도 솔까 멋있, 다시 난 달리지, sprint
나도 요즘 rap 하지, 조금 늦은 기미가 없지는 않지
거울 아냐, 바로 다 베끼는 새끼들과 달라
자기화 없는 표방은 곧 dick riding
누군 이래 hip-hop은 bitch 같은 거래
그래, 나는 안에다가 찍 쌌어
누군 먹기만 하고 입 닦어
누군 꿈나무를 만들지 like Big Poppa, uh
난 그 중 하나라 체중 나가나
일상의 drama를 수습하고 해도
집에선 곧 mama가 전화를 해
이것저것 또 몇 천만원 대
직원, 여친, 가족, rapper, PD, 기자, 작가
내 차 앞 유리 하단만 보면 예의 없는 애들이 알아
내 번호를 찍고 뻔뻔히 걸지
모르는 전화는 못 받아, 좀 살자, uh
기분은 지옥 무덤보다 low
회의 때 뱉는 slogan '맨 위로'
장난이 아냐, 나는 CEO
잠수 탄 노창, 힘든 기리도
다 챙겨야 해, 전부 챙겨야 해
샷발 구려 찝찝 배그할 때 마저도
병신 pic post 후 날 태그하네
니 유머와 돈 버는 재능 같네
난 까칠 like 고양이 애무할 때
물 새면 너는 썩지, 세무같이
연예인과 예술가의 차이
한 쪽은 한 쪽만 가능한데 한 쪽은 둘 다 하지
누구는 예능 나가, 불만 없어, 나도 한다
단지 유명해졌다 해서 발전을 멈추진 않아
내가 공이면 모두 눈은 쫓아와 like Ping Pong
과거로 돌아가야만 앞서 갈 수 있는 상황 like a Sling Shot
Oh, seven","114.98","0.358","0.649","-7.942","0.257"
"Fosho-! (Prod. YEOHO)","Swings","7896LFcAWlUQMtoHY1OCJv","[Hook: Black Nut]
너는 나를 보며 말해, ""너는 안 돼 fo sho""
모두 나의 포부를 향해 하네 요절복통
Wait, hold up, 뒤바꿔줄게 motherfuckers
걔네 곧 다 복통에 요절해, that's fo sho
얘 있잖아 지금 니 은행 속 돈이 내 돈이 다 될 수도
얘 있잖아 지금 니 침대 속 여자 내 좆집이 될 수도
얘 있잖아 어차피 다 니 것도 아닌데 내 것이 될 수도
이빨 좀 이빨 좀 그만 까 씨발놈들아
다 내 꺼야, that's fo sho

[Verse 1: Swings]
Big boss, 돼지 boss 중의 boss, fo sho
Hip-Hop은 내가 필요해, that's fo sho
내가 없으면 방송 망해, that's fo sho
고딩들은 나를 사랑해, that's fo sho
New idol은 rapper들야, that's fo sho
난 지구에서 유일해, so original
여배우와 여돌도 내 fan, that's fo sho
너네는 너무 아름다워 man, that's fo sho
계속 하던 대로 해, 잘하고 있어
Hip-Hop 동생들아 성공해 돈 벌어
CHANGMO, SUPERBEE, JUSTHIS, Young B, $exy $treet
외국인 여자도 만나봐 like C Jamm and Beenz
Hip-hop은 사회를 바꿀 거야, that's fo sho
내 leadership은 혁명가급, haters 엿먹어
내 안엔 Tiger J, D.D, VJ 모였어
New king Moon Swings, ah, that's fo sho

[Hook: Black Nut]
너는 나를 보며 말해, ""너는 안 돼 fo sho""
모두 나의 포부를 향해 하네 요절복통
Wait, hold up, 뒤바꿔줄게 motherfuckers
걔네 곧 다 복통에 요절해, that's fo sho
얘 있잖아 지금 니 은행 속 돈이 내 돈이 다 될 수도
얘 있잖아 지금 니 침대 속 여자 내 좆집이 될 수도
얘 있잖아 어차피 다 니 것도 아닌데 내 것이 될 수도
이빨 좀 이빨 좀 그만 까 씨발놈들아
다 내 꺼야, that's fo sho

[Verse 2: Goretexx]
명품은 양보하지. 면상 개박살난 너나 입으라지
난 Gore-Tex 하나면 충분해. 독일산 Acronym jacket size large
니 favorite designer와 일을 한지 벌써 반 십 년이 지나갔지
너가 그 동안에 바친 많은 돈을 다 내가 갖지
Now can you get it bitch
필요 없어, 내 시곈 엄청 비싼 게 필요해 - 장영실의 해시계
집안 꼴은 section 8, 서울이란 곳은 매번 네 기댈 배신해
남 탓 하는 거지새끼, got a lil pussy in yo DNA
좆 달린 bitches got no pot to piss in
질투에 인생을 걸지, man I guarantee it fo sho

[Verse 3: C Jamm]
생머리에 dreads, I'm so official
내 전화번호부 존나 멋지죠
제주 서중친구부터 아이돌 비밀 phone
다 지가 짱이라던데 대체 어디서?
다 지가 짱이라는데 대체 뭐 땜에?
그게 rap이라던데, 이건 어떤데?
다들 rapper라던데 fan도 없던데?
걔넨 음악 얘기하는 놈도 없던데?
Uh, uh, yeah, 간지내 Gucci, 간지내 Raf shit
옆에는 bad bitch, 쌓이는 stacks
인생은 happy, 병신은 회피
Diamonds dancing, 터지면 dab
내 구제도 designer 섞어 봐 신상 좀. 질투가 티나 너, ay
백화점 지나면 지갑에 피나, uh, 월요일이라고, damn, uh

[Hook: Black Nut]
너는 나를 보며 말해, ""너는 안 돼 fo sho""
모두 나의 포부를 향해 하네 요절복통
Wait, hold up, 뒤바꿔줄게 motherfuckers
걔네 곧 다 복통에 요절해, that's fo sho
얘 있잖아 지금 니 은행 속 돈이 내 돈이 다 될 수도
얘 있잖아 지금 니 침대 속 여자 내 좆집이 될 수도
얘 있잖아 어차피 다 니 것도 아닌데 내 것이 될 수도
이빨 좀 이빨 좀 그만 까 씨발놈들아
다 내 꺼야, that's fo sho","","","","",""
"Whistle (feat. nafla, CHANGMO)","Swings","3BA0aMD6fZIjh9qyidd22B","[Intro: 한요한]
(Wait a mimute, boy)
(Give me that Yo Han)
Uno dos tres cuatro

[Hook: 한요한]
JM 법을 잘 지켜
경찰한텐 이미 찍혔
우리 보고 호루라기 힘껏
휘리릭 휘리릭 힘껏
JM 법을 잘 지켜
경찰한텐 이미 찍혔
우리 보고 호루라기 힘껏
휘리릭 휘리릭 힘껏
휘리릭 휘리릭 힘껏
휘리릭 휘리릭 힘껏
휘리릭 휘리릭 힘껏
그래도 올해는 우리꺼
휘리릭 휘리릭 힘껏
휘리릭 휘리릭 힘껏
휘리릭 휘리릭 힘껏
그래도 올해는 우리꺼

[Verse 1: nafla]
술 마신 채, I‘m fuckin' drunk, 버르장머리
밤마다 중요하게 생각해 나의 허리
I don’t fuck with nobody
너넨 죄다 전부 떨이
나의 법은 혼자 만들어
All I need is hoes and 새삥 money
I’m up again, 난 gentleman
빈티지 denim, 알아봐 fan은
Kickin with JM, 안 돼 올해 날 빼면
Fuck a 체면, 나대로 살아 매년
Ay, yeah, yeah, yeah, yeah
Yeah, yeah, yeah, yeah
Hey, yeah, yeah, yeah, yeah
Yeah, yeah, yeah, yeah

[Hook: 한요한]
JM 법을 잘 지켜
경찰한텐 이미 찍혔
우리 보고 호루라기 힘껏
휘리릭 휘리릭 힘껏
JM 법을 잘 지켜
경찰한텐 이미 찍혔
우리 보고 호루라기 힘껏
휘리릭 휘리릭 힘껏
휘리릭 휘리릭 힘껏
휘리릭 휘리릭 힘껏
휘리릭 휘리릭 힘껏
그래도 올해는 우리꺼
휘리릭 휘리릭 힘껏
휘리릭 휘리릭 힘껏
휘리릭 휘리릭 힘껏
그래도 올해는 우리꺼

[Verse 2: CHANGMO]
아니, 요한이 행님 (안녕하세요)
돈까 행님 (잘 먹겠습니다)
올해는 공공재랍니다
아니, 제 겁니다요 hashtag 웃음
Yo, JMBITION 또 하나
요한이 형은 하나뿐인 랜선 bro (yo)
어색하니까는 party 열어보자
Baby 오면 바꿔줄게 네 UNIQLO
난 돈이 많아, 그리고 너는 예뻐
그러니 나의 돈 네 돈처럼 써도 돼
우린 천생연분 1일, 헿
야, 나 구창모다, 현재 가장 핫한 rap star
7080 구창모와 비견될 새 구창모야
야, 래퍼들 짖는 소리 좀 안 나게 하라
이제는 구창모 시대, 여성분은 나랑 노시게
올해는 공공재, 아니, 제 겁니다요, no cap

[Verse 3: Swings]
나는 한요한 같은 병신들이 너무 싫어
장용준 기저귀 충 설사 똥 차라리 이뻐
최순실, 이명박, 김치보다 난 더 씹혀
그래서 뭘 할 거냐, 그냥 한요한 작업 시켜
그거 아냐 노창이 또 쨀까 봐
Indigo 컴필 뽑기 전까지만 참아
발매 후 예술병 걸린 빡대가리
요한 옆에 눕히고 밟아, 체중계보다 많이
나는 맛이 나간 사장님, 돈, 돈, 돈, 돈
원래 수준은 빠가지, 돈, 돈, 돈, 돈
Hater가 fan 됐다 hater 된 걸 10번 본 뒤로
Fuck Hip-Hop, 어차피 우승은 송민호

[Hook: 한요한]
JM 법을 잘 지켜
경찰한텐 이미 찍혔
우리 보고 호루라기 힘껏
휘리릭 휘리릭 힘껏
JM 법을 잘 지켜
경찰한텐 이미 찍혔
우리 보고 호루라기 힘껏
휘리릭 휘리릭 힘껏
휘리릭 휘리릭 힘껏
휘리릭 휘리릭 힘껏
휘리릭 휘리릭 힘껏
그래도 올해는 우리꺼
휘리릭 휘리릭 힘껏
휘리릭 휘리릭 힘껏
휘리릭 휘리릭 힘껏
그래도 올해는 우리꺼","103.993","0.878","0.791","-4.402","0.839"
"Shit Is Real (Feat. The Quiett, GIRIBOY, Kid Milli) (Prod. By IOAH)","Swings","0S2tHfKyGUkRb1QWZos8R0","[Hook]

We push they pull
Give or take an inch
Each side trying to get just a little bit more
Everybody I know
Out working, hustlin, strugglin
Trying to make something from nothing
We push they pull
Give or take an inch
Each side trying to get just a little bit more
Everybody I know
Out working, hustlin, strugglin
Trying to make something from nothing
We push


(We push) Up at the crack of dawn
Putting in a days work before morph alarms are goin on
Don't sense
Sittin round doin nothin
Gotta hit the ground runnin
The streets like a stampede over oxygen
Thieves we ain't havin none of that
Got breathing underwater apparatus to kill the chatter
By any means necessary get the mens their meat
They dont be dead in the street
Mama didn't raise no fool
To be a face on the front page news
(ain't that the truth?)
Nothing more, nothing less
Check the floor for the mess
You'd be surprised at what they leave behind enemy lines
We just read between em
Papa got a brand new sign
Go feed the demons
And that's all for good reason
Gotta keep that hunger for themselves
Give em something more than hell
Bustlin hustlin rushin by the hundreds


[Hook]


(We push) Through the chronic streets everyday making noise
All it takes is a voice
Whos the loudest in the streets squekin
We all getting the grease
Don't feel like we runnin the place
More exits to escape
I thank this job
Probably the robbers gonna keep on with the masquerade
We go ahead and play the game
We know the steps it takes for that next plateau
Gotta pick your spots and run with em cuz cash flow
Don't come in buzzin nothing when we right there
(Right there)
Front and centre stage
Army general heading the brigade
Mission is the nine to five
Trying to squeeze a dollar out of 15 cents
Should have never been
Please that's like shots to the head
Don't even play
Just duck and swing
The shit is real
And getting more real every second of the day
Looking for a better way
You know the deal


[Hook]


(We push) back and forth but the struggles stay the same
Like we on a crash course
Like a riot going on inside, outside
Seem more simple than plain
Quiet before the storm made the damn thing change
Everyone can feel it
Like we on a global teeter-totter to feed reporters
They need to sorta
Trying to keep us caught up in a tangle web
Leaning more toward the leading cause of death like alcohol and cigarettes
We smoke we drink to take away the stress
And that's just to keep from jumpin off a ledge
We gotta take control of the pressures of the day to day make it make sense
Just another fence hurdle in our way
We got the knowledge, tools and weapons to get attention
It all depends on how we use em
We in the middle of a revolution
We all makin moves, now it's time for the movement


[Hook]","93.095","0.7120000000000001","0.672","-7.701","0.665"
"Bulldozer","Swings","57dAn3xBS8XfKeWJBmoTCC","[Intro]
Yo, 솔직히 말할게
나 그동안 고민 진짜 많이 했어, 여러가지 사건 이후로
근데 이제 맘 잡았어, 내년은 내 거야
2014, Moon Swings, Just Music, Brand New

[Verse 1]
잠깐 쉬는 시간 좀 가졌지. 이건 운동 후의 등목
어떤 래퍼든 내게 까불지? 없어져, 니들의 등, 목
부처인 척, 해탈한 척, 혹은 큰 형인 척하면
네 시체를 내 술독에 담가 회색으로 변해. 사지 마, 승복
""맨날 공격적이야, man. 성격 대체 왜 저래?
여긴 아니야, 할렘."" 맞아, 임마. 여긴 서울시
경쟁서 이겨도 더럽지. 마치 비 오는 날 럭비 경기
이 도시의 언저리 끝 언덕 위 머저리들이 지내는 허연 집이
바로 나의 정신 상태
난 착한 것은 아냐. 음악만은 정직하게 해
예술에 윤리라는 잣대 들이댈 거면 넌 진보하지 말고
내 음악도 듣지 말고 닥치고 가서 집 정리나 해
난 내 할 말은 꼭 해. 넌 딴 래퍼들과
술집에서만 숨어서 하는 말 네 음악에선 절대 못해
날 망치면 넌 못 돼. 내가 족발이면 넌 좆 돼
너를 졸라 세게 찬다. 그것은 마치 3대의 차가
나란히 달려가서 끝까지 밟아. 졸라 세게 박아서
이빨 34개 나가. 나보고 네가 사람이녜
그래, 그래, 이건 외계 라임이야. 내 태도 한번 체크해봐라
반항아. 랩 체게바라. 봐, 실력이 애매하냐?
내 영혼 내가 매매하냐? 까부는 놈들 맴매한다
실력이 돈이면 되게 많아. 작업이라면 나는 매일 해, 아마
네가 1대 때리면 난 4대 갚아. 그게 너와 나의 3대 차이야
Get it, 어린놈아? 이게 너와 나의 세대 차이야
하하 비웃어봐. 난 더 웃기려고 스컬 형이랑 만나
파마하고 나시 입고 완전 신나게 레게한다
레게 야만! 구라가 악취면 넌 냄새 강함
그래, 이건 실력 생색 맞아. 내 입이 내는 소린 뱅뱅 탕탕
내 여자는 모든 게 탱탱 빵빵. 넌 내 앞에서 서면 깽깽 싸바싸바
그래, 넘겨, 내게 왕관. 내 단어가 널 죽여. 행맨 같아
난 원래 느리게 랩해. 네 입 잽싸게 벌려
느리고 끈적하게. 뱀이 섹스할 때처럼
The motherfuckin' nicest. Lyricism priceless
전라도 익산시 한식 밥집보다 찰짐
그 누구보다 솔직해. 여긴 다 사기꾼
난 누구보다 솔직해. 그래서 날 믿고
여긴 연기자가 너무도 많은 할리우드
가장 솔직한 게 오렌지, 말리부나 참이슬
누가 날 알아? 물론 남 탓하기 없기
근데 넌 요즘 권투계랑 똑같아: 알리 없지

[Verse 2]
Man, fuck you haters, I'll fuck you up
내 가랑이 사이에 있는 엿 먹어
너나 나나 똑같아. Fuck 성선설
착한 척 글 지워. 꺼, 텀블러
이미 경고했었잖아. 왜 건드려?
나의 입이 나의 루거. 난 물건 들어
네 이름 첨 들어. 왜 껴들어?
썩을 년. 너네 전부 썬글 벗겨
목 졸라 졸라 졸라 like pump it up
넌 이미 없어. 마치 스윙스 언플러
가짜 래퍼들만 내 존재가 껄끄러워
날 막 대했던 형들 왈 ""너무 컸어""
오디션 나와 떴어 like 버스커
3년 뒤에 살 내 차 이름은 버스커
넌 라이토가 아냐. 내 말 쳐들어
좆 되는 건 너 뿐. 내 이름 적으면, motherfucker!

[Hook]
The name is Moon Swings. 아니, 사실 그냥 불도저
난 1:1 안 해. 차라리 bring your crew over
난 술 좋아해. 그리고 어두운 조명
이 그루브 안에서 춤춰. 따라 불러봐
난 앞으로만 가지. 난 앞으로만 가지
난 앞으로만 가지. 내 앞길 막지 않길
난 앞으로만 가지. 난 앞으로만 가지
난 앞으로만 가지. 내 앞길 막지 않길","90.508","0.389","0.3829999999999999","-10.806","0.191"
"Pot (Prod. YEOHO)","Swings","6mdVVE98DXN2EqXZZx0v4p","[Verse 1: Jhnovr]
We spittin' flames in a hotpot
Oh, boiling point 가볍게
손 대면 바로 달아오를 것 같아
너희 술안주엔 합 맞아
입을 오르내리겠지 매일
더 높아지는 온도 너넨 손도 댈 수 없게 끌어올라 이제
She go hard
지금 내 밑에서
궁금함 놀러와 내 집에 but 꽈춘 비켜 move your ass
And 후일담
그녀들 입에서
그 새낀 뭐든 잘해 근데 철이 들지 않아 머리든 몸이든

[Verse 2: Roh Yunha]
입 밖으로 뱉는 중
I cook every day new shit 쩌는 rhyme 과 flow
Ayy, 명문대 나온 그 누나도 내 랩 듣고 흔들어 booty
Wanna two shot?
안된대도 나 안 펴 담배도
갑자기 자기도 안 핀대 해라 맘대로
행동해 반대로 저 래퍼 다 데려와도
새끼들 나한테 뭣도 안될걸
다 말만 해 얼만데
할만해 내가 누군데
여기 앉아 테이블
묻지 마 내 이름
없어 내일은 play hard 24/7
규칙 안 지키고 traveling
밥 그릇 지키고 배불리
마흔 쯤에는 live in Beverly
I'm going to the next level
이 다음 목적지는 재벌 1세 커져가는 대가리 bitch I'm a star boy

[Chorus: DUT2 & INJAE]
Yeah
Baby, you keep me on fire
Yeah
못 말려 더 끓어넘쳐
난 항상 뜨거워

[Verse 3: YUNHWAY]
I don't get it
I just don't get it
언제까지 거짓말만 하고 다닐 거야 너는
Not again, oh not again
I don't give a fuck about you and your bitches you call homies, I know they ain't your friends
You so 터프 터프 마초맨
Fake it till you make it, yeah
Huffin' and puffin' like you some kind of a bullfighter, man
Swervin' in and out of lanes 정하지 못해 pick a main
When you fuck it up, you always pull an “It's not you?”
“Oh no, it's not me”
“Oh no, it's not us”
Oh no, maybe problem's you all along, baby wakey

[Verse 4: Swings]
I, I like to rock, rock, rock, rock, rock
Nobody ever done it like me, 'cause I'm hot like its pop
And its fly, I'm the boss
I be plotting and be shopping, and I'm walking all the talking
All the hot bitches hop in, and you watching
Yeah, yeah, yeah, yeah, I'm super cocky
But nobody ever stop me
'Cause this beat make you lean like Hennessy or an energy drink
Mixed with vodka and cigars and some medicine, maybe
I don't chase anymore 'cause I know I'm the treat
The pots be whistling, and people out to chat in the streets
Wondering if the new thing is AP and Swings
굳이 말 안 해도 되지 뭐, but fuck it, I'm king
어떤 언어로 얘기해도 부정 못해 느낌
또 연설이든 랩, 노래든 느껴 내 energy
'Cause I'm young, and I'm handsome
And I'm rich, and I'm fresh
I got game and a hustle
And believe I'm the best

[Chorus: DUT2 & INJAE]
Yeah
Baby, you keep me on fire
Yeah
못 말려 더 끓어넘쳐
난 항상 뜨거워

[Verse 5: OLNL]
0에서 100 bounce back 올라왔네
번개 구름 AP
파급효과 듣던 애의 나비효과 yeah
넌 뭔데 와있어 여기에 빨리 가
너가 낄 자리가 ah
Yeah, 누구세요 그래서 넌
아 그러세요 그래서 뭐
Pot, pot 섭씨 100도야 우리 상태 pot
니 음악 듣고 웃어 아냐 나의 상대
잘해봐 음악이나 요즘 세대가 너의 핑계를
만들어 주니까 넌 행복하지?
복받았네 진짜 축하해 실실 웃어주고
쳐줄게 박수까지
운도 실력 너는 운이 hundred
We want our money back
해도 안되니 어깨 힘 빼
Oh

[Refrain: INJAE]
뜨거워
아무도 손대지 못해 그저 let me boil
커져간 증기는 공격적으로 퍼져
네 콧속 파고들어
까지 가겠지 너의 뇌 속
곧 너도 뜨거워
엉켜 me and you
만든 our chemisrty 취해봐, 크게 떠 눈
We the new alchemist 안 해 레시피 공유
진짜만 취급해 가짜는 꺼져
솔직한 나, 아닌 척은 집어쳐
You know I do this shit on my own

[Chorus: DUT2 & INJAE]
Yeah
Baby, you keep me on fire
Yeah
못 말려 더 끓어넘쳐
난 항상 뜨거워

[Outro: DUT2]
The temperature just before boiling
Put everything in and mix it
We decided to call it AP
The new messiah is right here
늦기 전에 너도 hop in
느껴봐 feel my vibe
폭풍 전의 작은 silence
점점 느낌이 와","139.939","0.986","0.5920000000000001","-10.33","0.778"
"Keep Going (Feat. BewhY, nafla, ZICO) (Prod. By IOAH)","Swings","6OkseHBCi3Cf53nsi45ffK","[Intro: Swings]
IM, JM (IOAH)

[Verse 1: Swings]
증명해, 증명해, 증명해 또
I can take a few punches and a joke
걔네들은 왕 이래 we say ""no""
11년째 믿고 가는 나의 촉
They say they say shit but I did it
술 한잔이 pay Switched it in a minute
내 눈빛은 bright so clear like Sprite
Like the Moon in the night
내가 가는 길이 right I know
Sexy 돼지 이제 돼지 빼
내 vibes 문구점보다 fancy 해
누구보다 groovy and I'm everywhere
목표들을 쫙 눕혀 마치 새 지폐
내 목표는 결국 내 손 안에, uh
Number one everything 공감해, what
보겸처럼 애들 날 좋아해
다 태울게 내 그릇 노아의 배
난 붕 뜨지 않아 그저 떠
나는 Star 뭐만 하면 기사 쓰여
질툴 전환해서 만든 40억
몸집은 작지만 자아는 거인병
Fuck your swag I got style
내 인생 봐 you're like 'wow'
I don't ever fuck around
은퇴 시킨 놈보단
빚어낸 rapper가 어떻게 된 게 훨씬 더 많단
'대체 왜 이렇게 쩔어요?' I don't know
변하지 않을 진린 내가 염소
I got the power
몸 안에서 김이 나와
도망 안 가 계속 싸워 ey
내가 버는 돈은 기계가 다 세야 해
내가 싸는 똥도 금 거위가 있어 내 안에 ey
내 자아도췬 솔까 인정해야 해
정부는 정유라 말고 내게 돈을 내야 돼 ey

[Verse 2: BewhY]
내 인생 원 없이 철없이 쓰고 버렸지
다릴 절었던 뚜벅이 시절의
부모님의 뒷바라지를
랩 하나로 벌었지 라는 뻔해 빠진
자랑질이 나와는 멀어진 지
오래지만 달라진 건 없이
내 방은 느그오빠 bucket list
I don't wanna I don't try to hurt u
솔직 하려 할 뿐 don't be upset please
너가 열등하다고 말하고 싶지 않아
사실 그렇지도 않은 거니까
But 너가 느끼는 건 내가 뭐라할 수 없지
그저 기도하는 거지 난
발표도 않았던 뮤비에 쏟은 현금 약 5000만원
버려진 돈인데 왜 하나도 안 아까워
왜 안 아까워 하냐고 묻는다면
첫째 돈은 날 움직이지 않지
둘째 실패가 나에게 큰 영향을 주지 않을
정도의 그릇이 내 안에 자리 잡았지
아니 사실 그 액수가 그냥 내겐
큰돈이 아닌거였어 bro
내 인생의 한 장면을 그 돈으로
그냥 구입한거였어 bro
모두 나와 같은 생각을 갖길
성공의 기준이 돈이 되기보단
실수와 실패에서 자유로워 지길
행위가 목적이 되는 도전
그러면 다 따라오는 걸
그러면 다 따라오는 법
내가 보여주고있으니 나는 보길 원해
이제 이 신념을 따라오는 널

[Verse 3: nafla]
사람들이 수군대네
가수는 이래야지 된대
방향을 권해 또 내게
Fuck u im independent
Bad bitches with a calvin
내 품에 또다시 기대는
Last night oh what happen
일과 여자 사이의 balance
I ain't got time for no bullshit
뒷구녕 빨긴 안 해 no 회식
Na 의 자리를 과연 나 대신
누가 해 so i just keep on movin'
나의 institution 에서 드러운건 안 하지
몰라본 애들이 apology
MKIT 귀가 넘 빠르지
타고났어 다른 발음이
너넨 나보다 연습을 안 하지
그러고 모른대 what the problem is
난 매일하니깐 모든 게 가능해
무슨 일이 생겨도 이젠 가벼워
계속 하품 시킨 너네들의 벌스
한 푼 못 번 너의 work
Gotta keep movin i'm alert
Gotta keep goin up
Gotta keep goin up
가까워진 나의 꿈
밤에 바뀐 나의 mood
Makin' that cream
녹음실 안에서 떠다니는 나의 구름
내가 또 이럴 줄 who knew
I'm catchin' feelin's too
고민 안 해 하나두
그냥 꾸준히 하는 중

[Verse 4: ZICO]
Come down come down 이제 좀 쉬자
Hey zico you need some oxygen
올라온 산이 있으면 경치를 봐
No fuck off fuck off 도착은 새 시작점이야
No problem 붉은 숫자가 없는 내 달력
형 얼굴 못 본 지가 무려 반년
Fancy 회동마저 5개월 간격
꼭대기에서 꼭 좆밥땔 회상하기로
물론 바로 상석은 내 차지고
뭣 모르던 것들 차츰 정신 차릴 걸
용서하지 뭐 부자는 자비로워? 인정
죽어라고 일만 해댔으니까
영어로 해석하면 no.1이 나오지? 인정
방송국에서 푸대접 받다
마마 2년 연속 남자 가수상을 타오지 인정? 해?
새로운 패러다임을 제시
때로는 배우는 자세
Keep going you can't sabotage me
넌 세월아 네월아 해 대신
배 아플 땐 제발 이쪽 겨냥해서 똥 싸진 말게
I'm a quack 엉터리? 닥쳐
열 오른 자식들 앉혀
약 올리고 수당을 받죠
I don’t care bout your life yo
I don’t care bout your assessment
I don’t care 백수들
내 결함을 찾는 직업을 갖고 열일하던데
밟아 댈수록 펌프질밖에 안돼
작은 날개 짓에 도는 이상기후 woo
눈 깜빡임은 번개 하품은 태풍 woo
계속 가는 클라이막스
엠넷 광고 봤지
다 끝난 줄 알았다가 잠시 후 계속돼
Coming soon
Fuck you

ROMANIZATION
[Verse 1 : Swings]
Jeungmyeonghae jeungmyeonghae jeungmyeong tto
I can take a few punches and a joke
Gyaenedeureun wang irae we say no
11nyeonjjae midgo ganeun naeui chok
They say they say shit but I did it
Sul hanhani pay Switched it in a minute
Nae nunbicheun bright so clear like Sprite
Like the Moon in the night
Naega ganeun giri right I know
Sexy dwaeji ije dwaeji ppae
Nae vibes mungujeomboda fancy hae
Nuguboda groovy and I'm everywhere
Mokpyodeureul jjwak nubhyeo machi sae jipye
Nae mokpyoneun gyeolgug nae son ane uh
#1 everything gonggamhae what
Bogyeomcheoreom aedeul nal johahae
Da taeulge nae geureut noaeui bae
Nan bung tteuji anha geujeo tteo
Naneun Star mweoman hamyeon gisa sseuyei
Jiltul jeongwanhaeseo mandeun 40eok
Momjibeun jakjiman jaaneun geoinbyeon
Fuck your swag I got style
Nae insaeng bwa you're like 'wow'
I don't ever fuck around
Euntoi sikin nombodan
Bicheonaen rapperga eotteohge dwin ge hweolssin deo manhdan
‘Daeche wae ireohge jjeoreoyo?’ I don't know
Byeonhaji anheul jinrin naega yeomso
I got the power
Mom aneseo gimi nawa
Domang an ga gyesok ssaweo ey
Naega beoneun doneun gigyega da seya hae
Naega ssaneun ttongdo geum geowiga isseo nae ane ey
Nae jaadochwin solkka injeonghaeya hae
Jeongbuneun jeongyura malgo naege doneul naeya dwae ey


[Verse 2 : BewhY]
Nae insaeng weon eobsi cheoreobsi sseugo beoryeotji
Daril jeoreotdeon ttubeogi sijeoreui
Bumonimeui dwitbarajireul
Raeb hanaro beoreotji raneun ppeonhae ppajin
Jarangjiri nawaneun meoreojin ji
Oraejiman dalrajin geon eobsi
Nae bangeun neugeuoppa bucket list
I don't wanna I don't try to hurt u
Soljik haryeo hal pun don't be upset please
Neoga yeoldeunghadago malhago sipji anha
Sasil geureohjido anheun geonikka
But neoga neukkineun geon naega mweorahal su eobtji
Geujeo gidohaneun geoji nan
Balpyodo angatdeon myubie ssodeun hyeongeum yak 5000manweon
Beoryeojin doninde wae hanado an akkaweo
Wae an akkaweo hanyago mutneundamyeon
Cheotjjae doneun nal umjigiji anhji
Duljjae silpaega naege keun yeonghyangeul juji anheul
Jeongdoeuu geureusi nae ane jari jabatji
Ani sasil geu aeksuga geunyang naegen
Keundoni aningeoyeosseo bro
Nae insaengeui han jangmyeoneul geu doneuro
Geunyang guibhangeoyeosseo bro
Modu nawa gateun saenggageul gajgil
Seonggongeui gijuni doni dwigibodan
Silsuwa silpaeeseo jayureoweo jigil
Haengwiga mokjeogi dweneun dojeon
Geureomyeon da ttaraoneun geol
Geureomyeon da ttaraoneun beob
Naega boyeojugoisseuni naneun bogil weonhae
Ije i sinnyeomeul ttaraoneun neol


[Verse 3 : nafla]
Saramdeuri sugundaene
Gasuneun iraeyaji dwendae
Banghyangeul gweongae tto naege
Fuck u im independent
Bad bitches with a calvin
Nae pume ttodasi gidaeneun
Last night oh what happen
Ilgwa yeoja saieui balance
I ain't got time for no bullshit
Dwitgonyeong ppalgin an hae no hwesik
Na eui jarireul gwayeon na daesin
Nuga hae so i just keep on movin'
Naeui institution eseo deureoungeon an haji
Mollabon aedeuri apology
MKIT gwiga neom ppareuji
Tagonasseo dareun bareumi
Neonen naboda yeonseubeul an haji
Geureogo moreundae what the problem is
Nan maeilhanikkan modeun ge ganeunghae
Museun iri saenggyeodo ijen gabyeoweo
Gyesok hapum sikin neonedeureui beolseu
Han pun mot beon naeui work
Gotta keep movin i'm alert
Gotta keep goin up
Gotta keep goin up
Gakkaweojin naeui kkum
Bame bakkwin naeui mood
Makin that cream
Nogeumsil aneseo tteodanineun naeui gureum
Naega tto ireol jul who knew
I'm catchin feelins too
Gomin an hae hanadu
Geunyang kkujunhi haneun jung


[Verse 4 : ZICO]
Come down come down ije jom swija
Hey zico you need some oxygen
Ollaon sani isseumyeon gyeongchireul bwa
No fuck off fuck off dochageun sae sijakjeomiya
No problem bulgeun sutjaga eobtneun nae dallyeok
Hyeong eolgul mot bon jiga muryeo bannyeon
Fancy hwedongmajeo 5gaeweol gangyeok
Kkokdaegieseo kkok jeojbabttael hwesanghagiro
Mullon baro sangseogeun nae chajigo
Mweot moreudeon geotdeul chacheum jeongsin charil geol
Yongseohaji mweo bujaneun jabiroweo? Injeong
Jugeorago ilman haedaesseynikka
Yeongeoro haeseokhamyeon no.1i naoji? Injeong
Bangsonggugeseo pudaejeob badda
Mama 2nyeon yeonsok namja gasusangeul taoji injeong? hae?
Saeroun pareidaimeul jesi
Ttaeroneun baeuneun jase
Keep going you can't sabotage me
Neon seweora neweora hae daesin
Bae apeul ttaen jebal ijjok gyeonyanghaeseo ttong ssajin malge
Im a quack eonteori? Dakchyeo
Yeol oreun jasikdeul anjhyeo
Yak olligo sudangeul batjyo
I don’t care bout your life yo
I don’t care bout your assessment
I don’t care baeksudeul
Nae gyeolhameul chatneun jigeobeul gatgo yeosilhadeonde
Balba daelsurok peompeujilbakke andwae
Jageun nalgae jise doneun isanggihu woo
Nun kkamppagimeun beongae hapumeun taepung woo
Gyesok ganeun keullaimakseu
Emnet gwanggo bwatji
Da kkeutnan jul aratdaga jamsi hu gyesokdwae
Coming soon
Fuck you","179.678","0.939","0.496","-3.691","0.445"
"Perky","Swings","79rLaNlOrmwh0OeBz6KMqj","Stack a brick, when i make a hit
And i take piss, on some kelly shit, this is not a dis, but she take a dick, lookin like a treat when she lickin it
Didn't mean to trick, havin fun with it
When im bouta spit, some saliva shit
On my cocky shit, when im makin hits
Imma never miss, on my curry shit

(Ay) Niggas stay hatin on me(ok), but im so chill that im coolin (uh)
Theyn gat ntn on me(ok), can't fuck with them niggas who losin (uh)
Dope so stink like feet(ok), smoke so thick that its movin (ay)
Gat yo bitch with the team(ok), arch so good like a movie (ay)

King in this bitch I was destine to sit
And im fuckin this bitch while im up in a wip
And she swallow the tip like she takin a sip
And i eat it like  chip
While im watchin this bitch i was takin a risk
Make it bounce from your hip
Like you sittin for this
And im makin a list
And i double my shit
And she prayin for this
Like she makin a wish, i was destine to hit
Diamonds stay rockin when im in the function, im makin assumptions, i make em malfunction, when im in the junction the peter the pumpkin the stupidist bling that you ever could pick
Stepping the cleanest, my fit is the meanest, the paper the greenest, my bag is the deepest i stay with the neenas, im steppin from venus, im leaving em wet like they ready to slip

Stack a brick, when i make a hit
And i take piss, on some kelly shit, this is not a dis, but she take a dick, lookin like a treat when she lickin it
Didn't mean trick, havin fun with it
And im bouta spit, some saliva shit
On my cocky shit, when im makin hits
Imma never miss, on my curry shit


Im on a roll, like a honor roll, and im gonna roll, when i wanna blow, gat the paper fold, like i gatta cold, gatta blow my nose, keep it on a low, gat some ptos, tryna blow my phone, so i keep it low, movin like a ghost, while im blowin ghost, like a casper show, let this casper blow, let the casper load, on this pretty bitch with some pretty toes, gatta nasty fix, ima let u know, when i hit a lick, ima get this dough, when the bread flip, makin pizza roll, gatta splashy fit, when i wear my clothes, with a peice a drip, and a splash a froze
With a pizza dip, and a splash of cold, with a peice of this and a splash of those

Ima never trip when im spittin this
Ima never sit when im hittin it
Ima never stop when im gettin in
Ima never flop when i take a dip
So u better quit, tryna put me down, cuz i never quit, when im makin sounds, ima always spit, like it circle round, flowin in the wind, comin back around

Yh, ive bin great ever since from birth (birth)
Ive been great tryna make this work (work)
Up my grind cuz i kno my worth (worth)
Pussy so good like heaven on earth (earth)
Bounce that ass like she tryna twerk (twerk)
So addicted off of the perk (perk)
Swing me crazy juice with the verse (with the verse)
Trap me in like im stuck in a curse

Stack a brick, when i make a hit, and i take piss, on some kelly shit, this is not a dis, but she take a dick, lookin like a treat when she lickin it, didn't mean trick, havin fun with it, when im bouta spit, some saliva shit, on my cocky shit, when im makin hits, imma never miss, on my curry shit


Uh, I go crazy, dumb like a baby, high on a daily, smoke til im lazy, drip always wavy, smoother than gravy, money so hazy, blue like a navy, shit goin brazy, bad bitch lazy, badder than stacy, wetter than hailey, fresher than a daisy, fix like a lady, drive a mercedes, meter on eighty
Ima roll these trees like the paper shady
Better take your leave when the ganja grace me
Ima air it out, like the blunt so spacey
And i touch the breeze, like the wind tryna face me
Pussy niggas soft, they could never phaze me
Ima say again, that i smoke on a daily
Ima touch the top, never could replace me
Gatta couple bricks like the money chase me


Stack a brick, when i make a hit, and i take piss, on some kelly shit, this is not a dis, but she take a dick, lookin like a treat when she lickin it, didn't mean trick, havin fun with it, when im bouta spit, some saliva shit, on my cocky shit, when im makin hits, imma never miss, on my curry shit","148.941","0.645","0.2769999999999999","-9.844","0.604"
"SIDE (Prod. Matt)","Swings","3f2Pv5OOhE8b4SrfksABL3","[에이피 알케미 ""SIDE"" 가사]

[Chorus: MASON HOME]
I just smoke, fill my cup, it's like a movie
Bentley trucks, in a trunk, lean like jacuzzi
I just hold it double my cup, only talkin' truly
Smashin' on the road, I put my pedal it just coupe shit
Youuu, I can't explain that move
Look at my money go zoom
Prolly I can make it new
I’m bout to dirty my juice
Prada clothe, bitch I’m in mood

[Verse 1: Raf Sandou]
Let that shit cross your head, what’s going poppin’ yeah
Check my time rewind it, her thigh yeah on my hand
That b tryna act like she already know my name
Wonderin why she here, damn you so passionate
What can I do for you, lotta things on my hand
Walk to the stu and it’s already 5am
Said it, I said yeah, I never gon' do the same
Put morе on my shit and your shit gon' never last
Nevеr lasting
All my blessings
Just counting
All the stupid ass talk, let me keep on grindin’
I talk about that cash, it gon' hype me
I just run to it, fuck the retirement
I just talk in body ooh she entertaining
Countin the hunnids

[Verse 2: ksmartboi]
Woke with dat bitch gettin' head
Woke up smokin' on a gas
Told dat lil bitch I got racks
I've been goin' outer space
Woah
Yo not ma main yo my side bitch
매일같이 펴대서 살찌지
She fell in love tryna wife meh
I told ma brotha it's okay to fuck on dat bitch
Shut up lil bitch you can't mess with ma team
내 jewelry 너무 밝아 눈 멀지
I ain't do this shit fo' fam, I do this shit fo' cash
I do this fo' racks, jus' to get a brand new Ricky Owens
Ma pocket full of checks, I'm on da way

[Chorus: MASON HOME]
I just smoke, fill my cup, it's like a movie
Bentley trucks, in a trunk, lean like jacuzzi
I just hold it double my cup, only talkin' truly
Smashin' on the road, I put my pedal it just coupe shit
Youuu, I can't explain that move
Look at my money go zoom
Prolly I can make it new
I’m bout to dirty my juice
Prada clothe, bitch I’m in mood

[Verse 3: Swings]
I’m scheming, I’m grinding until
12, 1, 2, 3, 4 or 5
Don’t even know where I am, or the time
But it’s funny 'cause I’m woke and alive so
Happy 'cause I’m rising, climbing, on incline
Worries exist, but I know I’ll survive
Like I did through them nights
I’ve been under fire before
And hurricanes, tornadoes, earthquakes, you know it
Amor Fati, love all the strife
Dodging the arrows and bullets excites
Giving a hand to my people ignites
Fire that burns hard in the heart and mind
The heat doesn’t ever take over
I know that there’s no shortage of cool water
And people I trust
I call this true love
It grows stronger as I get older
Amor Fati, lovin' life

[Verse 4: YULEUM]
Jump in that
Summon the demon inside me, uh
I interviewed with the Hypebeast, uh
I do my thing like it’s private
All my friends say, I’m so cocky, uh
Yeah, we always on the topic, uh
Yeah, we always on the top ten, uh
Bitch I can’t miss with the shoot
겁이 없어 나는 rude
안 물어 지난 issues
제발 물어보지마 what to do uh
I put Chanel on my feet, yeah
Brought the bands to my 집
쟤넨 그저 tourist
우린 그저 pouring
Bitch I can’t miss with the shoot
겁이 없어 나는 rude
안 물어 지난 issues
제발 물어보지마 what to do uh
I put Chanel on my feet, yeah
Brought the bands to my 집
쟤넨 그저 tourist
우린 그저 pouring","129.24","0.872","0.622","-7.4060000000000015","0.622"
"A Real Man","Swings","0tisOsps61hRuBhExxbU4b","I'm getting tired of being alone
I want a man I can call my own
I'm just as blue as blue can be
The blues ain't nothing but the hard-to-be
When I go home I'm all alone
Hard to sleep [?]
I don't care what kind of man I find
I'll treat him right all the time

I'm goin' to get myself a real man
One that I can call my own
I know just how to treat him right
'Cause I'm tired of sleeping by myself at night
Now, I ain't good looking and I don't just [?]
Give me a chance, I'll turn a good man mine
I'm goin' to get myself a real man
One that I can call my own

I'm goin' to get myself a real man
One that I can call my own
I know just how to treat him right
'Cause I'm tired of sleeping by myself at night
Now, I ain't good looking and I don't just [?]
Give me a chance, I'll change a good man mine
I'm goin' to get myself a cool, kind man
One that I can call my own","","","","",""
"mms (Prod. Wiz World)","Swings","5TVcm420PmCN5fFz6HwZf2","[Verse 1: WARYY]
Certified Trap Pussy
Yeah, yeah
Post up with the gang
Aim a choppa at his face, and I might just let her bang
I'ma make a pussy scream
Hittin’ the [?] with the mo'fuckin' beam
I hit an opp, pow [?] work for the scene
I got a Glock and it sound like an RPG, there is no harming me
Ruh-ruh-ruh-ruh-ruh-ruh, suck my dick and lick my balls
Motherfucker with a tie, I got Glock, this shit gon’ bah (Bah)
I got hitbox
Bitch, I'm fuckin' fuckin' [?]
Spit on my dick like a mama
Eighteen Glocks aimed to yo' upper
Uh, uh, shut the fuck up
Suck my dick and nut up
And the [?] gon' suck the butt up
I been makin' bread, I been fucked up in the head
She try me out like [?]
Try me out, uh, yuh, try me out, uh, yuh
Try me out, uh, yuh, try me—

[Bridge: MONiiKA BUU]
Uh
Huh? What's this?
Wha—, ah

[Verse 2: MONiiKA BUU]
I just blew the sidе out on a pussy, she from Bangladesh
Get thе bag, we don’t fuckin’ lack
Everyone's a fed
Simon says [?]
Now he call ’em dead
Every time you askin' am I okay, bitch, I'm feelin' dead
Bitch, I’m still fuckin' talkin' my shit with gun up to my head
Towin' up that laughter [?] that's why my opps be red
Shorty really wanna get the dick, she rubbin' on my neck
All this nigga talkin' all this shit, boy, just keep the [?]
Fuck, man, old ass nigga, man
Fuck

[Verse 3: ZUKI]
Ah, yeah (Yeah), yeah (Ayy), yeah
Fuckin' suck my nuts, I don't give a fuckin' fuck
I am not a friendly fuck, I pull up to get double pumped
Yeah, yeah, bitch, let's [?] right down
Get yo' period out, bitch, I been runnin' for yo' ground
Fuckin' lookin' at me, bitch, you lookin' like a loaner
Meanie on my weenie, that bitch go on (Yeah) take a boner (Yeah)
I just busted on her forehead, I need more head
Bitch gon' bite up on the fuckin' teeth that my dick bled
I just scream rap, scream rap
[?]","135.128","0.638","0.701","-5.82","0.711"
"WORK","Swings","0gINJfVy7dCxkSwrJmH0u2","[Verse 1]
AP NATION
#1 이 자리는 너무 좋아
Fake motherf*ckers 자아를 정말 몰라
어젯밤 깡마른 애랑 좀 놀았어
작으면 좋지만 다쳤어 나 솔까
미리 일해 맘이 편해 like 수시
무례할 수밖에 난 씬의 중심
한 세기에 한 명 이 몸 안에서 나타남
그래 인마 나 이 말 할 때 눈 깜빡하나 봐봐
잘 봐
Hablo de dinero
El dinero Atrae el culo
Me gusta culo, por eso trabajo mucho
Mis manos están ocupadas como el judo

[Chorus]
I put the work in
I put the work in
I put the work in
B*tch keep on working
I put the work in
I put the work in
I put the work in
B*tch keep on working

[Verse 2]
Mi nombre Swings
I’m doing my thing
For straight 17
Ring a ling ding
내 주머니는 당뇨
날 탐하네 el banco
안 가려 때와 장소
오랜만에 또 el bano
*같은 놈들 힙합 망쳤네
나 과외하다 말고 다시 Mic 잡게 해
Un momento
쟤가 날 갠소
하고 싶대소
날 선물했오
나는 착해 motherf*cker
싫어해도 잘하면 칭찬 안 한 적 없어
너는 안 착해 motherf*cker
내가 장르 살려놔도 칭찬 한 번 한 적 없어
이 나쁜 새끼야

[Chorus]
I put the work in
I put the work in
I put the work in
B*tch keep on working
I put the work in
I put the work in
I put the work in
B*tch keep on working

[Verse 2]
진짜 잘해서 난 달러
세곈 이런 걸 못 봐서
아직 적응 중일 텐데도 뭘 알면 이건 알어
이 새끼 진짜 바뻐 Ain’t no 애인 to make
니들 앞에 이 씨*놈 He ain’t came to play
돈 많이 돈 많이 벌어
얘는 말만 하지 않아 많은 ***처럼
내가 남처럼 했다면 이미 모가진 없어
목표가 누구 상상 밖 나는 혼자지 어쩜
내 Flow so easy AP는 기를 피지
눈앞 모든 잔챙이 나오야처럼 치지
부르면 바로 대답해 보고 배워봐 시리
내 심장엔 용암 내 눈알은 시림
도도녀들 좀 취할 때 Getting touchy
어딜 만지냐고 말하기 좀 거시기
어떤 분야든 OG라면 They love me
지구에 한 개뿐 내 모조품은 없지

[Verse 1]
I put the work in
I put thе work in
I put the work in
B*tch keep on working
I put the work in
I put the work in
I put thе work in
B*tch keep on working
P NATION","151.973","0.93","0.344","-4.863","0.379"
"B Mine (Feat. SUMIN) (Prod. CODE KUNST)","Swings","0mJNPyr2WihPeSl2Gr5NLS","[Verse 1: Swings]
Baby 옷 입는 것 봐, 처음이야, 밥 해준 여자
놀라운 유머감각, 피식해, 야한 농담에
구리빛 피부 색깔, 교양 없던 난 미술관에
덕분에 계속 성장해, 널 지켜, 행동 조심하네
이 나이 먹고 이런 감정들을 느낄 줄이야
담백한 맛, 들어줄게 모든 부탁
예리해, 할 말 하는 style
존경받을 만한 남자로 날 만들고 있어
새로운 매력 발견 후에도 또 있어
듣는 분 너무 많아, 몸매 얘기는 따로 하자, yeah
행복만 보장할 순 없어, 곁을 지킬게, 약속
모든 문젤 해결을 못해, 귀를 기울이는 건 꼭 해
완벽과는 거린 멀어, 그건 첨부터 봤어 넌
성장은 시간 걸렸어, 고마워, 기다려줘서

[Chorus: SUMIN]
어떤 별이 유난히 빛나서
자세히 들여다봤더니 우리였어
같이 봤던 아픔과 미소로
더 나은 사랑을 만들자 낮과 밤으로

[Verse 2: Swings]
엄마 뱃속에서 거의 1년을 보냈지
서른 넘어 아직 여자 속을 모르겠지
내가 뭘 알어? 어떻게 나를 참어?
몇 마디 나눠봐도 난 바로 들통나서
그걸 아는 똑똑한 여자가 왜
남자들이 번호표를 뽑고 줄을 서는데, ay
너도 나도 바뻐
너를 구해줄 놈 필요없다는 걸 잘 알어
몇 년 전만 해도 내가 꿀릴까봐
아마도 접근하다 도망만 갔을 걸
너의 energy는 strong
내적 강함을 느껴, 없어 경쟁심
우리는 team, 서로를 밀어주지
Let's go up like an ultra light beam

[Chorus: SUMIN]
어떤 별이 유난히 빛나서
자세히 들여다봤더니 우리였어
같이 봤던 아픔과 미소로
더 나은 사랑을 만들자 낮과 밤으로

[Bridge: Swings & SUMIN]
You need to know
You need to know
You need to know
넌 특별한 사람이란 걸 알아 꼭
Baby you glow
넌 빛나죠
서울 밤은 dark and chilly
넌 손전등과 핫팩이야 in this city
니가 어둡다면 내가 빛으로
니가 걷는 길 밝혀줄게
니가 나를 만들어준 만큼
내가 널 계속 아껴줄게

[Chorus: SUMIN]
어떤 별이 유난히 빛나서
자세히 들여다봤더니 우리였어
같이 봤던 아픔과 미소로
더 나은 사랑을 만들자 낮과 밤으로

[Outro: Swings]
You make me feel so good
You make me feel so good
You make me feel so good
넌 너무 다른 듯
You make me feel so good
You make me feel so good
You make me feel so good
넌 너무 다른 듯","","","","",""
"Fuck me 2014","Swings","0XCslEJPKWZK1iqCYJIpol","[Intro: Black Nut]
미안해, 미안해
나는 염색 안한 양아치 개양아치
니 뒤에서 할 거 다 하고
할 거 다 하고
Yeah, 재탕 (G-R-BOY)

[Verse 1: Black Nut]
그냥 멋있어 보일 줄 알았어
날 쳐다도 안 봤던 그 망할 년들에게
소리치면 내가 달라져 보일까봐
난 더 꽉 마이크를 잡았어
모두에게 손가락질 받아도
끝까지 난 니 얼굴에다 똥을 싼다고
너를 생각하며 쓴 가사들 속에
넌 언제나 나쁜 년, 나는 강간범
그래 할 말 없어, 나는 양아치
뜨고 싶어서 너를 팔았지
너와 했던 술자리 속에선 한 마디도 못하고
집에 와 혼자 쓴 fantasy
괜히 가만히 있는 너를 망가뜨리고
공연장에서 노래 불러, 당당히
내가 피해자인 척 rap으로 연기하고
사람들은 위로해, ""힘내, 멋진 놈.""
왜 내 곁에 니가 없는 거지?
왜 내 곁엔 아무도 없는 거지?
스스로에게 물어, 문제는 내게 있었지
다가가려 하면 덜컥 났어, 겁이
내 마른 몸이, 내가 입은 옷이
맘에 들지 않아서 나를 숨겼지
항상 니 주위를 맴도는 주변인
되고 싶어, 네 세상 속 주연이
넌 걸레도 또 꽃뱀도 아니고
어장 주인도 또 성괴도 아닌데
널 얻으려고 노력도 하지 않은 채
험한 단어들로 너를 표현해
날 더럽다 욕해, 너는 그래도 돼
나한테 웃지마, 날 더 괴롭게 해
다른 여자들한텐 찌질한 남자지
너에겐 그냥 난 더러운 양아치

[Chorus: Swings]
나는 염색 안 한 양아치, 개양아치
니 뒤에서 할 거 다 하고
간지러웠어, 내 가랑이
가만 앉지 못하니 맨날 딴짓 하고
무겁게 느껴져 이 가랑비
이 바람이 나를 저주하는 것 같아
어떻게 그렇게 해 사람이
난 차라리 태어나지말 걸 그랬나?
그래, 나는 쳐죽일 양아치요
나는 날라리요, 때려, 귓방망이 좀
맨날 장난만 치고, 죽여, 내 자만심 좀
죽여, 내 자만심 좀

[Verse 2: GIRIBOY]
갈 길이 다르잖아, 우리 둘은 서로
처음부터 모른 사인 거야, 앞으로도
넌 그냥 내 팔에 낀 장식품이었고
난 그냥 너가 만난 호구 한 명이었어
우는 척하지마, 하품하는 거 다 봤으니까
아쉬울 거 없잖아, 우린 서로 재미 다 봤으니까
니 일 다 이해한다니까, 너는 바쁘니까
난 이 모든 것들을 가사로 써 뜰 거야, 가수니까
그래, 난 개념이 없어, 양아치
너도 똑같아, 뒤에서는 할 꺼 다하지
눈에 보여, 친구들을 만나서 술을 먹고
내 욕을 하고 피해자인 척 넌 울고불고
이제 알았어? 나는 말을 해도 이런 방식으로 밖에 못해
나란 쓰레기 새끼는 항상 니 상식 밖에
너가 잘못했다 빌고, 손목 그어 자해해도
난 친구들과 그런 너를 보면서 박장대소

[Chorus: Swings]
나는 염색 안 한 양아치, 개양아치
니 뒤에서 할 거 다 하고
간지러웠어, 내 가랑이
가만 앉지 못하니 맨날 딴짓 하고
무겁게 느껴져 이 가랑비
이 바람이 나를 저주하는 것 같아
어떻게 그렇게 해 사람이
난 차라리 태어나지말 걸 그랬나?
그래, 나는 쳐죽일 양아치요
나는 날라리요, 때려, 귓방망이 좀
맨날 장난만 치고, 죽여, 내 자만심 좀
죽여, 내 자만심 좀","","","","",""
"Future Bounce (Prod. JINBO)","Swings","4qOGynchlZLScgzgbtExSn","[에이피 알케미 ""Future Bounce"" 가사]

[Chorus: JINBO]
Let 'em know G, you’re taking AP, 미래로 갔지 (Yeah)
금 with the capital G, 만들어내지, Alchemy (Yeah)
Let 'em know G, you’re taking AP, 미래로 갔지 (Yeah)
금 with the capital G, 만들어내지, Alchemy (Yeah)

[Verse 1: Swings]
Yo, ready for whatever, you know how I roll
Take my time but you never see me slack, yeah, uh
Presence is felt, even when you never even hear me rap
And I’m thinking next year, since ten years back
Always knew I’d be that cat, no cap
I knew ever since I was a snotty little brat
Always knew that great we could be
Just as long as we would believe
Mostly tens better than three
So I built my family tree
As you know, this is AP
Welcome to the future breathe
Breathe in, breathe out
Breathe in, breathe out (Yeah)

[Chorus: JINBO]
Let 'em know G, you’re taking AP, 미래로 갔지 (Yeah)
금 with the capital G, 만들어내지, Alchemy (Yeah)
Let 'em know G, you’re taking AP, 미래로 갔지 (Yeah)
금 with the capital G, 만들어내지, Alchemy (Yeah)

[Verse 2: YUNHWAY]
I can see through it all, to the future
You can’t hide it from me babe
I can see through it all, to your future
Can’t nobody stop it, aye
막을 수가 없어, no way
찾아와 널 what kind of life you facing
Tell me are you proud, 너의 자신에게
돌아와 부메랑이 다시 너에게, yeah
Oh, 너의 미래가 내 눈앞에 그려져
너는 왜 도망만 다녀, 언제까지 피해? (Run it)
너만 모르지, you so bad
너만 모르지 왜, nobody want in
망할 날이 얼마 남지 않았어
너의 가면이 벗겨져가고 있어
Matter of time tik-toking
Throw it back 너의 backstabbing
Coming back to you B.I.G
Coming back to you B.I.G
그렇게 모두 기다리고 있을 거야
너의 과거, 너의 미래
Imma watch you burn, bebe
너가 만들어 놓은 너의 미래야, bebe
추락하는 거야, all coming down, bebe

[Chorus: JINBO]
Let 'em know G, you’re taking AP, 미래로 갔지 (Yeah)
금 with the capital G, 만들어내지, Alchemy (Yeah)
Let 'em know G, you’re taking AP, 미래로 갔지 (Yeah)
금 with the capital G, 만들어내지, Alchemy (Yeah)

[Bridge: JINBO]
(Yeah, yeah, yeah, yeah, yeah, yeah, yeah)
There’s another one
(Yeah, yeah, yeah, yeah, yeah, yeah, yeah)
There’s another one
(Yeah, yeah, yeah, yeah, yeah, yeah, yeah)
There’s another one
(Yeah, yeah, yeah, yeah, yeah, yeah, yeah)

[Verse 3: DUT2]
Lil DUT2 때는 13년도 처음 hip-hop을 들었을 때
나 왜인지 몰라도 막연히 언젠가 이럴 거라 예상했지
JB beat 위로 뱉는 나의 melody, yeah
Who would have expected that
계획은 없었지만 믿었지, 이건 너무 당연해
누가 뭐라 해도 noise cancellin’ mode, I don’t care
Open up my third eye, 직진, 계속 반복해
내가 안될 거라 했던 자식들 지금 where you at?
미래는 현재의 내가 정하는 것, believe in yourself

[Verse 4: Bamsem]
What’s up naked 시야, 또 왔니 지레, oh
겁먹기엔 아쉬운 내 인생, I’m not your hoe (Yeah)
난 안 해 bra, 내 건강 잃지 못하지
Thinking of 괜히 이제 5초면 생각은 끝났지, yo
내 수면 밑 하나도 알지도 못하고 떠들어
DM으로 보낼 네 미래의 사진도, oh
예상을 한치도 안 벗어날 걸, 아니, 쉬워
네 생각마저 바꾸는 가상
날 따라 할 거라면 change it

[Bridge: JINBO]
Yeah, yeah, yeah, yeah, yeah, yeah, yeah
Yeah, yeah, yeah, yeah, yeah, yeah, yeah
Yeah, yeah, yeah, yeah, yeah, yeah, yeah

[Verse 5: DAMINI]
Yeah, I need help, need more 밈, 밈
Dance with me, babe, sing it, 지지배배
He say, ""이 track 탈 사람 띰띰띰""
It’s me, me, me, 딘딘은 딘딘
미래에 미리 와 있어, 실패엔 실패했어
우리 과거엔 다 침팬지, 뛰어, 뛰어, 뛰어
더, 더 뜨겁게 얼려, 차갑게 달궈
사진 찍어주면 너도 줄 거야 니 전화번호
그땐 내 MP3, 이제 내 현실
다 큰 hip-hop fan들 집집에 AP
그래, 못됐지, 니가 낸 소문 대로야
이제 와서 나를 만나려면 돈 내렴
You'll remember this AP, 첫 page
I don’t trust him, he's a princess (Yeah)
둘리 lives here 깐따삐야
갈게, 연락해, 난 연남이야","","","","",""
"Simon Dominic","Simon Dominic","2kbTe9JWzLAXa4MCp1FVNz","Korean

[Intro]
Simon, Simon Dominic
Simon D.O.M.I.N.I.C., oh, oh
Simon, Simon Dominic
Simon D.O.M.I.N.I.C., oh, oh

[Verse 1]
Simon says:
1998 당시 내 고향은 힙합 불모지
Ra.D와 Keeproots 두 사람은 나의 OG
난 Bad Boy 대신에 교복에 Flip-flop
쉬는 시간엔 축구보다 힙합 CD와 Beat box
라이브 클럽이 콜라텍으로 바뀌던 시기쯤에
무대를 잃었던 내 라임들은 부지기수
지금은 찾을 수도 없는 그 시절 내 Demo tape
그때보다 순수한 걸 이젠 못 내놓네
부대 똥다리 또 부산역 광장에서
Freestyle 하던 때가 나의 첫 번째 Prime time
가리온이 부산에 떴다 하면 짝퉁 백포스 꺼내
신고선 어디든 달려갔고
Master plan 보면서
부러웠던 서울 내 꿈은 기차로
딱 네 시간 거리에 있었어도
부모님 믿음 없인 힘이 없던 내 a.k.a
어쨌건 음악은 내 삶의 첫걸음을 떼게 했네
모든 남자들은 Hands up
모든 여자들은 Hands up
You can call me Simon D.O.M.I.N.I.C
더 크게 불러줘
Say my name, say my name:

[Hook]
Simon, Simon Dominic
Simon D.O.M.I.N.I.C., oh, oh
Simon, Simon Dominic
Simon D.O.M.I.N.I.C., oh, oh

[Verse 2]
힙합이 밥도 안 맥여 준다고
남 탓하던 놈들은 옆에 안 뒀지
내 성격 좀 tight했거든
Away game에 더 강했던 Hometown hero
대구에서 나 같은 놈
하나 만난 뒤로 Game changed
이센스와 난 갱상 finest two 촌놈 styles
서울의 MC들을 먹어 치우는 꿈
2008 앨범 한 장 없었어도 Underground kingz
섭외 1순위에 우릴 매번 올려놨지
믹스테잎은 다 Sold out
아메바 계약 후엔 내가 번 돈만 본 다음 몇몇은 배 아프대
오해 가득한 술자리에선 Talk dirty to em'
잃은 게 좀 많지만 다 추억거리뿐인
20대가 남긴 건 사라질 인기와 돈 따위
물론 지금의 내가 있기까지의 도움닫기
밤낮 없던 압박감들
다 잊지 못해도 기억할 건 내 이름과 이센스
Team forever, ever
모든 남자들은 Hands up
모든 여자들은 Hands up
You can call me
Simon D.O.M.I.N.I.C
더 크게 불러줘
Say my name, say my name

[Hook]
Simon, Simon Dominic
Simon D.O.M.I.N.I.C., oh, oh
Simon, Simon Dominic
Simon D.O.M.I.N.I.C., oh, oh

[Verse 3]
Yeah, always on my grind
여러 번의 테이크에
이제 인트로 하나를 잘 끝냈네
차가운 새벽은 몇 번이나 날 죽이고서
다음날 밤에 다시 뜨겁게 부활시켜줬어
나의 제2막, 책임감이 날 애타게 한 뒤에
내 야망은 쉽게 눈 안 떠
Top 100 따위엔 돈이 다가 아냐
I just wanna rhyme with my homies
누릴 수 있을 때 누리는 거야
난 오직 음악에 살 거야
그게 내 성공의 좌표
One love 따윈 개나 주고
다들 눈에 힘 빡 줘
래퍼 ver' 래퍼
레이블 ver' 레이블
메이저 ver' 마이너
그 모든 것들 ver' 내 이름

[Outro]
Simon Simon Dominic
Simon D.O.M.I.N.I.C., oh, oh
Simon Simon Dominic
Simon D.O.M.I.N.I.C., oh, oh

Romanization

[Intro]
Simon, Simon Dominic
Simon D.O.M.I.N.I.C., oh, oh
Simon, Simon Dominic
Simon D.O.M.I.N.I.C., oh, oh

[Verse 1]
Simon says
1998 My hometown was hip-hop barren
Ra.D and Keeproots both my OG
I flip-flop in school uniform instead of Bad Boy
Hip-hop CD vs Beat box
By the time the live club changed to Colatec
My lime, who lost my stage
My demo tape
I do not have much more innocent than that
Busan Shit Bridge and Busan Station Square
Freestyle was my first time
If Garion is out in Busan, take off the fake back force
I ran everywhere on the call line
Looking at the master plan
My dream in Seoul was envied by train
You were only four hours away
My a.k.a my parents had no power without faith
Anyway the music made me take the first step in my life
All men are Hands up
All women are Hands up
You can call me Simon D.O.M.I.N.I.C
Call me bigger
Say my name, say my name:

[Hook]
Simon, Simon Dominic
Simon D.O.M.I.N.I.C., oh, oh
Simon, Simon Dominic
Simon D.O.M.I.N.I.C., oh, oh

[Verse 2]
Hip-hop does not even serve me
M I did not leave those guys who blamed me
My personality was tight
Hometown hero stronger in Away game
A guy like me in Daegu
Game changed
Essence and I Gangster finest two dicks styles
Dreams of eating MC in Seoul
Underground kingz
He put us in first place
Mix Tape Sold out
After the amoeba contract, I saw only the money I paid
In a misunderstood drink Talk dirty to em '
I lost a lot, but all I remember
What's left of the twenties is the popularity and money to disappear
Of course, the help of the present until now I close
The pressure of day and night
I will remember all my name and essence
Team forever, ever
All men are Hands up
All women are Hands up
You can call me
Simon D.O.M.I.N.I.C
Call me bigger
Say my name, say my name

[Hook]
Simon, Simon Dominic
Simon D.O.M.I.N.I.C., oh, oh
Simon, Simon Dominic
Simon D.O.M.I.N.I.C., oh, oh

[Verse 3]
Yeah, always on my grind
On multiple takes
Now I'm done with the intro
Cold dawn kills me many times
The next night I got hot again
My second act, after the sense of responsibility makes me angry
My ambition is not easily visible
Money is not on the top 100
I just wanna rhyme with my homies
I enjoy when I can enjoy it
I will only live in music
That's the coordinates of my success
One love
Give everyone a hard time
Wrapper ver 'wrapper
Label ver 'label
Major ver 'minor
All That Ver 'My Name'

[Outro]
Simon Simon Dominic
Simon D.O.M.I.N.I.C., oh, oh
Simon Simon Dominic
Simon D.O.M.I.N.I.C., oh, oh","","","","",""
"Where U At?","Simon Dominic","2NyxOlOTgq8fjI26UaRQ6P","[Intro]
그 사랑 참 어이없다, 두 사람 지금 어디 있나?
시작한지 한두 달, 벌써 연애의 끝판

[Verse 1]
Hey, 적극적인 gentleman
당연시 여겼던 첫 느낌이라는 매력에 대한 결과는
면허 시험처럼 연애의 진돈 일주일 안으로 해결하고
친구 놈들한테는 걔는 끝내줬고 별로였고
떠벌리고 다니는 게 바로 너라고
매번 강조하는 'platonic love' 그랬더니
얻은 건 정해진 이별과 가벼운 만남들
그만 둬, 이번엔 어떤 여자일까
봐봐, 지금 니 팔짱을 낀 천사 같은 여자는
니 눈도 못 마주칠 정도로 부끄럼타잖아
10분이면 생기는 마음은 쉽게 들키지
아니, 일부러 들킨 척, 능숙한 스킨쉽은 특기지
잔머리 굴리는데 선수, 작업의 정석
항상 새로운 척, 절대 외로운 법 없지
철없던 과거를 덮고 막 어른 같고 싶어 하고
못생긴 애들에겐 살얼음 같고, huh
지금 너의 그녀는 딱 보니까 쑥맥
마음은 널 향하는데 쑥쓰러워 숨네
착한 애 같은데 상처 줄 생각 하지마
틈만 보이면 kiss 하려고 덤벼 들지마
빨리 그녀가 알고 싶어져
쉽게 질릴 거 뻔하자나 넌 미쳤어
떨쳐버려 그놈의 애정결핍
좀 능글맞긴 하지만 그래도 귀엽지

[Hook]
조금만 천천히 그녀를 안아줘, yeah
예전 순수했던 너로 다시 돌아와 줘, yeah, yeah
벌써부터 이별의 문턱 앞을 생각하는
그녀가 한심해, 제자리로 돌아와 줘, yeah, yeah
Where you at boy
Where you at girl stop your pace
Slow down, slow down like this
Slow down, slow down like this
Where you at boy
Where you at girl stop your pace
Slow down slow down like this
Slow down slow down like this

[Verse 2]
Hey, 부끄러운 lady
그를 가볍게 스쳐갔던 baby중 한명이 되길 원하지 않지
돼지 공주, 내 애기, 완전 소중 그런 애칭들에 아직은 소심한 적응
지긋했던 솔로생활 청산, 찝찝하게 끝냈던 전 이별의 결말
그동안 무럭무럭 자라난 걱정의 줄기
그 뿌리 채 뽑을 수 없는 근심의 굵기
허겁지겁 지겹도록 겹쳐있는 겁이란 것은
널 지독히도 괴롭히지만 그건 섣부른 허세
넌 세심한 성격의 소유자
그를 생각하며 밤잠 설치며 겨우 잠들지만
꿈속에서는 아직도 그를 그리고
길몽도 악몽도 아닌 미지근한 dream on
어디까지 가있어? stop thinkin'
너무 앞서간 건 안 봐도 뻔해, 확실히
섬세한 감정 계획들 다 좋긴해
그러다 지나치면 넌 미래에 쫓기네
아니, 벌써 쫓긴 듯 행동하는 니가 걱정돼
그를 봐, 여유로워, 아직까진 멀쩡해

[Hook]
조금만 천천히 그녀를 안아줘, yeah
예전 순수했던 너로 다시 돌아와 줘, yeah, yeah
벌써부터 이별의 문턱 앞을 생각하는
그녀가 한심해, 제자리로 돌아와 줘, yeah, yeah
Where you at boy
Where you at girl stop your pace
Slow down, slow down like this
Slow down, slow down like this
Where you at boy
Where you at girl stop your pace
Slow down slow down like this
Slow down slow down like this

[Bridge]
그 사랑 참 어이없다, 두 사람 지금 어디 있나?
시작한지 두세 달, 결국 연애는 끝나
그 사랑 참 어이없다, 두 사람 지금 어디 있나?
시작한지 두세 달, 결국 연애는 끝나

[Verse 3]
결국 그 커플은 딱 100일째 되는 날 헤어졌어
성급한 연애의 결말
간지럽히는 말장난들과 겉으로만 달콤해보였던 날들이
그들의 기억 속에서 흩날리듯 사라지겠지
사겼던 순간만큼은 서로의 자랑이었기에
둘 중에 누군가는 '그것도 사랑이었지'라고
좋게 묻어버리고 살아가겠지
몸이든 마음이든 앞서가기 바빴던
그들의 방식이 그리 나빴던 건
절대 아니었지만 아쉬움이 남잖어
좀 더 천천히 여유가 있었더라면
각자에게 무심한 채로 끝내진 않았을텐데
자기의 욕심보다 애정이 더 컸을텐데","99.01","0.782","0.731","-5.845","0.622"
"Who You? (Prod. By GRAY)","Simon Dominic","7bshkjyxLAk0mJLWzgwWey","[Intro: Zion.T]
GRAY

[Hook: Simon Dominic]
Who are you? Are you talkin' to me?
Who are you? You talkin' to me?
Oh, please 더 이상 가까이 오지 말라구
난 Untouchable (Untouchable)
니가 알던 내가 아냐
니가 알던 내가 아냐
니가 알던 내가 아냐
(예전에) 니가 알던 내가 아냐
(예전에)

[Verse 1: One]
그래, 1년만인가? 거북선은 보물섬이 됐지
그때가 기억이 나, 거가 내 무덤인 줄 알았겠지?
발정 난 열일곱 사내같이 난 절대로 안 죽으니
두 번째, 난 끝을 보겠어, 끝날 때는 정상 위로가, bitch
다신 안 하고 싶었던 show, 회사도 날 무시했고
나는 가기 싫었어 Team YG, 내 회사랑 다이다이 뜨는 간지
Mo' fucker, 패기, 객기 말고 남은 건 독기뿐
깊은 물에 빠져도 헤엄치면서 난 노는 중
수많은 조바심과 부담감에 다 망쳐버렸었던
그 날들을 전부 지워낸 뒤
날 무시했던 놈들에게는 내 가운데 손가락
Fuck boi, who you? 날 못 알아보네
별 볼 일 없는 놈에서 이제 우주로 갈게, whoo
뭔 말이 많아? 너가 아냐고 내 삶?
어쩌고 저쩌고 배신을 했다고?
네가 뭘 알아 인마?
I'm on a new level, 난 안주를 안 했네
1년 전 얻어갔던 인기에 취하지 않았네

[Verse 2: G2]
Oh, Lordie, Lordie, Lordie, I feel blessed
Texas에서 시작해서 전세계에 소문내
하나님의 뜻대로만 여기까지 온 듯해
당연히 너넨 모르지, 난 쥐도 새도 모르게
I been on that hustle, I been on that grind
새로운 level로 올라가 새로운 삶
위해서 계속 변신을 해 가
억눌러 있던 잠재력을 개방
You have yet to witness the God in disguise
Brainwash is still in process, 너네는 절대 잊지 마
나는 나, 너는 너, 넌 없었지, while I was comin' up
감히 아는 척하며 나타나, 어디서 엄지 척?
싹 다 모조품 Each and every one
꺼져, 내 존재 근처에서
접근도 마, 같은 공기지만 우린 숨 자체를 다르게 쉬어
캐리커처, 가짜들 모조리 지우겠어
Stop playin' cause there was never a us
Who you? I'm just sayin'
Cause I don't remember you fucks
My day one ninjas, 아님 쌈디 형 말한 거처럼

[Hook: Simon Dominic]
Who are you? Are you talkin' to me?
Who are you? You talkin' to me?
Oh, please 더 이상 가까이 오지 말라구
난 Untouchable (Untouchable)
니가 알던 내가 아냐
니가 알던 내가 아냐
니가 알던 내가 아냐
(예전에) 니가 알던 내가 아냐
(예전에)

[Verse 3: BewhY]
시작점은 듣보 but 난 another blood
Another one, I got another flow
국가에 영향을 줘, 이건 바로 BewhY phenomenon
내 어릴 적에 날 무시로 대했던 년놈들에게로부터
쌓이는 메시지와 전화, my iPhone always vibrate
너가 알아둬야 할 게 하나 있어
너가 지금 연락하려는 대상은 대한민국 최고임을 기억해
넌 봤잖아, 내 존재와 내 예술의 파급력
내 미래는 아주 쌔끈해
제일 기대하는 래퍼, 여기저기 내 얘기 가득했어
내 앨범에서도 말했어, 이 땅 아닌 Grammy가 내 목표
세계가 나를 체감해, 언제나 나는 맨 앞에 존재
앞에는 째깍대는 시곗바늘, 되감기는 없어
Starting from the top, starting from the top
밑바닥과 동거는 이젠 끝났어
내가 왜 돈과 명예를 원해? 내가 이것보다 비싼데
다른 애들에게 난 너무 치사해

[Verse 4: Simon Dominic]
난 걍 여기까지 올라온 랩 좀 하는 병신 새끼
그래, 왼쪽 망막을 잃고 군면제 받은 병신 새끼
욕을 배불리 먹고도 졸린 내 삶은 아직 점심때지
변해버린 나에 대한 네 새끼들 마음 또한 역시겠지
Oh, please fuck me forever or never
날 죽이기 위해 누군가 고생 좀 더 해줘
20대 때 난 rock steady
지금은 unsteady crew member
언제부턴가 내 별명은 Eminem
정신과 상담 후에 더 난 일, 일이지
여전히 꿈꾸는 건 나의 dream team
얼마 전에 헤어진 여친은 내 야망의 눈빛에 victim
Sorry, baby, 니가 사랑했던 어느 로맨티스트의 죽음
해보나 마나 뻔할 이 세상에서 제일 힙합적인 부검
그 사체에서 발견될 건 고작 고민한 rhyme 몇 개가 다일 듯
Simon says 이 씨발놈들아 난 영원히 내가 1등
남들 다 하는 성공의 도로 위에서 시간 안 버려
난 위험할지도 모를 갓길, 이제 그 갓길로 걸어가
Hah

[Hook: Simon Dominic]
Who are you? Are you talkin' to me?
Who are you? You talkin' to me?
Oh, please 더 이상 가까이 오지 말라구
난 Untouchable (Untouchable)
니가 알던 내가 아냐
니가 알던 내가 아냐
니가 알던 내가 아냐
(예전에) 니가 알던 내가 아냐
(예전에)","132.90200000000002","0.236","0.435","-12.599","0.4039999999999999"
"Stay Cool","Simon Dominic","2PTI0f4zBER1Rp87QnfrdS","[Intro: Simon Dominic, Zion.T]
Yeah, yea
Simon. D
Zion. T
Ouu yeah
Stay cool, stay cool
Stay cool, yeah
Stay, stay cool baby

[Verse 1: Simon Dominic, Zion.T]
힘들어하지 마 Baby 잘 풀리겠지
입에서만 맴돌던 근심도 물리겠지
아직도 엄마 품을 그리워해
왜 그리도 내가 누운 바닥만 차가웠었나
그리고 나만 못 났을까
그런 생각지 마요
차라리 나한테 억지 부리는 땡깡이 나아요
9 to 5, 그대가 제일 빛나는 시간
밤이 되면 밝혀지는 섹시함, 미안
일하는 모습이 말이야 너무나도 beautiful
매일 일만 했음 좋겠어 앗 이건 무리수
늦은 밤 카페에서 그대는 친구들 만나
커지는 목소리 입버릇처럼 내뱉는 참나
그래 그걸 어떻게 참아
그저 다만 옆 테이블은 좀 신경 써요 mama
목을 아꼈으면 해 my dear
그것만 마시고 일어나요 딴 데로 새면 미워

[Hook: Zion.T]
Baby 너무 걱정하지 마 괜히 후 한숨짓지 마
넌 웃는 게 예뻐 매번 말하지만
Baby stay cool 찡그리지 마
음, 아까운 눈물 흘리지 마 우리 손 꼭 잡고 있잖아
놓치지 않아 네가 잘 알잖아
Baby it’s so good 흔들리지 마

[Refrain: Simon Dominic, Zion.T]
Stay cool, cool cool cool cool cool cool
It’s so good, good good good good good
It’s gon’ be alright
Stay cool, cool cool cool cool cool cool
It’s so good, good good good
Stay stay cool baby

[Verse 2: Simon Dominic]
띠리링 급하게 만나자는 그대의 phone call
무슨 일일까 괜히 물어뜯는 손톱
멀리서 봐도 동그란 얼굴이 반쪽이 돼버린
안타까움에 내 맘 꼬깃꼬깃해졌잖아
Baby 고갤 들어 많이 보고 싶었어
그렇게도 오늘 하루가 미웠어
내가 다 들어줄게 내게 화 풀어도 돼
같이 힘들어 줄 테니까 기대어 울어도 돼
그대와 나 아직은 어리기에
몰라도 되는 것들이 머리 위에서
우릴 밑으로 꾹 눌러대 그렇게 물렁해진 채로
베개를 벨 때마다 눈물이 그렁대
부대끼면 언제나 부딪히게 되고
그 아픔에 익숙해도 소리 지르게 되는 매번
난 그대의 등 뒤를 안아줄 푹신한 쿠션
오늘도 수고했어 집에 가서 푹 쉬어

[Hook: Zion.T]
Baby 너무 걱정하지 마 괜히 후 한숨짓지 마
넌 웃는 게 예뻐 매번 말하지만
Baby stay cool 찡그리지 마
음, 아까운 눈물 흘리지 마 우리 손 꼭 잡고 있잖아
놓치지 않아 네가 잘 알잖아
Baby it’s so good 흔들리지 마

[Refrain: Simon Dominic, Zion.T]
Stay cool, cool cool cool cool cool cool
It’s so good, good good good good good
It’s gon’ be alright
Stay cool, cool cool cool cool cool cool
It’s so good, good good good
Stay stay cool baby

[Verse 3: Simon Dominic, Zion.T]
손대면 톡 하고 터질 것만 같은
그대의 분노는 잠시 넣어둬 넣어둬
열병처럼 앓았던 날들이 후회스러워도
침착해 워워 워워
손대면 톡 하고 터질 것만 같은
그대의 분노는 잠시 넣어둬 넣어둬
열병처럼 앓았던 날들이 후회스러워도
침착해 워워 워워

[Bridge: Zion.T]
네가 지칠 때 팔베개해줄게
편히 누워도 돼 두 눈을 감아
네가 슬플 때 손수건 돼줄게
내 어깨에 기대 눈물을 닦아

[Outro: Simon Dominic, Zion.T]
Stay cool, cool cool cool cool cool cool
It’s so good, good good good good good
It’s gon’ be alright
Stay cool, cool cool cool cool cool cool
It’s so good, good good good
Stay stay cool baby","","","","",""
"TTFU","Simon Dominic","2Ijm5CQ4Y24lS0Zi7oK6hj","[사이먼 도미닉, 로꼬, 우원재, 쿠기 ""TTFU"" 가사]

[Intro]
Yeah!
Aah! Yeah!
AOMG!
Ayy!

[Chorus]
Turn the fuck up, ayy, 우린 party 해
좀 더 뛰어 씨발 정신 못 차리게
Turn the fuck up, ayy, 우린 party 해
좀 더 뛰어 씨발 정신 못 차리게
Turn the fuck up, ayy, 우린 party 해
좀 더 뛰어 씨발 정신 못 차리게
Turn the fuck up, ayy, 우린 party 해
좀 더 뛰어 씨발 정신 못 차리게

[Verse 1]
어물쩡거리지 마 우리 시간은 진짜로 금
Ay, mosquito
빨대 꽂을 거면 꽂아 공짜로 등 내줄게
내 차 우리 회사 이름에서 ""O"" 자를, uhm
떼봐 인생 대박 넌 걍 빼박 병신 홍대 끝에는 충
뭘 봐 새꺄, hum
나 삼백안 새꺄, hum
내 취미는 책이야, hum
수면 패턴 백야, uhm
03년도 마르지엘라 입고 다니지 행사
My outfit 세달 뒤 죄다 빼다 박고 댕기지

[Verse 2]
댓글이나 박고 다니지 뭐
쿨한 척하는 게 멋없지 더
나는 무시하고 올라가 stage
벌스 하나로도 분위기 띄워
내 인생엔 없어 비시즌
나이를 먹어도 입시 중
매일을 깨 있어 딱 하루만
안 할래 지겨워 입씨름
놀러 가 쉴래
들어가기 싫어 집에
움직여 팔다리 휘게
말리지 마 삐뚤어질래
부대끼면서 놀아 간만에 허리 뻐근
내일 생각하기 싫어 걍 한잔 더 꺾어

[Chorus]
Turn the fuck up, ayy, 우린 party 해
좀 더 뛰어 씨발 정신 못 차리게
Turn the fuck up, ayy, 우린 party 해
좀 더 뛰어 씨발 정신 못 차리게

[Verse 3]
조금 더 빠르게 뛰 손 머리 위로 하고 이상재
미리 심장 뛸 필요 없지 난 디카페인
다음 정규 제목 WEAK 5년 지나도 피사체
입술에 침 바르고 비염 섞어서
Turn the fuck
Mm, 좆까라 마이싱
어제 번 돈 세다 보니까 손가락 팝핀
Whole lotta high, whole lotta high, 내 기분 마치
너 구름까지는 올라와야지
내 말이 닿지 내 물이 닿지
Uh, let's go

[Chorus]
Turn the fuck up, ayy, 우린 party 해
좀 더 뛰어 씨발 정신 못 차리게
Turn the fuck up, ayy, 우린 party 해
좀 더 뛰어 씨발 정신 못 차리게

[Verse 4]
이 바닥 겸손해야 된다지만
내 출세의 비결은 그 반대고 (cocky)
내 직업란엔 힙합이라 쓰고
발음할 때는 rock n roll (rocky)
**아 go home
여자들은 다 내가 있는 데로 왔지 (all)
지금 몇 시야 대체 난 몰라
My cock doesn't wear a watch (gold)
자기 얼굴 내리고 엉덩이 올려
That's the way I like to fuck
섹스는 유산소와 근력을 동시에
나만의 다이어트 법
애 아님 개 같이 사는 중
뭐 어쩔 life's too short
내 인생은 zoom 땡겨도 비극 아니니까
찍어 타이트 샷
Sick of these rappers (rappers) 그야말로 잡음인
1도 없거든 감흥이 니 맛도 내 맛도 아닌 무미
건조한 새끼들 덕에 씬엔 계속되는 가뭄이
내가 젖게 해 주지
니가 아무리 아끼는 팬티라도 다 무의미
Ride with me

[Chorus]
Turn the fuck up, ayy, 우린 party 해
좀 더 뛰어 씨발 정신 못 차리게
Turn the fuck up, ayy, 우린 party 해
좀 더 뛰어 씨발 정신 못 차리게
Turn the fuck up, ayy, 우린 party 해
좀 더 뛰어 씨발 정신 못 차리게
Turn the fuck up, ayy, 우린 party 해
좀 더 뛰어 씨발 정신 못 차리게","","","","",""
"Comfortable","Simon Dominic","2lEzKOtt7q64jQZ5meZsY8","[Pre-Hook: GRAY]
If somebody loves me, 난 그걸로 만족해
내 걱정 안 해도 돼, 난 괜찮아, okay
너무 애쓰지 않아도 돼, 나중에 후회 없게
아주 잠시라도 난 날 위해 마음 놓을게
GRAY

[Hook: GRAY & Simon Dominic]
이제 맘 편히, 편히, 편히
나도 맘 편히, 편히, 편히
너도 맘 편히, 편히, 편히
모두 맘 편히, 편히, 편히
I’m gonna be (be comfortable)
I’m gonna be (be comfortable)
I’m gonna be (be comfortable)
I’m gonna be (be comfortable)

[Verse 1: One]
저녁쯤에 눈 떠 확인하는 폰
엄마의 부재중 전화 2통
바로 걸까 하다가 다시 내려놓는 손
오늘은 기분이 좀 아니어서
준비가 덜 됐던 채로
보여졌던 내 모습이 후회돼, 뭐 어쩌겠어?
그래 다 내 탓이네, 몇 년째 똑같대도
I’m gonna be a man, 누가 뭐래도
회사에서 내 존잰 너무 작아, can’t see me
딴 사람의 성공을 지켜볼 땐 괜시리
급한 마음만 배가 돼, 걍 어린애 같았던 거
인정한 뒤 날 다시 준비해 가네
이젠 연습실이 나의 home sweet home
알아, 내 랩을 좋아해주는 건 소수인 걸
언제 나올지도 모르는 16 마딜
다 쓰고 나서야 내 맘이 좀 편하지, hah

[Pre-Hook: GRAY]
If somebody loves me, 난 그걸로 만족해
내 걱정 안 해도 돼, 난 괜찮아, okay
너무 애쓰지 않아도 돼, 나중에 후회 없게
아주 잠시라도 난 날 위해 마음 놓을게

[Hook: GRAY & Simon Dominic]
이제 맘 편히, 편히, 편히
나도 맘 편히, 편히, 편히
너도 맘 편히, 편히, 편히
모두 맘 편히, 편히, 편히
I’m gonna be (be comfortable)
I’m gonna be (be comfortable)
I’m gonna be (be comfortable)
I’m gonna be (be comfortable)

[Verse 2: Simon Dominic]
Live my life, 그저 맘 편히
어차피 늙어가는 것은 당연해
근데 엄마, 아빠와 함께할 시간이
얼마나 남았나 하는 슬픈 생각만 하면 숨이 가빠와
빨리 날 편히 해주는 좋은 여자의 남편이 되고 싶지만
아직은 내 몸 하나도 못 챙기는 애야, 애
잠을 잃은 밤마다 마셨던 술이 빨리 깨야 해
훗날 나와 같이 살 누군가가 날 떠올릴 때
덜 계산적이게끔 난 나의 가치를 더 올릴게
혼자 먹는 밥 빼곤 sweet, solo life
대신 쓸쓸함은 몸에서 안 빠지는 셀룰라이트
삶의 몇 장면들은 가끔 외로움 속에서 올로케
홀로 맥주 하는 신이 많다 보니 아랫배가 볼록해
난 해피엔딩은 됐고 내 영화 크레딧엔 꼭
날 사랑해줬던 모두의 이름이 적힐 수 있게 해줘

[Bridge: GRAY]
I want, i want, i want it all
I want, i want, i want it all

[Verse 3: Simon Dominic & G2]
A-yo, One, 서두르지마, stay focused
넌 그냥 해 니 이름처럼 1 day 1 verse
맞아요, 형, 인기는 내게 쓸데없죠
저 위에 래퍼들과 언젠가는 say wassup
쌈디 형, 형을 챙겨줄 여잔 누굴까요?
쉬는 날엔 술 마시지 말고 그냥 푹 자요
Okay, 생각 좀 그만하자는 생각도 그만
나도 오늘만큼은 아무런 이유 없이 good night

[Hook: GRAY & Simon Dominic]
이제 맘 편히, 편히, 편히
나도 맘 편히, 편히, 편히
너도 맘 편히, 편히, 편히
모두 맘 편히, 편히, 편히
I’m gonna be (be comfortable)
I’m gonna be (be comfortable)
I’m gonna be (be comfortable)
I’m gonna be (be comfortable)","105.109","0.6","0.714","-7.643","0.506"
"Eh Hey","Simon Dominic","0Elb7OWuCqZ8xuVTB0kCHg","Korean

[Intro]
와 나를 못 잡아 먹어서 안달이고
니 니 진짜 내한테 왜 그라는데
아 나 진짜
어이 어이 어이 어이
어이 어이 어이
에헤이 에헤이 에헤이 에헤이
Wooh ah

[Verse 1: Simon Dominic]
내는 마 천사도 아니고
악마도 아니여
내도 니랑 똑같은 인간으로 다녀
삶이라는 이 영화에 내는 그냥 단역
말 그대로 내가 할 수 있는 건
딱 한가지여
그저 살아가는 것 나쁜 마음 안가져
그래가 지금 내가 서있는 땅을
분양받았다이가
중간만 가도 사는데 탈 없다고
내는 역전을 꿈꾸는 그들과는 달라
빨간 거 없고 시커먼 내 달력 봐라
생일 같은 거 안 챙겨도 노
프라블럼이야
내 애마는 자전거다
니 외제차 옆에 다
데나도 패배감
그딴 거 모른다 난 어깨 딱
그니까 잘 살아가는 내를 가만 놔 둬
내 앞 날에 신경끄고
니 뒤나 봐라 쫌
니는 내한테 말하지
그건 너답지 않어
허이쿠 그럼 도대체
내 다운게 뭔데

[Hook: The Black Skirts]
오 난 너무 위험한 걸
내 입에는 금을 칠하고
언제나 난 keeping it low
오 난 잃을 게 없는 걸
난 오늘도 숨을 아끼고
언제나 난 ready to go

[Verse 2: Simon Dominic]
결혼은 아직은 생각 안 해
우리 집 부엌에 보면
여자가 좋아할만한 찻잔에
침대도 더블 사이즈다 아이가
근데 난 됐다
자식한테 쫌 늙은 부모가
될지라도 상관안해
마음의 준비가 변명이 되는 요즘에
난 꿈을 먼저 만질끼야
홀애비 스멜
쫌 나면 어떻노
이것도 좋아하는 사람이 있을끼라
지금 내 싸랑의 휴양지는 비수기다
연애를 하든 뭘 하든 차가운
시선따위는 됐습미더
존중을 안해줄거면
저리 가이소 알겠습니꺼
내는 잘난 놈들 사이에서
걍 잘 된 놈이 될끼고
내가 가진 자신감 하나는
절대 안 뺏기고 살아갈끼야
한 치 앞도 모르겠는 세월의 변함에
내는 한 발 짝 물러서가
천천히 지켜보는게 편하데
쌔빠지게 살아가는데
내는 마 스스럼없다
어리광 떨 때부터
난 거칠게 으르렁 컸다

[Hook: The Black Skirts]
오 난 너무 위험한 걸
내 입에는 금을 칠하고
언제나 난 keeping it low
오 난 잃을 게 없는 걸
난 오늘도 숨을 아끼고
언제나 난 ready to go
오 난 너무 위험한 걸
내 입에는 금을 칠하고
언제나 난 keeping it low
오 난 잃을 게 없는 걸
난 오늘도 숨을 아끼고
언제나 난 ready to go

[Bridge: Simon Dominic]
있다이가 내 있다이가 마
있다이가 낭만이 있다이가 사랑이
있다이가 내 있다이가 마
올끼다이가 해뜰날 갈끼다이가
우쨌든간에
있다이가 내 있다이가 마
있다이가 강약이 있다이가 한방이
있다이가 내 있다이가 마
올끼다이가 해뜰날 갈끼다이가
우쨌든간에

[The Black Skirts]
Oh yeah look at you
이젠 나보다 더 컸다고
하지만 빨리 오르면
더 빨리 떨어져 yeah
So what look at me
나는 이걸로도 충분해
너라고 마지막까지 웃을 수 있을까

[Hook: The Black Skirts]
오 난 너무 위험한 걸
내 입에는 금을 칠하고
언제나 난 keeping it low
오 난 잃을 게 없는 걸
난 오늘도 숨을 아끼고
언제나 난 ready to go

[Outro: Simon Dominic]
있다이가 내 있다이가 마
있다이가 낭만이 있다이가 사랑이
있다이가 내 있다이가 마
올끼다이가 해뜰날 갈끼다이가
우쨌든간에
있다이가 내 있다이가 마
있다이가 강약이 있다이가 한방이
있다이가 내 있다이가 마
올끼다이가 해뜰날 갈끼다이가
우쨌든간에

Romanization

[Intro]
Wa naleul mos jab-a meog-eoseo andal-igo
Ni ni jinjja naehante wae geulaneunde
A na jinjja
Eoi eoi eoi eoi
Eoi eoi eoi
Ehei ehei ehei ehei
Wooh ah

[Verse 1: Simon Dominic]
Naeneun ma cheonsado anigo
Agmado aniyeo
Naedo nilang ttoggat-eun ingan-eulo danyeo
Salm-ilaneun i yeonghwa-e naeneun geunyang dan-yeog
Mal geudaelo naega hal su issneun geon
Ttag hangajiyeo
Geujeo sal-aganeun geos nappeun ma-eum angajyeo
Geulaega jigeum naega seoissneun ttang-eul
Bun-yangbad-assdaiga
Jung-ganman gado saneunde tal eobsdago
Naeneun yeogjeon-eul kkumkkuneun geudeulgwaneun dalla
Ppalgan geo eobsgo sikeomeon nae dallyeog bwala
Saeng-il gat-eun geo an chaeng-gyeodo no
Peulabeulleom-iya
Nae aemaneun jajeongeoda
Ni oejecha yeop-e da
Denado paebaegam
Geuttan geo moleunda nan eokkae ttag
Geunikka jal sal-aganeun naeleul gaman nwa dwo
Nae ap nal-e singyeongkkeugo
Ni dwina bwala jjom
Nineun naehante malhaji
Geugeon neodabji anh-eo
Heoiku geuleom dodaeche
Nae daunge mwonde

[Hook: The Black Skirts]
O nan neomu wiheomhan geol
Nae ib-eneun geum-eul chilhago
Eonjena nan keeping it low
O nan ilh-eul ge eobsneun geol
Nan oneuldo sum-eul akkigo
Eonjena nan ready to go

[Verse 2: Simon Dominic]
Gyeolhon-eun ajig-eun saeng-gag an hae
Uli jib bueok-e bomyeon
Yeojaga joh-ahalmanhan chasjan-e
Chimdaedo deobeul saijeuda aiga
Geunde nan dwaessda
Jasighante jjom neulg-eun bumoga
Doeljilado sang-gwan-anhae
Ma-eum-ui junbiga byeonmyeong-i doeneun yojeum-e
Nan kkum-eul meonjeo manjilkkiya
Hol-aebi seumel
Jjom namyeon eotteohno
Igeosdo joh-ahaneun salam-i iss-eulkkila
Jigeum nae ssalang-ui hyuyangjineun bisugida
Yeon-aeleul hadeun mwol hadeun chagaun
Siseonttawineun dwaessseubmideo
Jonjung-eul anhaejulgeomyeon
Jeoli gaiso algessseubnikkeo
Naeneun jalnan nomdeul saieseo
Gyang jal doen nom-i doelkkigo
Naega gajin jasingam hananeun
Jeoldae an ppaesgigo sal-agalkkiya
Han chi apdo moleugessneun sewol-ui byeonham-e
Naeneun han bal jjag mulleoseoga
Cheoncheonhi jikyeoboneunge pyeonhade
Ssaeppajige sal-aganeunde
Naeneun ma seuseuleom-eobsda
Eoligwang tteol ttaebuteo
Nan geochilge euleuleong keossda

[Hook: The Black Skirts]
O nan neomu wiheomhan geol
Nae ib-eneun geum-eul chilhago
Eonjena nan keeping it low
O nan ilh-eul ge eobsneun geol
Nan oneuldo sum-eul akkigo
Eonjena nan ready to go
O nan neomu wiheomhan geol
Nae ib-eneun geum-eul chilhago
Eonjena nan keeping it low
O nan ilh-eul ge eobsneun geol
Nan oneuldo sum-eul akkigo
Eonjena nan ready to go

[Bridge: Simon Dominic]
Issdaiga nae issdaiga ma
Issdaiga nangman-i issdaiga salang-i
Issdaiga nae issdaiga ma
Olkkidaiga haetteulnal galkkidaiga
Ujjaessdeungan-e
Issdaiga nae issdaiga ma
Issdaiga gang-yag-i issdaiga hanbang-i
Issdaiga nae issdaiga ma
Olkkidaiga haetteulnal galkkidaiga
Ujjaessdeungan-e

[The Black Skirts]
Oh yeah look at you
Ijen naboda deo keossdago
Hajiman ppalli oleumyeon
Deo ppalli tteol-eojyeo yeah
So what look at me
Naneun igeollodo chungbunhae
Neolago majimagkkaji us-eul su iss-eulkka

[Hook: The Black Skirts]
O nan neomu wiheomhan geol
Nae ib-eneun geum-eul chilhago
Eonjena nan keeping it low
O nan ilh-eul ge eobsneun geol
Nan oneuldo sum-eul akkigo
Eonjena nan ready to go

[Outro: Simon Dominic]
Issdaiga nae issdaiga ma
Issdaiga nangman-i issdaiga salang-i
Issdaiga nae issdaiga ma
Olkkidaiga haetteulnal galkkidaiga
Ujjaessdeungan-e
Issdaiga nae issdaiga ma
Issdaiga gang-yag-i issdaiga hanbang-i
Issdaiga nae issdaiga ma
Olkkidaiga haetteulnal galkkidaiga
Ujjaessdeungan-e","","","","",""
"GOTT (Feat. MOON & Woo & Jvcki Wai)","Simon Dominic","2d7cl6sY3LnfnStaq6jyS5","[Verse 1: Simon Dominic]
Listen up, fake gangsters
And my honeys with ya hair done
자, 여기 no.1 party anthem
이미 열기가 엄청나, 와, 개 더워
나는 구스를 입어 한 여름에도

[Chorus: MOON & Simon Dominic]
Goosebumps on the track (
Track 위에 소름
)
Goosebumps on the track (
Brrrrrrrrrrr ha
)
Goosebumps on the track (
Track 위에 소름
)
Goosebumps on the track (
Brrrrrrrrrrrrrrrr
)

[Verse 2: Simon Dominic]
Show 하고 있네
난 여전히 two for the money
날짜를 check, 내 tour season (Plottin’)
난 뜨거운 여름 그 자체야
쟤네 목에 손목에 싸구려 얼음
다 녹여버리는 (Success)
이 노랜 제목 그대로
GooseBumps가 produced by
전투력이 up now, 이걸 듣는 순간
Everyday I’m on the spot, 이 verse 쓰다가
무대 2개 하고 와서 다시 녹음 부스 안
Rolex 아니라고 이거 Patek
돈을 버는 것도 내겐 A-R-T
가져야겠어 올해의 sexy title
허세로울 때 내가 제일 낫대
서울엔 이미 집이 두 채 (두 채)
근데 요리할 땐 darkroom
구범이는 내 sous chef
우리 둘이 작업한다는 소식에
All the fuckboys say ""oh touche!"", yeah

[Verse 3: MOON]
Dollar bills got me movin', 내 옆엔 다
Bougee ass bitches, 모두 다 일어나
Dollar bills got me movin', 내 옆엔 다
Bougee ass bitches, 모두 다 일어나
Cuz I got that flow and drop it to the floor
너넨 평생 못 봐, cuz you never know
어설프게 굴다 너넨 다 묻히네 땅속
불평불만 말고 움직여 지금 당장 go

[Chorus: MOON & Simon Dominic]
Goosebumps on the track (
Track 위에 소름
)
Goosebumps on the track (
Brrrrrrrrrrr ha
)
Goosebumps on the track (
Track 위에 소름
)
Goosebumps on the track (
Brrrrrrrrrrrrrrrr
)

[Verse 4: 우원재]
안 해 나쁜 짓, 그냥 go for the B
애기들아 follow me, 나만 베껴도 위
니 오빠 말은 bullshit, 내껀 존나 현실
Bish you wanna fuck with me, 미안, 바빠진 D
Oh, GooseBumps on the track, 돈을 벌러
내 옷은 cottweiler, designer들이 나를 follow
Bonjour, 안녕, 영국어로는 halo
형들이 나를 말려, 근데 절대로 못 말려
니 별명은 꼰대, 니 위친 평생 홍대
What your hobby, 꿈이 뭔데?
People say '우원재'
난 차 안사, 좀 있다 빌딩을 사지 (Skrt)
I’m not 아빠 but 날 따라 하네 많이 근데
Oh, AOMG on the building, 이제 party, yeah
너 먼저 반응한 건 머리 아닌 다리, ay
All you wanna be tough
미안, 이건 유전자지, ay
Skrt, skrt, skrt, 백날 해도 넌 제자리에

[Verse 5: Jvcki Wai]
뜨겁게 달궈 track 위 (Ayy)
소름이나 줄여 G-O-T-T
Beat 위에 난 항상 G-O-A-T
여름에도 덥게 우린 flex 여전히 hot, hot, hot
열기에 swervin’ like that thotty hoe, hoe, hoe
죽였어 like ma enemies, oh, oh
막이 올랐어, 내 revenge (Whoo)
먼저 잘가, 묵념 R.I.P (Lil bitch)

[Outro: MOON]
Goosebumps on the track
Goosebumps on the track
Goosebumps on the track
Goosebumps on the track
Goosebumps on the track
Goosebumps on the track
Goosebumps on the track
Goosebumps on the track","120.031","0.774","0.504","-5.17","0.14"
"Home Sh*t Home (Feat. JINBO)","Simon Dominic","2pdIj0UkQBu0eB0BMIoJcT","Tasks

""Why don't you get your task, instead of playing with your playthings from morning till night? You are grown too old now to do nothing but play. It is high time you should learn to read and write, for you cannot be a child all your life, child; so go and fetch your book, and learn your task.""

This angry apostrophe is probably addressed to a child, at the moment when he is intent upon some agreeable occupation, which is now to be stigmatized with the name of Play. Why that word should all at once change its meaning; why that should now be a crime, which was formerly a virtue; why he, who had so often been desired to go and play, should now be reviled for his obedience, the young casuist is unable to discover. He hears that he is no longer a child: this he is willing to believe; but the consequence is alarming. Of the new duties incumbent upon his situation, he has but yet a confused idea. In his manly character, he is not yet thoroughly perfect: his pride would make him despise everything that is childish, but no change has yet been wrought in the inward man, and his old tastes and new ambition, are in direct opposition. Whether to learn to read, be a dreadful thing or not, is a question he cannot immediately solve; but if his reasoning faculty be suspended, there is yet a power secretly working within him, by which he will involuntarily be governed. This power is the power of association: of its laws, he is, probably, not more ignorant than his tutor; nor is he aware that whatever word or idea comes into his mind, with any species of pain, will return, whenever it is recalled to his memory, with the same feelings. The word Task, the first time he hears it, is an unmeaning word, but it ceases to be indifferent to him the moment he hears it pronounced in a terrible voice. ""Learn your task,"" and ""fetch your book,"" recur to his recollection with indistinct feelings of pain; and hence, without further consideration, he will be disposed to dislike both books and tasks; but his feelings are the last things to be considered upon this occasion; the immediate business, is to teach him to read. A new era in his life now commences. The age of learning begins, and begins in sorrow. The consequences of a bad beginning, are proverbially ominous; but no omens can avert his fate, no omens can deter his tutor from the undertaking; the appointed moment is come; the boy is four years old, and he must learn to read. Some people, struck with a panic fear, lest their children should never learn to read and write, think that they cannot be in too great a hurry to teach them. Spelling-books, grammars, dictionaries, rods and masters, are collected; nothing is to be heard of in the house but tasks; nothing is to be seen but tears.

""No tears! No tasks! No masters! Nothing upon compulsion!"" say the opposite party in education. ""Children must be left entirely at liberty; they will learn everything better than you can teach them; their memory must not be overloaded with trash; their reason must be left to grow.""

Their reason will never grow, unless it be exercised, is the reply; their memory must be stored whilst they are young, because, in youth, the memory is most tenacious. If you leave them at liberty forever, they will never learn to spell; they will never learn Latin; they will never learn Latin grammar; yet, they must learn Latin grammar, and a number of other disagreeable things; therefore, we must give them tasks and task-masters.

In all these assertions, perhaps, we shall find a mixture of truth and error; therefore, we had better be governed by neither party, but listen to both, and examine arguments unawed by authority. And first, as to the panic fear, which, though no argument, is a most powerful motive. We see but few examples of children so extremely stupid as not to have been able to learn to read and write between the years of three and thirteen; but we see many whose temper and whose understanding have been materially injured by premature or injudicious instruction; we see many who are disgusted, perhaps irrecoverably, with literature, whilst they are fluently reading books which they cannot comprehend, or learning words by rote, to which they affix no ideas. It is scarcely worthwhile to speak of the vain ambition of those who long only to have it said, that their children read sooner than those of their neighbors do; for, supposing their utmost wish to be gratified, that their son could read before the age when children commonly articulate, still the triumph must be of short duration, the fame confined to a small circle of ""foes and friends,"" and, probably, in a few years, the memory of the phenomenon would remain only with his doting grandmother. Surely, it is the use which children make of their acquirements which is of consequence, not the possessing them a few years sooner or later. A man, who, during his whole life, could never write anything that was worth reading, would find it but poor consolation for himself, his friends, or the public, to reflect, that he had been in joining-hand before he was five years old.

As it is usually managed, it is a dreadful task indeed to learn, and, if possible, a more dreadful task to teach to read. With the help of counters, and coaxing, and gingerbread, or by dint of reiterated pain and terror, the names of the four-and-twenty letters of the alphabet, are, perhaps, in the course of some weeks, firmly fixed in the pupil's memory. So much the worse; all these names will disturb him, if he have common sense, and at every step must stop his progress. To begin with the vowels: each of these have several different sounds, and, consequently, ought to have several names, or different signs, to distinguish them in different circumstances. In the first lesson of the spelling book, the child begins with a-b, makes ab; b-a makes ba. The inference, if any general inference can be drawn from this lesson, is, that when a comes before b, it has one sound, and after b, it has another sound; but this is contradicted by and by, and it appears that a after b, has various sounds, as in ball, in bat, in bare. The letter i in fire, is i, as we call it in the alphabet, but in fir, it is changed; in pin, it is changed again; so that the child, being ordered to affix to the same sign a variety of sounds and names, and not knowing in what circumstances to obey, and in what to disregard the contradictory injunctions imposed upon him, he pronounces sounds at hazard, and adheres positively to the last ruled case, or maintains an apparently sullen, or truly philosophic and skeptical silence. Must e in pen, and e in where, and e in verse, and e in fear, all be called e alike? The child is patted on the head for reading u as it ought to be pronounced in future; but if, remembering this encouragement, the pupil should venture to pronounce u in gun, and bun, in the same manner, he will, inevitably, be disgraced. Pain and shame, impress precepts upon the mind: the child, therefore, is intent upon remembering the new sound of u in bun; but when he comes to busy, and burial, and prudence, his last precedent will lead him fatally astray, and he will again be called a dunce. O, in the exclamation Oh! is happily called by its alphabetical name; but into, we can hardly know it again, and in morning and wonder, it has a third and a fourth additional sound. The amphibious letter y, which is either a vowel or a consonant, has one sound in one character, and two sounds in the other; as a consonant, it is pronounced as in yesterday; in try, it is sounded as i; in any, and in the termination of many other words, it is sounded like e. Must a child know all this by intuition, or must it be whipt into him? But he must know a great deal more, before he can read the most common words. What length of time should we allow him for learning, when c is to be sounded like k, and when like s? And how much longer time shall we add for learning, when s shall be pronounced sh, as in sure, or z, as in has; the sound of which last letter z, he cannot, by any conjuration, obtain from the name zed, the only name by which he has been taught to call it? How much time shall we allow a patient tutor for teaching a docile pupil, when g is to be sounded soft, and when hard? There are many carefully worded rules in the spelling-books, specifying before what letters, and in what situations, g shall vary in sound; but, unfortunately, these rules are difficult to be learned by heart, and still more difficult to understand. These laws, however positive, are not found to be of universal application, or at least, a child has not always wit or time to apply them upon the spur of the occasion. In coming to the words ingenious gentleman, get a good grammar, he may be puzzled by the nice distinctions he is to make in pronunciation in cases apparently similar; but he has not yet become acquainted with all the powers of this privileged letter: in company with h, it assumes the character of f, as in tough; another time he meets it, perhaps, in the same company, in the same place, and, as nearly as possible, in the same circumstances, as in the word though; but now g is to become a silent letter, and is to pass incognito, and the child will commit an unpardonable error, if he claimed the incognito as his late acquaintance f. Still, all these are slight difficulties; a moment's reflection must convince us, that by teaching the common names of every consonant in the alphabet, we prepare a child for misery, when he begins to spell or read. A consonant, as sayeth the spelling-book, is a letter which cannot be pronounced without a vowel before or after it: for this reason, B, is called be, and L, el; but why the vowel should come first in the one case, or last in the second, we are not informed; nor are we told why the names of some letters have no resemblance whatever to their sounds, either with a vowel before or after them. Suppose, that after having learned the alphabet, a child was to read the words

        Here is some apple-pye.
        He would pronounce the letters thus:
        Acheare ies esoeme apepeele pewie.

With this pronunciation the child would never decipher these simple words. It will be answered, perhaps, that no child is expected to read as soon as he has learnt his alphabet: a long initiation of monosyllabic, dissyllabic, trissyllabic, and polysyllabic words is previously to be submitted to; nor, after this inauguration, are the novices capable of performing with propriety the ceremony of reading whole words and sentences. By a different method of teaching, all this waste of labor and of time, all this confusion of rules and exceptions, and all the consequent confusion in the understanding of the pupil, may be avoided.

In teaching a child to read, every letter should have a precise single sound annexed to its figure; this should never vary. Where two consonants are joined together, so as to have but one sound, as ph, sh, &c. the two letters should be coupled together by a distinct invariable mark. Letters that are silent should be marked in such a manner as to point out to the child that they are not to be sounded. Upon these simple rules our method of teaching to read has been founded. The signs or marks, by which these distinctions are to be effected, are arbitrary, and may be varied as the teacher chooses; the addition of a single point above or below the common letters is employed to distinguish the different sounds that are given to the same letter, and a mark underneath such letters as are to be omitted, is the only apparatus necessary. These marks were employed by the author in 1776, before he had seen Sheridan's, or any similar dictionary; he has found that they do not confuse children as much as figures, because when dots are used to distinguish sounds, there is only a change of place, and no change of form: but any person that chooses it, may substitute figures instead of dots. It should, however, be remembered, that children must learn to distinguish the figures before they can be useful in discriminating the words.

All these sounds, and each of the characters which denote them, should be distinctly known by a child before we begin to teach him to read. And here at the first step we must entreat the teacher to have patience; to fix firmly in her mind, we say _her_ mind, because we address ourselves to mothers; that it is immaterial whether a child learns this alphabet in six weeks or in six months; at all events, let it not be inculcated with restraint, or made tiresome, lest it should retard the whole future progress of the pupil. We do not mean to recommend the custom of teaching in play, but surely a cheerful countenance is not incompatible with application.

The three sounds of the letter (a) should first be taught; they may be learned by the dullest child in a week, if the letters are shown to him for a minute or two, twice a day. Proper moments should be chosen when the child is not intent upon anything else; when other children have appeared to be amused with reading; when the pupil himself appears anxious to be instructed. As soon as he is acquainted with the sounds of (_a_) and with their distinguishing marks, each of these sounds should be formed into syllables, with each of the consonants; but we should never name the consonants by their usual names; if it be required to point them out by sounds, let them resemble the real sounds or powers of the consonants; but in fact it will never be necessary to name the consonants separately, till their powers, in combination with the different vowels, be distinctly acquired. It will then be time enough to teach the common names of the letters. To a person unacquainted with the principles upon which this mode of teaching is founded, it must appear strange, that a child should be able to read before he knows the names of his letters; but it has been ascertained, that the names of the letters are an encumbrance in teaching a child to read.

    Vowels.                | Dipthongs.            | Consonants.

    Sounded as in      | Sounded as in       | & double Consonants

    a        fate            | [=ea]        ocean   | c as in         cap

    [.a]     fat              |                            | [c.]              city

    [.a.]    fall              | [=ew]        few      | [=ch]           child

    e        mere           |                            | [=ch.]          machine

    [.e]      met            | [=ia]         filial      | g                 got

    [e.]      her            |                             | [.g]             age

    [.e.]     where        | [=ie]         Daniel   | [=ng]           long

    i          fine           |                              | ing              thing

    [.i]       in              | [=io]         minion   | [=le]             able

    [i.]       bird           |                             | [=re]            acre

    [.i.]      machine    | [=oi]         voice     | [=ph]           physic

    o         throne       |                              | [.s]              has

    [.o]      on             | [=ou]         found    | [=sh]           she

    [o.]      love           |                              | [=sion]        fusion

    [..o]     move         | [=ow]         now      | [=th]            the

    u         pure          |                              | ti                 christian

    [ü]       busy          | [ua]           assuage | [=tion]         nation

    [u.]      sun            |                              | [=wh]           who

    [..u]     full             | [=ui]          languid | [=ough]         tough

    [.y]      by             |                              |

    [:y]      ably          | [=oy]          joy        |

    
Consonants

    ba ca da fa ga ha ja ka la ma
    na pa qua ra sa ta va wa ya za

    (`) This mark under a Letter shews that it is not to be pronounced, as [.e.]ight     in which igh are not sounded.

    [.a] indicates dot above letter
    [a.] indicates dot below letter
    [.a.] indicates dot above letter and below letter
    [..o] indicates dot in center of letter
    [:a] indicates two dots above letter
    [=ea] indicates a horizontal line through letters
    [=ch.] indicates a horizontal line through letters and a dot below]

In the quotation from Mrs. Barbauld, at the bottom of the alphabetical tables, there is a stroke between the letters b and r in February, and between t and h, in there, to show that these letters are to be sounded together, so as to make one sound. The same is to be observed as to (ng) in the word long, and also as to the syllable ing, which, in the table No. 4, column 4, is directed to be taught as one sound. The mark (.) of obliteration, is put under (y) in the word days, under e final in there, and also under one of the l's and the (w) in yellow, to show that these letters are not to be pronounced. The exceptions to this scheme of articulation are very few; such as occur, are marked, with the number employed in Walker's dictionary, to denote the exception, to which excellent work, the teacher will, of course, refer.

Parents, at the first sight of this new alphabet, will perhaps tremble lest they should be obliged to learn the whole of it before they begin to teach their children: but they may calm their apprehensions, for they need only point out the letters in succession to the child, and sound them as they are sounded in the words annexed to the letters in the table, and the child will soon, by repetition, render the marks of the respective letters familiar to the teacher. We have never found anybody complain of difficulty, who has gone on from letter to letter along with the child who was taught.

As soon as our pupil knows the different sounds of (a) combined in succession with all the consonants, we may teach him the rest of the vowels joined with all the consonants, which will be a short and easy work. Our readers need not be alarmed at the apparent slowness of this method: six months, at the rate of four or five minutes each day, will render all these combinations perfectly familiar. One of Mrs. Barbauld's lessons for young children, carefully marked in the same manner as the alphabet, should, when they are well acquainted with the sounds of each of the vowels with each of the consonants, be put into our pupil's hands.[7]

The sound of three or four letters together, will immediately become familiar to him; and when any of the less common sounds of the vowels, such as are contained in the second table, and the terminating sounds, tion, ly, &c. occur, they should be read to the child, and should be added to what he has got by rote from time to time. When all these marks and their corresponding sounds are learnt, the primer should be abandoned, and from that time the child will be able to read slowly the most difficult words in the language. We must observe, that the mark of obliteration is of the greatest service; it is a clue to the whole labyrinth of intricate and uncouth orthography. The word though, by the obliteration of three letters, may be as easily read as the or that.

It should be observed that all people, before they can read fluently, have acquired a knowledge of the general appearance of most of the words in the language, independently of the syllables of which they are composed. Seven children in the author's family were taught to read in this manner, and three in the common method; the difference of time, labor, and sorrow, between the two modes of learning, appeared so clearly, that we can speak with confidence upon the subject. We think that nine-tenths of the labor and disgust of learning to read, may be saved by this method; and that instead of frowns and tears, the usual harbingers of learning, cheerfulness and smiles may initiate willing pupils in the most difficult of all human attainments.

A and H, at four and five years old, after they had learned the alphabet, without having ever combined the letters into syllables, were set to read one of Mrs. Barbauld's little books. After being employed two or three minutes every day, for a fortnight, in making out the words of this book, a paper with a few raisins well concealed in its folds, was given to each of them, with these words printed on the outside of it, marked according to our alphabet:

""Open this, and eat what you find in it.""

In twenty minutes, they read it distinctly without any assistance.

The step from reading with these marks, to reading without them, will be found very easy. Nothing more is necessary, than to give children the same books, without marks, which they can read fluently with them.

Spelling comes next to reading. New trials for the temper; new perils for the understanding; positive rules and arbitrary exceptions; endless examples and contradictions; till at length, out of all patience with the stupid docility of his pupil, the tutor perceives the absolute necessity of making him get by heart, with all convenient speed, every word in the language. The formidable columns in dread succession arise a host of foes; two columns a day, at least, may be conquered. Months and years are devoted to the undertaking; but after going through a whole spelling-book, perhaps a whole dictionary, till we come triumphantly to spell Zeugma, we have forgotten to spell Abbot, and we must begin again with Abasement. Merely the learning to spell so many unconnected words, without any assistance from reason or analogy, is nothing, compared with the difficulty of learning the explanation of them by rote, and the still greater difficulty of understanding the meaning of the explanation. When a child has got by rote,

    ""Midnight, the _depth_ of night;""
    ""Metaphysics, the science which treats of immaterial
    beings, and of forms in general abstracted from matter;""

has he acquired any distinct ideas, either of midnight or of metaphysics? If a boy had eaten rice pudding, till he fancied himself tolerably well acquainted with rice, would he find his knowledge much improved, by learning from his spelling-book, the words

    ""Rice, a foreign esculent grain?""

Yet we are surprised to discover, that men have so few accurate ideas, and that so many learned disputes originate in a confused or improper use of words.

""All this is very true,"" says a candid schoolmaster; ""we see the evil, but we cannot new-model the language, or write a perfect philosophical dictionary; and, in the meantime, we are bound to teach children to spell, which we do with the less reluctance, because, though we allow that it is an arduous task, we have found from experience, that it can be accomplished, and that the understandings of many of our pupils, survive all the perils to which you think them exposed during the operation.""

The understandings may, and do, survive the operation; but why should they be put in unnecessary danger? and why should we early disgust children with literature, by the pain and difficulty their first lessons? We are convinced, that the business of learning to spell, is made much more laborious to children than it need to be: it may be useful to give them five or six words every day to learn by heart, but more only loads their memory; and we should, at first, select words of which they know the meaning, and which occur most frequently in reading or conversation. The alphabetical list of words in a spelling-book, contains many which are not in common use, and the pupil forgets these as fast as he learns them. We have found it entertaining to children, to ask them to spell any short sentence as it has been accidentally spoken. ""Put this book on that table."" Ask a child how he would spell these words, if he were obliged to write them down, and you introduce into his mind the idea that he must learn to spell, before he can make his words and thoughts understood in writing. It is a good way to make children write down a few words of their own selection every day, and correct the spelling; and also after they have been reading, whilst the words are yet fresh in their memory, we may ask them to spell some of the words which they have just seen. By these means, and by repeating, at different times in the day, those words which are most frequently wanted, his vocabulary will be pretty well stocked without its having cost him many tears. We should observe that children learn to spell more by the eye than by the ear, and that the more they read and write, the more likely they will be to remember the combination of letters in words which they have continually before their eyes, or which they feel it necessary to represent to others. When young people begin to write, they first feel the use of spelling, and it is then that they will learn it with most ease and precision. Then the greatest care should be taken to look over their writing, and to make them correct every word in which they have made a mistake; because, bad habits of spelling, once contracted, can scarcely be cured: the understanding has nothing to do with the business, and when the memory is puzzled between the rules of spelling right, and the habits of spelling wrong, it becomes a misfortune to the pupil to write even a common letter. The shame which is annexed to bad spelling, excites young people's attention, as soon as they are able to understand, that it is considered as a mark of ignorance and ill breeding. We have often observed, that children listen with anxiety to the remarks that are made upon this subject in their presence, especially when the letters or notes of grown up people, are criticized.

Some time ago, a lady, who was reading a newspaper, met with the story of an ignorant magistrate, who gave for his toast, at a public dinner, the two K's, for the King and Constitution. ""How very much ashamed the man must have felt, when all the people laughed at him for his mistake! They must all have seen that he did not know how to spell; and what a disgrace for a magistrate too!"" said a boy who heard the anecdote. It made a serious impression upon him. A few months afterwards, he was employed by his father in an occupation which was extremely agreeable to him, but in which he continually felt the necessity of spelling correctly. He was employed to send messages by a telegraph; these messages he was obliged to write down hastily, in little journals kept for the purpose; and as these were seen by several people, when the business of the day came to be reviewed, the boy had a considerable motive for orthographical exactness. He became extremely desirous to teach himself, and consequently his success was from that moment certain. As to the rest, we refer to Lady Carlisle's comprehensive maxim, ""Spell well if you can.""

It is undoubtedly of consequence, to teach the rudiments of literary education early, to get over the first difficulties of reading, writing, and spelling; but much of the anxiety and bustle, and labor of teaching these things, may be advantageously spared. If more attention were turned to the general cultivation of the understanding, and if more pains were taken to make literature agreeable to children, there would be found less difficulty to excite them to mental exertion, or to induce the habits of persevering application.

When we speak of rendering literature agreeable to children, and of the danger of associating pain with the sight of a book, or with the sound of the word _task_, we should at the same time avoid the error of those who, in their first lessons, accustom their pupils to so much amusement, that they cannot help afterwards feeling disgusted with the sobriety of instruction. It has been the fashion of late to attempt teaching everything to children in play, and ingenious people have contrived to insinuate much useful knowledge without betraying the design to instruct; but this system cannot be pursued beyond certain bounds without many inconveniences. The habit of being amused not only increases the desire for amusement, but it lessens even the relish for pleasure; so that the mind becomes passive and indolent, and a course of perpetually increasing stimulus is necessary to awaken attention. When dissipated habits are required, the pupil loses power over his own mind, and, instead of vigorous voluntary exertion, which he should be able to command, he shows that wayward imbecility, which can think successfully only by fits and starts: this paralytic state of mind has been found to be one of the greatest calamities attendant on what is called genius; and injudicious education creates or increases this disease. Let us not therefore humor children in this capricious temper, especially if they have quick abilities: let us give rewards proportioned to their exertions with uniform justice, but let us not grant bounties in education, which, however they may appear to succeed in effecting partial and temporary purposes, are not calculated to ensure any consequences permanently beneficial. The truth is, that useful knowledge cannot be obtained without labor; that attention long continued is laborious, but that without this labor nothing excellent can be accomplished. Excite a child to attend in earnest for a short time, his mind will be less fatigued, and his understanding more improved, than if he had exerted but half the energy twice as long: the degree of pain which he may have felt will be amply and properly compensated by his success; this will not be an arbitrary, variable reward, but one within his own power, and that can be ascertained by his own feelings. Here is no deceit practiced, no illusion; the same course of conduct may be regularly pursued through the whole of his education, and his confidence in his tutor will progressively increase. On the contrary, if, to entice him to enter the paths of knowledge, we strew them with flowers, how will he feel when he must force his way through thorns and briars!

There is a material difference between teaching children in play, and making learning a task; in the one case we associate factitious pleasure, in the other factitious pain, with the object: both produce pernicious effects upon the temper, and retard the natural progress of the understanding. The advocates in favor of ""scholastic badinage"" have urged, that it excites an interest in the minds of children similar to that which makes them endure a considerable degree of labor in the pursuit of their amusements. Children, it is said, work hard at play, therefore we should let them play at work. Would not this produce effects the very reverse of what we desire? The whole question must at last depend upon the meaning of the word play: if by play be meant everything that is not usually called a task, then undoubtedly much may be learned at play: if, on the contrary, we mean by the expression to describe that state of fidgeting idleness, or of boisterous activity, in which the intellectual powers are torpid, or stunned with unmeaning noise, the assertion contradicts itself. At play so defined, children can learn nothing but bodily activity; it is certainly true, that when children are interested about anything, whether it be about what we call a trifle, or a matter of consequence, they will exert themselves in order to succeed; but from the moment the attention is fixed, no matter on what, children are no longer at idle play, they are at active work.

S----, a little boy of nine years old, was standing without any book in his hand, and seemingly idle; he was amusing himself with looking at what he called a rainbow upon the floor; he begged his sister M----to look at it; then he said he wondered what could make it; how it came there. The sun shone bright through the window; the boy moved several things in the room, so as to place them sometimes between the light and the colors which he saw upon the floor, and sometimes in a corner of the room where the sun did not shine. As he moved the things, he said, ""This is not it;"" ""nor this;"" ""this hasn’t anything to do with it."" At last he found, that when he moved a tumbler of water out of the place where it stood, his rainbow vanished. Some violets were in the tumbler; S---- thought they might be the cause of the colors which he saw upon the floor, or, as he expressed it,
""Perhaps these may be the thing."" He took the violets out of the water; the colors remained upon the floor. He then thought that ""it might be the water."" He emptied the glass; the colors remained, but they were fainter. S---- immediately observed, that it was the water and glass together that made the rainbow. ""But,"" said he, ""there is no glass in the sky, yet there is a rainbow, so that I think the water alone would do, if we could but hold it together without the glass. Oh I know how I can manage."" He poured the water slowly out of the tumbler into a basin, which he placed where the sun shone, and he saw the colors on the floor twinkling behind the water as it fell: this delighted him much; but he asked why it would not do when the sun did not shine. The sun went behind a cloud whilst he was trying his experiments: ""There was light,"" said he, ""though there was no sunshine."" He then said he thought that the different thickness of the glass was the cause of the variety of colors: afterwards he said he thought that the clearness or muddiness of the different drops of water was the cause of the different colors.

A rigid preceptor, who thinks that every boy must be idle who has not a Latin book constantly in his hand, would perhaps have reprimanded S---- for wasting his time at play, and would have summoned him from his rainbow to his task; but it is very obvious to any person free from prejudices, that this child was not idle whilst he was meditating upon the rainbow on the floor; his attention was fixed; he was reasoning; he was trying experiments. We may call this _play_ if we please, and we may say that Descartes was at play, when he first verified Antonio de Dominis bishop of Spalatro's treatise of the rainbow, by an experiment with a glass Globe: [8] and we may say that Buffon was idle, when his pleased attention was first caught with a landscape of green shadows, when one evening at sunset he first observed that the shadows of trees, which fell upon a white wall, were green. He was first delighted with the exact representation of a green arbor, which seemed as if it had been newly painted on the wall. Certainly the boy with his rainbow on the floor was as much amused as the philosopher with his colored shadows; and, however high sounding the name of Antonio de Dominis, bishop of Spalatro, it does not alter the business in the least; he could have exerted only his utmost attention upon the theory of the rainbow, and the child did the same. We do not mean to compare the powers of reasoning, or the abilities of the child and the philosopher; we would only show that the same species of attention was exerted by both.

To fix the attention of children, or, in other words, to interest them about those subjects to which we wish them to apply, must be our first object in the early cultivation of the understanding. This we shall not find a difficult undertaking if we have no false associations, no painful recollections to contend with. We can connect any species of knowledge with those occupations which are immediately agreeable to young people: for instance, if a child is building a house, we may take that opportunity to teach him how bricks are made, how the arches over doors and windows are made, the nature of the keystone and butments of an arch, the manner in which all the different parts of the roof of a house are put together, &c.; whilst he is learning all this he is eagerly and seriously attentive, and we educate his understanding in the best possible method. But if, mistaking the application of the principle, that literature should be made agreeable to children, we should entice a child to learn his letters by a promise of a gilt coach, or by telling him that he would be the cleverest boy in the world if he could but learn the letter A, we use false and foolish motives; we may possibly, by such means, effect the immediate purpose, but we shall assuredly have reason to repent of such imprudent deceit. If the child reasons at all, he will be content after his first lesson with being ""the cleverest boy in the world,"" and he will not, on a future occasion, hazard his fame, having much to lose, and nothing to gain; besides, he is now master of a gilt coach, and some new and larger reward must be proffered to excite his industry. Besides the disadvantage of early exhausting our stock of incitements, it is dangerous in teaching to humor pupils with a variety of objects by way of relieving their attention. The pleasure of thinking, and much of the profit, must frequently depend upon our preserving the greatest possible connection between our ideas. Those who allow themselves to start from one object to another, acquire such dissipated habits of mind, that they cannot, without extreme difficulty and reluctance, follow any connected train of thought. You cannot teach those who will not follow the chain of your reasons; upon the connection of our ideas, useful memory and reasoning must depend. We will give you an instance: arithmetic is one of the first things that we attempt to teach children. In the following dialogue, which passed between a boy of five years old and his father, we may observe that, till the child followed his father's train of ideas, he could not be taught.

Father. S----, how many can you take from one?

S----. None

Father. None! Think; can you take nothing from one?

S----. None, except that one.

Father. Except! Then you can take one from one?

S----. Yes, that one.

Father. How many then can you take from one?

S----. One.

Father. Very true; but now, can you take two from one?

S----. Yes, if they were figures I could, with a rubber-out. (This
child had frequently sums written for him with a black lead pencil,
and he used to rub out his figures when they were wrong with Indian
rubber, which he had heard called rubber-out.)

Father. Yes, you could; but now we will not talk of figures, we will
talk of things. There may be one horse or two horses, or one man or
two men.

S----. Yes, or one coat or two coats.

Father. Yes, or one thing or two things, no matter what they are.
Now, could you take two things from one thing?

S----. Yes, if there were three things I could take away two things,
and leave one.

His Father took up a cake from the tea-table.

Father. Could I take two cakes from this one cake?

S----. You could take two pieces.

His Father divided the cake into halves, and held up each half so that
the child might distinctly see them.

Father. What would you call these two pieces?

S----. Two cakes.

Father. No, not two cakes.

S----. Two biscuits.

Father. Holding up a whole biscuit: What is this?

S----. A thing to eat.

Father. Yes, but what would you call it?

S----. A biscuit.

His Father broke it into halves, and showed one half.

Father. What would you call this?

S----. was silent, and his sister was applied to, who answered, ""Half a biscuit.""

Father. Very well; that's all at present.

The father prudently stopped here, that he might not confuse his pupil's understanding. Those only who have attempted to teach children can conceive how extremely difficult it is to fix their attention, or to make them seize the connection of ideas, which it appears to us almost impossible to miss. Children are well occupied in examining external objects, but they must also attend to words as well as things. One of the great difficulties in early instruction arises from the want of words: the pupil very often has acquired the necessary ideas, but they are not associated in his mind with the words which his tutor uses; these words are then to him mere sounds, which suggest no correspondent thoughts. Words, as M. Condillac well observes, [9] are essential to our acquisition of knowledge; they are the medium through which one set of beings can convey the result of their experiments and observations to another; they are, in all mental processes, the algebraic signs which assist us in solving the most difficult problems. What agony does a foreigner, knowing himself to be a man of sense, appear to suffer, when, for want of language, he cannot in conversation communicate his knowledge, explain his reasons, enforce his arguments, or make his wit intelligible? In vain he has recourse to the language of action. The language of action, or, as Bacon calls it, of ""transitory hieroglyphic,"" is expressive, but inadequate. As new ideas are collected in the mind, new signs are wanted, and the progress of the understanding would be early and fatally impeded by the want of language. M. de la Condamine tells us that there is a nation who have no sign to express the number three but this word, poellartarrorincourac. These people having begun, as Condillac observes, in such an incommodious manner, it is not surprising that they have not advanced further in their knowledge of arithmetic: they have got no further than the number three; their knowledge of arithmetic stops for ever at poellartarrorincourac. But even this cumbersome sign is better than none. Those who have the misfortune to be born deaf and dumb, continue forever in intellectual imbecility. There is an account in the Memoires de l'Academie Royale, p. xxii-xxiii, 1703, of a young man born deaf and dumb, [10] who recovered his hearing at the age of four-and-twenty, and who, after employing himself in repeating low to himself the words which he heard others pronounce, at length broke silence in company, and declared that he could talk. His conversation was but imperfect; he was examined by several able theologians, who chiefly questioned him on his ideas of God, the soul, and the morality or immorality of actions. It appeared that he had not thought upon any of these subjects; he did not distinctly know what was meant by death, and he never thought of it. He seemed to pass a merely animal life, occupied with sensible, present objects, and with the few ideas which he received by his sense of sight; nor did he seem to have gained as much knowledge as he might have done, by the comparison of these ideas; yet it is said that he did not appear naturally deficient in understanding.

Peter, the wild boy, who is mentioned in Lord Monboddo's Origin of Language,[11] had all his senses in remarkable perfection. He lived at a farm house within half a mile of us in Hertfordshire for some years, and we had frequent opportunities of trying experiments upon him. He could articulate imperfectly a few words, in particular, King George, which words he always accompanied with an imitation of the bells, which rang at the coronation of George the Second; he could in a rude manner imitate two or three common tunes, but without words. Though his head, as Mr. Wedgewood and many others had remarked, resembled that of Socrates, he was an idiot: he had acquired a few automatic habits of rationality and industry, but he could never be made to work at any continued occupation: he would shut the door of the farm-yard five hundred times a day, but he would not reap or make hay. Drawing water from a neighboring river was the only domestic business which he regularly pursued. In 1779 we visited him, and tried the following experiment. He was attended to the river by a person who emptied his buckets repeatedly after Peter had repeatedly filled them. A shilling was put before his face into one of the buckets when it was empty; he took no notice of it, but filled it with water and carried it homeward: his buckets were taken from him before he reached the house and emptied on the ground; the shilling, which had fallen out, was again shown to him, and put into the bucket. Peter returned to the river again, filled his bucket and went home; and when the bucket was emptied by the maid at the house where he lived, he took the shilling and laid it in a place where he was accustomed to deposit the presents that were made to him by curious strangers, and whence the farmer's wife collected the price of his daily exhibition. It appeared that this savage could not be taught to reason for want of language.

Rousseau declaims with eloquence, and often with justice, against what he calls a knowledge of words. Words without correspondent ideas, are worse than useless; they are counterfeit coin, which imposes upon the ignorant and unwary; but words, which really represent ideas, are not only of current use, but of sterling value; they not only show our present store, but they increase our wealth, by keeping it in continual circulation; both the principal and the interest increase together. The importance of signs and words, in our reasoning, has been eloquently explained, since the time of Condillac, by Stewart. We must use the ideas of these excellent writers, because they are just and applicable to the art of education; but whilst we use, it is with proper acknowledgments that we borrow, what we shall never be able to return.

It is a nice and difficult thing in education, to proportion a child's vocabulary exactly to his knowledge, dispositions, or conformation; our management must vary; some will acquire words too quickly, others too slowly. A child who has great facility in pronouncing sounds, will, for that reason, quickly acquire a number of words, whilst those whose organs of speech are not so happily formed, will from that cause alone, be ready in forming a copious vocabulary. Children who have many companions, or who live with people who converse a great deal, have more motive, both from sympathy and emulation, to acquire a variety of words, than those who live with silent people, and who have few companions of their own age. All these circumstances should be considered by parents, before they form their judgment of a child's capacity from his volubility or his taciturnity. Volubility can easily be checked by simply ceasing to attend to it, and taciturnity may be vanquished by the encouragements of praise and affection: we should neither be alarmed at one disposition nor at the other, but steadily pursue the system of conduct which will be most advantageous to both. When a prattling, vivacious child, pours forth a multiplicity of words without understanding their meaning, we may sometimes beg to have an explanation of a few of them, and the child will then be obliged to think, which will prevent him from talking nonsense another time. When a thoughtful boy, who is in the habit of observing every object he sees, is at a loss for words to express his ideas, his countenance usually shows to those who can read the countenance of children, that he is not stupid; therefore, we need not urge him to talk, but assist him judiciously with words ""in his utmost need:"" at the same time we should observe carefully, whether he grows lazy when we assist him; if his stock of words does not increase in proportion to the assistance we give, we should then stimulate him to exertion, or else he will become habitually indolent in expressing his ideas; though he may think in a language of his own, he will not be able to understand our language when we attempt to teach him: this would be a source of daily misery to both parties.

When children begin to read, they seem suddenly to acquire a great variety of words: we should carefully examine whether they annex the proper meaning to these which are so rapidly collected. Instead of giving them lessons and tasks to get by rote, we should cautiously watch over every new phrase and every new word which they learn from books. There are but few books so written that young children can comprehend a single sentence in them without much explanation. It is tiresome to those who hear them read to explain every word; it is not only tiresome, but difficult; besides, the progress of the pupil seems to be retarded; the grand business of reading, of getting through the book, is impeded; and the tutor, more impatient than his pupil, says, ""Read on, I cannot stop to explain _that_ to you now. You will understand the meaning of the sentence if you will read to the end of the page. You have not read three lines this half hour; we shall never get on at this rate.""

A certain dame at a country school, who had never been able to compass the word Nebuchadnezzar, used to desire her pupils to ""call it Nazareth, and let it pass.""

If they be obliged to pass over words without comprehending them in books, they will probably do the same in conversation; and the difficulty of teaching such pupils, and of understanding what they say, will be equally increased. At the hazard of being tedious, we must dwell a little longer upon this subject, because much of the future capacity of children seems to depend upon the manner in which they first acquire language. If their language be confused, so will be their thoughts; and they will not be able to reason, to invent, or to write, with more precision and accuracy than they speak. The first words that children learn are the names of things; these are easily associated with the objects themselves, and there is little danger of mistake or confusion. We will not enter into the grammatical dispute concerning the right of precedency, amongst pronoun substantives and verbs; we do not know which came first into the mind of man; perhaps, in different minds, and in different circumstances, the precedency must have varied; but this seems to be of little consequence; children see actions performed, and they act themselves; when they want to express their remembrance of these actions, they make use of the sort of words which we call verbs. Let these words be strictly associated with the ideas which they mean to express, and no matter whether children know anything about the disputes of grammarians, they will understand rational grammar in due time, simply by reflecting upon their own minds. This we shall explain more fully when we speak hereafter of grammar; we just mention the subject here, to warn preceptors against puzzling their pupils too early with grammatical subtleties.

If any person unused to mechanics was to read Dr. Desagulier's description of the manner in which a man walks, the number of a-b-c's, and the travels of the centre of gravity, it would so amaze and confound him, that he would scarcely believe he could ever again perform such a tremendous operation as that of walking. Children, if they were early to hear grammarians talk of the parts of speech, and of syntax, would conclude, that to speak must be one of the most difficult arts in the world; but children, who are not usually so unfortunate as to have grammarians for their preceptors, when they first begin to speak, acquire language, without being aware of the difficulties which would appear so formidable in theory. A child points to, or touches, the table, and when the word table is repeated, at the same instant he learns the name of the thing. The facility with which a number of names are thus learned in infancy is surprising; but we must not imagine that the child, in learning these names, has acquired much knowledge; he has prepared himself to be taught, but he has not yet learnt anything accurately. When a child sees a guinea and a shilling, and smiling says, ""That's a guinea, mama! and that's a shilling!"" the mother is pleased and surprised by her son's intelligence, and she gives him credit for more than he really possesses. We have associated with the words guinea and shilling a number of ideas, and when we hear the same words pronounced by a young child, we perhaps have some confused belief that he has acquired the same ideas that we have; hence we are pleased with the mere sound of words of high import from infantine lips.

Children who are delighted in their turn by the expression of pleasure in the countenance of others, repeat the things which they perceive have pleased; and thus their education is begun by those who first smile upon them, and listen to them when they attempt to speak. They who applaud children for knowing the names of things, induce them quickly to learn a number of names by rote; as long as they learn the names of external objects only, which they can see, and smell, and touch, all is well; the names will convey distinct ideas of certain perceptions. A child who learns the name of a taste, or of a color, who learns that the taste of sugar is called sweet, and that the color of a red rose is called red, has learned distinct words to express certain perceptions: and we can at any future time recall to his mind the memory of those perceptions by means of their names, and he understands us as well as the most learned philosopher. But, suppose that a boy had learned only the name of gold; that when different metals were shown to him, he could put his finger upon gold, and say, ""That is gold;"" yet this boy does not know all the properties of gold; he does not know in what it differs from other metals; to what uses it is applied in arts, manufactures, and commerce; the name of gold, in his mind, represents nothing more than a substance of a bright yellow color, upon which people, he does not precisely know why, set a great value. Now, it is very possible, that a child might, on the contrary, learn all the properties, and the various uses of gold, without having learned its name; his ideas of this metal would be perfectly distinct; but whenever he wished to speak of gold, he would be obliged to use a vast deal of circumlocution to make himself understood; and if he were to enumerate all the properties of the metal every time he wanted to recall the general idea, his conversation would be intolerably tedious to others, and to himself this useless repetition must be extremely laborious. He would certainly be glad to learn that single word gold, which would save him so much trouble; his understanding would appear suddenly to have improved, simply from his having acquired a proper sign to represent his ideas. The boy who had learnt the name, without knowing any of the properties of gold, would also appear comparatively ignorant, as soon as it is discovered that he has few ideas annexed to the word. It is, perhaps, for this reason, that some children seem suddenly to shine out with knowledge, which no one suspected they possessed; whilst others, who had appeared to be very quick and clever, come to a dead stop in their education, and appear to be blighted by some unknown cause. The children who suddenly shine out, are those who had acquired a number of ideas, and who, the moment they acquire proper words, can communicate their thoughts to others. Those children who suddenly seem to lose their superiority, are those who had acquired a variety of words, but who had not annexed ideas to them. When their ignorance is detected, we not only despair of them, but they are apt to despair of themselves; they see their companions get before them, and they do not exactly perceive the cause of their sudden incapacity. Where we speak of sensible, visible, tangible objects, we can easily detect and remedy a child's ignorance. It is easy to discover whether he has or has not a complete notion of such a substance as gold; we can enumerate its properties, and readily point out in what his definition is defective. The substance can be easily produced for examination; most of its properties are obvious to the senses; we have nothing to do but to show them to the child, and to associate with each property its usual name; here there can be no danger of puzzling his understanding; but when we come to the explanation of words which do not represent external objects, we shall find the affair more difficult. We can make children understand the meaning of those words which are the names of simple feelings of the mind, such as surprise, joy, grief, pity; because we can either put our pupils in situations where they actually feel these sensations, and then we may associate the name with the feelings; or we may, by the example of other people, who actually suffer pain or enjoy pleasure, point out what we mean by the words joy and grief. But how shall we explain to our young pupils, a number of words which represent neither existing substances nor simple feelings, when we can neither recur to experiment nor to sympathy for assistance? How shall we explain, for instance, the words virtue, justice, benevolence, beauty, taste, &c.? To analyze our own ideas of these, is no easy task; to explain the process to a young child, is scarcely possible. Call upon any man, who has read and reflected, for a definition of virtue, the whole ""theory of moral sentiments"" rises, perhaps, to his view at once, in all its elegance; the paradoxical acumen of Mandeville, the perspicuous reasoning of Hume, the accurate metaphysics of Condillac, the persuasive eloquence of Stewart; all the various doctrines that have been supported concerning the foundation of morals, such as the fitness of things, the moral sense, the beauty of truth, utility, sympathy, common sense; all that has been said by ancient and modern philosophers, is recalled in transient perplexing succession to his memory. If such be the state of mind of the man who is to define, what must be the condition of the child who is to understand the definition? All that a prudent person will attempt, is to give instances of different virtues; but even these, it will be difficult properly to select for a child. General terms, whether in morals or in natural philosophy, should, we apprehend, be as much as possible avoided in early education. Some people may imagine that children have improved in virtue and wisdom, when they can talk fluently of justice, and charity, and humanity; when they can read with a good emphasis any didactic compositions in verse or prose. But let any person of sober, common sense, be allowed to cross-examine these proficient, and the pretended extent of their knowledge will shrink into a narrow compass; nor will their virtues, which have never seen service, be ready for action.

General terms are, as it were, but the endorsements upon the bundles of our ideas; they are useful to those who have collected a number of ideas, but utterly useless to those who have no collections ready for classification: nor should we be in a hurry to tie up the bundles, till we are sure that the collection is tolerably complete; the trouble, the difficulty, the shame of untying them late in life, is felt even by superior minds. ""Sir,"" said Dr. Johnson, ""I don't like to have any of my opinions attacked. I have made up my faggot, and if you draw out one you weaken the whole bundle.""

Preceptors sometimes explain general terms and abstract notions vaguely to their pupils, simply because they are ashamed to make that answer which every sensible person must frequently make to a child's inquiries, ""I don't know.""[12] Surely it is much better to say at once, ""I cannot explain this to you,"" than to attempt an imperfect or sophistical reply. Fortunately for us, children, if they are not forced to attend to studies for which they have no taste, will not trouble us much with moral and metaphysical questions; their attention will be fully employed upon external objects; intent upon experiments, they will not be very inquisitive about theories. Let us then take care that their simple ideas be accurate, and when these are compounded, their complex notions, their principles, opinions, and tastes, will necessarily be just; their language will then be as accurate as their ideas are distinct; and hence they will be enabled to reason with precision, and to invent with facility. We may observe, that the great difficulty in reasoning is to fix steadily upon our terms; ideas can be readily compared, when the words by which we express them are defined; as in arithmetic and algebra, we can easily solve any problem, when we have precise signs for all the numbers and quantities which are to be considered.

It is not from idleness, it is not from stupidity, it is not from obstinacy, that children frequently show an indisposition to listen to those who attempt to explain things to them. The exertion of attention, which is frequently required from them, is too great for the patience of childhood: the words that are used are so inaccurate in their signification, that they convey to the mind sometimes one idea and sometimes another; we might as well require of them to cast up a sum right whilst we rubbed out and changed the figures every instant, as expect that they should seize a combination of ideas presented to them in variable words. Whoever expects to command the attention of an intelligent child, must be extremely careful in the use of words. If the pupil be paid for the labor of listening by the pleasure of understanding what is said, he will attend, whether it be to his playfellow, or to his tutor, to conversation, or to books. But if he has by fatal experience discovered, that, let him listen ever so intently, he cannot understand, he will spare himself the trouble of fruitless exertion; and, though he may put on a face of attention, his thoughts will wander far from his tutor and his tasks.

""It is impossible to fix the attention of children,"" exclaims the tutor; ""when this boy attends he can do anything, but he will not attend for a single instant.""

Alas! it is in vain to say he will not attend; he cannot.

FOOTNOTES:

[7] Some of these lessons, and others by the authors, will shortly be printed, and marked according to this method.

[8] See Priestley's History of Vision, vol. i. p. 51.

[9] ""Art de Penser.""

[10] See Condillac's Art de Penser. In the chapter ""on the use of signs,"" this young man is mentioned.

[11] Vol. II.

[12] Rousseau.","","","","",""
"Cheerz","Simon Dominic","5AMg26GltfDcml0wChlkHs","Korean

[Intro]
It goes 1,2 난 비틀비틀
3,4 넌 빙글빙글
5,6 인생은 시들시들
7,8 우리는 징글징글

[Verse 1]
정신챙겨 마 친구야 니 기분 알어
잠에서 깰 때마다 마음은 불안정
다 견뎌내고 발품
팔기 바쁜 이 때 고달픈
너의 한풀이 들으면서
나도 한풀 꺾이는데
이런 고생이 주는 보답은
달리고 달려도 제자리인
마라톤을 뛴 소감은
야 야 이런 얘기해봤자
답없이 끝나는 거 잘 알잖아 자 자
니 인생도 기분도 한 잔에 말아드셔
하고픈 말이 있어도 혀가 말 안듣죠
내가 오늘 니 챙길게 밖에 택시 많어
계산 걱정하지마 나 오늘 캐시 많어
짠해 마 널 보니 내가 다 짠해
이렇게 또 언제 보겠노 빨리 한잔해
오늘 우리는 개보다는
코알라 코스프레
오늘 우리는 개보다는
코알라 코스프레

[Bridge]
한 잔 두 잔 술술 넘어갈 때마다
꼬였던 날들이 풀리고
기분 끝내줘 눈이 풀리고 oh
한 잔 두 잔 슬슬 취해갈 때마다
이 놈의 인생이 다시 보이고
눈물 대신 침을 흘리고 oh

[Hook]
Say 짠해 hey 짠해
무슨 말이 더 필요하겠어
원샷 크으으으
Say 짠해 hey 짠해
잔이 비었잖아 마 빨리
따라라라라라라라
Say 짠해 hey 짠해
무슨 말이 더 필요하겠어
원샷 크으으으
Say 짠해 hey 짠해
노래나 부르자고 크게
라라라라라라라라

[Verse 2]
에라 모르겠다 내일 일 가야 되는데
니 얘기 더 들어줄게 나는 젠틀맨
어머니 전화는 받어 걱정하시니까
오늘따라 유난히 니 상태는 시니컬
뭐 때문이야 뭐가 널 다운시켜
세상이 차가워질수록 넌 진땀 식혀
억울해마 없었잖아
세상에게 따진 적
용감한 술자리
이곳이 유일한 안식처
참으면 병 돼 임마 울어도 된다
친구끼리 뭐 부끄럽노 됐다
그간의 맘고생은 훌훌 털어버리시고
앞에 있는 잔을 비우자
털어 머리 위로 ho

[Bridge]
한 잔 두 잔 술술 넘어갈 때마다
꼬였던 날들이 풀리고
기분 끝내줘 눈이 풀리고 oh
한 잔 두 잔 슬슬 취해갈 때마다
이 놈의 인생이 다시 보이고
눈물 대신 침을 흘리고 oh

[Verse 3]
자리에서 일어나기 전에 막잔
지겨운 이 세상에 대한 막잔
싫은 놈들 안주 삼아 또 막잔
맨날 막잔하자면서
끝이 안보이는 막잔
자리에서 일어나기 전에 막잔
지겨운 이 세상에 대한 막잔
싫은 놈들 안주 삼아 또 막잔
맨날 막잔하자면서
끝이 안보이는 막잔

[Bridge]
한잔 두잔 술술 넘어갈 때마다
꼬였던 날들이 풀리고
기분 끝내줘 눈이 풀리고 oh
한잔 두잔 슬슬 취해갈 때마다
이 놈의 인생이 다시 보이고
눈물 대신 침을 흘리고 oh

[Hook]
Say 짠해 hey 짠해
무슨 말이 더 필요하겠어
원샷 크으으으
Say 짠해 hey 짠해
잔이 비었잖아 마 빨리
따라라라라라라라
Say 짠해 hey 짠해
무슨 말이 더 필요하겠어
원샷 크으으으
Say 짠해 hey 짠해
노래나 부르자고 크게
라라라라라라라라

Romanization

[Intro]
It goes 1,2 nan biteulbiteul
3,4 neon bing-geulbing-geul
5,6 insaeng-eun sideulsideul
7,8 ulineun jing-geuljing-geul

[Verse 1]
Jeongsinchaeng-gyeo ma chinguya ni gibun al-eo
Jam-eseo kkael ttaemada ma-eum-eun bul-anjeong
Da gyeondyeonaego balpum
Palgi bappeun i ttae godalpeun
Neoui hanpul-i deul-eumyeonseo
Nado hanpul kkeokk-ineunde
Ileon gosaeng-i juneun bodab-eun
Dalligo dallyeodo jejaliin
Malaton-eul ttwin sogam-eun
Ya ya ileon yaegihaebwassja
Dab-eobs-i kkeutnaneun geo jal aljanh-a ja ja
Ni insaengdo gibundo han jan-e mal-adeusyeo
Hagopeun mal-i iss-eodo hyeoga mal andeudjyo
Naega oneul ni chaeng-gilge bakk-e taegsi manh-eo
Gyesan geogjeonghajima na oneul kaesi manh-eo
Jjanhae ma neol boni naega da jjanhae
Ileohge tto eonje bogessno ppalli hanjanhae
Oneul ulineun gaebodaneun
Koalla koseupeule
Oneul ulineun gaebodaneun
Koalla koseupeule

[Bridge]
Han jan du jan sulsul neom-eogal ttaemada
Kkoyeossdeon naldeul-i pulligo
Gibun kkeutnaejwo nun-i pulligo oh
Han jan du jan seulseul chwihaegal ttaemada
I nom-ui insaeng-i dasi boigo
Nunmul daesin chim-eul heulligo oh

[Hook]
Say jjanhae hey jjanhae
Museun mal-i deo pil-yohagess-eo
Wonsyas keueueueu
Say jjanhae hey jjanhae
Jan-i bieossjanh-a ma ppalli
Ttalalalalalalala
Say jjanhae hey jjanhae
Museun mal-i deo pil-yohagess-eo
Wonsyas keueueueu
Say jjanhae hey jjanhae
Nolaena buleujago keuge
Lalalalalalalala

[Verse 2]
Ela moleugessda naeil il gaya doeneunde
Ni yaegi deo deul-eojulge naneun jenteulmaen
Eomeoni jeonhwaneun bad-eo geogjeonghasinikka
Oneulttala yunanhi ni sangtaeneun sinikeol
Mwo ttaemun-iya mwoga neol daunsikyeo
Sesang-i chagawojilsulog neon jinttam sighyeo
Eog-ulhaema eobs-eossjanh-a
Sesang-ege ttajin jeog
Yong-gamhan suljali
Igos-i yuilhan ansigcheo
Cham-eumyeon byeong dwae imma ul-eodo doenda
Chingukkili mwo bukkeuleobno dwaessda
Geugan-ui mamgosaeng-eun hulhul teol-eobeolisigo
Ap-e issneun jan-eul biuja
Teol-eo meoli wilo ho

[Bridge]
Han jan du jan sulsul neom-eogal ttaemada
Kkoyeossdeon naldeul-i pulligo
Gibun kkeutnaejwo nun-i pulligo oh
Han jan du jan seulseul chwihaegal ttaemada
I nom-ui insaeng-i dasi boigo
Nunmul daesin chim-eul heulligo oh

[Verse 3]
Jalieseo il-eonagi jeon-e magjan
Jigyeoun i sesang-e daehan magjan
Silh-eun nomdeul anju sam-a tto magjan
Maennal magjanhajamyeonseo
Kkeut-i anboineun magjan
Jalieseo il-eonagi jeon-e magjan
Jigyeoun i sesang-e daehan magjan
Silh-eun nomdeul anju sam-a tto magjan
Maennal magjanhajamyeonseo
Kkeut-i anboineun magjan

[Bridge]
Hanjan dujan sulsul neom-eogal ttaemada
Kkoyeossdeon naldeul-i pulligo
Gibun kkeutnaejwo nun-i pulligo oh
Hanjan dujan seulseul chwihaegal ttaemada
I nom-ui insaeng-i dasi boigo
Nunmul daesin chim-eul heulligo oh

[Hook]
Say jjanhae hey jjanhae
Museun mal-i deo pil-yohagess-eo
Wonsyas keueueueu
Say jjanhae hey jjanhae
Jan-i bieossjanh-a ma ppalli
Ttalalalalalalala
Say jjanhae hey jjanhae
Museun mal-i deo pil-yohagess-eo
Wonsyas keueueueu
Say jjanhae hey jjanhae
Nolaena buleujago keuge
Lalalalalalalala","123.948","0.3879999999999999","0.588","-11.8","0.231"
"DAx4","Simon Dominic","08BjRgnqzK1TAOU0zksdwB","[Chorus]
댐벼, 댐벼 다 DA-DA-DA-DA-DA
나 vs 다 DA-DA-DA-DA-DA
I'm ready to ride and I'll be ready to die, die
가져와 전부 다 DA-DA-DA-DA-DA
DA-DA-DA-DA-DA-DA-DA-DA
DA-DA-DA-DA-DA
DA-DA-DA-DA-DA-DA-DA-DA
DA-DA-DA-DA-DA
DA-DA-DA-DA-DA-DA-DA-DA
DA-DA-DA-DA-DA
DA-DA-DA-DA-DA-DA-DA-DA
DA-DA-DA-DA-DA

[Verse]
Simon says
난 차가울 때 더 맛있다니까
자기야 혀로 낼름 하지 말고
한 번에 swallow it and then tell’em
He’s back by popular demand
나는 나대로 잘난 맛에 살아
뭐 이미 Asia’s got my talent
여기 래퍼들 반 정도는 목을 slice like fruit ninja
이제는 이 game 안에서 더 자를 필요 없는 멜론
나를 증오하는 새끼들의 복수 때문에
이식 수술을 해야 될지도, 뒤통수에 눈
내 세상은 악연이 많아서 그림이 나와
다 내가 좆같이 대했기 때문이지 말이야
피부 같아, 이 가오가 잘 안 벗겨져 몸에서
혼란 속에 혼자 남아 외치는 IK forever
Bought a richard mille plain, 1억을 손목에 감은 기분
너는 평생 모를 걸, I got no time two explain
내 업보가 계속 억을 벌게 하네
아마도 나는 신이 존나 사랑하는 새끼 중에 하나
난 돈을 부를 거야 앞으로도 가사에서
어쩌면 이게 내가 원하던 내 모습이지
나한텐 맨날 비난과 칭찬이 동시에 자자해서
I'm gonna have a threesome with these both bitches

[Chorus]
댐벼, 댐벼 다 DA-DA-DA-DA-DA
나 vs 다 DA-DA-DA-DA-DA
I'm ready to ride and I'll be ready to die, die
가져와 전부 다 DA-DA-DA-DA-DA
DA-DA-DA-DA-DA-DA-DA-DA
DA-DA-DA-DA-DA
DA-DA-DA-DA-DA-DA-DA-DA
DA-DA-DA-DA-DA
DA-DA-DA-DA-DA-DA-DA-DA
DA-DA-DA-DA-DA
DA-DA-DA-DA-DA-DA-DA-DA
DA-DA-DA-DA-DA
댐벼, 댐벼 다 DA-DA-DA-DA-DA
나 vs 다 DA-DA-DA-DA-DA
I'm ready to ride and I'll be ready to die, die
가져와 전부 다 DA-DA-DA-DA-DA
DA-DA-DA-DA-DA-DA-DA-DA
DA-DA-DA-DA-DA
DA-DA-DA-DA-DA-DA-DA-DA
DA-DA-DA-DA-DA
DA-DA-DA-DA-DA-DA-DA-DA
DA-DA-DA-DA-DA
DA-DA-DA-DA-DA-DA-DA-DA
DA-DA-DA-DA-DA","","","","",""
"make her dance","Simon Dominic","2IEaghW8CpyLlyQYvBxXEu","[Intro]
GooseBumps on the track

[Chorus: Simon Dominic]
BUMPS a make her dance
BUMPS a make her dance
BUMPS a make her dance
BUMPS
BUMPS a make her dance
BUMPS a make her dance
BUMPS a make her dance
BUMPS

[Verse 1: Simon Dominic]
더 가까이 와
너의 뜨거운 b-o-d-y, 나의 sexy eyes
우린 만나면 터져, 이열치열 maximize
This shit, this shit go loco, 도도한 그녀도
춤을 추게 하지 내 외모, 돈과 실력도
한 잔씩 돌릴 테니까 다들 bar 쪽으로 와
오늘은 깔끔하게 놀게 번호는 그만 물어봐
Hashtag no more, 밖에 줄이 너무 길어 (daaang)
밖에 줄이 너무 길어 (gooood)
내 노래가 좋으면 좋았지, 왜 갑자기 귀에 혀를 넣어
고맙긴 한데 I don’t wanna groupie love
난 아까부터 쟤 엉덩이에서 눈을 못 떼
나 갖고 놀아도 돼, 지금 내 기분은 fonky

[Pre-Chorus: Simon Dominic]
Shake that booty
That’s what I like, yeah
Show me how you do it
니 옆에만 남아있게

[Chorus: Simon Dominic]
BUMPS a make her dance
BUMPS a make her dance
BUMPS a make her dance
BUMPS
BUMPS a make her dance
BUMPS a make her dance
BUMPS a make her dance
BUMPS

[Verse 2: Loopy]
Yeah, 지금 순간이 우리의 기념일
너와 나 둘이만 남을 때까지
알고파 너의 정신, 너의 body
아쉬워 말어, 여기엔 nobody
가져봐, 내가 가진 모든 것 (killers)
낮에 백화점에서 가진 것 (lit, uh)
예쁜 bag 어깨에 둘러메
Okay, put it in your bag
딱 보기에 넌 선수, 주지 않아 점수
You bad bitch
우아함이 걷듯 어울리는 Hermes
여기 애기들의 모습 유치하지
내 Gucci socks, yeah

[Pre-Chorus: Simon Dominic]
Shake that booty
That’s what I like, yeah
Show me how you do it
니 옆에만 남아있게

[Chorus: Simon Dominic]
BUMPS a make her dance
BUMPS a make her dance
BUMPS a make her dance
BUMPS
BUMPS a make her dance
BUMPS a make her dance
BUMPS a make her dance
BUMPS

[Verse 3: Crush]
내 가운데 다리 수직 상승 중이야
저 fuck boys 무시해, you know who we are
널 가만 냅둘리가 내일 아침까지
눈치껏 움직여 in the hotel lobby
니가 원하는 거, 내가 원하는 거
Show me where we’re going
I see where I’m going
원하는 거, 니가 잘하는 거
Gets hard, we gon hit the top, yeah
Drop top Porsche you know it
Let me teach you how to bounce on me
I’ve kept it in my pocket
Perfect timing, 밤새 환대야
존나 쏴, 던져봐, 내게 마구마구
니 살을 타구 타구 흐르는 거품, bubble
합은 다듀, 다듀, 개 잘 맞는 합을 타고났음
Get lucky, 알라딘 아부

[Pre-Chorus: Simon Dominic]
Shake that booty
That’s what I like, yeah
Show me how you do it
니 옆에만 남아있게

[Chorus: Simon Dominic]
BUMPS a make her dance
BUMPS a make her dance
BUMPS a make her dance
BUMPS
BUMPS a make her dance
BUMPS a make her dance
BUMPS a make her dance
BUMPS","","","","",""
"Lonely Night (Feat. ELO) (GRAY Remix)","Simon Dominic","3kdIHn3c5Bfj6qfK6WHfpS","[Chorus]
Oh oh lonely night
생각에 잠기네
애타는 마음은 눈물만 삼키네
슬픔은 커지네 everyday
Oh oh lonely night
그녀는 모르네
내 마음은 바보같이 아직도 그녈 잡지 매일

[Verse 1]
저 남은 그리움을 피하긴 힘들지
아른거리는 영상들은 미워 죽겠지만
아직도 내 감정은 뜨거워 터질듯
잠을 자도 그녀 생각에 부풀어 커진 꿈
돌아와줘 제발 무슨 말을 그렇게 해
내가 그녈 더 외롭게 만든 것 땜에
그녀 입에서 그 한마디가 나오기 전
무릎이라도 꿇지 못했던 바보
미련만 남아 미안한 마음에
시간아 돌려줘, 다시
그녀와 미친듯이 다투던 그날 전으로
저질스런 의심과 불순한 집착은
날 후회하게 하네, 안타까운 이 마음은
쉽게 잊을 수 없어, 그녈 위한 시를
나 지금도 어둠속에서 적기 바쁘지
그 어떤 표현으로도 그녈 대신할 수 없지
다시 가질 순 없지만 내 마음은 그녈 배신할 수 없으니

[Chorus]
Oh oh lonely night
생각에 잠기네
애타는 마음은 눈물만 삼키네
슬픔은 커지네 everyday
Oh oh lonely night
그녀는 모르네
내 마음은 바보같이 아직도 그녈 잡지 매일

[Verse 2]
떠나버린 너를 제자리로 돌려놓을 수 없지
다 타버린 심장을 너에게 보여줄 수 없기에
사랑한다고 허공에 내뱉어내고
나를 감추고 니 목소릴 단 몇초밖에 들을 수 없네
멍하니 하늘만 쳐다보고 있는 나
가슴속으로 내일은 널 꼭 잊는다며 다짐하지만
작심삼일, 다시 니 사진만 붙잡고
내 머리속은 너로 장식되지, ah
니 흔적을 지운 적은 난 단 한번도 없네
미친 듯이 운적은 많았지, 날 괜히 탓하고 있네
지친 마음 한구석에 눈물이 고일 때 난 잠이 들지
꿈속에서 들리는 너의 깊은 목소리에
찢어진 기억의 조각들이 지워지기 전에
난 잠에서 깨어나지, 고통스러운 너무나 긴
악몽뒤에 날 맞이하는 건 너없는 아침

[Chorus]
Oh oh lonely night
생각에 잠기네
애타는 마음은 눈물만 삼키네
슬픔은 커지네 everyday
Oh oh lonely night
그녀는 모르네
내 마음은 바보같이 아직도 그녈 잡지 매일

[Bridge]
이젠 나를 잊어줘
다신 날 볼 수 없어
이제 떠나버린 난
너를 지웠어, 너를 버렸어
이젠 나를 잊어줘
다신 날 볼 수 없어
이제 떠나버린 난
너를 지웠어, 너를 버렸어

[Chorus]
Oh oh lonely night
생각에 잠기네
애타는 마음은 눈물만 삼키네
슬픔은 커지네 everyday
Oh oh lonely night
그녀는 모르네
내 마음은 바보같이 아직도 그녈 잡지 매일
Oh oh lonely night
생각에 잠기네
애타는 마음은 눈물만 삼키네
슬픔은 커지네 everyday
Oh oh lonely night
그녀는 모르네
내 마음은 바보같이 아직도 그녈 잡지 매일","202.257","0.434","0.528","-11.092","0.556"
"At Night","Simon Dominic","0da5hji35BCVb7nC8gRQzF","[Chorus: Simon Dominic]
밤이 되면 시작돼
이 game은 so seductive
Baby, you can feel my pain
날이 밝은 후엔 모두 소스라쳤지
밤이 되면 시작돼
이 game은 so seductive
Baby, you can feel my pain
날이 밝은 후엔 모두 소스라쳤지

[Verse 1: Loco]
Rest in peace, 밤이 오니까
눈이 마주치며 하는 공감
뒤통수에는 third eye
최후의 반론은 부질없는 공상
좌우로 돌아가는 동공, 난 못 본 척
남긴 적 없는 족적 걸어왔어
물에 술을 섞어, 난 말해, ""더, 더, 더""
기꺼이 속아주는 듯이 잡고 내려 셔터
어두워질수록 올라가 고개
숨고 싶지 않아 가짜 속에
마지막 말, 마지막 time
모두를 의심해야만 난 살아남아, yeah
거짓말의 거짓말
빠지고 있어 꼬리가
뒤집어야지 결과, good night
아침이 올 거니까

[Chorus: Simon Dominic]
밤이 되면 시작돼
이 game은 so seductive
Baby, you can feel my pain
날이 밝은 후엔 모두 소스라쳤지
밤이 되면 시작돼
이 game은 so seductive
Baby, you can feel my pain
날이 밝은 후엔 모두 소스라쳤지

[Verse 2: Simon Dominic]
I'm still a night rider, night rider
이 밤은 쉽게 나를 안 놔줘
어두워지고 나면 보일 거야 내 속마음
항상 진심이지, 거짓을 말하는 동안에도
너무 믿지 말아 나 말고도, trust nobody nobody
이 판이 끝나기 전까진, you got it?
내가 너의 유일한 편이자 최악의 enemy
속아넘어간 네가 문제지, why you mad at me?
가끔은 my angel is a lie
내 귓속에다 입바른 소리만 늘어놔
오히려 내 안의 악마가 내게 던져주네 truth
시도 때도 없는 압박감에 나는 bullet proof
비난의 총알을 탕 쏴봤자 damage zero
나를 계속 주목해 줘, ladies and gentlemen
이기는 게 다가 아니기에 기분이 자꾸 soulful
아마도 그건 혼자 살아남은 자의 슬픔

[Bridge: Loco]
노을이 길어, 다시 나를 볼 수 있길 빌어
누군간 alive, 어쩌면 fade away
해가 뜨면 더 이상 너를 믿지 못할지도
노을이 길어, 다시 나를 볼 수 있길 빌어
누군간 alive, 어쩌면 fade away
해가 뜨면 더 이상 너를 믿지 못할지도

[Chorus: Simon Dominic]
밤이 되면 시작돼
이 game은 so seductive
Baby, you can feel my pain
날이 밝은 후엔 모두 소스라쳤지
밤이 되면 시작돼
이 game은 so seductive
Baby, you can feel my pain
날이 밝은 후엔 모두 소스라쳤지","130.003","0.755","0.598","-7.237","0.8290000000000001"
"WON & ONLY (Feat. Jay Park)","Simon Dominic","7lVy9AZ6NBCOqh5xa6ptiE","Korean

[Intro]
오빠 일이 중요해? 내가 중요해?

[Verse 1: Simon Dominic]
난 일, 일이지 당연히 cause I’m ill
물어볼 걸 물어봐야지
단지 내가 돈에 미쳐 이러겠어?
I do it for love
그 가치를 알면
넌 입 벌어져 (GRAY)
일단 올라타봐
나의 투어버스에
언제나 널 위해
옆자릴 비워두었네
너 꼬시려던 래퍼들 봐
전부 허세
널 갖기 위해 없는 돈에
또 do nothin’
하하 내가 달마다
수천수억 번 게
자랑할 건 못 돼
그건 다 위대한 부모 덕택
Who gon' stop me?
내 크루도 핫해
내 털 끝 하나
못 건드려 난 무모하네
근데 넌 대체 왜 이래?
내가 해준 게 얼만데
나 땜에 삶이 달라진 널 봐 bae
남자는 여자 하기
나름인 거라메?
다 아니까 일할 땐
그만 내게 뭐라 해 okay?
일 vs 사랑? 계속 물어보면
내가 말했잖아
I do this shit for woman
우리 엄마, 그리고 너
미래의 딸내미를 위해
돈 벌기 좋은 날씨가
항상 내 머리 위에

[Bridge: Simon Dominic]
나 원래 이래
놀 거 다 놀고도
남 몰래 일해
다 지켜보고도
넌 너무 몰라 날 baby
넌 너무 몰라 날 baby
작업이 오래 걸려
늦게 나와도
데드라인을 넘겨도
걱정 말아줘
몸값은 올라 계속 baby
몸값은 올라 (I do it for love)

[Hook: Jay Park & Simon Dominic]
난 너의 ₩ & only, only, one
난 너의 ₩ & only, only, one
난 너의 ₩ & only, only, one
난 너의 ₩ & only
(니 남잔 이 바닥에서
둘째가라면 서럽지)

[Verse 2: Simon Dominic]
사랑이 내 세계를 전부
지배한 뒤엔
작업실, 무대 위
거의 집에만 있네
올해는 내 꺼가 되길
다 기대하길래
밤새 일하다
니 메시지 이제 확인해
많이 기다리게 해서
미안 어쩔 수 없잖아
할 일 많아 래퍼
CEO, 난 Producer
신중히 고른 트랙은
나에겐 birthday suit
난 참는 것도 일이지
널 보고플 때일수록
뭐 하러 나를 쪼아
이런 내가 질린다면
딴 놈들 좀 보고와
내 블록을 벗어나면
King 누구 god 누구 다 뭐래?
후회 말고 나만 봐라
너의 ₩ & only
오늘 밤 파티엔 나만 갈게
너 질투할 게 뻔해
날 보는 눈이 많아
나 실수 안 해
난 나랑 노는 누구든
Payday 같게 해
좀만 마실게 너랑
내일 데이트하게 yay!

[Bridge: Jay Park & Simon Dominic]
나 원래 이래
놀 거 다 놀고도
남 몰래 일해
다 지켜보고도
넌 너무 몰라 날 baby
넌 너무 몰라 날 baby
작업이 오래 걸려
늦게 나와도
데드라인을 넘겨도
걱정 말아줘
몸값은 올라 계속 baby
몸값은 올라 (I do it for love)

[Hook: Jay Park & Simon Dominic]
난 너의 ₩ & only, only, one
난 너의 ₩ & only, only, one
난 너의 ₩ & only, only, one
난 너의 ₩ & only
(니 남잔 이 바닥에서
둘째가라면 서럽지)

[Verse 3: Simon Dominic]
나 여자, 인기 없이 산 적 없었네
I'm true playa so love a lot
6년의 타잔 시절처럼
날 커스텀 해
사랑이 나의 힘
그래야 돈 벌어 난
너는 나의 맥퀸
나는 너의 왕
우리 성을
알렉산더로 바꾸고 가자
나뿐만 아니라 love ma crew
내가 너에게 바라는 건
딱 그거까지야 yay yay!

[Hook: Jay Park & Simon Dominic]
난 너의 ₩ & only, only, one
난 너의 ₩ & only, only, one
난 너의 ₩ & only, only, one
난 너의 ₩ & only
(니 남잔 이 바닥에서
둘째가라면 서럽지)

Romanization

[Intro]
Oppa il-i jung-yohae? naega jung-yohae?

[Verse 1: Simon Dominic]
Nan il, il-iji dang-yeonhi cause I’m ill
Mul-eobol geol mul-eobwayaji
Danji naega don-e michyeo ileogess-eo?
I do it for love
Geu gachileul almyeon
Neon ib beol-eojyeo
Ildan ollatabwa
Naui tueobeoseue
Eonjena neol wihae
Yeopjalil biwodueossne
Neo kkosilyeodeon laepeodeul bwa
Jeonbu heose
Neol gajgi wihae eobsneun don-e
Tto do nothin’
Haha naega dalmada
Sucheonsueog beon ge
Jalanghal geon mos dwae
Geugeon da widaehan bumo deogtaeg
Who gon' stop me?
Nae keuludo hashae
Nae teol kkeut hana
Mos geondeulyeo nan mumohane
Geunde neon daeche wae ilae?
Naega haejun ge eolmande
Na ttaem-e salm-i dallajin neol bwa bae
Namjaneun yeoja hagi
Naleum-in geolame?
Da anikka ilhal ttaen
Geuman naege mwola hae okay?
Il vs salang? gyesog mul-eobomyeon
Naega malhaessjanh-a
I do this shit for woman
Uli eomma, geuligo neo
Milaeui ttalnaemileul wihae
Don beolgi joh-eun nalssiga
Hangsang nae meoli wie

[Bridge: Simon Dominic]
Na wonlae ilae
Nol geo da nolgodo
Nam mollae ilhae
Da jikyeobogodo
Neon neomu molla nal baby
Neon neomu molla nal baby
Jag-eob-i olae geollyeo
Neujge nawado
Dedeulain-eul neomgyeodo
Geogjeong mal-ajwo
Momgabs-eun olla gyesog baby
Momgabs-eun olla (I do it for love)

[Hook: Jay Park & Simon Dominic]
Nan neoui ₩ & only, only, one
Nan neoui ₩ & only, only, one
Nan neoui ₩ & only, only, one
Nan neoui ₩ & only
(ni namjan i badag-eseo
Duljjaegalamyeon seoleobji)

[Verse 2: Simon Dominic]
Salang-i nae segyeleul jeonbu
Jibaehan dwien
Jag-eobsil, mudae wi
Geoui jib-eman issne
Olhaeneun nae kkeoga doegil
Da gidaehagillae
Bamsae ilhada
Ni mesiji ije hwag-inhae
Manh-i gidalige haeseo
Mian eojjeol su eobsjanh-a
Hal il manh-a laepeo
CEO, nan Producer
Sinjunghi goleun teulaeg-eun
Na-egen birthday suit
Nan chamneun geosdo il-iji
Neol bogopeul ttaeilsulog
Mwo haleo naleul jjoa
Ileon naega jillindamyeon
Ttan nomdeul jom bogowa
Nae beullog-eul beos-eonamyeon
King nugu god nugu da mwolae?
Huhoe malgo naman bwala
Neoui ₩ & only
Oneul bam patien naman galge
Neo jiltuhal ge ppeonhae
Nal boneun nun-i manh-a
Na silsu an hae
Nan nalang noneun nugudeun
Payday gatge hae
Jomman masilge neolang
Naeil deiteuhage yay!

[Bridge: Jay Park & Simon Dominic]
Na wonlae ilae
Nol geo da nolgodo
Nam mollae ilhae
Da jikyeobogodo
Neon neomu molla nal baby
Neon neomu molla nal baby
Jag-eob-i olae geollyeo
Neujge nawado
Dedeulain-eul neomgyeodo
Geogjeong mal-ajwo
Momgabs-eun olla gyesog baby
Momgabs-eun olla (I do it for love)

[Hook: Jay Park & Simon Dominic]
Nan neoui ₩ & only, only, one
Nan neoui ₩ & only, only, one
Nan neoui ₩ & only, only, one
Nan neoui ₩ & only
(ni namjan i badag-eseo
Duljjaegalamyeon seoleobji)

[Verse 3: Simon Dominic]
Na yeoja, ingi eobs-i san jeog eobs-eossne
I'm true playa so love a lot
6nyeon-ui tajan sijeolcheoleom
Nal keoseuteom hae
Salang-i naui him
Geulaeya don beol-eo nan
Neoneun naui maegkwin
Naneun neoui wang
Uli seong-eul
Allegsandeolo bakkugo gaja
Nappunman anila love ma crew
Naega neoege balaneun geon
Ttag geugeokkajiya yay yay!

[Hook: Jay Park & Simon Dominic]
Nan neoui ₩ & only, only, one
Nan neoui ₩ & only, only, one
Nan neoui ₩ & only, only, one
Nan neoui ₩ & only
(ni namjan i badag-eseo
Duljjaegalamyeon seoleobji)","","","","",""
"POSE! (Feat. YUMDDA)","Simon Dominic","0omgWpim6u8CeZcielC5er","[Intro]
GooseBumps on the track

[Bridge: Simon Dominic]
일하지 말고 앞으로
자기야, 편히 쉬어, 편히 쉬어
같이 money shower, money shower
Woo, 이건 너무 commercial
내 이름 하나면 끝나는 promotion, promotion

[Chorus: Simon Dominic]
잠깐 pause, 잡아 pose
잠깐만 pause, 잡아 pose
Picture perfect, 한 폭
Movie shootin’, 내 손엔 메가폰
안 착한 놈, 잘난 flow
참견은 no, 사랑은 oh
잠깐 pause, 잡아 pose
잠깐만 pause, 잡아 pose

[Verse 1: Simon Dominic]
Ayy, 8마디 feat에 5천 받아
암실 낸 뒤에 CF 3개, 어제 또 하나 더
Yeah, yeah, 2억 가까이 몸값 up
지금 내 시세는 갑 시절보다 like a boss
New new Balenciaga (Balenciaga)
Patek Philippe 봐봐
누누이 말했지 내가
누릴 수 있을 때 누려라 다
사랑받은 만큼 베풀어
Baby, 다음엔 birkin bag
3000만원 당연하게 기부를 땋
Multi flex

[Chorus: Simon Dominic]
잠깐 pause, 잡아 pose
잠깐만 pause, 잡아 pose
Picture perfect, 한 폭
Movie shootin’, 내 손엔 메가폰
안 착한 놈, 잘난 flow
참견은 no, 사랑은 oh
잠깐 pause, 잡아 pose
잠깐만 pause, 잡아 pose

[Verse 2: YUMDDA]
애기야, 조금만 참아, 나는 나이가 많아
철컹철컹, 위험하지, 빨리 민증 까봐
돈 냄새를 맡아, 여자들은 빨라
내 Cadillac에 올라타서 큰 성공을 빨아
Woo, 어디 갔지, um, 너의 초심, um
넌 날 몰랐지 pose, yee (yee)
뭐가 될래, 넌 커서 뭐가 될래?
난 이미 부자가 됐네
지방대 가방끈 Chanel띠
Louis Vuitton 물맛은 개꿀띠
야, 똑똑한 니들은 병신 개그지
Pose, 빠끄, 빠끄
Pose, 염따거 따거

[Chorus: Simon Dominic]
잠깐 pause, 잡아 pose
잠깐만 pause, 잡아 pose
Picture perfect, 한 폭
Movie shootin’, 내 손엔 메가폰
안 착한 놈, 잘난 flow
참견은 no, 사랑은 oh
잠깐 pause, 잡아 pose
잠깐만 pause, 잡아 pose","100.003","0.587","0.923","-3.826","0.252"
"RUN AWAY","Simon Dominic","5GmUdLaY3xBYCDEB3CzEAN","[사이먼 도미닉 ""RUN AWAY"" 가사]

Speed it up, yeah
Noisemaster, make some noise
Uh, let's go

Praise the lord 내 편이 되어주소서
난 매일 전쟁 같은 하루를 보내 like a soldier
I'm goin' in savage mode
All my opps say 맙소사
시야에 들어온 목표는 난 절대 안 놓쳐

Run away, run away, run away from me
Run away, run away, run away from me
Run away, run away, run away from me
Run away, run away, run away from me

끝나지 않는 나의 미션 push it to the limit
매일이 risky, 인생의 끝을 본 적도 있지 이미
일을 다 마치고 난 뒤엔 늘 고독과 외로움뿐
그래도 don't look down
Just keep my eyes wide open
이 바닥에 남아
계속 고통받을 수 있다는 건 lucky
When I spit that murder-murder-murder
뜨거운 뭔갈 느껴
Pray for my enemies 이건 내 나름의 자비
어쨌든 난 끝장을 봐야 하니까
You can't stop me
혼자서는 해낼 수 없지 I believe my sidekicks
승리의 여신이 자기 전에 해주는
Good night kiss
Don't worry baby I just win
축하주가 때론 독하지만 my life's so sweet

Praise the lord 내 편이 되어주소서
난 매일 전쟁 같은 하루를 보내 like a soldier
I'm goin' in savage mode
All my opps say 맙소사
시야에 들어온 목표는 난 절대 안 놓쳐

Run away, run away, run away from me
Run away, run away, run away from mе

좋은 사람이 되기 위해 난 억지로 노력 안 해
두려운 존재로 남고 싶은 그 마음은 영원하네
나는 받은 만큼 돌려주지 사랑과 증오 다
내 운명에 끝까지 맞서는 중 it's Do or Die
고난과 역경, left right 내 양날개야
적들의 비명소리가 아침마다 날 깨워
어깨에 걸칠 책임감의 크긴 이제 XXL
삶이 살만한 가치가 있길 바라 act right
시간은 점점 줄어드는데
보이지 않는 적들은 앞으로도 계속
늘어날 거니까
So I put my foot on the gas (Foot on thе gas)
Yeah, I keep my foot on the gas

Run away, run away, run away from me
Run away, run away, run away from me
Run away, run away, run away from me
Run away, run away, run away from me","126.056","0.788","0.809","-5.127","0.465"
"ya ain't gang (Feat. JayAllDay & SIMO of Y2K92)","Simon Dominic","2WMA3HGbMKeQ0Gz3PajYE8","[Chorus: Simon Dominic]
씨발, 개나 소나 gang, gang, gang, gang
막상 앞에 서면 깨갱 깨갱
그래, 나는 꼰대, yeah, yeah, yeah
어쩌라고, stop playin’ and hatin’
Ya ain’t gang, ya ain’t gang
Ya ain’t gang, ya ain’t gang
Ya ain’t gang, ya ain’t gang
Ya ain’t gang, ya ain’t gang
Ya ain't gang, yeah, yeah, yeah
막상 앞에 서면 깨갱 깨갱
그래, 나는 꼰대, yeah, yeah, yeah
어쩌라고, stop playin’ and hatin’, ayy

[Verse 1: Simon Dominic]
우리 엄만 몰라, I grew up a screw up
잘 노는 척 구는 fuck your squad
병째로 들이부어 난 폼생폼사
돈 새는 것 보다 long sex good night
내가 뻗을 때까지 여긴 영업하지
피 보지 말자 오늘 I just wanna party
익산에서 깡패 하다 온 놈도 가만있지
Stop snitchin’ and bitchin’
밖에서 피고 와, before there comes popo
술에 뭐 안 섞어 야 마음 놓고 pour up
물고 빨고 할 거면 나가서 get a room
인생 좆되기 싫으면 새꺄 you better move
약 빤 척 trap star라도 된 듯한 눈까리
인스타에선 후까시, 실제로는 fugazi
난 이미 얼큰하게 drunken, 얼굴 화끈하게 fuck’em all
얼큰하게 drunken, 얼굴 화끈하게 fuck’em all

[Chorus: Simon Dominic]
씨발, 개나 소나 gang, gang, gang, gang
막상 앞에 서면 깨갱 깨갱
그래, 나는 꼰대, yeah, yeah, yeah
어쩌라고, stop playin’ and hatin’
Ya ain’t gang, ya ain’t gang
Ya ain’t gang, ya ain’t gang
Ya ain’t gang, ya ain’t gang
Ya ain’t gang, ya ain’t gang
Ya ain't gang, yeah, yeah, yeah
막상 앞에 서면 깨갱 깨갱
그래, 나는 꼰대, yeah, yeah, yeah
어쩌라고, stop playin’ and hatin’, ayy

[Verse 2: JayAllDay]
Motherfuckin’ G boys, you know the deal boy
우리 앞에 서면 너는 그냥 입을 닫어
두 눈을 감어, 그게 바로 너의 미래
개나 소나 gang, gang, 그건 너무 실례
You pussy boys 항상 뒤에서만 짖어대
그런 행동들엔 너 자신도 기겁해
너는 그냥 겁이 너무 많은 병신
남자답게 굴어 like 나와 기석이 (skrt)
Watch me how I do it
내가 싫다 해도 늘어나는 나의 수입
Watch me how I do it
Shit goes bang like a motherfuckin’ uzi
잘 나가는 무리, 우린 우리밖에 몰라
우리, 우리, 우리 (우리, 우리, 우리)
너넨 무리, 무리
All you bishes ya ain’t gang

[Chorus: Simon Dominic]
씨발, 개나 소나 gang, gang, gang, gang
막상 앞에 서면 깨갱 깨갱
그래, 나는 꼰대, yeah, yeah, yeah
어쩌라고, stop playin’ and hatin’
Ya ain’t gang, ya ain’t gang
Ya ain’t gang, ya ain’t gang
Ya ain’t gang, ya ain’t gang
Ya ain’t gang, ya ain’t gang
Ya ain't gang, yeah, yeah, yeah
막상 앞에 서면 깨갱 깨갱
그래, 나는 꼰대, yeah, yeah, yeah
어쩌라고, stop playin’ and hatin’, ayy

[Verse 3: SIMO]
Y2k 92 로켓 타고
니 머리 위로 올라 세계 일주
로보트보다 더 삐리, 삐리, 삐리, 삐리, 삐리
난 영혼은 없다
(차원이동) 삐걱삐걱 돌아가는 세상에서 혼또
뜨근 미지근한 친구관계는 사시미로
베어버리고 coming up with the new shit
I’ll be comin’ up with the raw fonkyass mo pho
차원이동 to the back days when homies don’t give fuck
I’m sorry can’t you call me
Let’s go lay back, les go smoke
Fuck the pass bro I ain’t joke
차원이동, 차원이동
차원이동, 차원이동, 차원이동, 차원이동
좆도 개성 없는 시대로부터 차원이동
좆도 개성 있는 미래로부터 차원이동

[Chorus: Simon Dominic]
씨발, 개나 소나 gang, gang, gang, gang
막상 앞에 서면 깨갱 깨갱
그래, 나는 꼰대, yeah, yeah, yeah
어쩌라고, stop playin’ and hatin’
Ya ain’t gang, ya ain’t gang
Ya ain’t gang, ya ain’t gang
Ya ain’t gang, ya ain’t gang
Ya ain’t gang, ya ain’t gang
Ya ain't gang, yeah, yeah, yeah
막상 앞에 서면 깨갱 깨갱
그래, 나는 꼰대, yeah, yeah, yeah
어쩌라고, stop playin’ and hatin’, ayy","","","","",""
"Jung Jin Chul","Simon Dominic","4CfmZEOZ3NYgRZiXJbZBXk","[Hook]
나의 삼촌 이름은 정진철 직업은 패션 디자이너
나의 삼촌 이름은 정진철 직업은 패션 디자이너
나의 삼촌 이름은 정진철 직업은 패션 디자이너
나의 삼촌 이름은 정진철 직업은 패션 디자이너
나의 삼촌 이름은 정진철 직업은 패션 디자이너
나의 삼촌 이름은 정진철 직업은 패션 디자이너
나의 삼촌 이름은 정진철 직업은 패션 디자이너
나의 삼촌 이름은 정진철 직업은 패션 디자이너

[Verse 1]
나의 삼촌 이름은 정진철 직업은 패션 디자이너
명절 때마다 조카들에게 선물해주던 비싼 옷
8살 6살짜리 옷장엔 대부분 시장 꺼
일 년에 한두 번 누리는 사치스러운 행복이자 멋
그가 오는 날엔 구서 사진관 홀은 런웨이가 돼
1층에 의상실 고모는 우릴 보고 아동복 모델 같대
스튜디오에 딸린 방 두 개가 네 식구가 먹고 자는 곳 그리고 암실
연탄실 옆 변소에 밤이 되면 초를 키고 나왔지
우리 집에 비해 삼촌 집은 오션뷰의 좋은 빌라
영화 한 편 보러 간 적 있었지 아마 인디아나 존스 1탄
돌싱이었던 그의 집엔 떠난 숙모의 흔적이 여기저기에
그런 어지러운 상황에도 우릴 데리고 하루 종일 여기저기에

[Hook]
나의 삼촌 이름은 정진철 직업은 패션 디자이너
나의 삼촌 이름은 정진철 직업은 패션 디자이너
나의 삼촌 이름은 정진철 직업은 패션 디자이너
나의 삼촌 이름은 정진철 직업은 패션 디자이너

[Refrain]
나의 삼촌은 패션 디자이너
나의 삼촌은 패션 디자이너
나의 삼촌은 패션 디자이너
나의 삼촌은 패션 디자이너

[Verse 2]
그는 오로지 여자 옷만 그리고 살았대 스케치북에
남포동 일대에 잘 나가던 업소 누나들이 주 고객
엄마가 선물로 받았던 퍼플 모피 코트
찝찝해선지 화려해서 그랬는지 한 번도 못 입고
부산에서 정진철 하면 좀 먹어주던 그 시기에
서울 진출까지 해버린 어느 날은 TV에
그 해의 패션 동향을 묻는 프로에도 나갔던 모습
자주 못 봐도 좋은 게 생기면 우리 집에 다 갖다 줬어
근데 행복한 건 진짜 얼마 안 가데
할머니가 쓰러진 소식은 얼마나 절망 같았게
가족 모두가 신경을 써도 모자랄 판에
삼촌이 전활 안 받네 어디론가 도망을 갔대
흠 할머니께서는 뇌출혈로 중환자실에 동시에 치매까지
퇴원 후 우리 방은 병실이 됐고
날마다 똥오줌 치우기 싫어 집에 가기 싫어했지
길바닥에 앉아 힘들게 미나리 팔아 모은 돈
1500 정도 삼촌이 사업 땜에 다 말아먹은 게
너무도 미안해서 자기 엄마 볼 낯이 없다고
행여나 돌아가시더라도 절대로
안타까운 건 아빠가 형제를 잃었다는 사실과
내가 슬펐던 건 앞으로 메이커 옷을 못 입을 거라는 상실감

[Hook]
나의 삼촌 이름은 정진철 직업은 패션 디자이너
나의 삼촌 이름은 정진철 직업은 패션 디자이너
나의 삼촌 이름은 정진철 직업은 패션 디자이너
나의 삼촌 이름은 정진철 직업은 패션 디자이너

[Refrain]
나의 삼촌은 패션 디자이너
나의 삼촌은 패션 디자이너
나의 삼촌은 패션 디자이너
나의 삼촌은 패션 디자이너

[Verse 3]
딱 한번 본 적 있거든 드라마에 나올 법한 기적을
할머니께서 잃었던 정신이 돌아오신 모습
치매를 극복하시고는 우리와 함께 10년을 가까이
임종 직전에 마지막으로 실종 신고를
진철이 진철이 이름을 끝까지 부르셨지만
경찰이 그의 집을 찾아갔을 땐 완전히 불 꺼진 다음
자취를 감춘 듯해 주소는 등본에 그대로인데
그가 먼저 우리를 찾아줄 거라는 기댄 없네
혹시나 TV 속에 나를 봤다면 기억이나 했을까 궁금해
죄책감 따위 느낄까 과연 뭐가 중요해 지금 그게
감감무소식인 삼촌이 고맙긴 해
이렇게라도 인생에 도움을 주네
사실 찾으면 좋고 못 찾아도 그만이네
뭐가 중요해 지금 그게

[Outro]
이 노래로 덕 볼 사람은 누구게
이 노래로 덕 볼 사람은 누구게
이 노래로 덕 볼 사람은 누구게
이 노래로 덕 볼 사람은 누구게
이 노래로 덕 볼 사람은 누구게
이 노래로 덕 볼 사람은 누구게
이 노래로 덕 볼 사람은 누구게
이 노래로 덕 볼 사람은 누구게

Romanization

[Hook]
Naui samchon ileum-eun jeongjincheol jig-eob-eun paesyeon dijaineo
Naui samchon ileum-eun jeongjincheol jig-eob-eun paesyeon dijaineo
Naui samchon ileum-eun jeongjincheol jig-eob-eun paesyeon dijaineo
Naui samchon ileum-eun jeongjincheol jig-eob-eun paesyeon dijaineo
Naui samchon ileum-eun jeongjincheol jig-eob-eun paesyeon dijaineo
Naui samchon ileum-eun jeongjincheol jig-eob-eun paesyeon dijaineo
Naui samchon ileum-eun jeongjincheol jig-eob-eun paesyeon dijaineo
Naui samchon ileum-eun jeongjincheol jig-eob-eun paesyeon dijaineo

[Verse 1]
Naui samchon ileum-eun jeongjincheol jig-eob-eun paesyeon dijaineo
Myeongjeol ttaemada jokadeul-ege seonmulhaejudeon bissan os
8sal 6saljjali osjang-en daebubun sijang kkeo
Il nyeon-e handu beon nulineun sachiseuleoun haengbog-ija meos
Geuga oneun nal-en guseo sajingwan hol-eun leon-weiga dwae
1cheung-e uisangsil gomoneun ulil bogo adongbog model gatdae
Seutyudio-e ttallin bang du gaega ne sigguga meoggo janeun gos geuligo amsil
Yeontansil yeop byeonso-e bam-i doemyeon choleul kigo nawassji
Uli jib-e bihae samchon jib-eun osyeonbyuui joh-eun billa
Yeonghwa han pyeon boleo gan jeog iss-eossji ama indiana jonseu 1tan
Dolsing-ieossdeon geuui jib-en tteonan sugmoui heunjeog-i yeogijeogie
Geuleon eojileoun sanghwang-edo ulil deligo halu jong-il yeogijeogie

[Hook]
Naui samchon ileum-eun jeongjincheol jig-eob-eun paesyeon dijaineo
Naui samchon ileum-eun jeongjincheol jig-eob-eun paesyeon dijaineo
Naui samchon ileum-eun jeongjincheol jig-eob-eun paesyeon dijaineo
Naui samchon ileum-eun jeongjincheol jig-eob-eun paesyeon dijaineo

[Refrain]
Naui samchon-eun paesyeon dijaineo
Naui samchon-eun paesyeon dijaineo
Naui samchon-eun paesyeon dijaineo
Naui samchon-eun paesyeon dijaineo

[Verse 2]
Geuneun oloji yeoja osman geuligo sal-assdae seukechibug-e
Nampodong ildaee jal nagadeon eobso nunadeul-i ju gogaeg
Eommaga seonmullo bad-assdeon peopeul mopi koteu
Jjibjjibhaeseonji hwalyeohaeseo geulaessneunji han beondo mos ibgo
Busan-eseo jeongjincheol hamyeon jom meog-eojudeon geu sigie
Seoul jinchulkkaji haebeolin eoneu nal-eun TVe
Geu haeui paesyeon donghyang-eul mudneun peulo-edo nagassdeon moseub
Jaju mos bwado joh-eun ge saeng-gimyeon uli jib-e da gajda jwoss-eo
Geunde haengboghan geon jinjja eolma an gade
Halmeoniga sseuleojin sosig-eun eolmana jeolmang gat-assge
Gajog moduga singyeong-eul sseodo mojalal pan-e
Samchon-i jeonhwal an badne eodilonga domang-eul gassdae
Heum halmeonikkeseoneun noechulhyeollo junghwanjasil-e dongsie chimaekkaji
Toewon hu uli bang-eun byeongsil-i dwaessgo
Nalmada ttong-ojum chiugi silh-eo jib-e gagi silh-eohaessji
Gilbadag-e anj-a himdeulge minali pal-a mo-eun don
1500 jeongdo samchon-i sa-eob ttaem-e da mal-ameog-eun ge
Neomudo mianhaeseo jagi eomma bol nach-i eobsdago
Haeng-yeona dol-agasideolado jeoldaelo
Antakkaun geon appaga hyeongjeleul ilh-eossdaneun sasilgwa
Naega seulpeossdeon geon ap-eulo meikeo os-eul mos ib-eul geolaneun sangsilgam

[Hook]
Naui samchon ileum-eun jeongjincheol jig-eob-eun paesyeon dijaineo
Naui samchon ileum-eun jeongjincheol jig-eob-eun paesyeon dijaineo
Naui samchon ileum-eun jeongjincheol jig-eob-eun paesyeon dijaineo
Naui samchon ileum-eun jeongjincheol jig-eob-eun paesyeon dijaineo

[Refrain]
Naui samchon-eun paesyeon dijaineo
Naui samchon-eun paesyeon dijaineo
Naui samchon-eun paesyeon dijaineo
Naui samchon-eun paesyeon dijaineo

[Verse 3]
Ttag hanbeon bon jeog issgeodeun deulama-e naol beobhan gijeog-eul
Halmeonikkeseo ilh-eossdeon jeongsin-i dol-aosin moseub
Chimaeleul geugboghasigoneun uliwa hamkke 10nyeon-eul gakkai
Imjong jigjeon-e majimag-eulo siljong singoleul
Jincheol-i jincheol-i ileum-eul kkeutkkaji buleusyeossjiman
Gyeongchal-i geuui jib-eul chaj-agass-eul ttaen wanjeonhi bul kkeojin da-eum
Jachwileul gamchun deushae jusoneun deungbon-e geudaeloinde
Geuga meonjeo ulileul chaj-ajul geolaneun gidaen eobsne
Hogsina TV sog-e naleul bwassdamyeon gieog-ina haess-eulkka gung-geumhae
Joechaeggam ttawi neukkilkka gwayeon mwoga jung-yohae jigeum geuge
Gamgammusosig-in samchon-i gomabgin hae
Ileohgelado insaeng-e doum-eul june
Sasil chaj-eumyeon johgo mos chaj-ado geuman-ine
Mwoga jung-yohae jigeum geuge

[Outro]
I nolaelo deog bol salam-eun nuguge
I nolaelo deog bol salam-eun nuguge
I nolaelo deog bol salam-eun nuguge
I nolaelo deog bol salam-eun nuguge
I nolaelo deog bol salam-eun nuguge
I nolaelo deog bol salam-eun nuguge
I nolaelo deog bol salam-eun nuguge
I nolaelo deog bol salam-eun nuguge","","","","",""
"Party Forever","Simon Dominic","0kGnxJUOZgCemWBfpgVe6H","[사이먼 도미닉 ""Party Forever"" 가사]

[Intro]
Slom, party forever
Okay, yeah

[Verse 1]
나를 향해 쏟아지는 기대와 칭찬
기분 좋은 말만 해주려는 날 위한 이 시간 (Uh)
그 속에서 나는 숨이 좀 막히는 듯해
나 잠깐 방에 들어가서 쉬고 있을게
이 party의 주인공은 나라고 하지만
너네가 더 신난 거 같아 보여, 근데 일찍은 가지 마
Oh, 난 혼자가 싫어, 시끄러운 것도 물론
나 없어도 잘만 놀 거 알아, 집에 가기 전엔 불러 (Yeah)
나는 의심 한가득이야, every moment (Umm)
잠시도 못 참고 문에 귀를 대보면은
나도 없는데 왜 얘기해 나의 미래에 대해
왈가왈부, 내 과거를 너네가 왜 이해해
하지만 이 현재를 나와 같이해주기에
툴툴대지만 내 속마음은, yeah, yeah

[Chorus]
Party forever
Party forever
Party forever
My party forever, ever

[Verse 2]
그만, 그만, 입에 발린 말은 지겨우니까
자, 이제 나에게 쌓인 불평불만을 감당할 시간
난 이상하게 여기서 왜 살아있음을 느껴
이런 게 내 삶을 움직이는 힘이라는 게 참 웃겨
이 party의 주인공은 나라고 하지만
너네가 더 신난 거 같아 보여, 근데 집에는 가지 마
나는 혼자는 더 싫어, 시끄러운 것도 물론
봐봐, 나 없이도 잘만 놀잖아, don’t leave me alone
Umm, 쏟아져 있는 술, 깨져있는 병
Sticky plastic cup, 살아있는 시체들의 밤
화장실 앞 줄지 않는 줄, 빨간색 암실 조명 밑에서
""축하합니다"" 떼창하지만 모두가 불협화음 (Yeah)

[Chorus]
Party forever
Party forever
Party forever
My party forever, ever

[Bridge]
Party forever
Party forever
Party forever
My party forever

[Verse 3]
춤출 기분이 아닌데 그래도 예의상 신나는 척은 해야 해
쨌든 바쁜 시간을 내 나를 보러 와준 건데 나도 얼른 취해야 돼
방금 나한테 인사했던 누구야 쟤는?
모르는 애들이 와서 꽁술 먹잖아 낼름
기분 좀 내려고 거르고 나왔는데 Xan은
내 친구들은 다 어디 간 거야? 나 지금 오려고 해 bad

[Verse 4]
나 빼고 모두 다 생일 맞은 것처럼 PARTAY
꼴 보기 싫네 괜히, 그냥 내가 문제인 것 같애
이렇게 태어난 내가 죄야, 또 내 자신을 탓해
이런 나를 알면서도 모르는 척, 다들 침묵의 카르텔
그래, 나 신경 쓰지 말고 편하게 놀아
억지로 위로할 필요도 없다니까는 내 눈치
안 봐도 돼, 더 웃고 떠들어주는 걸로 난 이미 충분해
I just wanna party and bullshit","","","","",""
"make her dance (Feat. Loopy & Crush)","Simon Dominic","1J4IYfkNTadbnJXVQZLAEm","[Intro]
GooseBumps on the track

[Chorus: Simon Dominic]
BUMPS a make her dance
BUMPS a make her dance
BUMPS a make her dance
BUMPS
BUMPS a make her dance
BUMPS a make her dance
BUMPS a make her dance
BUMPS

[Verse 1: Simon Dominic]
더 가까이 와
너의 뜨거운 b-o-d-y, 나의 sexy eyes
우린 만나면 터져, 이열치열 maximize
This shit, this shit go loco, 도도한 그녀도
춤을 추게 하지 내 외모, 돈과 실력도
한 잔씩 돌릴 테니까 다들 bar 쪽으로 와
오늘은 깔끔하게 놀게 번호는 그만 물어봐
Hashtag no more, 밖에 줄이 너무 길어 (daaang)
밖에 줄이 너무 길어 (gooood)
내 노래가 좋으면 좋았지, 왜 갑자기 귀에 혀를 넣어
고맙긴 한데 I don’t wanna groupie love
난 아까부터 쟤 엉덩이에서 눈을 못 떼
나 갖고 놀아도 돼, 지금 내 기분은 fonky

[Pre-Chorus: Simon Dominic]
Shake that booty
That’s what I like, yeah
Show me how you do it
니 옆에만 남아있게

[Chorus: Simon Dominic]
BUMPS a make her dance
BUMPS a make her dance
BUMPS a make her dance
BUMPS
BUMPS a make her dance
BUMPS a make her dance
BUMPS a make her dance
BUMPS

[Verse 2: Loopy]
Yeah, 지금 순간이 우리의 기념일
너와 나 둘이만 남을 때까지
알고파 너의 정신, 너의 body
아쉬워 말어, 여기엔 nobody
가져봐, 내가 가진 모든 것 (killers)
낮에 백화점에서 가진 것 (lit, uh)
예쁜 bag 어깨에 둘러메
Okay, put it in your bag
딱 보기에 넌 선수, 주지 않아 점수
You bad bitch
우아함이 걷듯 어울리는 Hermes
여기 애기들의 모습 유치하지
내 Gucci socks, yeah

[Pre-Chorus: Simon Dominic]
Shake that booty
That’s what I like, yeah
Show me how you do it
니 옆에만 남아있게

[Chorus: Simon Dominic]
BUMPS a make her dance
BUMPS a make her dance
BUMPS a make her dance
BUMPS
BUMPS a make her dance
BUMPS a make her dance
BUMPS a make her dance
BUMPS

[Verse 3: Crush]
내 가운데 다리 수직 상승 중이야
저 fuck boys 무시해, you know who we are
널 가만 냅둘리가 내일 아침까지
눈치껏 움직여 in the hotel lobby
니가 원하는 거, 내가 원하는 거
Show me where we’re going
I see where I’m going
원하는 거, 니가 잘하는 거
Gets hard, we gon hit the top, yeah
Drop top Porsche you know it
Let me teach you how to bounce on me
I’ve kept it in my pocket
Perfect timing, 밤새 환대야
존나 쏴, 던져봐, 내게 마구마구
니 살을 타구 타구 흐르는 거품, bubble
합은 다듀, 다듀, 개 잘 맞는 합을 타고났음
Get lucky, 알라딘 아부

[Pre-Chorus: Simon Dominic]
Shake that booty
That’s what I like, yeah
Show me how you do it
니 옆에만 남아있게

[Chorus: Simon Dominic]
BUMPS a make her dance
BUMPS a make her dance
BUMPS a make her dance
BUMPS
BUMPS a make her dance
BUMPS a make her dance
BUMPS a make her dance
BUMPS","","","","",""
"Game Good (Feat. Simon Dominic) (Prod. GooseBumps & Simon Dominic)","Simon Dominic","59futJ8UnUZuv3Lhu7lGWC","믿거나 말거나 지원서 봤잖아
거짓말 안 해
난 진짜로 준비 다 돼있어
신경 안 써 누가 내 뒤에 있건
날 다운받을 때는 경고창 뜰 테니
조심해 터져 니 데이터
니 여자도 많이 원해 이걸 난 사실
다양한 색 레인보우
전엔 돈스파이크 스테이크
요즘은 얇아진 슬라이스 베이컨
많이 변했어 내 팬들 내 친한
친구들도 날 몰라보게
시원하게 날렸어 몸 안에
초딩 5학년 forty kilogram
게으른 게 제일 손해야
가벼운 몸으로 올라타 돈에
이제 어디서든 벗겨놔도 외간
여자들이 Say 오예
기대 하지마
절대로 안 맞춰 난 니네 비위
니넨 말랑거리는 키위
음원 성적 다 뻥튀기
예전엔 바라기만 했어
바보처럼 머리로만 절실히
이제 넘쳐흐르잖아
힘이 부러우면 너도 받아 PT
Whole lotta game
Whole lotta win
발을 담기도 전에 이겨버렸지
So clean as your brain
Game game is over tho
So clean as your brain
Game game is over tho
So clean as your brain
Game game is over tho
쏟아져 불덩이가 이름이 궁금해 다
아무도 나만큼
제대로 다루는 놈 없어 오로지 나
Oh Yeah hit'em up 시작은 길에서
이젠 빛 위에서
오늘 아침 네넴띤 두 개 비벼버렸지
자라나는 Bad thing B boy처럼
너넨 Freeze
내 뒤에는 Simon D 형은 찐
나는 Chill
너무 더워 너네 팀 받아라 얼음 빙
뒤집어 김치전 Dance dance like DDR
니 바틀 마트에서 3만
원짜리'ㅋ'#Nocap 이 지럴
창작의 신 어쩌라고 안주 안 해
TV Off
노란색 도배 이게 우리의 Signal
Whole lotta game
Whole lotta win
발을 담기도 전에 이겨버렸지
So clean as your brain
Game game is over tho
So clean as your brain
Game game is over tho
So clean as your brain
Game game is over tho
게임 끝
알잖아 등장과 동시에 게임 끝
오케이 굿
자리를 정리해 깨끗이 깨끗이
페이크 갱들
한 방에 없애 난 탱크
항상 이기는 기분
첫 판에 끝 필요 없는 take 2
게임 끝
알잖아 등장과 동시에 게임 끝
오케이 굿
자리를 정리해 깨끗이 깨끗이
페이크 갱들
한 방에 없애 난 탱크
항상 이기는 기분
첫 판에 끝 필요 없는 take 2
게임 끝 게임 끝
게임 끝 게임 끝
게임 끝 게임 끝
게임 끝 게임
게임 끝 게임 끝
게임 끝 게임 끝
게임 끝 게임 끝
게임 끝","","","","",""
"DAx4","Simon Dominic","4dqY7KP2PUK2WYYz6cqvUX","[Chorus]
댐벼, 댐벼 다 DA-DA-DA-DA-DA
나 vs 다 DA-DA-DA-DA-DA
I'm ready to ride and I'll be ready to die, die
가져와 전부 다 DA-DA-DA-DA-DA
DA-DA-DA-DA-DA-DA-DA-DA
DA-DA-DA-DA-DA
DA-DA-DA-DA-DA-DA-DA-DA
DA-DA-DA-DA-DA
DA-DA-DA-DA-DA-DA-DA-DA
DA-DA-DA-DA-DA
DA-DA-DA-DA-DA-DA-DA-DA
DA-DA-DA-DA-DA

[Verse]
Simon says
난 차가울 때 더 맛있다니까
자기야 혀로 낼름 하지 말고
한 번에 swallow it and then tell’em
He’s back by popular demand
나는 나대로 잘난 맛에 살아
뭐 이미 Asia’s got my talent
여기 래퍼들 반 정도는 목을 slice like fruit ninja
이제는 이 game 안에서 더 자를 필요 없는 멜론
나를 증오하는 새끼들의 복수 때문에
이식 수술을 해야 될지도, 뒤통수에 눈
내 세상은 악연이 많아서 그림이 나와
다 내가 좆같이 대했기 때문이지 말이야
피부 같아, 이 가오가 잘 안 벗겨져 몸에서
혼란 속에 혼자 남아 외치는 IK forever
Bought a richard mille plain, 1억을 손목에 감은 기분
너는 평생 모를 걸, I got no time two explain
내 업보가 계속 억을 벌게 하네
아마도 나는 신이 존나 사랑하는 새끼 중에 하나
난 돈을 부를 거야 앞으로도 가사에서
어쩌면 이게 내가 원하던 내 모습이지
나한텐 맨날 비난과 칭찬이 동시에 자자해서
I'm gonna have a threesome with these both bitches

[Chorus]
댐벼, 댐벼 다 DA-DA-DA-DA-DA
나 vs 다 DA-DA-DA-DA-DA
I'm ready to ride and I'll be ready to die, die
가져와 전부 다 DA-DA-DA-DA-DA
DA-DA-DA-DA-DA-DA-DA-DA
DA-DA-DA-DA-DA
DA-DA-DA-DA-DA-DA-DA-DA
DA-DA-DA-DA-DA
DA-DA-DA-DA-DA-DA-DA-DA
DA-DA-DA-DA-DA
DA-DA-DA-DA-DA-DA-DA-DA
DA-DA-DA-DA-DA
댐벼, 댐벼 다 DA-DA-DA-DA-DA
나 vs 다 DA-DA-DA-DA-DA
I'm ready to ride and I'll be ready to die, die
가져와 전부 다 DA-DA-DA-DA-DA
DA-DA-DA-DA-DA-DA-DA-DA
DA-DA-DA-DA-DA
DA-DA-DA-DA-DA-DA-DA-DA
DA-DA-DA-DA-DA
DA-DA-DA-DA-DA-DA-DA-DA
DA-DA-DA-DA-DA
DA-DA-DA-DA-DA-DA-DA-DA
DA-DA-DA-DA-DA","","","","",""
"room type","Simon Dominic","57veQSQaHXzOmxoU1prlRw","[Intro]
GooseBumps on the track

[Chorus]
D-A-R-K that's my room type
한 줄기 빛이 내 머리 위에 내리길 원해
D-A-R-K that's my room type
한 줄기 빛 everything I wanted

[Verse]
No new friend, only roommates
Don't look back, 의미 없네
1500 만원 영국 왕실의 침대 위에서도
쉽게 잠 못 드네, 다 의미 없네
내가 이 노래할 때 만큼은
자기야, faith up ass down
이 노래 들을 땐 잠시만
자기야, faith up ass down
이 일을 관둘 거면 나는 죽어야만 해
It’s tragic (tragic)
잠시 찾은 마음의 평화는
한 입 짜리 pretzel (deeper than deep)
Black 보다 몇 배로 nero (M-A-T-T-E)
빛나지 않아도 돼, artist only money getter (AOMG)
My man young neck A.K.A Seoul De Niro
내 바로 옆방에는 bumps, 셋은 잘 어울려 의외로

[Chorus]
D-A-R-K that's my room type
한 줄기 빛이 내 머리 위에 내리길 원해
D-A-R-K that's my room type
한 줄기 빛 everything I wanted
D-A-R-K that's my room type
한 줄기 빛이 내 머리 위에 내리길 원해
D-A-R-K that's my room type
한 줄기 빛 everything I wanted
D-A-R-K that's my room type
한 줄기 빛이 내 머리 위에
D-A-R-K that's my room type","","","","",""
"intro","Simon Dominic","618m2IsAf8Cge5ND3sxOLx","Korean

[Intro]
Ladies & gentleman
2 0 double 1 SNL League
Simon dominic and loptimist
내가 내다, 이미 다 알고 있잖아
I'm ready 2 kill them

[Hook]
그 씨바새끼들 말이야
퍽이나 퍽이나 퍽이나 퍽이나 퍽이나
퍽이나 퍽이나 퍽이나 퍽이나 퍽이나
퍽이나 퍽이나 퍽이나 퍽퍽퍽이나
퍽이나 퍽이나 퍽이나
퍼르퍼퍼퍽이나
Leggo! yeah

[Verse 1]
오랜만이다 내가 왔다아이가
With ma man loptimist
몇년 전 랩으로 툭 던져놨던
나의 말땜에 SNL League
기대만 하게 만들었지
Like new Iphone
나도 기다렸으니까 이 순간을
이제 자리 좀 잡아놨으니까
판을 다시 벌려놓을게
미안해 그땐 점잖았던 그땐 그땐
눈 꼴 시려웠다는 것도 다 알어 나도
수만의 귀를 열기 위해
접근이 좀 달랐던 방법
그래도 보기 좋았잖아
2009 남자신인상
Shout out 외치니까 팬들은
뻑갔지 빛났으니까
그 후로 2010 시상식 힙합부문 올킬
땡땡땡 종을 울려댔지
번쩍 든 트로피
그 정도 해먹었어도 가슴엔
Still underground
꼴통인 내가 방송에서
웃긴 전적만 남겼어도
난 여전히 잘해
놀 시간 많은 너보다
집 밖에 안나가도 난 잘 나가니까
Skillmatic forever

[Hook]
퍽이나 퍽이나 퍽이나 퍽이나 퍽이나
퍽이나 퍽이나 퍽이나 퍽이나 퍽이나
퍽이나 퍽이나 퍽이나 퍽퍽퍽이나
퍽이나 퍽이나 퍽이나
퍼르퍼퍼퍽이나

[Verse 2]
Pete rock & cl smooth
Hi-tek & kweli
Primo & guru 한국엔 랍티와 쌈디
힙합팬들이 원하던 최고의 동맹
게임은 이제부터야
2007년의 throwback
1+1은 지금 이뤄졌지 SNL League
변화의 시즌을 위해 몸을 더 키웠지
가짜들을 물어뜯고
보상받은 건 승리뿐
전설이 되기 위해
오늘도 밤을 걷는 소리꾼
내 꿈의 부푸름에 쉬지 않는
입술의 부르틈
부끄러웠던 삶을 폼나게 바꾼
수많은 버릇들
바래왔던 거리의 mercy
머리 위 멋진 장면들은 노래가
됐고, 내 앞날의 벌이가 됐지
내가 뜨면 이제 똥꼬에
힘 빡주는 system
음악이 곧 내다
번 돈은 내 assistant
날 그냥 연예인 취급
정도라면 말을 말아
미친 내가 부산에서
뭐하던 새낀지 알아봐라 bitches
난 봐왔어 동경하던 랩퍼들이
허덕이는 꼴
언더그라운드
이름만 멋진 애들이 엿먹이는 곳
뿌리마저 말라있다면
이리 던져 이름표
Get real 나는 밑바닥에서
피어난 꽃
번뜩이는 flow와
내 번쩍이는 show만이
나의 hustle hustle hard
또 grindin'
돌아온 simon dominic
이 시대의 리더
가장 나 다울 수 밖에 없는
이 앨범 SNL League

[Hook]
퍽이나 퍽이나 퍽이나 퍽이나 퍽이나
퍽이나 퍽이나 퍽이나 퍽이나 퍽이나
퍽이나 퍽이나 퍽이나 퍽퍽퍽이나
퍽이나 퍽이나 퍽이나
퍼르퍼퍼퍽이나

[Outro]
퍽이나 퍽이나 퍽이나 퍽이나
이건 간만에 좆되는 케이스야
니 의심은 버리라
퍽이나 퍽이나 퍽이나 퍽이나
내 앞에선 딱 각 잡고 있어
칵 마 와 니 쫌 쪼리나
퍽이나 퍽이나 퍽이나 퍽퍽퍽이나
이건 뭐 감히 좆되는 케이스야
니 의심은 버리라
퍽이나 퍽이나 퍽이나
퍼르퍼퍼퍽이나
내 위엄 봐라 마 닌 됐다 마
치아라 마 내가 곧 법이다

Romanization

[Intro]
Ladies & gentleman
2 0 double 1 SNL League
Simon dominic and loptimist
Naega naeda, imi da algo issjanh-a
I'm ready 2 kill them

[Hook]
Geu ssibasaekkideul mal-iya
Peog-ina peog-ina peog-ina peog-ina peog-ina
Peog-ina peog-ina peog-ina peog-ina peog-ina
Peog-ina peog-ina peog-ina peogpeogpeog-ina
Peog-ina peog-ina peog-ina
Peoleupeopeopeog-ina
Leggo! yeah

[Verse 1]
Olaenman-ida naega wassdaaiga
With ma man loptimist
Myeochnyeon jeon laeb-eulo tug deonjyeonwassdeon
Naui malttaem-e SNL League
Gidaeman hage mandeul-eossji
Like new Iphone
Nado gidalyeoss-eunikka i sungan-eul
Ije jali jom jab-anwass-eunikka
Pan-eul dasi beollyeonoh-eulge
Mianhae geuttaen jeomjanh-assdeon geuttaen geuttaen
Nun kkol silyeowossdaneun geosdo da al-eo nado
Suman-ui gwileul yeolgi wihae
Jeobgeun-i jom dallassdeon bangbeob
Geulaedo bogi joh-assjanh-a
2009 namjasin-insang
Shout out oechinikka paendeul-eun
Ppeoggassji bichnass-eunikka
Geu hulo 2010 sisangsig hibhabbumun olkil
Ttaengttaengttaeng jong-eul ullyeodaessji
Beonjjeog deun teulopi
Geu jeongdo haemeog-eoss-eodo gaseum-en
Still underground
Kkoltong-in naega bangsong-eseo
Usgin jeonjeogman namgyeoss-eodo
Nan yeojeonhi jalhae
Nol sigan manh-eun neoboda
Jib bakk-e annagado nan jal naganikka
Skillmatic forever

[Hook]
Peog-ina peog-ina peog-ina peog-ina peog-ina
Peog-ina peog-ina peog-ina peog-ina peog-ina
Peog-ina peog-ina peog-ina peogpeogpeog-ina
Peog-ina peog-ina peog-ina
Peoleupeopeopeog-ina

[Verse 2]
Pete rock & cl smooth
Hi-tek & kweli
Primo & guru hangug-en labtiwa ssamdi
Hibhabpaendeul-i wonhadeon choegoui dongmaeng
Geim-eun ijebuteoya
2007nyeon-ui throwback
1+1eun jigeum ilwojyeossji SNL League
Byeonhwaui sijeun-eul wihae mom-eul deo kiwossji
Gajjadeul-eul mul-eotteudgo
Bosangbad-eun geon seunglippun
Jeonseol-i doegi wihae
Oneuldo bam-eul geodneun solikkun
Nae kkum-ui bupuleum-e swiji anhneun
Ibsul-ui buleuteum
Bukkeuleowossdeon salm-eul pomnage bakkun
Sumanh-eun beoleusdeul
Balaewassdeon geoliui mercy
Meoli wi meosjin jangmyeondeul-eun nolaega
Dwaessgo, nae apnal-ui beol-iga dwaessji
Naega tteumyeon ije ttongkko-e
Him ppagjuneun system
Eum-ag-i god naeda
Beon don-eun nae assistant
Nal geunyang yeon-yein chwigeub
Jeongdolamyeon mal-eul mal-a
Michin naega busan-eseo
Mwohadeon saekkinji al-abwala bitches
Nan bwawass-eo dong-gyeonghadeon laebpeodeul-i
Heodeog-ineun kkol
Eondeogeulaundeu
Ileumman meosjin aedeul-i yeosmeog-ineun gos
Ppulimajeo mallaissdamyeon
Ili deonjyeo ileumpyo
Get real naneun mitbadag-eseo
Pieonan kkoch
Beontteug-ineun flowwa
Nae beonjjeog-ineun showman-i
Naui hustle hustle hard
Tto grindin'
Dol-aon simon dominic
I sidaeui lideo
Gajang na daul su bakk-e eobsneun
I aelbeom SNL League

[Hook]
Peog-ina peog-ina peog-ina peog-ina peog-ina
Peog-ina peog-ina peog-ina peog-ina peog-ina
Peog-ina peog-ina peog-ina peogpeogpeog-ina
Peog-ina peog-ina peog-ina
Peoleupeopeopeog-ina

[Outro]
Peog-ina peog-ina peog-ina peog-ina
Igeon ganman-e jojdoeneun keiseuya
Ni uisim-eun beolila
Peog-ina peog-ina peog-ina peog-ina
Nae ap-eseon ttag gag jabgo iss-eo
Kag ma wa ni jjom jjolina
Peog-ina peog-ina peog-ina peogpeogpeog-ina
Igeon mwo gamhi jojdoeneun keiseuya
Ni uisim-eun beolila
Peog-ina peog-ina peog-ina
Peoleupeopeopeog-ina
Nae wieom bwala ma nin dwaessda ma
Chiala ma naega god beob-ida","190.151","0.993","0.146","-3.506","0.502"
"Money Don′t Lie (Re-Mastered)","Simon Dominic","3Uyn5kIycq8UlhKYWc5B4b","Korean

[Intro]
MSNBC
Simon Dominic and GRAY
AOMG
돈은 거짓말 안 해
Yeah

[Verse 1]
돈보다 좋은 것은 더 많은 돈
쓴 만큼 벌고 번만큼 쓰는 hustle
가난이 법보다 무서웠던
어릴 적의 악몽들이
날 가만히 뒀었다면
지금의 나는 없었겠지
이젠 내가 날 못 감당하거든
나의 부는 아버지같이 바로 옆
코 닿을 위치야
Slut 같은 슬럼프
날 꼬시지만 난 콧방귀 뀌어
성공은 조강지처
그녀를 못 가질 거면
알아서 모가지 cut
근데 대부분 고자일걸
사기꾼들의 천국에 내가 벌릴 사기극
지옥에 빠져있는 가짜들을 다 구원해
단지 살려두는 것뿐
진짜가 더 진짜 죽여주시게끔
행동으로 보여주지 the truth
무언의 방식
Mo money mo problems
그걸 말하는 내 입은 사치
난 빚이란 단어를 뒤집어
결국엔 집을 샀지
자 어서 때묻은 돈 뭉칠
내 예술에다 적셔
합법적인 돈 세탁
뒤탈 없이 다 wash up

[Bridge]
내가 예술에 취할 때면
돈은 그때다 싶어
나를 밤마다 데리러 와
맨날 해오던 일이지
별다를 게 없어도
날 꿈의 나라로 데리고 가

[Hook]
Money don't lie money don't lie
돈은 거짓말 안 해
Money don't lie money don't lie
내 돈은 거짓말 안 해
Money don't lie money don't lie
난 절대 거짓말 안 해
Money don't lie money don't lie

[Verse 2]
이미 3루엔 명예
2루엔 돈이 베이스에 발을 뒀고
방금 1루에 과거를 보내고
난 쏴 올렸네 만루홈런
그걸로 난 사 점을 넘기지
오점이 되더라도
4할이 아닌 사활을 건
내 남은 삶은 엘도라도
손목에 rollies
그래 지금 내 시간은 황금기야
영원한 좆같음에도
내 성질에 쉽게 그만둘 리가
10년 이상 해 먹었지
So i got a lot of bitches
전쟁 같은 밤이 계속될수록
달아오르겠지
나를 얼마에 부르든
난 감사는 기본 천만에
근데 존경이 첫 번째야
그게 없담 아는 척 안 해
이제 어느 정도 열반의 경지를
느끼지
I say 오
단세포에서 난 새로운 줄기를 창조
Mazeltov
Yeah Always On My Grind
저번 달 얼마 안 벌었어도
차원이 다른 포만감
내 매니저는 내가 하고
싶은 것만 골라놔
누가 욕해도 뭔 상관
난 태어날 때부터 거만함

[Bridge]
내가 예술에 취할 때면
돈은 그때다 싶어
나를 밤마다 데리러 와
맨날 해오던 일이지
별다를 게 없어도
날 꿈의 나라로 데리고 가

[Hook]
Money don't lie money don't lie
돈은 거짓말 안 해
Money don't lie money don't lie
내 돈은 거짓말 안 해
Money don't lie money don't lie
난 절대 거짓말 안 해
Money don't lie money don't lie

[Verse 3]
Hol'up 돈은 딱 한번
날 속인 적 있었지
내 팀을 깨버리고
꿈꿔온 그림을 싹 다 찢었지
목에 걸고 싶었던 건
Gold chain 아닌 인디펜던트
제일 적 같던 나 자신과의
긴 싸움 뒤에 찝찝했던
나를 씻어내고 맞이했지
Re birthday
내 왼쪽 눈이 말해주지
더 멀리 볼게
주사위 하나 던진다고
행운의 번호는 절대 안 나와
신을 탓해봤자 남는 건
삶에 대한 적대감 하나
난 내 운을 타이밍 따위에
맡기진 않지
Just rhymin
살아남아 봤지
그 경험치가 날 지켜왔지 고스란히
초심을 기억은 해 근데 못 돌아가
이대로 i'moutchea
사랑을 얘기하는 이 노랜
상업적 그 자체야
또 내가 여태껏 걸어왔던
거리의 음악이기에
한국은 안돼 라는 생각도
점점 바뀌긴 해
마 계산기는 안 두드려도 돼
마 무능력을 다 뚜드려 팰게
난 정치 같은 건 못해
이 곳은 아마겟돈
날 의심 말라고 전해줘
내 카르마에게도

[Bridge]
내가 예술에 취할 때면
돈은 그때다 싶어
나를 밤마다 데리러 와
맨날 해오던 일이지
별다를 게 없어도
날 꿈의 나라로 데리고 가

[Hook]
Money don't lie money don't lie
돈은 거짓말 안 해
Money don't lie money don't lie
내 돈은 거짓말 안 해
Money don't lie money don't lie
난 절대 거짓말 안 해
Money don't lie money don't lie

Romanization

[Intro]
MSNBC
Simon Domic & GRAY
AOMG
Don-eun geojismal an hae
Yeah

[Verse 1]
Donboda joh-eun geos-eun deo manh-eun don
Sseun mankeum beolgo beonmankeum sseuneun hustle
Ganan-i beobboda museowossdeon
Eolil jeog-ui agmongdeul-i
Nal gamanhi dwoss-eossdamyeon
Jigeum-ui naneun eobs-eossgessji
Ijen naega nal mos gamdanghageodeun
Naui buneun abeojigat-i balo yeop
Ko dah-eul wichiya
Slut gat-eun seulleompeu
Nal kkosijiman nan kosbang-gwi kkwieo
Seong-gong-eun jogangjicheo
Geunyeoleul mos gajil geomyeon
Al-aseo mogaji cut
Geunde daebubun gojailgeol
Sagikkundeul-ui cheongug-e naega beollil sagigeug
Jiog-e ppajyeoissneun gajjadeul-eul da guwonhae
Danji sallyeoduneun geosppun
Jinjjaga deo jinjja jug-yeojusigekkeum
Haengdong-eulo boyeojuji the truth
Mueon-ui bangsig
Mo money mo problems
Geugeol malhaneun nae ib-eun sachi
Nan bij-ilan dan-eoleul dwijib-eo
Gyeolgug-en jib-eul sassji
Ja eoseo ttaemud-eun don mungchil
Nae yesul-eda jeogsyeo
Habbeobjeog-in don setag
Dwital eobs-i da wash up

[Bridge]
Naega yesul-e chwihal ttaemyeon
Don-eun geuttaeda sip-eo
Naleul bammada delileo wa
Maennal haeodeon il-iji
Byeoldaleul ge eobs-eodo
Nal kkum-ui nalalo deligo ga

[Hook]
Money don't lie money don't lie
Don-eun geojismal an hae
Money don't lie money don't lie
Nae don-eun geojismal an hae
Money don't lie money don't lie
Nan jeoldae geojismal an hae
Money don't lie money don't lie

[Verse 2]
Imi 3luen myeong-ye
2luen don-i beiseue bal-eul dwossgo
Bang-geum 1lue gwageoleul bonaego
Nan sswa ollyeossne manluhomleon
Geugeollo nan sa jeom-eul neomgiji
Ojeom-i doedeolado
4hal-i anin sahwal-eul geon
Nae nam-eun salm-eun eldolado
Sonmog-e rollies
Geulae jigeum nae sigan-eun hwang-geumgiya
Yeong-wonhan jojgat-eum-edo
Nae seongjil-e swibge geumandul liga
10nyeon isang hae meog-eossji
So i got a lot of bitches
Jeonjaeng gat-eun bam-i gyesogdoelsulog
Dal-aoleugessji
Naleul eolma-e buleudeun
Nan gamsaneun gibon cheonman-e
Geunde jongyeong-i cheos beonjjaeya
Geuge eobsdam aneun cheog an hae
Ije eoneu jeongdo yeolban-ui gyeongjileul
Neukkiji
I say o
Dansepo-eseo nan saeloun julgileul changjo
Mazeltov
Yeah Always On My Grind
Jeobeon dal eolma an beol-eoss-eodo
Chawon-i daleun pomangam
Nae maenijeoneun naega hago
Sip-eun geosman gollanwa
Nuga yoghaedo mwon sang-gwan
Nan taeeonal ttaebuteo geomanham

[Bridge]
Naega yesul-e chwihal ttaemyeon
Don-eun geuttaeda sip-eo
Naleul bammada delileo wa
Maennal haeodeon il-iji
Byeoldaleul ge eobs-eodo
Nal kkum-ui nalalo deligo ga

[Hook]
Money don't lie money don't lie
Don-eun geojismal an hae
Money don't lie money don't lie
Nae don-eun geojismal an hae
Money don't lie money don't lie
Nan jeoldae geojismal an hae
Money don't lie money don't lie

[Verse 3]
Hol'up don-eun ttag hanbeon
Nal sog-in jeog iss-eossji
Nae tim-eul kkaebeoligo
Kkumkkwoon geulim-eul ssag da jjij-eossji
Mog-e geolgo sip-eossdeon geon
Gold chain anin indipendeonteu
Jeil jeog gatdeon na jasingwaui
Gin ssaum dwie jjibjjibhaessdeon
Naleul ssis-eonaego maj-ihaessji
Re birthday
Nae oenjjog nun-i malhaejuji
Deo meolli bolge
Jusawi hana deonjindago
Haeng-un-ui beonhoneun jeoldae an nawa
Sin-eul tashaebwassja namneun geon
Salm-e daehan jeogdaegam hana
Nan nae un-eul taiming ttawie
Matgijin anhji
Just rhymin
Sal-anam-a bwassji
Geu gyeongheomchiga nal jikyeowassji goseulanhi
Chosim-eul gieog-eun hae geunde mos dol-aga
Idaelo i'moutchea
Salang-eul yaegihaneun i nolaen
Sang-eobjeog geu jacheya
Tto naega yeotaekkeos geol-eowassdeon
Geoliui eum-ag-igie
Hangug-eun andwae laneun saeng-gagdo
Jeomjeom bakkwigin hae
Ma gyesangineun an dudeulyeodo dwae
Ma muneunglyeog-eul da ttudeulyeo paelge
Nan jeongchi gat-eun geon moshae
I gos-eun amagesdon
Nal uisim mallago jeonhaejwo
Nae kaleuma-egedo

[Bridge]
Naega yesul-e chwihal ttaemyeon
Don-eun geuttaeda sip-eo
Naleul bammada delileo wa
Maennal haeodeon il-iji
Byeoldaleul ge eobs-eodo
Nal kkum-ui nalalo deligo ga

[Hook]
Money don't lie money don't lie
Don-eun geojismal an hae
Money don't lie money don't lie
Nae don-eun geojismal an hae
Money don't lie money don't lie
Nan jeoldae geojismal an hae
Money don't lie money don't lie","","","","",""
"Me No Jay Park","Simon Dominic","1kRcDer4wEPGRTVV746X00","Korean

[Verse 1]
힘든 놈들 힘들게 살게 놔둬
난 몰라 신경 꺼, me no Jay Park, me no Jay Park
내 일이 아니면 관심 안 가져
알아도 신경 꺼, me no Jay Park, me no Jay Park
AOMG는 Jay 빨, 그 다음은 Loco, GRAY 빨
작년엔 나랑 꽤 차이 나는 두께의 paper
Ugly Duck 말고 또 다른 덕은 나야, lame duck
같이 시작할 때만 좀 봤지, 나의 name 덕
Style 다른 둘, 한 명은 늘 확실한 계획이 있어
정규 타이틀도 'Worldwide', 1년의 반을 비행기 속
한 놈은 진지만 빨고 늘어진 lazy son
Overlook에 갇힌 jack같이 갈수록 wreck-it mode
점점 기울어지는 책임감의 무게
Hit 몇 개로 재탕하는 양심 없는 나의 무대
그딴 걸 보러 와준 팬들에겐 고맙고 미안
변이나 늘어놓을 이런 big shit 코 막어 일단
쇼미는 솔직히 회사에게 보여주기식
사장으로서 do somethin', do somethin'
실적 올리기 위해 언행도 불일치
인터뷰에선 그럴싸한 핑계들을 주섬주섬
무엇보다 늦어지는 comeback에 가장 문제인 건
내 자신한테 받아내기 힘든 okay cut
I said again and again, 계속 take one
욕심은 깊어져, deeper than rap, 진짜 좆돼 이건
리더로서의 내 자질, 딱 잘라내면 난 fake thug
추억의 IK도 무감각해진 pathos
끝까지 shout-out 해준 건 J-Tong
함께하는 누구든 나는 불화다
누가 내 옆에 있어? 됐고

[Hook]
일해라 정기석 일해, 일해라 정기석 일해
일해라 정기석 일해, 일해라 정기석 일해
Simon D this Simon D that
Simon D this Simon D that
다 이래라저래라 지랄, 이래라저래라 지랄
일해라 정기석 일해, 일해라 정기석 일해
일해라 정기석 일해, 일해라 정기석 일해
Simon D this Simon D that
Simon D this Simon D that
다 이래라저래라 지랄, 이래라저래라 지랄

[Verse 2]
I can’t do Jay Park, AOMG의 주가
상승을 시킨 다음, H1GHR MUSIC까지
밥 먹듯 해외 출장, 결과는 ROC 계약 도장 쾅
HOVA와 찍은 셀피 보다가
부러운 맘에 속없는 새끼처럼 누른 like
새 시계를 사느냐 건물 살 돈을 쟁여두느냐
다 무의미야, 진짜 한심해 보여
올해는 딱 하나, 내 자존심의 회복
I don’t do Jay Park, 일개미에 배짱도 두둑
Hater들 눈에 난 존나 베짱이 수준
Studio에만 주둔, me vs myself
승패는 매번 you lose
모든 걸 져버린 간지로 돌아왔네, 두둥
누군 아이돌로 시작해서 얻어낸 R-E-S-P-E-C-T
누군 가사 한 줄 땜에 술자리에서 빙시짓
재능은 질보다는 양, 부정해온 난 비시즌
그런 날 부정하듯 Park의 삶이 말해 this is it
2년 연속 prize motherfucker In 한대음
그 사이에 늘어난 압박감에 좆밥 다 된 후
난 야망을 낮게 둬 실력보다 밑에 밑에
작업 방식도 다시 08’ 믹테 믹테
다들 관심 좀 중대 발표 일생일대
총을 머리에 lock and load, 그런 느낌 비슷해 이제
사장님 대표님 소리도 징그럽게 들려
난 Park의 속도를 따라가는 게 힘들었네 그저
지금 사임서를 작성 중, 이 노래가 그거
Me no down gradin', 나한테는 무조건 up
I’ll be humble as a mumble in the jungle
내가 이걸로 끝내겠어? 걍 멋 부리는 정도로
오직 래퍼일 때 나는 나답지, 그때만 믿음이 가지
내가 가진 이름이 다지, 그 이상도 이하도 아님
마음은 이미 싸인한 몸이지, 사임한 Simon Dominic
농담 아님, 회사는 고민의 사이즈가 커지지
주식도 내놓게 AOMG한테 첫 번째
Pumkin형은 변호사와 CJ 빨리 만나 문제없게
대신 형이 사장 배지 달고 나를 끌어내려 을로
서둘러 내 생각 못 바꾸게 언론 플레이도 얼른
여전히 바닥인 credit 좆까고 되돌아가려 해
되돌아봤네 매일 껍데기만 대표로 살아왔네
절실함 부족, 절실함 부족
결핍은 나의 힘, I’m ma take it back again
며칠 안으로

Romanization

[Verse 1]
Himdeun nomdeul himdeulge salge nwadwo
Nan molla singyeong kkeo
Me No Jay Park Me No Jay Park
Nae il-i animyeon
Gwansim an gajyeo al-ado singyeong kkeo
Me No Jay Park Me No Jay Park
AOMGneun jei ppal
Geu da-eum-eun lokko geulei ppal
Jagnyeon-en nalang kkwae
Chai naneun dukke-ui peipeo
Eogeulli deog malgo
Tto daleun deog-eun naya leimdeog
Gat-i sijaghal ttaeman jom bwassji
Naui neim deog
Seutail daleun dul
Han myeong-eun neul hwagsilhan gyehoeg-i iss-eo
Jeong-gyu taiteuldo worldwide
1nyeon-ui ban-eul bihaeng-gi sog
Han nom-eun jinjiman ppalgo
Neul-eojin lazy son
Overlook-e gadhin jackgat-i
Galsulog wreck-it mode
Jeomjeom giul-eojineun chaeg-imgam-ui muge
Hiteu myeoch gaelo jaetanghaneun
Yangsim eobsneun naui mudae
Geuttan geol boleo wajun
Paendeul-egen gomabgo mian
Byeon-ina neul-eonoh-eul
Ileon big shit ko mag-eo ildan
Syomineun soljighi hoesa-ege boyeojugisig
Sajang-euloseo do somethin'
Do somethin'
Siljeog olligi wihae eonhaengdo bul-ilchi
Inteobyueseon geuleolssahan
Ping-gyedeul-eul juseomjuseom
Mueosboda neuj-eojineun
Keombaeg-e gajang munjein geon
Nae jasinhante bad-anaegi himdeun
Okei keos
I said again and again
Gyesog take 1
Yogsim-eun gip-eojyeo deeper than rap
Jinjja jojdwae igeon
Lideoloseoui nae jajil
Ttag jallanaemyeon nan fake thug
Chueog-ui ikdo mugamgaghaejin pathos
Kkeutkkaji syalaus haejun geon jeitong
Hamkkehaneun nugudeun naneun bulhwada
Nuga nae yeop-e iss-eo
Dwaessgo

[Hook]
Ilhaela jeong-giseog ilhae
Ilhaela jeong-giseog ilhae
Ilhaela jeong-giseog ilhae
Ilhaela jeong-giseog ilhae
Simon d this simon d that
Simon d this simon d that
Da
Ilaelajeolaela jilal
Ilaelajeolaela jilal
Ilhaela jeong-giseog ilhae
Ilhaela jeong-giseog ilhae
Ilhaela jeong-giseog ilhae
Ilhaela jeong-giseog ilhae
Simon d this simon d that
Simon d this simon d that
Da
Ilaelajeolaela jilal
Ilaelajeolaela jilal

[Verse 2]
I can’t do Jay Park
Aomgeuui juga sangseung-eul sikin da-eum
H1ghr musickkaji
Bab meogdeus haeoe chuljang
Gyeolgwaneun ROC gyeyag dojang kwang
HOVAwa jjig-eun selpi bodaga
Buleoun mam-e sog-eobsneun
Saekkicheoleom nuleun laikeu
Sae sigyeleul saneunya
Geonmul sal don-eul jaeng-yeoduneunya
Da muuimiya jinjja hansimhae boyeo
Olhaeneun ttag hana
Nae jajonsim-ui hoebog
I don’t do Jay Park
Ilgaemie baejjangdo dudug
Heiteodeul nun-e nan jonna bejjang-i sujun
Seutyudio-eman judun
Me vs myself
Seungpaeneun maebeon you lose
Modeun geol jyeobeolin
Ganjilo dol-awassne dudung
Nugun aidollo sijaghaeseo
Eod-eonaen r-e-s-p-e-c-t
Nugun gasa han jul ttaem-e
Suljalieseo bingsijis
Jaeneung-eun jilbodaneun yang
Bujeonghaeon nan bisijeun
Geuleon nal bujeonghadeus
Parkui salm-i malhae this is it
2nyeon yeonsog prize motherfucker
In handaeeum
Geusaie neul-eonan abbaggam-e
Jojbab da doen hu
Nan yamang-eul najge dwo
Sillyeogboda mit-e mit-e
Jag-eob bangsigdo dasi 08’ migte migte
Dadeul gwansim jom
Jungdae balpyo ilsaeng-ildae
Chong-eul meolie lock & load
Geuleon neukkim biseushae ije
Sajangnim daepyonim solido
Jing-geuleobge deullyeo
Nan Parkui sogdoleul ttalaganeun ge
Himdeul-eossne geujeo
Jigeum saimseoleul jagseong jung
I nolaega geugeo
Me no down gradin'
Nahanteneun mujogeon eob
I’ll be humble
As a mumble in the jungle
Naega igeollo kkeutnaegess-eo
Gyang meos bulineun jeongdolo
Ojig laepeoil ttae naneun nadabji
Geuttaeman mid-eum-i gaji
Naega gajin ileum-i daji
Geu isangdo ihado anim
Ma-eum-eun imi ssainhan mom-iji
Saimhan saimeon dominig
Nongdam anim hoesaneun
Gomin-ui saijeuga keojiji
Jusigdo naenohge AOMGhante cheos beonjjae
Peomkinhyeong-eun byeonhosawa
CJ ppalli manna munjeeobsge
Daesin hyeong-i sajang baeji dalgo
Naleul kkeul-eonaelyeo eullo
Seodulleo nae saeng-gag mos bakkuge
Eonlon peulleido eolleun
Yeojeonhi badag-in credit
Jojkkago doedol-agalyeo hae
Doedol-abwassne maeil kkeobdegiman
Daepyolo sal-awassne
Jeolsilham bujog jeolsilham bujog
Gyeolpib-eun naui him
I’m ma take it back again
Myeochil an-eulo","","","","",""
"roommates only","Simon Dominic","7g8ynv4OzNyRemIiCDoFlW","Korean

[Verse 1]
작업실 이름도 '암실', 강남구청 근방
눈 뜨자마자 가는 길이야, 어, 도착해 금방
역시 지하지, 헛된 바람 한 줌 안 드는 공간
여긴 마치 무풍지대, 편할 수 밖에 없는 몸, 마음
내 방은 이곳에 있는 방 4개 중 제일 큰 방
매일 밤과 my mind's combined
맨발의 sound는 쿵 쾅
한 래퍼의 생애 중반, 고통이 다 해준 음반
Soon come, 누군가에겐 그게 기쁨이 되는 순간
널 초대할 여유가 이제야 돼, welcome to my darkroom
편하게 있다 가, 내 얘기가 듣고프면 가끔
전혀 어색한 게 없잖아, 너가 나를 오랜만에 만나도
대신 같이 불행해질 수도 있으니까 미리 알아둬
일을 하는 이유는 무조건 잘 그만두기 위해서
신중함이 너무 커졌고
아직 한참 중인 리허설 (Sorry for the wait)
Here's my food for funk, 오직 Sugar free
쓴 맛이 느껴진다면 씹지 말고 그냥 삼켜 물 없이

[Chorus]
혼자이길 원했기에 내 방은 어둡네
오랜 시간 동안 그저 나를 가려뒀네
나도 인간이기에 외로워, 네게 묻네
Do you really wanna be my roommate?
혼자이길 원했기에 내 방은 어둡네
어둠 속에 가려져 난 어디에도 없네
나도 인간이기에 외로워, 네게 묻네
Do you really wanna be
Wanna be my roommate?

[Verse 2]
A darkroom this is my last resort
할 말이 늘 많았는데 난 계속 잊어
그게 예술이든, 시덥잖은 개소리든
이제 내가 먼저 시간 낼 수 있어
어둡고 긴 터널 속에서 또 길을 헤매
빛나는 뭔갈 기대한 것도 아닌데
거기에 갇혀있는 내내
좋은 사람이 돼서 나온 것도 아닌데, yah
I'm livin' in the awk world today
밖에 나가면 자꾸 어색해지는 듯해
예전 같지 않잖아 너도 나처럼 마음을 아껴
시간도 아까워, 아까 못 본 체할 걸
원하는 걸 얻고 나면 서로를 버리기도
나도 어리석은 걸 알고 걔도 아직 어리지 뭐
인생의 반 정도를 이별하면서 시간 다 보내
생각의 기차를 타면 불편해 잠이 안 오네
내 마음 한 칸에 두고 간 딴 사람들의 짐으로 인해
내가 앉아 쉴 곳 하나 없어, 꽤나 힘들어했네
고맙단 말 한 마디 없이 와리 가리 해서
잠궈버린 문 밖에선 여전히 나에 대해서 말이 많지

[Chorus]
혼자이길 원했기에 내 방은 어둡네
오랜 시간 동안 그저 나를 가려뒀네
나도 인간이기에 외로워 네게 묻네
Do you really wanna be my roommate?
혼자이길 원했기에 내 방은 어둡네
어둠 속에 가려져 난 어디에도 없네
나도 인간이기에 외로워 네게 묻네
Do you really wanna be
Wanna be my roommate?

[Outro]
나의 한숨을 알아주는 건
My roommates only
I won't waste of my time
이 지겨운 얘길 들어주는 것도
Roommates only
Come in if you want a taste of my life
You fuck with me now I fuck with you
살면서 헤어짐은 당연히 있구
괜찮아 지금 내 마음은 Kid's pool
발만 담가놔도 이해해 Just peaceful
In my darkroom
In my darkroom
In my darkroom
In my darkroom

Romanization

[Verse 1]
Jag-eobsil ileumdo amsil gangnamgucheong geunbang
Nun tteujamaja ganeun gil-iya eo dochaghae geumbang
Yeogsi jihaji heosdoen balam han jum an deuneun gong-gan
Yeogin machi mupungjidae
Pyeonhal subakk-e eobsneun mom ma-eum
Nae bang-eun igos-e issneun bang 4gae jung jeil keun bang
Maeil bamgwa My mind's combined
Maenbal-ui saundeuneun kung kwang
Han laepeoui saeng-ae jungban gotong-i da haejun eumban
Soon come nugunga-egen
Geuge gippeum-i doeneun sungan
Neol chodaehal yeoyuga ijeya dwae
Welcome to my darkroom
Pyeonhage issda ga nae yaegiga deudgopeumyeon gakkeum
Jeonhyeo eosaeghan ge eobsjanh-a
Neoga naleul olaenman-e mannado
Daesin gat-i bulhaenghaejil sudo iss-eunikka
Mili al-adwo
Il-eul haneun iyuneun mujogeon
Jal geumandugi wihaeseo
Sinjungham-i neomu keojyeossgo
Ajig hancham jung-in liheoseol (Sorry for the wait)
Here's my food for funk ojig Sugar free
Sseun mas-i neukkyeojindamyeon
Ssibji malgo geunyang samkyeo mul eobs-i

[Chorus]
Honjaigil wonhaessgie nae bang-eun eodubne
Olaen sigan dong-an geujeo naleul galyeodwossne
Nado ingan-igie oelowo nege mudne
Do you really wanna be my roommate?
Honjaigil wonhaessgie nae bang-eun eodubne
Eodum sog-e galyeojyeo nan eodiedo eobsne
Nado ingan-igie oelowo nege mudne
Do you really wanna be
Wanna be my roommate?

[Verse 2]
A darkroom this is my last resort
Hal mal-i neul manh-assneunde nan gyesog ij-eo
Geuge yesul-ideun sideobjanh-eun gaesolideun
Ije naega meonjeo sigan nael su iss-eo
Eodubgo gin teoneol sog-eseo tto gil-eul hemae
Bichnaneun mwongal gidaehan geosdo aninde
Geogie gadhyeoissneun naenae
Joh-eun salam-i dwaeseo naon geosdo aninde
I'm livin' in the awk world today
Bakk-e nagamyeon jakku eosaeghaejineun deushae
Yejeon gatji anhjanh-a neodo
Nacheoleom ma-eum-eul akkyeo
Sigando akkawo akka mos bon chehal geol
Wonhaneun geol eodgo namyeon seololeul beoligido
Nado eoliseog-eun geol algo
Gyaedo ajig eoliji mwo
Insaeng-ui ban jeongdoleul ibyeolhamyeonseo sigan da bonae
Saeng-gag-ui gichaleul tamyeon bulpyeonhae jam-i an one
Nae ma-eum han kan-e dugo gan
Ttan salamdeul-ui jim-eulo inhae
Naega anj-a swil gos hana eobs-eo
Kkwaena himdeul-eohaessne
Gomabdan mal han madi eobs-i wali gali haeseo
Jamgwobeolin mun bakk-eseon
Yeojeonhi na-e daehaeseo mal-i manhji

[Chorus]
Honjaigil wonhaessgie nae bang-eun eodubne
Olaen sigan dong-an geujeo naleul galyeodwossne
Nado ingan-igie oelowo nege mudne
Do you really wanna be my roommate?
Honjaigil wonhaessgie nae bang-eun eodubne
Eodum sog-e galyeojyeo nan eodiedo eobsne
Nado ingan-igie oelowo nege mudne
Do you really wanna be
Wanna be my roommate?

[Outro]
Naui hansum-eul al-ajuneun geon
My roommates only
I won't waste of my time
I jigyeoun yaegil deul-eojuneun geosdo
Roommates only
Come in if you want a taste of my life
You fuck with me now I fuck with you
Salmyeonseo heeojim-eun dang-yeonhi issgu
Gwaenchanh-a jigeum nae ma-eum-eun Kid's pool
Balman damganwado ihaehae Just peaceful
In my darkroom
In my darkroom
In my darkroom
In my darkroom","","","","",""
"Ullah","Simon Dominic","13TfyTSYW7kgU8vnjQwEMx","Korean

[Intro]
이 나이 먹어도 나는 회전목마 위에
음악이 끝나기 전에는 절대 못 내리네
몇 번 말을 타고 얼마를 돌았는지 몰라도
지켜봐 주는 엄마 덕에 문제없다고 두 손 다 놔도

[Verse 1]
난 아무리 센 척해도 여자 눈에는 귀여운가 봄
또 밤새고 안 먹고 해서 망가진 영혼과 몸
이런 날 보면 생기는 고마운 보호본능
혼자는 잘 못 자 누가 토닥 해줘야만 코를 고는
내 Aka는 애기석 쌈디 Go child
더 이상 그만 그만 음악에 대한 고찰
여태껏 내가 원하는 대로 살아온 것 같지만 Nope
내 삶이 내게 바라는 형태로 살아왔지 난
다시 이름 앞에 붙여 Lil' 이름 앞에 붙여 Lil'
이룬 것 없이 남보다 먼저 찾아오는 1월
일에 재미를 잃어버린 뒤로 이 불만투성이는
못 내면 은퇴할 각오로 6월 15일로 D day를
예정대로 발매가 됐다면 자 축하 하하
정기훈도 Happy birthday 짝짝짝
칭찬도 비난도 Fuck It 잠시 암실에서 Free
하루만 걱정 없이 혼자 푹 자게 해줘 Please
눈을 뜨면 옆에는 매일 새로운 보모들
한동안 자연스럽게 끊고 살았네 포르노도

[Hook]
시간아 날 거꾸로 먹어줘 얼라 얼라
같은 기분으로 살 때 I feel alive alive
시간아 날 거꾸로 먹어줘 얼라 얼라
같은 기분으로 살 때 I feel alive alive

[Verse 2]
입에 문 사탕은 Funky flavah
내 손은 꾹 꾹 꾹 언제나 Press the play button
무대 위는 Kindergarten
생각만 해도 뛰듯 날듯 해
이제 나가 놀래 나가 놀래
그만 가둘래 방에 그만 가둘래 날 (알지?)
철드는 순간 더 크게 느낄 무게감

[Hook]
시간아 날 거꾸로 먹어줘 얼라 얼라
같은 기분으로 살 때 I feel alive alive
시간아 날 거꾸로 먹어줘 얼라 얼라
같은 기분으로 살 때 I feel alive alive
시간아 날 거꾸로 먹어줘 얼라 얼라
같은 기분으로 살 때 I feel alive alive
시간아 날 거꾸로 먹어줘 얼라 얼라
같은 기분으로 살 때 I feel alive alive

[Outro]
얼라 얼라 같은 기분으로 살 때 I feel alive alive
얼라 얼라 같은 기분으로 살 때 I feel alive alive

Romanization

[Intro]
I nai meog-eodo naneun hoejeonmogma wie
Eum-ag-i kkeutnagi jeon-eneun jeoldae mos naeline
Myeoch beon mal-eul tago eolmaleul dol-assneunji mollado
Jikyeobwa juneun eomma deog-e munjeeobsdago du son da nwado

[Verse 1]
Nan amuli sen cheoghaedo yeoja nun-eneun gwiyeounga bom
Tto bamsaego an meoggo haeseo mang-gajin yeonghongwa mom
Ileon nal bomyeon saeng-gineun gomaun bohobonneung
Honjaneun jal mos ja nuga todag haejwoyaman koleul goneun
Nae Akaneun aegiseog ssamdi Go child
Deo isang geuman geuman eum-ag-e daehan gochal
Yeotaekkeos naega wonhaneun daelo sal-aon geos gatjiman Nope
Nae salm-i naege balaneun hyeongtaelo sal-awassji nan
Dasi ileum ap-e but-yeo Lil' ileum ap-e but-yeo Lil'
Ilun geos eobs-i namboda meonjeo chaj-aoneun 1wol
Il-e jaemileul ilh-eobeolin dwilo i bulmantuseong-ineun
Mos naemyeon euntoehal gag-olo 6wol 15illo D dayleul
Yejeongdaelo balmaega dwaessdamyeon ja chugha haha
Jeong-gihundo Happy birthday jjagjjagjjag
Chingchando binando Fuck It jamsi amsil-eseo Free
Haluman geogjeong eobs-i honja pug jage haejwo Please
Nun-eul tteumyeon yeop-eneun maeil saeloun bomodeul
Handong-an jayeonseuleobge kkeunhgo sal-assne poleunodo

[Hook]
Sigan-a nal geokkulo meog-eojwo eolla eolla
Gat-eun gibun-eulo sal ttae I feel alive alive
Sigan-a nal geokkulo meog-eojwo eolla eolla
Gat-eun gibun-eulo sal ttae I feel alive alive

[Verse 2]
Ib-e mun satang-eun Funky flavah
Nae son-eun kkug kkug kkug eonjena Press the play button
Mudae wineun Kindergarten
Saeng-gagman haedo ttwideus naldeus hae
Ije naga nollae naga nollae
Geuman gadullae bang-e geuman gadullae nal (alji?)
Cheoldeuneun sungan deo keuge neukkil mugegam

[Hook]
Sigan-a nal geokkulo meog-eojwo eolla eolla
Gat-eun gibun-eulo sal ttae I feel alive alive
Sigan-a nal geokkulo meog-eojwo eolla eolla
Gat-eun gibun-eulo sal ttae I feel alive alive
Sigan-a nal geokkulo meog-eojwo eolla eolla
Gat-eun gibun-eulo sal ttae I feel alive alive
Sigan-a nal geokkulo meog-eojwo eolla eolla
Gat-eun gibun-eulo sal ttae I feel alive alive

[Outro]
Eolla eolla gat-eun gibun-eulo sal ttae I feel alive alive
Eolla eolla gat-eun gibun-eulo sal ttae I feel alive alive","","","","",""
"Stay Cool","Simon Dominic","1uAs77bRYKKMjQ2YCkbS8o","[Intro: Simon Dominic, Zion.T]
Yeah, yea
Simon. D
Zion. T
Ouu yeah
Stay cool, stay cool
Stay cool, yeah
Stay, stay cool baby

[Verse 1: Simon Dominic, Zion.T]
힘들어하지 마 Baby 잘 풀리겠지
입에서만 맴돌던 근심도 물리겠지
아직도 엄마 품을 그리워해
왜 그리도 내가 누운 바닥만 차가웠었나
그리고 나만 못 났을까
그런 생각지 마요
차라리 나한테 억지 부리는 땡깡이 나아요
9 to 5, 그대가 제일 빛나는 시간
밤이 되면 밝혀지는 섹시함, 미안
일하는 모습이 말이야 너무나도 beautiful
매일 일만 했음 좋겠어 앗 이건 무리수
늦은 밤 카페에서 그대는 친구들 만나
커지는 목소리 입버릇처럼 내뱉는 참나
그래 그걸 어떻게 참아
그저 다만 옆 테이블은 좀 신경 써요 mama
목을 아꼈으면 해 my dear
그것만 마시고 일어나요 딴 데로 새면 미워

[Hook: Zion.T]
Baby 너무 걱정하지 마 괜히 후 한숨짓지 마
넌 웃는 게 예뻐 매번 말하지만
Baby stay cool 찡그리지 마
음, 아까운 눈물 흘리지 마 우리 손 꼭 잡고 있잖아
놓치지 않아 네가 잘 알잖아
Baby it’s so good 흔들리지 마

[Refrain: Simon Dominic, Zion.T]
Stay cool, cool cool cool cool cool cool
It’s so good, good good good good good
It’s gon’ be alright
Stay cool, cool cool cool cool cool cool
It’s so good, good good good
Stay stay cool baby

[Verse 2: Simon Dominic]
띠리링 급하게 만나자는 그대의 phone call
무슨 일일까 괜히 물어뜯는 손톱
멀리서 봐도 동그란 얼굴이 반쪽이 돼버린
안타까움에 내 맘 꼬깃꼬깃해졌잖아
Baby 고갤 들어 많이 보고 싶었어
그렇게도 오늘 하루가 미웠어
내가 다 들어줄게 내게 화 풀어도 돼
같이 힘들어 줄 테니까 기대어 울어도 돼
그대와 나 아직은 어리기에
몰라도 되는 것들이 머리 위에서
우릴 밑으로 꾹 눌러대 그렇게 물렁해진 채로
베개를 벨 때마다 눈물이 그렁대
부대끼면 언제나 부딪히게 되고
그 아픔에 익숙해도 소리 지르게 되는 매번
난 그대의 등 뒤를 안아줄 푹신한 쿠션
오늘도 수고했어 집에 가서 푹 쉬어

[Hook: Zion.T]
Baby 너무 걱정하지 마 괜히 후 한숨짓지 마
넌 웃는 게 예뻐 매번 말하지만
Baby stay cool 찡그리지 마
음, 아까운 눈물 흘리지 마 우리 손 꼭 잡고 있잖아
놓치지 않아 네가 잘 알잖아
Baby it’s so good 흔들리지 마

[Refrain: Simon Dominic, Zion.T]
Stay cool, cool cool cool cool cool cool
It’s so good, good good good good good
It’s gon’ be alright
Stay cool, cool cool cool cool cool cool
It’s so good, good good good
Stay stay cool baby

[Verse 3: Simon Dominic, Zion.T]
손대면 톡 하고 터질 것만 같은
그대의 분노는 잠시 넣어둬 넣어둬
열병처럼 앓았던 날들이 후회스러워도
침착해 워워 워워
손대면 톡 하고 터질 것만 같은
그대의 분노는 잠시 넣어둬 넣어둬
열병처럼 앓았던 날들이 후회스러워도
침착해 워워 워워

[Bridge: Zion.T]
네가 지칠 때 팔베개해줄게
편히 누워도 돼 두 눈을 감아
네가 슬플 때 손수건 돼줄게
내 어깨에 기대 눈물을 닦아

[Outro: Simon Dominic, Zion.T]
Stay cool, cool cool cool cool cool cool
It’s so good, good good good good good
It’s gon’ be alright
Stay cool, cool cool cool cool cool cool
It’s so good, good good good
Stay stay cool baby","","","","",""
"Spring Is Gone by chance","Loco","5rZN0PP6xZsf5SWxkpMm7k","[Chorus: Yuju]
우연히 내게 오나 봐
봄 향기가 보여
너도 같이 오나 봐
저 멀리서 네 향기가
설레는 코끝에 나의 입술에
괜찮은 느낌 이 떨림
나도 몰래 우연히 봄

[Verse 1: Loco, Yuju, Both]
어 어느새 겨울 지나 봄이야
여전히 난 너 앞에선 돌이야
난 아직 이게 믿기지가 않지만
내 왼손은 지금까지도 너의 향기가
미묘하게 흘렀던 분위기에
아직까지 난 가까스로 숨 쉬네
무대 위완 다르게 네 눈을 피해 (Ooh~)
고개를 돌렸던 내 모습에 한숨 쉬네
오랜만에 느껴지는 이 떨림이 (Ooh~) 날 단순하게 만들어
딱 너만 아른거리지
다 고쳤다고 생각했던 버벅임이 또 도져서 (Yeah~)
준비했던 말을 잊어버리지
난 주워 담지 못할 말은 절대 안 해
원하는 걸 말해 봐 널 위해서만 할게
너 빼곤 다 색칠할 수 있어 까맣게 (Yeah, woo~)
천천히 갈게 조금 더 가깝게

[Chorus: Yuju]
우연히 내게 오나 봐
봄 향기가 보여
너도 같이 오나 봐
저 멀리서 네 향기가
설레는 코끝에 나의 입술에
괜찮은 느낌 이 떨림
나도 몰래 우연히 봄

[Verse 2: Loco, Yuju, Both]
우연히 봄
어 아직까지 향기가 짙네
발걸음이 가벼워 집에 가는 길엔
더 가까워질 너와 나를 상상하는 내 모습이 오글거려 몸서리치네
어 어 머릿속이 하얘지기 때문에 (Ooh, ooh~)
하루 종일 날씨 얘기만 반복하게 돼
오로지 난 너 하나 때문에 다른 것들에겐 무감각하게 돼 (Ooh, Ooh~)
정적이 만드는 긴장감은 오히려 설레어 나를 미소 짓게 만들어 (Ooh, yeah~ Ooh~)
모른 척하려 했던 네 옆의 남자들은
흐릿했던 내 눈앞에 불을 켜게 만들어
겨울은 유난히도 추웠고 다시 돌아온 그토록 기다렸던 봄
움직이지 못하도록 잡고 있고 싶어 (Yeah, woo~)
날 더 느낄 수 있게 안고 있고 싶어

[Chorus: Yuju]
우연히 내게 오나 봐
봄 향기가 보여
너도 같이 오나 봐
저 멀리서 네 향기가
설레는 코끝에 나의 입술에
괜찮은 느낌 이 떨림
나도 몰래 우연히 봄

[Bridge: Yuju]
I love u so I love u
너무 쉬운걸
그래도 나 참고 있을게
난 여자이니까 하루 더 기다려

[Outro: Yuju]
바보야 내게 말해 봐
네 마음도 보여
갖고 싶다고 해 봐
더 이상은 감추지 마
어느새 내 앞에 이젠 내 앞에
괜찮은 느낌 이 떨림
나도 몰래 우연히 봄","","","","",""
"Say Yes","Loco","27zrFrtUtWl2urlvjOn5xc","[로꼬 ""Say Yes"" ft. 펀치 가사]

[Chorus: Punch]
니 눈앞에 왔잖아
내가 여기 있잖아
너의 입술로 말을 해줘
Say yes, say yes
나도 모르게
너에게 가고 있나봐
부는 바람에 내 맘 전할래
Love is true

[Verse 1: Loco]
간지럽게만 느껴지던 눈 빛이
이제는 익숙 하단듯이 웃음 짓지
그 쪽으로 걸어가기만 하면 돼
라고
친구들은 계속해서
날 부추기지만
아직은 무거운 구두의 뒷 굽
차라리 벗어버리고 싶은 이 밤의 끝
손을 내밀어 줬으면 해
맨발로 너에게 뛰어갈 수 있게 끔

[Verse 2: Loco]
복잡하기만한 하루에
매 시간 머리를 굴리지만 난 hey
지금에서야 깨달은 건데
결국 다 버려지고 너만 남아 yeah
지난 봄에는 널 우연히 봤고
더 이상은 우연이
아니였으면 해 uh
스치기만 했던 너의 손을 잡고
어떤 길이라도
같이 걸었으면 해

[Chorus: Punch]
니 눈앞에 왔잖아
내가 여기 있잖아
너의 입술로 말을 해줘
Say yes, say yes
나도 모르게
너에게 가고 있나봐
부는 바람에 내 맘 전할래
Love is true

[Post-Chorus: Punch]
Oh, oh, oh, I need you
Oh, oh, oh, baby 너에게 하고 픈 말
내가 못다한 말
Baby, baby, baby, boy
Love is true

[Verse 3: Loco]
Yeah 어디든 갈 수 있어 이건
거짓말이 아니야 yeah, yeah, yeah
이제부터는 나의 옆이
제일 편한 자리야 yeah, yeah
입술을 오므리고 내는 소리와 같이
내 이름을 불러줬음 좋겠어 (좋겠어)
내가 뒤로 떨어져서 걷더라도 단지
이 목소리를 들어줬음 좋겠어

[Chorus: Punch]
니 눈앞에 왔잖아
내가 여기 있잖아
너의 입술로 말을 해줘
Say yes, say yes
나도 모르게
너에게 가고 있나봐
부는 바람에 내 맘 전할래
Love is true

[Bridge: Punch]
내가 바라는 단 한가지
니가 내곁에 있어주는 것
니가 날 보며 웃어주는것도
내 얘길 들어주는것도
난 그걸로도 충분한데 you

[Chorus: Punch]
너를 보며 웃잖아
두 눈이 말하잖아
너도 이렇게 대답해줘
Say yes, say yes
너라서 좋아
니가 날 울려도 좋아
너는 나의 모든 전부니까
Love is true

[Post-Chorus: Punch]
Oh, oh, oh, I need you
Oh, oh, oh, baby 너에게 하고 픈 말
내가 못다한 말
Baby, baby, baby, boy
Love is true","94.996","0.778","0.696","-4.653","0.41"
"It Takes Time (Feat. Colde)","Loco","1hhhgA9X2UJCxV4Vk8exVp","[로꼬 ""시간이 들겠지 (ft. 콜드)"" 가사]

[Chorus: Loco]
지나간 여름 밤
시원한 가을바람
난 여전히 잠에 들
기가 쉽지않아 뒤척이고 있어

[Post-Chorus: Loco]
내가 계획했던 것
유난히 뜨거웠던 너
뭐 하나라도
내 걸로 만들기 어려워
또 시간이 들겠지
또 시간이 들겠지

[Verse 1: Loco]
벌써 1년이 벌써 한달이
벌써 하루가
추억할 시간도 없이 빨리
지나갔고 내게는
또 새로운 고민거리들로
단 한시간 조차 못 버티고 있어
마른 입술이 뜯겨
아직도 적응을 못했어
이런 감정은
지나가버리면 그만인데
모르겠어 지나치는 방법을
억지로 감은 눈을 떴을 때
내일 모레였음 좋겠는데

[Chorus: Loco]
It takes time
지나간 여름 밤
시원한 가을바람
난 여전히 잠에 들
기가 쉽지않아 뒤척이고 있어

[Post-Chorus: Loco]
내가 계획했던 것
유난히 뜨거웠던 너
뭐 하나라도 내 걸로
만들기 어려워
또 시간이 들겠지
또 시간이 들겠지

[Refrain: Loco]
It takes time
시간이 들겠지
It takes time
또 시간이 들겠지
It takes time
시간이 들겠지
It takes time
또 시간이 들겠지

[Verse 2: Loco]
언제쯤이면 괜찮아질까
알면서도 자꾸 반복하는 질문
괜찮냐고 들을 때마다 표정은
점점 굳어지는 기분
시간이 들겠지라고 적었다가
지우고 힘들다 라고 써
소원이 있다면
아무 생각 없이 잠들고 싶어
시원한 여름 노래들은
희망고문이였고
오랜만에 갈색의
가을 안에서 나는 기어코
시계만 쳐다보고 있네
얼마나 걸릴 아픔 이길래

[Bridge: Colde]
이제는 돌아갈 수 없어도
여전히 난 그 자리에 서있어
흩어져 있는 시간 속
우리와 다시 마주칠 순 없을까
많은 시간이 흐른 뒤
그때야 우린 알겠지

[Post-Chorus: Loco]
내가 계획했던 것
유난히 뜨거웠던 너
뭐 하나라도
내 걸로 만들기 어려워
또 시간이 들겠지
또 시간이 들겠지

[Outro: Loco]
It takes time
It takes time
It takes time","120.014","0.483","0.616","-8.533","0.253"
"Don’t","Loco","4MidkNeonif4PcWSjkwOb7","[Intro]

[Verse 1]
Slip inside the eye of your mind
Don't you know you might find
A better place to play?
You said that you'd never been
But all the things that you've seen
Will slowly fade away

[Pre-Chorus]
So I start a revolution from my bed
'Cause you said the brains I had went to my head
Step outside, summertime's in bloom
Stand up beside the fireplace
Take that look from off your face
You ain't ever gonna burn my heart out

[Chorus]
And so, Sally can wait
She knows it's too late as we're walkin' on by
Her soul slides away
""But don't look back in anger,"" I heard you say

[Verse 2]
Take me to the place where you go
Where nobody knows
If it's night or day
Please don't put your life in the hands
Of a rock 'n' roll band
Who'll throw it all away

[Pre-Chorus]
I'm gonna start a revolution from my bed
'Cause you said the brains I had went to my head
Step outside, 'cause summertime's in bloom
Stand up beside the fireplace
Take that look from off your face
'Cause you ain't ever gonna burn my heart out

[Chorus]
And so, Sally can wait
She knows it's too late as she's walking on by
My soul slides away
""But don't look back in anger,"" I heard you say

[Guitar Solo]

[Chorus]
So, Sally can wait
She knows it's too late as we're walking on by
Her soul slides away
""But don't look back in anger,"" I heard you say
So, Sally can wait
She knows it's too late as she's walking on by
My soul slides away
""But don't look back in anger
Don't look back in anger,"" I heard you say

[Outro]
""At least not today""","79.975","0.288","0.738","-8.721","0.311"
"You Don′t Know","Loco","1l5ucvhFyb65OGMX8spr4R","[Intro]
One, two, three
Uh huh
GRAY

[Verse 1]
난 오늘밤도 너를 떠올려
니가 모르게 니가 모르게
난 지금 이 순간에도
어김없이 너를 떠올려
니가 모르게 니가 모르게
오늘도 조용하게
말하지 닿을 수 있다면
당장 그리로 달려갈 수 있다면
어쩔 수 없다는 상황 탓을 하며
괜히 상상해 보는
너와 마주치는 장면
날 달래주는 말 언젠가는
그래 다시 볼 수 있겠지 널 언젠가는
매일 너의 사진들을
확인하는 나와는
다르게 애써 무관심한 척 보낸 말들
더는 아무것도 모른 채 살고 있겠지
노래를 듣게 되도 그냥 지나치겠지
용기를 내고 싶어 마셨던 술
때문에 잃었던 기억
서롤 붙잡고 쳤던 춤
더 빠져들기 싫어서 멈췄던 대화
넌 지금쯤 어떤 상대와
또 인연을 맺고 있을 수도 있어
이기적이지만
그 인연은 아니길 난 빌어

[Bridge]
난 오늘밤도 너를 떠올려
니가 모르게 니가 모르게
난 지금 이 순간에도
어김없이 너를 떠올려
니가 모르게 니가 모르게

[Hook]
This song is about
You you you you you
But you don't know
This song is about
You you you you you
But you don't know
This song is about
You you you you you
But you don't know
This song is about
You you you you you
But one two three

[Verse 2]
생각했었지 미련을 갖기엔
인생은 너무 짧다
그런 말을 하기엔
난 아직 어린가 봐
너의 말 한마디에
아무것도 하지 못하고 있는
나를 알기에
걷어내고 싶어 네 마음에 모든 벽
궁금해 그 벽장 속에 모든 것
조금이라도 내가 담겨있을 까
아니면 다른 누군가로
가득 차 있을까
분명히 언젠가는 잊혀지겠지
시간은 가고 이 노래가 남겨지겠지
이 감정을 버리고 싶지 않아서
난 끄적였던 가사들을
이 곳에 다 담았어
넌 지금 나의 모든 것을 벌거벗겨
그래도 난 부끄럽지 않아
당당하게 서있어
하지만 넌 아무것도 보지 못해
지금도 너를 떠올리네
니가 모르게

[Bridge]
난 오늘밤도 너를 떠올려
니가 모르게 니가 모르게
난 지금 이 순간에도
어김없이 너를 떠올려
니가 모르게 니가 모르게

[Hook]
This song is about
You you you you you
But you don't know
This song is about
You you you you you
But you don't know
This song is about
You you you you you
But you don't know
This song is about
You you you you you but you

[Verse 3]
나도 알아 내 손을
네 몸에 댈 수 없어
너무 멀어 내 목소리를 낼 수 없어
나도 모르게 커져가는 욕심
너에게도 나라는
존재가 닿길 바라지
나도 알아 내 손을 네 몸에 댈 수 없어
너무 멀어 내 목소리를 낼 수 없어
나도 모르게 커져가는 욕심
너에게도 나라는
존재가 닿길 바라지

[Bridge]
난 오늘밤도 너를 떠올려
니가 모르게 니가 모르게
난 지금 이 순간에도
어김없이 너를 떠올려
니가 모르게 니가 모르게

[Hook]
This song is about
You you you you you
But you don't know
This song is about
You you you you you
But you don't know
This song is about
You you you you you
But you don't know
This song is about
You you you you you
But one two three","125.981","0.345","0.655","-10.025","0.614"
"Too Much (Feat. DEAN)","Loco","1uhxMfjhglHoWlNyN3JaGs","[로꼬 ft. 딘 ""지나쳐"" 가사]

[Chorus: Loco]
Yeah (GRAY)
너무 지나쳐, yeah
휘어지는 굴곡이 너무 지나쳐, yeah (You do)
올라간 치마 길이 너무 지나쳐, yeah (Too much)
내려가는 나의 시선이 지나쳐, yeah (Sorry)

[Verse 1: Loco]
너의 발길을 멈추기엔 (Eh)
나의 평범함이 너무 지나쳐
니가 소리 내는 하이힐 킥 주위엔
검은 제비들 높이가 너무 지나쳐 (Eh)
일정한 걸음걸이 난 나른하고 싶지만
심장박동이 너무 지나쳐
풀린 듯한 눈 가던 길 가라 하는 듯해도
나는 못 지나쳐
관람하기만 해
홀로 앉은 채로 숨 막히는 청불 영화를 보듯이 (보듯이)
난감하기만 해
팔다리가 아무것도 못하고 있는 나의 모습이
사실 너와 눈 마주치기 싫어
이미 지나치게 축복받고 있는 삶이 (Yeah)
흐트러질 것 같거든 망가져 버릴 것만 같거든

[Chorus: Both, Loco, DEAN]
너무 지나쳐, yeah
휘어지는 굴곡이 너무 지나쳐, yeah (You do)
올라간 치마 길이 너무 지나쳐, yeah (Too much)
내려가는 나의 시선이 지나쳐, yeah (Wait!)

[Post-Chorus: DEAN]
Can I get a ""Oh yeah, oh yeah""?
넌 too much but I like it
Okay (Okay) Her dance (Her dance)
Is too much but I like it, yeah
봄이 코끝을 스치듯
넌 날 지나쳐, yeah

[Verse 2: Loco, DEAN]
(Oh-yeh) 니가 모르게 널 상상해도
이번에는 닿지 않기를 빌게 (Yeah)
이제는 주머니가 두둑해도
하루빨리 이 앨범을 내야 해
바텐더는 내게 술을 주지 마 (주지 마)
창문은 이쪽으로 바람 불지 마 (No, no)
난 지금도 충분히 충분하니까
내 앞에서 더는 (더는)
지나치지 마 oh yeah, nope
지금 이 느낌이 김칫국이라면 no more, yeah
신께서 주신 찬스인 거라도 괜히 걱정돼, oh wait
이건 본 적 없던 케이스
I don't care, yeah
I don't wanna care, yeah, yeah
DJ, play it again, again

[Chorus: Loco, DEAN]
너무 지나쳐, yeah (Ooh, yeah)
휘어지는 굴곡이 너무 지나쳐, yeah (You got me girl, ooh)
올라간 치마 길이 너무 지나쳐, yeah (Ooh)
내려가는 나의 시선이 지나쳐, yeah (Hey, baby)

[Post-Chorus: DEAN]
Can I get a ""Oh yeah, oh yeah""?
넌 too much but I like it
Okay (Okay) Her dance (Her dance)
Is too much but I like it, yeah
봄이 코끝을 스치듯
넌 날 지나쳐, yeah","115.067","0.696","0.799","-6.621","0.414"
"Still (Feat. Crush)","Loco","0UsIsMukG8WAV0CVorWOTb","[로꼬 ""남아있어"" (Feat. 크러쉬) 가사]

[Chorus: Loco]
유난히 뜨거웠던 지난 여름과
내 손을 잡아줬던 너의 미소
이제 다시는, 다시는 볼 수 없지만
다시는 느낄 수 없지만
여전히 남아있어
여전히 남아있어
선명하게 남아있어, 남아있어

[Verse 1: Loco]
무대는 끝났고 난 누워서 밀리고 밀린
가사를 적어 창밖엔 비가 내리고 있지
시원한 바람이 얼굴에 닿으면
올해 여름도 끝이 났다는 걸 차갑게 느낄 수 있지
1년 한 달 하루 일분일초에
모든 건 변해 오늘도 어제가 될 거야
근데 난 지금 부르는 이 노래가
너의 기억 속에 영원히 남길 원해
지나간 여름에 유난히 더 많이 보였던 손바닥
무대 위로 몸을 내던지는 횟수는 계속 올라가
팬들의 얼굴을 기억해 맨 앞엔 익숙한 라인업
시작을 같이 했지만 이젠 못 보는 얼굴까지도
너도 내일이 되면 내 눈앞에
없을 수 있다는 걸 알아
미안해하진 마 부서지지 않게 소중히 담아둘 거니까

[Chorus: Loco]
유난히 뜨거웠던 지난 여름과
내 손을 잡아줬던 너의 미소
이제 다시는, 다시는 볼 수 없지만
다시는 느낄 수 없지만
여전히 남아있어
여전히 남아있어
선명하게 남아있어, 남아있어

[Verse 2: Loco]
네가 느끼는 나의 음악이 루즈 해져도
머릿속에서 뛰어놀던 내 몸짓이 주춤해져도
잡은 손의 온도가 미지근해져도
무대 아래서 뜨거웠던 발길들이 뜸해져도
난 그때를 다시 떠올릴 수 있어
잊혀지는 건 아주 자연스러운 거랬어
언제든 돌아봐도 돼 난 여기 남아있어
돌아봐도 돼 난 항상 남아있어

[Verse 3: Crush]
아직 기억해 2012년 겨울
첫 무대는 내겐 잊을 수 없는 성탄절 선물
우릴 비춰주던 그 조명들
어디에 있어도 여전히 뜨거워 늘
V hall, Rolling hall, Alex hall
밟고 있는 무대가 조금 달라졌어도
각자 자리에서 빛나고 있어
영원히 가슴속에 남아있어

[Chorus: Loco]
유난히 뜨거웠던 지난여름과
내 손을 잡아줬던 너의 미소
이제 다시는, 다시는 볼 수 없지만
다시는 느낄 수 없지만
여전히 남아있어
여전히 남아있어
선명하게 남아있어, 남아있어
유난히 뜨거웠던 너의 미소
이제 다시는, 다시는 볼 수 없지만
아직도 여전히, 여전히","134.714","0.315","0.485","-11.599","0.425"
"Somebody!","Loco","258Rx9GugoWqcn5rJGVU1W","[로꼬 & 화사 ""Somebody!"" 가사]

[Verse 1: HWA SA]
Sometimes
얼어버렸나, yeah
너를 보면 잊어버려
I feel it coming, baby
이기적이야 넌 왜
매일 날 시험해
Please take me somewhere, yeah

[Refrain: HWA SA]
Somebody (Ooh-ooh, ooh-ooh)
지금 느낌 (Ooh-ooh, ooh-ooh)
So exciting
나의 마음을 너무 들뜨게 해
커피 한 사발을 마신 느낌
Somebody (Ooh-ooh, ooh-ooh)
Somebody (Ooh-ooh, ooh-ooh)
Come a long way
그저 꿈이라도, I'll be fine

[Pre-Chorus: HWA SA]
온기로 가득한데
넌 새벽인 걸까

[Chorus: HWA SA]
느낌대로 해 (느낌대로 해)
우린 얼음 같던 날들을 녹이려 해 (녹이려 해)
굳이 빙빙 돌아가지 말고
날아가자, 그래 구름 위로
Let's go far away (Far away)
Far away, far away, far away, yeah-yeah

[Verse 2: Loco, HWA SA]
아무도 없이 봄 지나쳤지만
굳이 안 필요해 아무는
고개 돌렸지만 아니었지
난 보이지가 않아 너 말고는
심장은 곧장 (곧장) 하늘 위로 뛸지 몰라 (몰라)
아니잖아 아무개조차 (조차) 괜찮아 기분 너무 높아 (너무 높아)
나도 혼란스럽지만 이미 구름 위
공감 못한 친구들은 걸어 다니지
Somebody, somebody, somebody (Somebody)
Nobody, 아마도, nobody (Somebody, ooh-ooh)
은행사거리에 핀 꽃 여전히 자라고 있어 (있어)
가리고 있던 이름표
이제 너에게 떼어 주고 싶어 (Yes, it's fine)

[Pre-Chorus: Loco & HWA SA]
온기로 가득한데
넌 새벽인 걸까

[Chorus: Loco & HWA SA]
느낌대로 해 (느낌대로 해)
우린 얼음 같던 날들을 녹이려 해 (녹이려 해)
굳이 빙빙 돌아가지 말고
날아가자, 그래 구름 위로
Let's go far away (Far away)
Far away, far away, far away, yeah-yeah

[Outro: HWA SA, Loco, Both]
All day, I wish you to be okay
All day, I wish you to be okay (Okay)
All day, I wish you to be okay
All day, I wish you to be okay
All day, I wish you to be okay
All day, I wish you to be okay
All day, I wish you to be okay
All day, yeah
All day","141.088","0.461","0.649","-8.401","0.487"
"Just Like This (Feat. george)","Loco","47NJQJ5IJiNhSWbE6Ahytx","[로꼬 ""이대로만"" ft. 죠지 가사]

느리게 흘렀으면 해 여름밤 너와 나
아침이 되면 전부 다 없어져 버릴 것 같아서
조금이라도 더 멈추고 싶어
시간을 피해서 숨어있고 싶어

이대로만
더 이상 차가워지지 않게
이대로만
영원한 건 없다지만 난 믿지 않을래

꽉 차있어 머릿속 없지 숨 쉴 곳
날씨가 좋아서 나가도 봤지만
찾잖아 몸 숨길 곳
결국 일이잖아 휴식도
열정 열정 부질없어
인사 각도 90도 빨리 가야 돼
무인도로 당장

난 멍을 때리고 앉아 이 고민들이 다
무슨 의미가 있을까
넌 말없이 내게 안겨
난 말해 조금만 더
시계는 보지 말고

붙잡아 두고 싶은 밤인데
난 내일로 안 돌아갈래
더할 나위 없게 이대로
너의 손을 놓지 않을래

느리게 흘렀으면 해 여름밤 너와 나
아침이 되면 전부 다
없어져 버릴 것 같아서
조금이라도 더 멈추고 싶어
시간을 피해서 숨어있고 싶어

이대로만
더 이상 차가워지지 않게
이대로만
영원한 건 없다지만 난 믿지 않을래

영원히 그늘질 나무를 찾아 산으로
가면 보일까 싶어서 계속 올랐어
우린 너무 높아 녹아 없어질지도

모르지만 우린 쉴만한 곳을 찾아서
오르고 또 올라
고르고 또 골라
아무것도 몰라 우린 계속해서 올라

오르고 또 올라
고르고 또 골라
아무것도 모르지만 어딘가 있을 패러다이스

이대로만 이대로만 이대로만
머물러줘 내 옆에
그대로만 그대로만 그대로만
있어주면 돼 옆에

느리게 흘렀으면 해 여름밤 너와 나
아침이 되면 전부 다
없어져 버릴 것 같아서
조금이라도 더 멈추고 싶어
시간을 피해서 숨어있고 싶어

이대로만
더 이상 차가워지지 않게
이대로만
영원한 건 없다지만 난 믿지 않을래","177.56900000000005","0.342","0.261","-10.898","0.0985"
"NOT OK (Feat. MINNIE)","Loco","0tSDqQOK8EgoRxYXWkP5rR","[로꼬 ""NOT OK"" ft. 민니 ((여자)아이들) 가사]

[Chorus]
걱정해 줘 난 안 괜찮아
넌 쉬운데 난 안 되잖아
가뿐해 보이지만
신경 쓰이지 전부 다
눈 감아도 I’m not ok
걱정해 줘 난 안 괜찮아
넌 쉬운데 난 안 되잖아
가뿐해 보이지만
신경 쓰이지 전부 다
눈 감아도 I’m not ok

[Verse 1]
입꼬리 올라가는 건 무의미 괜찮아질 리가
높이 올라가는 건 무리지 고개 숙여지니까
빙그레 빙그레 뚜껑 열면 빈 수레
애매하게 웃어주는 건 내겐 무례해
작아진 기분 작아진 지분 싸가지고 집으로
솔직하기 두려워서 괜찮다고 말해 일부러
여태 버틴 김에 건배 잘 해냈지만 지레 겁내
나를 위했던 건 없었기에
빈 거울만 쳐다봐도 섭섭해
쭉 외쳤었지 till I die 옛날 얘기는 입 아파
같은 시간 지나왔어도 넌 내가 아니잖아
혼자가 편해 너무 ok 문제가 없게
너라도 괜찮담 고개를 절래

[Chorus]
걱정해 줘 난 안 괜찮아
넌 쉬운데 난 안 되잖아
가뿐해 보이지만
신경 쓰이지 전부 다
눈 감아도 I’m not ok
걱정해 줘 난 안 괜찮아
넌 쉬운데 난 안 되잖아
가뿐해 보이지만
신경 쓰이지 전부 다
눈 감아도 I’m not ok

[Verse 2]
어제 얘기 나눈 별
보이지가 않는 걸
괜한 바람인 걸까
왠지 틀린 것 같아
Why you asking?
No, I'm not ok
바보 같은 눈물로 젖은 긴 한숨만
걱정해 줘 내 못난 상처가 아물게
버틸 자신이 없어 난 또 제자리에서
Said I’m leaving, I’m leaving, I’m leaving

[Chorus]
걱정해 줘 난 안 괜찮아
넌 쉬운데 난 안 되잖아
가뿐해 보이지만
신경 쓰이지 전부 다
눈 감아도 I’m not ok
걱정해 줘 난 안 괜찮아
넌 쉬운데 난 안 되잖아
가뿐해 보이지만
신경 쓰이지 전부 다
눈 감아도 I’m not ok","198.032","0.989","0.326","-3.403","0.695"
"It′s been a while (Feat. Zion.T)","Loco","37CKtYC4R9m8woURH6hESX","오랜만이야 - 로꼬 (Feat. 자이언티) 가사

[Intro]
GRAY

[Verse 1: Loco]
음 어 오랜만이야
네가 줬던 영감으로 가사를 쓴 지가
벌써 몇 년 전이네
웃으면서 이렇게 이야기할 수 있어
기뻐 그리고 다행이야
정신없이 살다 보니 시간이 너무 빨라
심장 위에 쌓인 먼지
서른 즈음에는 아저씨들의 노래였는데
이젠 가사 하나하나 죄다 와닿기만 해
요즘도 여전히 작업실 아님 무대 위에
달라진 건 더 이상 쫄지 않아도 돼
모든 price tags
전부 다 덕분이라고 생각해
언제 한번 밥이라도 사야 하는데
그땐 아무것도 해줄 수가 없어서
마시던 맥주잔을 눈물로 채웠었지

[Chorus: Zion.T]
오랜만이야 웃음만 나와
거울 같아 너를 보면 어린 시절
내가 떠올라
오랜만이야 오랜만이야
손가락을 접어 이게 얼마 만이야
언제 봐도 넌 어제 본 것 같아

[Verse 2: Loco]
어 맞아 그때 들려줬던 나플라가
그 나플라야
웬일로 TV를 다 봤네
친하지는 않고 나도 팬이야
궁금한 게 많네 편안하게 물어봐
여기도 똑같아 보이는 게 다가 아니야
돈으론 뭐든 사재끼지 조작이 가능해
내 친구도 제안받은 적 있고
그걸 작업이라 부른대
난 궁금해 그들도 나처럼 무대 위에서
행복을 느끼는지
사람들이 노랠 따라 부를 때
내가 느끼는 것과 같은 기분인지
아 입대가 많이 늦었지 아마도
2월 7일에 들어갈 것 같아 논산으로
반가웠어 계속 잘 지냈음 좋겠다
우린 언제 다시 또 보게 될까

[Chorus: Zion.T]
오랜만이야 웃음만 나와
거울 같아 너를 보면 어린 시절
내가 떠올라
오랜만이야 오랜만이야
손가락을 접어 이게 얼마 만이야
언제 봐도 넌 어제 본 것 같아

[Bridge: Loco, Zion.T]
어제 본 것 같아
하지 못한 말 다 하게 될 것 같아
그땐 몰랐지만
함께 한 시간은 다 소중한 것 같아
그 계절은 여기
아직도 남아 있는데
다 기억 못 해도 돼
내가 기억할게

[Outro: Zion.T]
오랜만이야 웃음만 나와
거울 같아 너를 보면 어린 시절
내가 떠올라
오랜만이야 오랜만이야
손가락을 접어 이게 얼마 만이야
언제 봐도 넌 어제 본 것 같아","138.674","0.3279999999999999","0.321","-9.675","0.182"
"Hold Me Tight (Feat. Crush)","Loco","1dteYDjCFppP33ANUGfKFF","[Intro]
GRAY

[Verse 1: Loco]
난 이제 익숙해지는 것 같아
키가 작을 때부터 해 왔던 상상
마음껏 펼치고는 꿀 같은 단잠
자고 일어났어
어딜 가든 나는 항상
자신감 넘치게 행동해야 하지
아직 많이 부족하긴 해도 끝까지
이뤄낼 거야
내 꿈, 너도 알지?
그래도 네가 있어 난 힘이 나지
너의 하루는 어땠어?
느껴져, 딱 목소리에서
누가 또 네 심기에 손댔어?
맞아, 전부 그 사람이 잘못했어
쓰다듬어 주고 싶어, 네 머리를
오늘도 고생 많이 했어
이번 주말에는 떠나자, 어디든
일단 눈 감아, 내 팔에 기대서

[Hook: Crush]
Baby, 난 너만 담아
오늘은 편하게 내게 안겨도 돼
겁먹지 마
이 밤이 우릴 환하게 반겨 주네, yeah
눈을 감아 (oh oh oh oh)
두 눈을 감아
허리에 팔을 감아 (감, 아, 아)
나만 믿고 따라와, ooh yeah

[Verse 2: Loco]
쉬는 동안에도 주말마다 일이 생기지 (생기지)
가끔은 너무 정신 없어서 내 몸도 못 챙기지
내 나름대로의 욕심 땜에 압박이 머리를 조여도
다 풀어냈을 때 그 시원함이 나를 무대 위로 또 올려 줘
나도 오늘 일을 끝냈으니 편안하게 와서 안겨도 돼
현실이 꼬리를 물기 전에 더 이상은 아무것도 생각하지 않기로 해, uh
괜찮아, 괜찮아, 우리 둘밖에 없어
네가 하고 싶은 대로 해
준비 안 된 건 없어

[Hook: Crush]
Baby, 난 너만 담아
오늘은 편하게 내게 안겨도 돼
겁먹지 마
이 밤이 우릴 환하게 반겨 주네, yeah
눈을 감아 (oh oh oh oh)
두 눈을 감아
허리에 팔을 감아 (감, 아, 아)
나만 믿고 따라와, ooh yeah

[Verse 3: Loco]
Hey
미리 맞춰 놨어, 적당한 온도
너 땜에 오늘 아침부터 뎁혀 놔서 따듯해, 내 몸도
이리 와서 누워도 돼, 내 옆에
눈 감고 기대 봐, 내 옆에
잡은 손 놓지 않아, 절대
네가 눈을 떠도 어디 가지 않아, 절대

[Bridge: Crush]
걱정하지 마
우리가 만날 시간은 많아
오늘따라 밤이 차갑지만 곁에 있어, 괜찮아
편하게 눈 감아
내 곁에 누워도 돼
두 손을 꽉 잡고, ma baby, yeah

[Hook: Crush]
Baby, 난 너만 담아
오늘은 편하게 내게 안겨도 돼
겁먹지 마
이 밤이 우릴 환하게 반겨 주네, yeah (yeah)
눈을 감아 (oh oh oh oh)
두 눈을 감아
허리에 팔을 감아 (감, 아, 아)
나만 믿고 따라와, ooh yeah

[Outro: Loco]
내 노래의 모든 주제가 네 얘기는 아니지만
네가 있었기 때문에 가능한 둘의 이야기야
나 때문에 너의 하루가 더 즐거웠으면 좋겠어
난 하지 않아, 절대, 말로만
거짓은 하나도 안 보탰어","82.499","0.69","0.656","-7.783","0.696"
"Late Night","Loco","5oK2nZo8CTCQJd1SJwBUws","[로꼬 & 그레이 ""Late Night"" 가사]

[Intro]
GRAY

[Pre-Chorus: GRAY]
일 끝나니까 또 새벽 3시네
늦은 밤이지만 전화해도 돼 나에겐
어디라도 날아갈게 babe
니가 원하는 걸 다 해줄게 babe

[Chorus: GRAY]
Just hit me up on a
Late Night Late Night ooh
Late Night Late Night ooh
Late Night Late Night ooh
Late Night Late Night

[Post-Chorus: GRAY]
난 이 밤의 끝을 잡고 싶어 babe
We’ll come through the
Late Night Late Night ooh
Late Night Late Night

[Verse 1: Loco]
소중하지 하루하루가
제발 make me say la la la
불러줘 그럼 바로바로
갈테니까 대신 일 할 때는
나나나나나 Nah
TV 앞에 누워 시간 죽이지 죽여
만날 사람이 진짜 반 명도 없어
박준원 보다 더
슬퍼서 오열 미스터 션샤인 내 친구
늦은 밤이 늦지 않게 좀 연락해줘
호랑일 데리고
끽끽 또 부릉부릉 난 기분이 하하
쓸 데 없는 돈은 다달이 2만큼 쌓이다
너 없이는 의미 없는 집의 크기만 더
커지고 있어 고민하지 말고
내 이름을 눌러

[Pre-Chorus: GRAY]
일 끝나니까 또 새벽 3시네
늦은 밤이지만 전화해도 돼 나에겐
어디라도 날아갈게 babe
니가 원하는 걸 다 해줄게 babe

[Chorus: GRAY]
Just hit me up on a
Late Night Late Night ooh
Late Night Late Night ooh
Late Night Late Night ooh
Late Night Late Night

[Post-Chorus: GRAY]
난 이 밤의 끝을 잡고 싶어 babe
We’ll come through the
Late Night Late Night ooh
Late Night Late Night

[Verse 2: Loco]
알고 있어 곧 출근하는 아침
자기 전에 목소리라도 같이
주고받아도 사실 감사하지
어쨌든 오늘을 함께 시작한 거잖아
지금 혹시 근처라면 잠깐이라도
좋으니까 우리 집으로 모여
(아무것도 필요 없어)
이 시간엔 분명 출출하지
궁금하지 않니 낙지볶음 소면
(Simon Dominic)
매일이 주말이면 좋겠어
시간 가는 줄 모르게
암막을 치고 뒤엉켜서
쭉 점심까지 구르게
알람을 끄고 폰은 던져버릴 거야
너랑 나 Late Night할
필요 없지 아닌 척

[Pre-Chorus: GRAY]
일 끝나니까 또 새벽 3시네
늦은 밤이지만 전화해도 돼 나에겐
어디라도 날아갈게 babe
니가 원하는 걸 다 해줄게 babe

[Chorus: GRAY]
Just hit me up on a
Late Night Late Night ooh
Late Night Late Night ooh
Late Night Late Night ooh
Late Night Late Night

[Post-Chorus: GRAY]
난 이 밤의 끝을 잡고 싶어 babe
We’ll come through the
Late Night Late Night ooh
Late Night Late Night

[Outro: GRAY]
Late Night
Just hit me up
Just hit me up on a
Late Night Late Night Late Night
Late Night
Just hit me up
Just hit me up on a
Late Night Late Night Late Night","125.043","0.628","0.612","-6.754","0.434"
"Still (Feat. Crush)","Loco","40pK4HjQnWjle9v0hWbdqV","[로꼬 ""남아있어"" (Feat. 크러쉬) 가사]

[Chorus: Loco]
유난히 뜨거웠던 지난 여름과
내 손을 잡아줬던 너의 미소
이제 다시는, 다시는 볼 수 없지만
다시는 느낄 수 없지만
여전히 남아있어
여전히 남아있어
선명하게 남아있어, 남아있어

[Verse 1: Loco]
무대는 끝났고 난 누워서 밀리고 밀린
가사를 적어 창밖엔 비가 내리고 있지
시원한 바람이 얼굴에 닿으면
올해 여름도 끝이 났다는 걸 차갑게 느낄 수 있지
1년 한 달 하루 일분일초에
모든 건 변해 오늘도 어제가 될 거야
근데 난 지금 부르는 이 노래가
너의 기억 속에 영원히 남길 원해
지나간 여름에 유난히 더 많이 보였던 손바닥
무대 위로 몸을 내던지는 횟수는 계속 올라가
팬들의 얼굴을 기억해 맨 앞엔 익숙한 라인업
시작을 같이 했지만 이젠 못 보는 얼굴까지도
너도 내일이 되면 내 눈앞에
없을 수 있다는 걸 알아
미안해하진 마 부서지지 않게 소중히 담아둘 거니까

[Chorus: Loco]
유난히 뜨거웠던 지난 여름과
내 손을 잡아줬던 너의 미소
이제 다시는, 다시는 볼 수 없지만
다시는 느낄 수 없지만
여전히 남아있어
여전히 남아있어
선명하게 남아있어, 남아있어

[Verse 2: Loco]
네가 느끼는 나의 음악이 루즈 해져도
머릿속에서 뛰어놀던 내 몸짓이 주춤해져도
잡은 손의 온도가 미지근해져도
무대 아래서 뜨거웠던 발길들이 뜸해져도
난 그때를 다시 떠올릴 수 있어
잊혀지는 건 아주 자연스러운 거랬어
언제든 돌아봐도 돼 난 여기 남아있어
돌아봐도 돼 난 항상 남아있어

[Verse 3: Crush]
아직 기억해 2012년 겨울
첫 무대는 내겐 잊을 수 없는 성탄절 선물
우릴 비춰주던 그 조명들
어디에 있어도 여전히 뜨거워 늘
V hall, Rolling hall, Alex hall
밟고 있는 무대가 조금 달라졌어도
각자 자리에서 빛나고 있어
영원히 가슴속에 남아있어

[Chorus: Loco]
유난히 뜨거웠던 지난여름과
내 손을 잡아줬던 너의 미소
이제 다시는, 다시는 볼 수 없지만
다시는 느낄 수 없지만
여전히 남아있어
여전히 남아있어
선명하게 남아있어, 남아있어
유난히 뜨거웠던 너의 미소
이제 다시는, 다시는 볼 수 없지만
아직도 여전히, 여전히","134.714","0.315","0.485","-11.599","0.425"
"POST IT (Feat. Jay Park)","Loco","1ByJ2Pn1yxfTVl2cjCdYGO","Hangul

내 손가락의 위친
너의 사진 위에 있지
일주일째 너는 아무 말이 없는데도
물음표가 붙어있지
모르겠어 어디쯤인지
같은 하늘 아래 숨 쉬고 있는데도
홀랑 지나버린 하루가
아깝진 않아 그때 그대로 멈춰있으니까
일분일초마다 올라오는 사진 안에
왜 너는 없을까

Day n Night 난 궁금해
Work hard 사실 집중 못 해
I miss you baby where u at
난 계속 기다리는데
Day n Night 난 궁금해
Work hard 사실 집중 못 해
I miss you baby where u at
난 계속 기다리는데

나타나줘 내 눈앞에
점 하나라도 찍어주면
나타나줘 내 눈앞에
멀리서라도 있어 주면
만질 순 없어도 가질 순 없어도
I’m waiting for you
I’m waiting for you

액정이 뚫어지겠어
열심히 문지른다면
혹시나 니가 날 알아줄까
계속 똑같은 사진만 해석하느라 바빠
어떤 기분일까 눈이 마주친 순간
넌 Sik-K를 좋아해 들어봤을까 ‘No Where’
넌 박재범을 좋아해 들어봤을까 내 앨범은
듣게 될까 너를 위한 이 노랜
아니면 절대 들어갈 수 없을까
너의 플레이리스트엔
일단 나타났음 좋겠어 내 눈앞에서
읽어줬음 좋겠어 내 이모지
겪어봤음 좋겠어 니가 날 한 번이라도
니 마음대로 해도 좋으니까

Day n Night 난 궁금해
Work hard 사실 집중 못 해
I miss you baby where u at
난 계속 기다리는데
Day n Night 난 궁금해
Work hard 사실 집중 못 해
I miss you baby where u at
난 계속 기다리는데

나타나줘 내 눈앞에
점 하나라도 찍어주면
나타나줘 내 눈앞에
멀리서라도 있어 주면
만질 순 없어도 가질 순 없어도
I’m waiting for you
I’m waiting for you

기다려 너의 post 기다려 너의 답장
아마 넌 그럴 필요 없을 정도로
행복할 것 같아
I feel that yeah I feel that yeah

Romanization

Nae songalag-ui wichin
Neoui sajin wie issji
Ilju-iljjae neoneun amu mal-i eobsneundedo
Mul-eumpyoga but-eoissji
Moleugess-eo eodijjeum-inji
Gat-eun haneul alae sum swigo issneundedo
Hollang jinabeolin haluga
Akkabjin anh-a geuttae geudaelo meomchwoiss-eunikka
Ilbun-ilchomada ollaoneun sajin an-e
Wae neoneun eobs-eulkka

Day n Night nan gung-geumhae
Work hard sasil jibjung mos hae
I miss you baby where u at
Nan gyesog gidalineunde
Day n Night nan gung-geumhae
Work hard sasil jibjung mos hae
I miss you baby where u at
Nan gyesog gidalineunde

Natanajwo nae nun-ap-e
Jeom hanalado jjig-eojumyeon
Natanajwo nae nun-ap-e
Meolliseolado iss-eo jumyeon
Manjil sun eobs-eodo gajil sun eobs-eodo
I’m waiting for you
I’m waiting for you

Aegjeong-i ttulh-eojigess-eo
Yeolsimhi munjileundamyeon
Hogsina niga nal al-ajulkka
Gyesog ttoggat-eun sajinman haeseoghaneula bappa
Eotteon gibun-ilkka nun-i majuchin sungan
Neon Sik-Kleul joh-ahae deul-eobwass-eulkka ‘No Where’
Neon bagjaebeom-eul joh-ahae deul-eobwass-eulkka nae aelbeom-eun
Deudge doelkka neoleul wihan i nolaen
Animyeon jeoldae deul-eogal su eobs-eulkka
Neoui peulleiliseuteuen
Ildan natanass-eum johgess-eo nae nun-ap-eseo
Ilg-eojwoss-eum johgess-eo nae imoji
Gyeokk-eobwass-eum johgess-eo niga nal han beon-ilado
Ni ma-eumdaelo haedo joh-eunikka

Day n Night nan gung-geumhae
Work hard sasil jibjung mos hae
I miss you baby where u at
Nan gyesog gidalineunde
Day n Night nan gung-geumhae
Work hard sasil jibjung mos hae
I miss you baby where u at
Nan gyesog gidalineunde

Natanajwo nae nun-ap-e
Jeom hanalado jjig-eojumyeon
Natanajwo nae nun-ap-e
Meolliseolado iss-eo jumyeon
Manjil sun eobs-eodo gajil sun eobs-eodo
I’m waiting for you
I’m waiting for you

Gidalyeo neoui post gidalyeo neoui dabjang
Ama neon geuleol pil-yo eobs-eul jeongdolo
Haengboghal geos gat-a
I feel that yeah I feel that yeah","","","","",""
"Love(Prod.Rocoberry)","Loco","29O4t4CViDRSDwiutvsOLS","[Chorus: India Love]
Let me show you how we do this (yeah, yeah)
This is how we do it (yeah, yeah)
We get loco, we get stupid (dumb, dumb, dumb)
Like, ""Woohoo! Oh, my goodness!""
Let me show you how we do this (yeah, yeah)
This is how we do it (yeah, yeah)
We get loco, we get stupid (dumb, dumb, dumb)
Like, ""Woohoo! Oh, my goodness!"" (ah-hoo!)

[Verse 1: India Love]
I be on that new shit (that new, that new, that new)
Next level, can't compute it (you can't, you can't compute)
I keep runnin' undisputed (run, run, run, run)
So fresh, so clean, not polluted (hoo, hoo, hoo, ah-hoo!)
I stay sucio, on the mic in that studio
Nigga, I'm so off the wall, like MJ up in Mexico
Always on the next episode, stay cool like eskimo
Party here like Adios, 'cause vaminos means 'here we go'

[Refrain: India Love]
The roof is on fire (fire, fire, fire, fire)
And ain't nobody flyer (fire, fire, fire, fire)
I got the whole world inspired (uh-huh, uh-huh, uh-huh, uh-huh)
And we gon' take it higher and higher (ah-hoo!)

[Chorus: India Love]
Let me show you how we do this (yeah, yeah)
This is how we do it (yeah, yeah)
We get loco, we get stupid (dumb, dumb, dumb)
Like, ""Woohoo! Oh, my goodness!""
Let me show you how we do this (yeah, yeah)
This is how we do it (yeah, yeah)
We get loco, we get stupid (dumb, dumb, dumb)
Like, ""Woohoo! Oh, my goodness!"" (ah-hoo!)

[Verse 2: India Love]
Damn, my life is loco (loco, loco, loco, loco)
I came from the low-low (below)
We was runnin' from the PoPo (run, run, run, run)
Now them niggas want the photo (selfie, selfie)
It's going down in the DM
Driver seat of that BM-W
The level I be ballin' hard like ESPN
Act like I'm a thespian
Walk like a pedestrian
Hold on, gold on, I walk like an Egyptian
Yeah, I'm on that shit again
Motown like Michigan
And just in case I didn't mention him
I'm buttonin' up this buttons
[?] she's listenin'
Say what's up? ""It's me again"" (ah-hoo!)
I'm non-stop, it's so hot, it's sizzling

[Refrain: India Love]
The roof is on fire (fire, fire, fire, fire)
And ain't nobody flyer (fire, fire, fire, fire)
I got the whole world inspired (uh-huh, uh-huh, uh-huh, uh-huh)
And we gon' take it higher and higher (ah-hoo!)

[Chorus: India Love]
Let me show you how we do this (yeah, yeah)
This is how we do it (yeah, yeah)
We get loco, we get stupid (dumb, dumb, dumb)
Like, ""Woohoo! Oh, my goodness!""
Let me show you how we do this (yeah, yeah)
This is how we do it (yeah, yeah)
We get loco, we get stupid (dumb, dumb, dumb)
Like, ""Woohoo! Oh, my goodness!""
Like, ""Woohoo! Oh, my goodness!"" (yeah, yeah)
Like, ""Woohoo! Oh, my goodness!"" (yeah, yeah)
Like, ""Woohoo! Oh, my goodness!"" (yeah, yeah)
(Ah-hoo!)

[Verse 3: will.i.am]
This is how we do it, baby
This is how we do it
This is how we move it, baby
This is how we do this
This is how it is and
This is how it goes
This is how we rock, baby
This is how we roll
Hello, hello, I got my people with me
I'm up in this bitch, if you want me, come and get me
I told the DJ turn it up, so the DJ hit me
Then pour some more up in my cup, so we can sipping sippy
Close to my wild kids, close to my bitches
Close to my homeboys, getting-getting riches
'Cause this is Jack Billing
Bottom make you kill 'em
Hands in the air like we holdin' up a ceiling (ah-hoo!)

[Refrain: India Love]
The roof is on fire (fire, fire, fire, fire)
And ain't nobody flyer (fire, fire, fire, fire)
I got the whole world inspired (uh-huh, uh-huh, uh-huh, uh-huh)
And we gon' take it higher and higher (ah-hoo!)

[Outro: India Love]
The roof is on fire (fire, fire, fire, fire)
The roof is on fire (fire, fire, fire, fire)
The roof is on fire... (ah-hoo!)
(Ah-hoo!)","107.948","0.684","0.759","-5.751","0.759"
"Star (Little Prince)","Loco","0YQO5aF9S0d3E74ZEfB9Dl","Στο κομμωτήριο που είναι εκεί στη γειτονιά μου
Εκεί που λούζει και χτενίζει η κυρά Μαίρη
Ένα κορίτσι την τηλεόραση κοιτάζει
Και ονειρεύεται μια μέρα πως θα γίνει
Ένα αστέρι

Στο κομμωτήριο που είναι εκεί στη γειτονιά μου
Η κυρά Μαίρη αχ πόσο κουραζόταν
Μα στην TV μπροστά η κορούλα ονειρευόταν
Πως κάποια μέρα θα τη λούζανε τα φώτα

Κι ένα πρωί στο Γιάννη το μπακάλη στη γωνίτσα
Για αυτό το talent show άκουσε που πάνε τόσοι
Συμμετοχή έπρεπε μόνο να δηλώσει
Κι ίσως κατάφερνε από το κομμωτήριο
Να γλυτώσει

Να γίνει star
Star, star, star

Κι έτσι ήρθε η ώρα μπροστά στους κριτές να τραγουδήσει
Τρέμαν τα πόδια της μην κάνει κάνα λάθος
Και η καρδούλα της χτυπούσε με μανία
Μα η φωνούλα της παλλότανε με πάθος

Ξαφνικά το πλατό απ’ τη δροσιά της
Σα μαγεμένο έμοιαζε να την κοιτάζει
Με zoom in κοντινό η χώρα παρακολουθούσε
Τα δάκρυα της όταν τους ευχαριστούσε

Την άλλη μέρα το τηλέφωνο χτυπούσε
Στα πρωινάδικα με μιας την είχαν φέρει
Της λέγαν “είσαι εσύ το επόμενο αστέρι”
Και κάπου πίσω καμαρώνοντας κοιτούσε
Η κυρά Μαίρη

Κι έγινε star
Star, star, star

Τα πάντα φάνηκαν να ανοίγονται μπροστά της
Με προσοχή άκουγε εκείνο το στυλίστα
Ίσως να διαφημίσει αυτό το ελαφρύ γιαούρτι
Ή να ανοίξει κάποιο όνομα στην πίστα

Τώρα οι καλύτεροι τη βάφουν και τη ντύνουν
Και από κούκλα την κάνανε κουκλάρα
Της λέγανε “χρυσή μου σου προτείνω να τολμήσεις
Γόβες Louboutin με μια μπλούζα Che Guevara”

Θυμάται εκείνα τα περιοδικά στο κομμωτήριο
Τώρα είναι όλα εκεί κι ήρθαν να τη ρωτήσουν
Αν δεχότανε γυμνή να τη φωτογραφίσουν
Κι αν την ενδιέφερε ποτέ να τραγουδήσει
Στην Eurovision

Μια που είναι star
Star, star, star

Τώρα περάσανε περίπου έξι μήνες
Κι αυτός ο μάνατζερ τηλέφωνο δεν πήρε
Τα πρωινάδικα μοιάζουν να την ξεχάσαν
Και η κυρά Μαίρη δάνειο ζήτησε και πήρε

Αδίκως τα περιοδικά τα ξεφυλλίζει
Στα πρωτοσέλιδα είναι μια άλλη κοπελίτσα
Στο δρόμο πια κανένας δεν την αναγνωρίζει
Πέρα απ’το Γιάννη το μπακάλη στη γωνίτσα

Στο κομμωτήριο που είναι εκεί στη γειτονιά μου
Εκεί που λούζει και χτενίζει η κυρά Μαίρη
Ένα κορίτσι την τηλεόραση κοιτάζει
Που κάποια μέρα για λίγο είχε γίνει
Ένα αστέρι

Ήτανε star
Star, star, star","96.057","0.682","0.797","-4.967","0.277"
"Hold Me Tight (Feat. Crush)","Loco","0w0GIaU1kfFSpc5vTwwkjT","[Intro]
GRAY

[Verse 1: Loco]
난 이제 익숙해지는 것 같아
키가 작을 때부터 해 왔던 상상
마음껏 펼치고는 꿀 같은 단잠
자고 일어났어
어딜 가든 나는 항상
자신감 넘치게 행동해야 하지
아직 많이 부족하긴 해도 끝까지
이뤄낼 거야
내 꿈, 너도 알지?
그래도 네가 있어 난 힘이 나지
너의 하루는 어땠어?
느껴져, 딱 목소리에서
누가 또 네 심기에 손댔어?
맞아, 전부 그 사람이 잘못했어
쓰다듬어 주고 싶어, 네 머리를
오늘도 고생 많이 했어
이번 주말에는 떠나자, 어디든
일단 눈 감아, 내 팔에 기대서

[Hook: Crush]
Baby, 난 너만 담아
오늘은 편하게 내게 안겨도 돼
겁먹지 마
이 밤이 우릴 환하게 반겨 주네, yeah
눈을 감아 (oh oh oh oh)
두 눈을 감아
허리에 팔을 감아 (감, 아, 아)
나만 믿고 따라와, ooh yeah

[Verse 2: Loco]
쉬는 동안에도 주말마다 일이 생기지 (생기지)
가끔은 너무 정신 없어서 내 몸도 못 챙기지
내 나름대로의 욕심 땜에 압박이 머리를 조여도
다 풀어냈을 때 그 시원함이 나를 무대 위로 또 올려 줘
나도 오늘 일을 끝냈으니 편안하게 와서 안겨도 돼
현실이 꼬리를 물기 전에 더 이상은 아무것도 생각하지 않기로 해, uh
괜찮아, 괜찮아, 우리 둘밖에 없어
네가 하고 싶은 대로 해
준비 안 된 건 없어

[Hook: Crush]
Baby, 난 너만 담아
오늘은 편하게 내게 안겨도 돼
겁먹지 마
이 밤이 우릴 환하게 반겨 주네, yeah
눈을 감아 (oh oh oh oh)
두 눈을 감아
허리에 팔을 감아 (감, 아, 아)
나만 믿고 따라와, ooh yeah

[Verse 3: Loco]
Hey
미리 맞춰 놨어, 적당한 온도
너 땜에 오늘 아침부터 뎁혀 놔서 따듯해, 내 몸도
이리 와서 누워도 돼, 내 옆에
눈 감고 기대 봐, 내 옆에
잡은 손 놓지 않아, 절대
네가 눈을 떠도 어디 가지 않아, 절대

[Bridge: Crush]
걱정하지 마
우리가 만날 시간은 많아
오늘따라 밤이 차갑지만 곁에 있어, 괜찮아
편하게 눈 감아
내 곁에 누워도 돼
두 손을 꽉 잡고, ma baby, yeah

[Hook: Crush]
Baby, 난 너만 담아
오늘은 편하게 내게 안겨도 돼
겁먹지 마
이 밤이 우릴 환하게 반겨 주네, yeah (yeah)
눈을 감아 (oh oh oh oh)
두 눈을 감아
허리에 팔을 감아 (감, 아, 아)
나만 믿고 따라와, ooh yeah

[Outro: Loco]
내 노래의 모든 주제가 네 얘기는 아니지만
네가 있었기 때문에 가능한 둘의 이야기야
나 때문에 너의 하루가 더 즐거웠으면 좋겠어
난 하지 않아, 절대, 말로만
거짓은 하나도 안 보탰어","82.499","0.69","0.656","-7.783","0.696"
"Can't Sleep","Loco","0KAEcWBiGbUMqysQGISkz8","[로꼬 ""잠이 들어야 (feat. 헤이즈)"" 가사]

[Chorus: Loco]
잠이 들어야
내일이 올 텐데
멈춰버린 시간 위에서 뒤척이기만
잠이 들어야
꿈을 꿀 텐데
난 왜 너가 없는 이 현실에서
도망가지 못해

[Verse 1: Loco]
괜찮아지고 싶어서
가슴에 가지런하게 포갠 손
근데 심장은 눕기 전보다 더
세게 나를 쳐
웃으며 말하고 싶었지 I’m back
시간을 들였고 역시 나는 안돼
여전히 열 시가 되면 깜깜해
계절이 바뀌었어도 하룬 똑같애
뛰쳐나가고 싶지만 기껏해야 연병장
콜렉트콜의 lullaby
못 들은 탓일까 하루가 너무 길다

[Chorus: Loco]
잠이 들어야
내일이 올 텐데
멈춰버린 시간 위에서 뒤척이기만
잠이 들어야
꿈을 꿀 텐데
난 왜 너가 없는 이 현실에서
도망가지 못해

[Post-Chorus: Loco]
I can’t sleep
I can’t breathe
의미 없이 난
왜 자꾸만 널 잡아두려 해
I can’t sleep
I can’t breathe
듣고 있을까
내 마지막 부탁
Get out of my head

[Verse 2: HEIZE]
맘이 변한 건
세상이 너무 변해서일까
추억에 너무 취해서일까
아니, 내가 원해서일까
밤새 비가 내리면
나의 꿈을 꾸겠지
미안해 네 머릿속에서
어쩔 생각은 없어
I can sleep
And breathe so deep
벌써
난 네 자리를 채워가고 있어

[Chorus: Loco]
잠이 들어야
내일이 올 텐데
멈춰버린 시간 위에서 뒤척이기만
잠이 들어야
꿈을 꿀 텐데
난 왜 너가 없는 이 현실에서
도망가지 못해

[Post-Chorus: Loco]
I can’t sleep
I can’t breathe
의미 없이 난
왜 자꾸만 널 잡아두려 해
I can’t sleep
I can’t breathe
듣고 있을까 내 마지막 부탁
Get out of my head

[Outro: Loco & HEIZE]
Good night
너만이라도 fine
눈을 감고 싶어도
이 밤을 버리고 싶어도
Good night
나만 이렇게 fine
눈을 감고 있어도
네 기억 떠올리려고 해봐도","127.021","0.586","0.731","-16.144000000000002","0.616"
"Eh freestyle","Loco","4XbPK3sYAamzpttCcI7Xrd","[로꼬 ""Eh freestyle"" 가사]

[Intro]
Let me get some more daks

[Chorus]
Yeah, I put my beanie on (Beanie on), 십이년 쭉 난 giddy up (Giddy up)
Indie 아니고 minimum 있을 기미도 없는 미련에 (Yeah)
장바구니엔 E-V-O (E-V-O) 몸 안 베리고 일이여 (일이여)
기상하고 나면 apple cider beanie거 대충 찍어 이 video (Ayy, ah)

[Verse 1]
이 가사같이 나는 아침 (아침) 걍 쓰고 신어 Nike (Nike)
Verdy dunk on my feet (My feet), 내 친구 다 hype beast (Hype beast)
원하지 기분 좋은 날씨 (Ayy) 매달 만끽 뱅기에 hop in (Hop in)
난 깨달아 그동안 겁나게 진지했던 것들 (Brr) 의미가 딱히, eh
Eh하고 난 했더니 옷깃만 스쳐도 my man (My man)
(Ayy, ayy) 떼쓰는 게 젤로 멋져 보여 my man (My man)
예, 안 해 (안 해) 걔 말대로 내 나이답게
너 꼬우면 back (Back) 아님 stay (Stay) 천천히 난 먼저 갈게
You said like, ""Eh, who the fuck is that guy?"" (Fuck is that guy)
거슬리게 하고만 싶어 물어볼 때까지 (물어볼 때까지)
너도나도 전 세계 아니면 무려 온 세상 (무려 온 세상)
지금은 싫어 아님 말아 해야지 concept상 (Ah)

[Chorus]
Yeah, I put my beanie on (Beanie on), 십이년 쭉 난 giddy up (Giddy up)
Indie 아니고 minimum 있을 기미도 없는 미련에 (Yeah)
장바구니엔 E-V-O (E-V-O) 몸 안 베리고 일이여 (일이여)
기상하고 나면 apple cider beanie거 대충 찍어 이 video

[Interlude]
[?]
Yeah, you give me one [?]
Who can take me higher?
Who can lift me on my feet?

[Verse 2]
Eh, 넌 말해 woah, woah
난 고민 없이 해 해 왜냐고 하면 work, work
I make it look easy, easy
But 따라 하면 다치지 선 넘어오면 이미 I'm beamin'
Eh, how far will I go?
Sandstorm running in the dust
Drag on, making noise
Get going, you're not one of us
내 보석들이 휴지통에, eh
그걸 정규로 난 무지성해, eh
이제 현실이 내 눈칠보게, he-he
목 안 메지 수십억엔
노란색 내 색상 (색상) 맞지 않게만 계산 (Ayy)
빨아야지 내 때깔 그래서 공손히 입어 빽바지 (바)
비젼 아주 깨끗하지 체조하다가 takedown (Takedown)
걘 애매하게, eh-eh, eh-eh-eh만 하다가 face down (Face down)

[Outro]
How far will I go?
Sandstorm running in the dust
Drag on, making noise
Get going, you're not one of us
How far will I go?
Sandstorm running in the dust
Drag on, making noise
Get going, you're not one of us","","","","",""
"Just Like This (Feat. george)","Loco","3ptp3j48p6tPwGEJUCbSu0","[로꼬 ""이대로만"" ft. 죠지 가사]

느리게 흘렀으면 해 여름밤 너와 나
아침이 되면 전부 다 없어져 버릴 것 같아서
조금이라도 더 멈추고 싶어
시간을 피해서 숨어있고 싶어

이대로만
더 이상 차가워지지 않게
이대로만
영원한 건 없다지만 난 믿지 않을래

꽉 차있어 머릿속 없지 숨 쉴 곳
날씨가 좋아서 나가도 봤지만
찾잖아 몸 숨길 곳
결국 일이잖아 휴식도
열정 열정 부질없어
인사 각도 90도 빨리 가야 돼
무인도로 당장

난 멍을 때리고 앉아 이 고민들이 다
무슨 의미가 있을까
넌 말없이 내게 안겨
난 말해 조금만 더
시계는 보지 말고

붙잡아 두고 싶은 밤인데
난 내일로 안 돌아갈래
더할 나위 없게 이대로
너의 손을 놓지 않을래

느리게 흘렀으면 해 여름밤 너와 나
아침이 되면 전부 다
없어져 버릴 것 같아서
조금이라도 더 멈추고 싶어
시간을 피해서 숨어있고 싶어

이대로만
더 이상 차가워지지 않게
이대로만
영원한 건 없다지만 난 믿지 않을래

영원히 그늘질 나무를 찾아 산으로
가면 보일까 싶어서 계속 올랐어
우린 너무 높아 녹아 없어질지도

모르지만 우린 쉴만한 곳을 찾아서
오르고 또 올라
고르고 또 골라
아무것도 몰라 우린 계속해서 올라

오르고 또 올라
고르고 또 골라
아무것도 모르지만 어딘가 있을 패러다이스

이대로만 이대로만 이대로만
머물러줘 내 옆에
그대로만 그대로만 그대로만
있어주면 돼 옆에

느리게 흘렀으면 해 여름밤 너와 나
아침이 되면 전부 다
없어져 버릴 것 같아서
조금이라도 더 멈추고 싶어
시간을 피해서 숨어있고 싶어

이대로만
더 이상 차가워지지 않게
이대로만
영원한 건 없다지만 난 믿지 않을래","177.56900000000005","0.342","0.261","-10.898","0.0985"
"PIKPIK","Loco","7B79L66MsXNrJPaIlRu7hS","[로꼬 ""픽픽"" 가사]

[Intro]
Ooh-ooh-ooh
Ooh-ooh-ooh
Ooh-ooh-ooh, ooh, ooh

[Verse 1]
힘들어 정확히 다 끝인 것 같지 (Yeah)
이해 못할 거야 'cause I'm weak (Weak)
살기 위해 웃어 마치 hee
하루 온종일 쏟아지는 소나기 (Yeah)
눈 감은 채 꿈에서도 비교
있지도 않은 악역들을 그리고
피하려고 움직여 (Yeah)
아무도 몰라 난 왜 (왜)
뒤돌아 달리기만 해
가족이 내 첫 번째
다 지고 가지 내 어깨
나약해지는 건 당연하게
받아들일래, oh, wait (Oh, wait)

[Chorus]
픽픽
쓰러지는 것도
난 쉽지 않더라고 just call me like ring, ring
Baby, I don't wanna die young
쓰러지는 것도
난 쉽지 않더라고 just call me like ring, ring
Baby, I don't wanna die young

[Verse 2]
너무 많은 성공 지난 얘기잖아
나이 계속 먹어봐도 멀어지잖아
많아지는 겁도 어쩔 수 없다고
아직도 상처가 남아있으니까 (Yeah)
말로는 뭐든 쉬워 (쉬워)
두발로 조심해서 계단 딛어도 (도)
미끄러질까 고개 내려 밑 (밑, yeah, yeah)
꿈꾸던 구름 위는 저 멀리 (저 멀리, 저 멀리)
빨리 동아줄을 줘봐 (Oh)
멋 없어도 번호 뽑아 (Oh)
난 숨막혀도 못 떠나
이해 못할거야 'cause I'm weak
이해 못할거야 'cause I'm

[Chorus]
픽픽
쓰러지는 것도
난 쉽지 않더라고 just call me like ring, ring
Baby, I don't wanna die young
Yeah, 픽픽
쓰러지는 것도
난 쉽지 않더라고 just call me like ring, ring
Baby, I don't wanna die young

[Outro]
I be on the mic, oh
I be on the mic, oh
I be on the mic, oh, oh, oh
I be on the mic, oh
I be on the mic, oh
I be on the mic, oh, oh, oh
Ooh-ooh-ooh
Ooh-ooh-ooh
Ooh-ooh-ooh, ooh, ooh
Ooh-ooh-ooh
Ooh-ooh-ooh
Ooh-ooh-ooh, ooh, ooh","","","","",""
"All I Wanna Do (K) (Feat. Hoody & Loco)","Jay Park","2FWquqPNxte8iqZ3ATQG0p","[Intro: Jay Park, Hoody]
Girl
Girl
(
I need a Cha Cha beat, boy
)

[Chorus]
Girl, pardon me, I don't mean to be rude
But I got some paper, wanna spend it on you
All I wanna do is kick it with you
Bottles on deck for you and your crew
Baby, swing by, girl, you should come through
All I wanna do is kick it with you (Yeah, okay, yeah)

[Verse 1]
Ooh girl, look at you, baby, almost lookin' flyer than me
And I, I got that gold Rollie with the Bezel and Louis Vuitton on my body
And I know that shit don't impress you
So no bullshit, girl, nothin' extra
Uh, girl, I ain't even playin' games
I wanna take you home, I'm just being frank, oh, yeah

[Pre-Chorus]
I been fantasizin' 'bout you, girl, all night
Put your panties to the side, if it's alright

[Chorus]
Girl, pardon me, I don't mean to be rude
But I got some paper, wanna spend it on you
All I wanna do is kick it with you
Bottles on deck for you and your crew
Baby, swing by, girl, you should come through
All I wanna do is kick it with you

[Verse 2]
Alright, yeah, ha
Let's kick it, let's kick it (Let's kick it)
A little bit of drinkin' and a little bit of kissin' (Oh, yeah)
Ace Chico on the one's and two's
Yeah, he'd be spinnin' this shit (AOM)
They pop that pussy, it be purrin' like a kitten
Yeah, boy, yeah, boy
It's Seattle to the Seoul, it's AO to the MG, Jay and Cha Cha to Malone
Bump this in yo stereo or on your mobile phone
Don't got time for child's play 'cause all of us are grown, oh, shit
Don't be a hatin' ass bitch, boy
Don't be a hatin' ass bitch, boy, I don't care
Yeah, we gettin' rich, boy
Me and my homies gettin' rich, boy

[Pre-Chorus]
I want them good vibes only
It's just me and my homies
And if you don't know me
Then you better stay the fuck outta my section
Unless you Tinashe, ah

[Chorus]
Girl, pardon me, I don't mean to be rude
But I got some paper, wanna spend it on you
All I wanna do is kick it with you
Bottles on deck for you and your crew
Baby, swing by, girl, you should come through
All I wanna do is kick it with you

[Bridge]
Yeah, yeah (Oh, yeah, oh, yeah)
This one is for them sexy ladies (Sexy ladies)
Yeah, yeah (Oh, yeah, oh, yeah)
Haters only motivate me (Motivate me)
Yeah, yeah (Oh, yeah, oh, yeah)
This one is for them sexy ladies (Sexy ladies)
Yeah, yeah (Oh, yeah, oh, yeah)

[Chorus]
Girl, pardon me, I don't mean to be rude (Pardon me, I don't mean to be rude)
But I got some paper, wanna spend it on you
All I wanna do is kick it with you (Spend it on you, you)
Bottles on deck for you and your crew (You and your crew)
Baby, swing by, girl, you should come through (You should come through)
All I wanna do is kick it with you (Yeah, yeah, yeah, yeah)

[Outro]
It's AOMG
Seattle to Seoul, baby, woo
It's everything you wanted, baby
It's everything you wanted, baby
Dream team, yeah","112.071","0.794","0.728","-3.992","0.523"
"The Purge","Jay Park","3gGyzpBLb7pqOw5oC47QaV","[박재범, 피에이치원, 서동현, 우디고차일드, 김하온, 이승훈 & 식케이 ""The Purge"" 가사]

[Chorus: Jay Park]
Break the windows and let's light this place on fire
Everybody masked up like Michael Myers
Flip the car over after we slash the tires
H1GHR ganging, call on us, killaz for hire
This the purge, break a law, steal a purse
This the purge, don't end up in the dirt
This the purge, can't nothing get worse
This the purge, pray to God, this the purge

[Verse 1: pH-1]
(Ayy) I said one for the money
And got two coming for your head (Ayy, ayy, woo)
보일라 머리카락, 빨리 숨어
Better duck 'fore they find you dead
기회는 한번, 대지마 버벅
Spilt that red like Johnnie Walker
우린 너무 나빠, 손에 안 잡혀
진짜로 위험해, 왜 자꾸 시험해?
Better quit testing me, ayy
My clique next to me, ayy
눈앞에 보이는 대로 줄 세워서 한명씩
(Ddu-ddu-ddu) Rest in peace (Ah)
On the purge, so them birds pull up (Brr)
On the purge, so them birds pull up

[Verse 2: BIG Naughty]
Yeah, 바주카포 쏘고 다시 가지
넌 바지 잡고 돼 방전, ayy
I just wanna pop a bottle fucker
사실 없어 난 반전, ayy
Hoes on my back, 가방같이 등에 메
끈은 꽉 매, 나는 매일 바삐
계속 걸어가, gotta go man
다 이뤄가, 안 잃어가, 우리가 위로 가
What about you bish? 난 필요해 갱생
밤새 또 밤샐 거 같애, 매일 똑같애, Andante
안돼, 또 같아, 누구보다 빠르게
Study about danger, so many gangsters
So many dancers, fuck all avengers
일억을 땡겨, 가져와 쎈 거
What about tango, bish?

[Verse 3: Woodie Gochild]
(Ayy, ayy)
이건 영화가 아냐, 정신차려
떨어지나 보네, 현실감
떨어져 봐라, 멀찌감치
쫓아가, 우리는 purge
열심히 쳐라 발버둥
여긴 이미 대소동 (Let's go)
우린 이미 locked and loaded
너네 발 빼는 소리 위로
H1GHR gang already
Ready, get set, go (Ayy)

[Chorus: Jay Park]
Break the windows and let's light this place on fire
Everybody masked up like Michael Myers
Flip the car over after we slash the tires
H1GHR ganging, call on us, killaz for hire
This the purge, break a law, steal a purse
This the purge, don't end up in the dirt
This the purge, can't nothing get worse
This the purge, pray to God, this the purge

[Verse 4: Jay Park]
I'm an outlaw riding on my horse
Rebellion running through my veins, seeping out my pores
Steal from the rich and I give to the poor
Pitchfork pitch dark bodies hit the floor

[Verse 5: HAON]
(Yeah-yeah, uh)
I spit sixteen bars when I was sixteen
They used to call me 'Damn boy' (Damn, boy)
차피 misfit 취급 받지
받아라, 쌓인 내 demo (Demo)
냉무, 이게 내 제목
또 내 메모장에는 chaos (Yeah)
상대적인 내 배포
행방불명, 마치 대포
But no cannon (No), no caption
Do not pull up in my section
떨어져 tension, I do 택견, yeah, yeah
Better not test us, yeah
무뢰배 떼, 우린 몰라 배려
들이대지마, 우리 눈만 배려
병재처럼 너는 불안해져
When we show up

[Verse 6: TRADE L]
You get in my house, yeah (Huh)
안 속아, bish you never know
밟아 가시밭길 (Huh, what)
맨발이었지, 난 오톤 truck
Lesson 다시 받길
네 사클은 pause
I don't give a fuck about 네 Prada
H1GHR gang mobbin' 해
이미 또 다른 곳에 위치해 있잖아, right
작은 내 꿈이었지만 방에서 이뤘지 (이뤘지)
네가 무슨 말을 하고 싶은지는
나도 잘 모르겠지만, shit (Shit)
모두가 벌벌 떨어도 나 혼자 party
가만히 보니 여긴 사파리, huh
비행기 타고 저 멀리
떠나자, 이게 내 벌이

[Verse 7: Sik-K]
Man, you better hide
이제 됐잖아, 시간, I'm goin' to kill (Brr)
H1GHR gang the H1GHEST
We on riot, 무대 아님 iPhone screen (iPhone screen)
아니면 like pilots
하늘 위서 확보해 시야 (Woo, woo, woo, woo)
You don't think I can see ya
It's the purge, R.I.P. ya

[Verse 8: Jay Park]
This that H1GHR, we don't fuck around
Let's loot and riot, let's burn the town
We leave it empty, let's ghost the town
Man, fuck the throne, let's take the crown
우리 편 아니면 반대 편
난 총대 메고선 앞장서
맑은 날씨에도 안개 껴
If you the opps then 다 숨어, like","93.909","0.905","0.487","-3.901","0.496"
"곁에 있어주길","Jay Park","0nHB8bNZtg3BuAkWr7uJNc","[박재범 ""곁에 있어주길"" 가사]

[Verse 1]
쉽다고 말하면 그건 거짓말이지
다툰만큼 서로를 더 아끼게 됐지
옆에 있을 때는 난 항상 모르지
없을 때는 또 네가 너무 보고 싶지

[Verse 2]
수많은 실수를 통해서
너 없이 의미 없단 걸
깨달았지 이제 영원히
It's just you and me, ooh whoa ooh

[Pre-Chorus]
I don't never wanna let you go, no no
너를 안아줄 때 몸이 떨려, no, no no
내 시간이 멈춰버려 my baby, yeah
백 년이 지나도 약속해, yeah, yeah

[Chorus]
Please love me the same, the same, the same
365일 everyday
Girl 네 사랑이 필요해
너 하나만으로 충분해
왜냐면
인기는 언젠가는 떨어지게 돼
번 돈도 어디선가는 쓰게 돼있어
날 찾던 사람들도 떠나겠지
하지만 baby 넌
내 곁에 있어주길
내 곁에 있어주길
변하지 않고 영원히
내 곁에 있어주길
No, no, no

[Verse 3]
Baby 난 네 덕분에 사람이 됐지
네가 아니었다면 생각조차 하기 싫어 my baby
네가 날 멋있게 만들어 baby, yeah, yeah

[Verse 4]
신이 우릴 허락 안 해도
나는 끝까지 널 사랑할래
네가 없는 것보다 차라리 죽는 게 더 나아
모든 게 무의미해져

[Pre-Chorus]
I don't never wanna let you go, no no
세상이 돌고 해가 떠도
Ooh, 내 시간이 멈춰버려 my baby
백 년이 지나도 약속해, yeah, yeah

[Chorus]
Please love me the same, the same, the same
365일 everyday
Girl 네 사랑이 필요해
너 하나만으로 충분해
왜냐면
인기는 언젠가는 떨어지게 돼 (떨어지게 돼 girl)
번 돈도 어디선가는 쓰게 돼있어 (Ooh)
날 찾던 사람들도 떠나겠지
하지만 baby 넌
내 곁에 있어주길 (Ooh, ooh ooh)
내 곁에 있어주길
변하지 않고 영원히 (No, no, no, no)
내 곁에 있어주길
Baby baby babe","","","","",""
"JOAH","Jay Park","2occELokWRfqLIlQJhJLZ6","[박재범 ""좋아"" 가사]

[Intro]
Yeah
This goes out
Man, you know who you are, let's go
Check it! Ah!

[Verse 1]
Oh, baby, 너무 좋아서
You're driving me crazy
니 생각만해도 기분이 좋아 기분이 좋아
기분이 좋아, na, na, na, na, na, na
이 느낌 너만 느끼게 할 수 있는 느낌
난 죽을때까지 느끼고 싶어
내 곁에 있어줘 아낄 수 있어 아낄 수 있어

[Pre-Chorus]
언제나 너만 바라봐
나도 모르게 괜히 웃음이 나와
Oh, baby, baby, baby, baby
난 크게 소리 외치고 싶어

[Chorus]
좋아 니 모든 것이 좋아
머리부터 발끝까지도
조그만 행동까지 하나 하나
다 좋아 니 모든 것이 좋아
너와 함께라면 즐거워
시간이 지날수록 더 좋아져
난 니가 필요해 매일같이 있게 해
달라고 난 기도해
나 오직 너만이와 행복하게 살수가 있어, no no

[Verse 2]
Yeah, break it down now
Come on, no, no
Ay, girl, 너와 함께면 하루하루가 너무해
Stay with me forever and ever, baby please
And girl, 우리가 운명 아니어도
난 무조건 너야
You know that I got you
You know that I love you
I'll always be with you baby

[Pre-Chorus]
언제나 너만 바라봐
나도 모르게 괜히 웃음이 나와
Oh, baby, baby, baby, baby
난 크게 소리 외치고 싶어

[Chorus]
좋아 니 모든 것이 좋아
머리부터 발끝까지도
조그만 행동까지 하나 하나
다 좋아 니 모든 것이 좋아
너와 함께라면 즐거워
시간이 지날수록 더 좋아져
난 니가 필요해
매일같이 있게 달라고 난 기도해
난 오직 너만이와 행복하게 살수가 있어, no no

[Bridge]
난 절대로 떨어지기 싫어(떨어지기 싫어)
너를 보고 있어도 (너를 보고 있어도)
너무 보고 싶은걸 (보고 싶은걸)
내 곁에 항상 있어줘, my girl
I want you and I need you
Don't ever ever leave my side

[Chorus]
좋아 니 모든 것이 좋아
머리부터 발끝까지도
조그만 행동까지 하나 하나
다 좋아 니 모든 것이 좋아
너와 함께라면 즐거워
시간이 지날수록 더 좋아져
난 니가 필요해
매일같이 있게 달라고 난 기도해
나 오직 너만이와 행복하게 살수가 있어","112.151","0.7929999999999999","0.7140000000000001","-6.831","0.579"
"MOMMAE (Feat. Ugly Duck)","Jay Park","1LNlfvPQmB0cqYJQQskZ8x","[박재범 ""몸매"" ft. 어글리 덕 가사]

[Intro: Zion.T]
GRAY

[Chorus: Jay Park]
I be like, ""Hol' up, wait a minute, girl"" (Minute, girl)
어딜 가? 너무 쳐다봐서 미안해 (미안해)
근데 네가 너무 섹시해서 눈을 뗄 수가 없어
(Goddamn) 보고 싶어
너의 몸-몸-몸매, 몸-몸-몸매
몸-몸-몸매, yeah
너의 몸-몸-몸매, 몸-몸-몸매 (Alright, yo)
Ah, yeah, let me see, let me see

[Verse 1: Jay Park]
네 앞에 서면 비욘세 엉덩이도 납작해
답답해, 시원하게 그냥 갖다 대
구릿빛 피부의 네 허벅지는 탄탄해
택시 기사처럼 넌 쭉쭉 가고 빵빵해
널 감상하는 게 변태 같으면 난 변태할래
진심이야, 연기처럼 보이면 나는 담배
우리의 관계가 뭔지 모르지만
지금 소개받고 싶어, 네 가슴에 달려있는 자매
쌍둥이-둥이, I want you to give it to me, ooh-wee
Twix처럼 있고 싶어, baby, 단둘이
부비부비, 춤은 내 침대에서 추지
규칙과 휴식 없이 너한테 계속 주지, let's shoot a movie, ah

[Pre-Chorus: Jay Park]
They ain't fuckin' with us (Fuckin' with us)
Ah, nah, they ain't fuckin' with us (Fuckin' with us)
This ain't DJ Mustard (What?), this is GRAY on the beats (What?)
Bitch, it's AOMG, we do it properly, leggo (Alright, bring it back, let's go)

[Chorus: Jay Park & Ugly Duck]
I be like, ""Hol' up, wait a minute, girl"" (Minute, girl)
어딜 가? 너무 쳐다봐서 미안해 (미안해)
근데 네가 너무 섹시해서 눈을 뗄 수가 없어
(Goddamn) 보고 싶어
너의 몸-몸-몸매, 몸-몸-몸매
몸-몸-몸매, yeah
너의 몸-몸-몸매, 몸-몸-몸매
Ah, yeah, let me see, let me see (What?)

[Verse 2: Ugly Duck]
목폴라를 입어도 태 나오는 몸매 (몸매)
목 메이네, 괜히 칵테일 한 모금 더 해 (더 해)
멍해진 동공, 내 초점은 동태 (동태)
원초적 본능에 튼튼해진 내 떡매 (떡매)
보자마자 딱딱히 굳어, 눈매가 메두사
쭉빵에 코피 터져, 허리선이 펀치라인 (Woo)
피부는 미운 네 살 말투마저 귀여운 부산
부모님 한국 분 맞어? 골반이 수입산
더우면 좀 더 벗어, 바람직한 복장 불량
맛이 궁금해, 탐스러운 자연산 복숭아, 수박
클럽 안은 이미 동물농장
넌 발정 난 수컷들 다 불러 모아 멕이는 사육사 (Hey, hey, hey)
이제 빠져나가자, 이 마구간에서 AOMG로
같이 온 친구들까지 다 데리고
누가 뭐래건 신경 안 쓰여, 우린 우리 방식대로
Ayy, yeah, it don't matter

[Chorus: Jay Park]
I be like, ""Hol' up, wait a minute, girl"" (Minute, girl)
어딜 가? 너무 쳐다봐서 미안해 (미안해)
근데 네가 너무 섹시해서 눈을 뗄 수가 없어
(Goddamn) 보고 싶어
너의 몸-몸-몸매, 몸-몸-몸매
몸-몸-몸매, yeah
너의 몸-몸-몸매, 몸-몸-몸매
Ah, yeah, let me see, let me see

[Bridge: Jay Park]
Ooh, you so sexy (Sexy)
Ooh, you so sexy (Sexy)
You so sexy, girl
You so sexy, girl

[Chorus: Jay Park]
I be like, ""Hol' up, wait a minute, girl"" (Hol' up, wait a minute, girl)
어딜 가? 너무 쳐다봐서 미안해 (Woah)
근데 네가 너무 섹시해서 눈을 뗄 수가 없어
(Goddamn) 보고 싶어
너의 몸-몸-몸매, 몸-몸-몸매
몸-몸-몸매, yeah (Yeah, yeah)
너의 몸-몸-몸매, 몸-몸-몸매 (Woah, woo)
Ah, yeah, let me see, let me see (Let me see that right there)","93.91","0.691","0.694","-4.791","0.678"
"GANADARA (Feat. IU)","Jay Park","5quFr5s5PXYfUX5jV2EBZ1","[박재범 ""GANADARA"" ft. 아이유 가사]

[Intro: Cha Cha Malone]
Woogie on and on

[Verse 1: Jay Park]
길거리를 걷다 보면
사랑 노래만 흘러나와
나는 왜 저런 게 낯설까
난 한국말까지 서툴러
번역기도 전혀 도움 안 돼
네 맘엔 어떨까 걱정만, no (Oh)
어떤 단어를 쓸지, I don't know
어떤 말을 할지, I don't know
나는 왜 이런지, I don't know
You're on my mind
어떤 단어를 쓸지, I don't know
어떤 말을 할지, I don't know
나는 왜 이런지, I don't know
You're on my mind
Baby, 정말 생각 안 나 (안 나)
Body language로 자신 있어
보여줄게 girl, just give me some your time, yeah
너를 보면 손에 땀 나, yeah
긴장 풀게 한 번 웃어줘
Let me take you on a magic carpet ride, uh, yeah

[Chorus: Jay Park]
손을 잡아 따라와
맑은 날씨 보름달
가르쳐줘 오늘 밤
가-나-다-라-마-바-사
손을 잡아 따라와
맑은 날씨 보름달
가르쳐줘 오늘 밤
가-나-다-라-마-바-사

[Verse 2: IU, Jay Park]
너무 완벽하지 않아도
걱정 마 네 맘을 조금 알 것 같아
네게 좀 더 다가서 볼까
고민해 매일 밤
길거리를 걷다 보면
계속 계속 네 생각이 나
이런 내 모습이 왜 낯설까
번역기 위에서
헤매는 네 손가락까지
자꾸만 생각이 나는 걸, okay
Body language도 (Huh) 나는 괜찮아 (Woah)
But, 생각 안 나면 그냥 웃어줘 (Ha-ha)
모든 것을 알려줄게 오늘 밤 (Uh-huh, okay)

[Pre-Chorus: Jay Park]
내가 나쁜 남자처럼 보여도
너를 볼 때면 맘이 여려져
I wouldn't mind, if I died in your arms

[Chorus: IU & Jay Park, Jay Park]
손을 잡아 따라와
맑은 날씨 보름달
가르쳐줘 오늘 밤
가-나-다-라-마-바-사
손을 잡아 따라와
맑은 날씨 보름달
가르쳐줘 오늘 밤
가-나-다-라-마-바-사
손을 잡아 따라와 (Ooh)
맑은 날씨 보름달 (
보름달, 보름달, la la la la la la
)
가르쳐줘 오늘 밤
가-나-다-라-마-바-사 (
Hah
)
손을 잡아 따라와 (
손을 잡아, 오늘 밤
)
맑은 날씨 보름달
가르쳐줘 오늘 밤
가-나-다-라-마-바-사 (가르쳐줘, 가-나-다-라-마-바-사)","90.081","0.615","0.492","-6.663","0.458"
"119 REMIX","Jay Park","74iLM3khzrxThTy39JDQMC","[그레이  ""119 REMIX"" 가사]

[Verse 1: 박재범 (Jay Park)]
We the motha fuckin' gang bro
We mobbin' deep
Wreakin' havoc to
The game hoe, like prodigy
RIP like Ali float and stingin' like a bee
Most u rappers be my son
That means I'm ur 아버지
Yeah GRAY BEAT I'm flammin'
Don't wanna here
Another word from you
Tell me where my payment is
Hop on this famous dick
Time is money honey and lemme tell you now
Ain't nobody wastin' it
Ooh, yeah, look at the drip
Huh, yeah, let's take a trip
Soju, let's take sip
Take a sip, bitch

[Verse 2: 사이먼 도미닉 (Simon Dominic)]
A.M. to P.M. 짙어지는 나의 비음
왕 싸가지 느낌, 이게 원래 main theme
내 쪽으로만 쏘는 핀, ultralight beam
꿈속에서도 일하는 기분, uhm, 박재범의 기운
내 옆에 있는 너를 작게 만들어 마치 행크 핌
나는 한낱 human being, 내가 부러운 니 새낀 빙
할 줄 아는 말이라곤 ""ㄴㄴ"", why you always hatin'?
나도 속은 small, medium, 커지는 순간은 오직 스테이지 위

[Verse 3: 로꼬 (Loco)]
Ya, ya, 여기저기 불 피워 웃으며 VV 치즈해
솔까 지금 돈 관심 없고 알지도 못해 내 시세
1위 해 봤자 동네 노래방 맥주 까고 막춤
걔네 랩 던지면 잡혀, 내 팬들하고도 삐까 CHU
Now bring it back, bring it back, 또 도진 초심병
금방의 실수는 신의 계획이라 고치고
다시 또 VV 치즈해, 날라가는 표정
높디 높지, 맨정신에도 날라가는 초점

[Verse 4: 어글리 덕 (Ugly Duck)]
Fire flame, 난 불만 있네, 다 물갈이 해
찬물 끼얹어도 끓여 증발해, 너도 걍 한순간이네
경쟁 안 해도 내 자릴 지키네, 아니 나뿐이지 대체 불가
핵인싸, 겉돈 적 없어 자전해, 넌 또 불구덩이행
너넨 옷매무새가 최대 관심사, 세탁소나 차려 힙합은 하지 마
창모야, 어디가 언더그라운드인지 알려줘 저 새끼들한테 말이야
BACK n FORTH, 우린 지하에서 밤마다 우주비행
수준 이하들 날 진짜 평가하려거든 내가 죽고서 해

[Verse 5: 우원재 (Woo)]
랩퍼들은 말을 뱉고 너는 그걸 들어, 빼줘 니 오빠의 lyric
Oh, bitch, check my name, 개학대신 계약 따냈지
AOMG got my back, Woo with the JAY
GRAY on the beat, Gucci 안 입어도 이뻐 pants
Style 좋단 애보다 옷 잘 입어, 내가 겸손해서 너가 best
이건, umm, 악, 고민하는 내가, hol’up
평생 구라치다 끝날 애가 저 오빠야
Peace out, 좆밥, 넌 딱 이까지
난 치고 빠지구, fuck the timeless
Trend 두 달 거진 늦은 게 니 기준 상에 top version
Stop bluffin’

[Verse 6: 식케이 (Sik-K)]
네 여자친구들 중 절반은 내 팬 아니면 권민식의 팬
한 해 몇억을 버는 rapper 출신의 연예인이라고
누군 얘기하지, I don’t follow anybody
내가 내기하지, 누나들 싫어해 배기바지
Studio rapper가 돈 벌어, 배 아프면 똥 싸
날 우러러보게 하려면 까야 되냐 통장
911, 너한텐 소방차 같은 말
911, 그건 나한테 그냥 내 다음 차, skrtt

[Verse 7: Woodie Gochild]
어디 불나면 화재진압 119
(Yeah, I’m so fresh as Gochild)
니가 잘났어? 나대지 마 이 친구야
(who can do it like Gochild)
시대 초월 사임당 세종과 난 단짝
내 인기는 88년도 소방차
물을 뿌려, Drip harder, 흘러 땀방울
I’m so hot, hot, hot, hot

[Verse 8: HAON (김하온)]
Now I wanna be a Baki, 자식들은 평화를 원하지 않지
날라 다녀 까치, 생각 없이 쓴 가사 같이
내 폰은 무음, but I gotta move
신고는 땡큐 but 깨지마 mood
닫아버린 문, 알아버린 듯 커지는 눈, 이제야 fool
Bring that fire my desire, 계속 커져 like 초사이언
Ain’t no liar I’m designer, 첫 작품은 보고 있어
멍청이들은 알지 헛똑똑이들은 흠칫
말했잖아 wanna be a Baki
쉬고 있는 거라니까 잠시

[Verse 9: Gaeko (개코)]
사람들 화가 많은 게 누구 탓이겠어? (system)
일등, 이등 매기는 게 누구 탓이겠어? (system)
과정이 중요하다면서 결과만 따지니까
예술가들이 전부 다 비트 코인 투자자가 됐어
양극화는 박탈감과 분노를 부추기네
가진 걸 나열하기보단 느끼는 것을 고백할 때 (불이야)
머리에 불, 심장에 불, 발등에도 불
온통 불바다라서 음악과 언어로 불을 꺼야 할 때 (꼰대)

[Verse 10: BewhY (비와이)]
Umm, Super BewhY, 신화
아무도 나처럼 못하니 이제서야 날 인정하지
한국 힙합 퀄 이만큼 올려
GRAY형 beat 안 화염에 rhyme 싹 나열해
나는 성화 형이 낳은 별의 아이였네
The greatest of all time, 나였네
Deja Vu, 여긴 선구자연맹

[Verse 11: 팔로알토 (Paloalto)]
여러 가지 일이 겹쳤지, 여러 가지 일을 겪은 뒤
내 영향력이 더 커졌지, 부디 그만하길 바래 병신 짓
Yeah I said it fuck that shit, 신세 한탄하는 겁쟁이
참는 것도 한 두 번이지, 다시 겸상할 일 절대 없겠지
유행 따지는 촌스런 새끼들 못 알아보네 지 애미도 애비도
쇼미에 나와서 웃기만 하다가 차트에 몇 곡을 올리고 사라져
인정해, 좀 인정을 해, 왜 그리 꼬였어 치졸하게?
잘 챙겨가지 내 credit, yeah, 코팔팀은 윈윈
Yeah, we made it

[Verse 12: 지투 (G2)]
시발, 불러 구급차, you fuckers barely look alive
망할 놈들 계속 굶어가, 미래가 뻔히 보여 이 븅신들아
너 같은 새끼들 내게 까만 암 덩어리야
동정 따윈 없어 바로 니가 판 무덤이야
This that fire hope you burn, smilin' at your funeral while
The whole family mourn, fuckin' deja vu
These douchebags never learn
봐도 제발 모른 척, 자극 하지 마 내 머리속에 열

[Verse 13: 레디 (Reddy)]
Lit 한 척 안 해도 불러, yeah, 걸어 119 소방서
공연 전에 향수 골라 써, Chanel 아니면 JoMalone
불 붙은 지는 꽤 됐어, 첨 본 애들은 또 fan 됐어
내 욕하던 새끼들 비웃고 질투만 하다가 그냥 새됐어
난 못 막어, 날 못 막어, 내 이름이 니 입에 계속
오르내리기를 바래, 그게 뭐든지 간에 thank you
365일 worko mode, 내 몸에 두른 옷 절권도
Uh, 날 보고 배 아픈 새끼들 전화 들어 통화 눌러 119

[Verse 14: 스웨이디 (Sway D)]
출동, 출동, 119, 초록잎 붉게 물들고
붉은색 사이렌 마치 불타는 심장, 못 꺼 맘속 미친 불
나를 잘못 건드렸다가 넌 화상
난 폭발 직전 불불 끓는 활화산
불꽃 같은 상상, 넘사벽이야 나의 삶
꿈을 현실로 만들어버리는 연금술사의 가사
너의 눈엔 돌, 나의 눈엔 돈
나의 눈엔 금, 다 이뤄지는 꿈
타올라 내 심장의 불

[Verse 15: Owen Ovadoz]
I just gotta jug, better call 911 son
Doing things you have never done
Bloomin' like, ‘you know I’m the one’
여기 누가 재밌어? 기우제 지내다 불났어
Made it rain, 잠재워, I rock the nation 박재범
My alter ego told me be a dick then to follow
표현의 자유가 없다니, they quiett, 모두 hollow
Simon says do what I said 짬? 뭐 관심 없네
OG, 너희한테는 light up I got mezz

[Verse 16: The Quiett]
I be spittin' that fire, yeah, I'mma rap mesiah, yeah
나는 선택받은 자여, yeah, Hall of Fame like Cy Young, yeah
Hall of fame like 콰형, yeah, money long like iron man
Special shout out to PERBEE, Coogie, 동민, 우림
영원하라 콰모 gang, yeah
GRAY track makes your head fuckin' bang, yeah
Pretty bitches , 나는 뿌려 100 bands, yeah
I gotta pick right now man
Somebody to suck my dick right now, huh

[Verse 17: 창모 (CHANGMO)]
선역 너 해 난 villain, 돈은 내가 챙기니
암흑 버전의 illy, 흑화된 Beenzino, Q, Dok2지
븅신 새끼들 say, 창모 거서 나가라
그런데 현실의 거린 느끼지, 읍내 출신의 까라
억 단위 돈, 내가 졸라 말해대니 그게 니 꺼 같은 거야?
니 손목에 허전한 그 맨살 안 보여?
방 안에선 안전하니 외출은 NO야
UGRS 카메라는 어렵더라 거리서 I’m hot in here
넌 눈도 못 마주치지 party girls
넌 눈도 못 마주치지 party girls

[Verse 18: Hash Swan]
불나요, 너 데일라, make you call 119
난 반대로 불냈지, so 911, 개구린 슝
Now you got, 물음표, 질문이 수두룩
How did u buy Porsche, 1llibition 이상 무 근무 중
Yah, Yah, I'm countin' paper like my boss
미래 지폐가 바뀌면 공장은
동갑이 형의 라이카가 필요하다고
Um, yah, bition boys, 콜록, 콜록, 소화기 찾아놔
불난다 단위로는 몇천 불이야 이게
소방차도 불내요 아브라카다브라

[Verse 19: Keem Hyo Eun (김효은)]
쳐 내리라고 돈, 비 븅신들, we bring the fire
Call 119 my team, 덤빈다면 그냥 파열
니 fan들도 맴 찢, 웃으며 해 줘라 안녕
그에 반해 나야, 킼, 끓여 먹어 걍 라면
걔네들 입 맛대로 맞춰 줘 봤자 어차피 인스턴트 같은 애들, what
힙합은 개뿔 한 번 웃겨 불라고 무대 위에 다 개그, what
차라리 염치없이 그냥 이 몸은 EK 옆에서 댄스, ay
차라리 염치없이 그냥 이 몸은 EK 옆에서 댄스, uh

[Verse 20: Deepflow (딥플로우)]
이건 불 맛 like a stir fry, 레시피 없던 내 성과
연말엔 on ma sofa, 일대일 세무사 수업 받네
근 일 년간 난 싸움닭, 더욱 평온해진 내 성깔
난 열반 like a 석가, 난 평화 like a 성탄
그 가을 쇼는 막 내려, 죄 다 몸값 올리고 flexin'
새 왕이 필요해 여긴 2k Makaveli and juicy
그 주인공이 되려 밀린 줄, 다들 정신 차리고 열일 중
Search 해 다른 119, 119, 119

[Verse 21: Nucksal (넉살)]
119 불난 데 불러, 장난으로 말고
힙합 구조대 불러 하늘 헬기 타고
깨끗하게 정리, 상구형 머리처럼 말끔
가끔은 불을 불로 끄지 like 말콤
어차피 다 거기서 거기잖아 랩 말풍선
입만 뻥긋거려 기계 같은 병풍
병신들은 허풍만 떠는 거지 다 거품
터지는 재미, 샴페인 bottle 거품

[Verse 22: 오디 (ODEE)]
작업에 불씨 지펴, 화제가 될 내 신보
119 주민신고, 사이렌 삐뽀
필요해 더 많은 시선 필요해 더 많은 인정, 피쳐링
더 많은 일정 못해 칩거를, 돼가지 관심 빌런
여기 내 멍석 깔지, 너흰 속 타 I bring the fire
맞춰가네 넌 어떤 타입, 맞춰가 난 내 customize
벌려가지 온도 차, 불 안 꺼져 내 스튜디오 안
들어온 remix 동전한 닢, 들어온 remix 119

[Verse 23: Rocky L]
느그들 rap은 진짜로 불러야겠더라 119
아니 끊고 다시 걸어 911
I’m sorry semi fashion American, woo
이렇게 하는 거 맞나, ya, 이렇게 빼끼면 되나, woo
YouTube 보고 막 좋은 거 다 때리박으며
개나 소나 멍멍 청한 소리, bow wow, 왈왈, moo
맞다 거 따 필수 어눌한 말투 또 약빤 눈
얘네들 빨리 다 데려가 달려라, ambulance
목적진 신촌 Severance
주치의는 beats by Dr.GRAY야

[Verse 24: EK]
다시 또 가져와 난 불꽃, 119 수록곡처럼 불법, uh
조명이 꺼져도 숨 쉬어, 그녀와 같이 타고 있어 suck my, uh
사랑 노랠 부를까 봐 이제, 워밍업 사버린 기대
말로만 떠드는 랩퍼들 비일비재 후에 작업 DM
넘 날카로워, bitch, 때로는 부드럽지
멋은 척관 다르지 예상이 되니 움직임
점수나 더 매겨 보렴, 한 방을 더 먹여 드림
뭐라 하던 양질의 음악을 퍼다 줄 뿐임

[Verse 25: Los]
Hustlin’ 내 삶이지, 네 행동은 그냥 말이지
유행이라고 난 안 따라, I got my own shit, 그게 간지지
파도 안 타 난 낚시질, 난 돈 셀 때 넌 딸치기
My city 등에 메고 다니지, but fuck you if you don’t ride wit me
Easy money 이건 날치기, heavy weight, 난 단백질
Beef 원하면 난 갈비찜, hater들 다 화이팅
Check your flex like Nike, take your bitch like 나이스
내가 너무 thug life 이지, 내 verse니까 내 마음이지

[Verse 26: Chaboom]
One one nine, 119 진짜가 떴지, 쌔끈한 내 crew
대충 뱉어도 예술로 박히는 쓰리쿠-션
내 랩은 splash on these mo’fuckers face
불 꺼 대빵만 한 호스는 제주 삼다수 taste
물을 뿌려, 다 잠기지, 담궈 더 더 깊숙히 푹
꿀을 뿌려, 다 꿀 빨지, 벌어 더 더 현찰이 쭉
게임 끝 카드 긁어 쓱, 세상 모든 걸 다 쌔비지
철구도 놀라 외쳐 ""앙 기모찌""

[Verse 27: Swings (스윙스)]
They drop songs I drop labels
Real boss they speak fabels
내가 왜 멋있는지 설명하려면 1년 정도
밤새 밤새 나는 금 싸는 machine
They ain't fuckin' with my team, 우린 한 통 속 omelette
나는 힙합 백종원, 단지 조금 더 cocky
돈깐 보석 찾는 수집가, now where my gauntlet
애들 잘난 척만 하지, 나는 진짜 하네
내 여잔 김씨가 아니지만 난 한국 Kanye

[Verse 28: GIRIBOY (기리보이)]
불같이 살아나, 불같이 벌어
불같이 달아나, 불같이 털고
불 만져 물집, 불같이 Bull Shit
불같이 금식, 다이어트 Win
불나는 파이리, 내 스탈은 HypeBeast
검정 위에 반짝이는 오데마, 난 사장님
필요하면 다 사지, 기리보이 난 팔랑귀
아크로님 팔락이지 Ooh, Make it 가랑비

[Verse 29: NO:EL]
올해는 우리꺼 반박 불가, 쫄리면 뒈지라 삼팔광이야
애인들은 개 이뻐, TMI 하나 더 폰은 두 개고
언니들은 꽝이야, 내년도 우리꺼 닥쳐
손목에 병신들 전세를 찬다
개 아님 돼지 또 새대갈 조선에
내 주옥같은 가산 too much information
Ooh, yeah, 세계 돌아 두 탕 천, ayy
거지 같은 metaphor, 꼴에 그거를 팔고 써
Fuck that 비디오래 굳이 안 봐도
이런 놈 처음이래 타지 삐딱선
원투펀치 다 바닥에 엎드려
넌 적자 여러 의미로
Red ocean에 땜빵 역할에 빚 갚어

[Verse 30: Jvcki Wai]
No me hablen cuando suba solo quiero plata
Muchas gracias por tu ayuda ahora tienes nada
你们都去死吧
Vous les vous coucher avec moi ce soir
お前は資格ない これ冗談
広い世界 ロシアで сука
Bih I’m just makin’ it clean
Bih I’m just wanna be me
Bih I’m just makin’ it lit
Lemme just smoke all that shit that I need
전화기에 눌러 11 골라봐 9 아님 2
난 안 봐 뒤, 날아가야지, 이제 가야지
Bye, bye, 내 두 발 옮겨 바삐

[Verse 31: 저스디스 (JUSTHIS)]
랩 한지 거진 10년, 근데 baby face, 마치 신동갑
Australia tour 12월, yeah, I'm worldwide but the street is home
강산이 바뀌었지만 flow still tight 하지
마치 Biggie랑 Big Pun이 같이 타는 티코
Yeah, I'm headin' to the heaven
퇴물들을 제물로 바치고 벌어 재물, Zino처럼 미쳤어
그래, 나도 진흙 속에서 핀 꽃, 모든 것을 얻었고 모든 걸 잃었어
근데 확실한 건 가진 건 실력
근데 요즘 누가 실력으로 매겨 순위를? 많은 놈이 짱이지
그러면 Double D처럼 go higher, 다시 쓰는 이력서, I'm gone

[Verse 32: Han Yo Han (한요한)]
Yeah, that's me, yeah, 기타를 멘 무사시, yeah
니 명품 자랑에 미쳐 대놓고 주작질 해
Swings Hip-hop Kanye면 Kanye가 선택 한 애
Yeah, that's me 1년 만에 여기까지 온 거 잊지 마
Gucci, Rollie, Bentley 그게 뭐든 상관없어 다
다 뺐고 때려 부셔 니 차는 범퍼카
2018 유일무이 희귀종 rockstar 정말 나
오, 모델 친구 미안해 니 여친이 날 껴안아

[Verse 33: YUNHWAY]
Call 119, yuh, 911 out here
Mama’s teriyaki, roastin' on that fire
I’m feelin' lucky, lucky, 입을 거야 Versace
나는 queen, 하늘 높이, 위더플럭 우리 올라가 연기같이
사라져 체리같이, I’m different different
달라 너네들과 달라 난, 달라도 너무 달라 너랑
세우 인 윤훼이 불러 밤바다, 우리 노래 들어 너네 밤마다
I’m different, different, 이제 너가 나를 따라와

[Verse 34: Jhnovr]
I got the keys, keys, keys, keys, keys, Hova같이
I got a skill, skill, skill, skill, skill, 넉살같이
우주로 비행해 기리 back 올라타 지금
I got the keys, keys, keys, keys, keys, 몸값이 위로
불려 돈 배로, bow, 은행 계좌 count
관대한 위치까지 올라 내려봐
계속 spotlight, 계속 spotlight
Gettin' guap, right now, 너넨 퇴짜

[Verse 35: Coogie]
E on fire, 뱉어 화염, 너무 과열, 팽창 가열
너넨 pipe up, 화만 쌓여, 배 아파여, 내장 파열
불을 붙여, 기름 thinner, 진압 못 해, 계속 진화
끓는 점을 넘겨 높아, 삐뽀 불러도 안돼 방화, 조준 빵야
양 쪽으로 빠져 get out of my way
등 뒤에서 연기를 또 뿜어대
넘어가 펜스 countin' money guap, Trippie Redd
양 쪽으로 빠져 get out of my way
등 뒤에서 연기를 또 뿜어대
Ghost rider fire chain 휘둘러 대

[Verse 36: 펀치넬로 (punchnello)]
This mo’fuckers ain't sayin' nothin'
그래 바라는 대로만 살어
너흰 가진 거 없이 몇 년째 손가락질
야, 니 여친이 원하는 애가 나야, 병신 새끼
여전히 flex on’em, okay, 겸손은 가족에게, okay
가슴에 손을 얹고 생각해봐 넌 이뤄낸 게 뭐야? okay
Yeah bring the fire bring the fire
Call 119 다 태우고서 물을 뿌려
이 feel 더 빨어 feel 더 마셔
니가 원하는 데로 다 줄 테니까 더 쳐먹어
Yeah, spit some fire 이게 바로
다른 사람들이 나를 찾는 이유 아냐?
When I bo-bo-bo-bo, gameover
간단하지 #fkuropinion I’m gone

[Verse 37: 페노메코 (PENOMECO)]
Yeah, we bring the fire, gun shots
불장난에 붙은 화염, Blowin' up
니 속옷이 젖을 정도, 흘린 땀 땜에 물난리가 날 정도, whoa
내 동생 말 따라 fuck your opinion, 우리 빼고 꺼지길
우린 Natural organic, 부채질할 바엔 차라리 거기
기름을 퍼부어 you get it?
전용기는 우리 rendezvous
어느새 우리 도착지는 Malibu, yeah we gon' do

[Verse 38: Dbo (디보)]
Bitch stop playin’, Imma do ma thang
한 번뿐인데 합법적인 일, ill
그녀는 아침 먹고 나서 땅콩 먹어
병신새끼들 자꾸 딴지 걸어
당연한 게 더 당겨, 난 짠 거 말고 단 거
승리가 내 작전명, 그녀는 진실을 삼켜
She actin' like she need a dick
Her pussy on fire call 911, Dbo

[Verse 39: Hangzoo (행주)]
뒤처진 너넨 매일 뒤에서 말만 많아
제일 완만한 코스에서 만만한 것들 사이
왕 게임 같은 거 암만 해봐라
우린 간만에 바람 쐬는 것조차도 GRAY BEAT
경사길에 숨이 찰 땐 느리게 뱉어도 간지
박수 쳐주지도 마, 저 오빠한테
단순한 이유, 저 오빤 랩도 못해
래펀 개뿔, 딱 연예인 지망생
보컬 못해서 래퍼 한단 저 아이돌만도 못해

[Verse 40: Geegooin (지구인)]
무대에 불을 질러, 음, 무대에 불을 질러, 음
그 담에 경찰서로 갔지 내 전과는 86범, 으아
찢고 물어뜯지 성치형이 말해 ""아야""
리듬파워 특기는 여기에서 단 하나야
제일 신나지, 이건 시너지, 고딩 동창 셋이 했지
째지겠지 내 기분이, 너넨 배 아파 뒈지겠지
(핳, 핳) 이건 너네 골통 때리는 소리
(흠) 억이 벌려 우리 엄마 비명소리

[Verse 41: Boi B (보이비)]
홍대 NB 알바출신 일당 7만원
셔플 댄스 추던 걘 절대 모를 걸?
이제 난 클럽 가비아로 게스트 가도
꽁 술 한잔 입 에 안 대고 걍 나와
And I’m drive my amg, 그때 내 한곌 논하던
그 형은 재가 돼버렸지, 우린 또 락스타의 간지
농담 아냐 난 홍보대사야, 오피셜 시 대표
지읒시옷, burn it, 쇼미 불구댕이된 스테이지

[Verse 42: Ja Mezz]
119, 119대가 와도 못 꺼 내 불
119개 문제 중에 bitch ain’t one cell phone 두 개
불이 나는 전화 ring, ring, ring 진압불가
대체 누가 나를 대신 할 수 있겠어 대체 불가
I’m the shit, up in this bitch, 사람들은 불러 마녀
사냥당해 화형, bitch I’m on fire
I don’t compromise tho, I’m not surprised tho
아랍 여자들도 히잡 벗고 비키니 입어, 힙합

[Verse 43: Dayday (데이데이)]
We didn’t start the fire but I brought the lighter
날날이 like 불장난, uh
눈 깜빡하면 화재는 딱 그 한순간
날날이 like 끝판 왕, uh
날날이 want all the 연기
날날이 want all the 여친s
나대다가 siren처럼 울림
활성화된 remix 또 벌림 ayy
그 놈이 그 놈 and 그 꼴이 그 꼴
Clout chasin’ 너의 일상의 목적
쟤네 못 고쳐 그 버릇 so yo bitch says  ""오늘 난 solo""
가연성 한 성깔, 내 혈압 잴 땐 151 that’s litty
소방차들 떼창으로 로케 찍고 와 보이면 rap city

[Verse 44: Junoflo (주노플로)]
See the future like an oracle, 앞으로 난 걸을 뿐
손바닥 안에 선명히 보이는 미래는 너희는 모를걸
Who is you? I ain’t heard of you
These girls I don’t chase em
믿거나 말거나, 옆으로 비켜라, 말보다 난 밤새 일해
All I came with a passport, 미세 먼지 때메 mask on
돈이 몰려있는 suitcase, 공항 보안으로 transport
10억을 현금으로 본 날엔 난 배웠지
I’ll burn this muthafucka down
It don’t mean nothin to me

[Verse 45: 플로우식 (Flowsik)]
불조심, 폭탄 실은 불도저, 촛불 붙여 Coup d’etat
We shippin' 국제 특허 소스
5분안에 bake the bread, 오늘 안에 get the cash
밀어 내 뒷심 119%, 오른발 hit the gas
Pedal to the medal 40s
In the meadows keepin' it ghetto
Hot, devil ain't reachin' my level
I’m bringin' armageddon
When I rap, lights outs
Drippin' nothin' but sauce
Bring the rice out
Bust out fire put the pipe down
5 star telly going hard
Rippin' night gowns
119 goin' live shoot a whole
In the sky rain dance GRAY
Cookin' up that fire like

[Verse 46: 킬라그램 (KILLAGRAMZ)]
Money bag, money bag, money bag, yuh
돈을 보여줘 돈이 예의야
통장 잔고를 전부 비워
Load it up, then drive로 바꿔 기어
무대 위에서는 I'm the best
한국에서는 rep 24 Gang
California to Japan
What's that in the air I’m superman
Fuck how you feel
똑바로 봐 왜 날 부러워하는지
불이야 불 남김 없이 다 태워
까먹지 마 only got one life to live
Yuh 고민에 수억 가지 질문에
대답을 하자면 fuck you I’m in
Yuh 통장 잔고를 전부 비워
Load it up then drive로 바꿔 기어

[Verse 47: YUMDDA(염따)]
천호동 굴다리, 몰라 그냥 그게 다였지
주유소 2층에서 파티를, 하류 인생 미래 카키
음, 바퀴 두 개, 소파 위에는 인형, 우린 밟아 릉릉
쇼바 위에 교복 치마, 밑바닥에서 여기까지
더콰 내 번호를 따지, 하늘 천 염따지
미안해 니 인생은 음... 까비
우리가 친구라니? 마음에 안 들어 눈깔이
Fuck, fuck, fuck

[Verse 48: Uneducated Kid]
Flex 하는데 돈을 다 썼어
목걸이 하나에 200을 줬어
명품이 나의 가치를 매겨
명품이 나의 가치를 매겨
내가 옛날에 백화점에 가면
날 무슨 노숙자 보듯이 봤어
근데 이제 내가 백화점 가면
씨발 걍 VIP 대접을 받어
재개발 살던 놈 인생이 바껴
사람들 나보고 자극을 받어
핑계만 대던 새끼들 눈 깔어
가짜 래퍼들 전부 다 눈 깔어
Uneducated 절대 안 바뀌어
돈 맛을 봐도 난 도둑놈 맞어
누가 날 가르쳤다간 쳐맞어
누가 날 가르쳤다간 쳐맞어

[Verse 49: myunDo]
119 불러놔 빨리, settin' thangs on fire, 내 특기 중 하나지
어정 번 중 효우토코처럼 기름 inside me
All I gotta do is spit fire, 어차피
타이트한 거 다들 할 테니깐 난 안 할게
It's dat remix 동전한닢 2.0 같이
한국 래퍼들 죄다 모여서 불 질러놨지
미리 사과드릴게요, sorry, 소방관 아저씨

[Verse 50: Takeone]
불이야 불, 내가 나타났을 땐 전화 안 해도 돼 119, yeah
내가 일하는 시간 불철주야니까 걱정 마
죽어가는 track들에 심폐 소생술
다시 살아 숨 쉬는 리듬
항상 지키는 기본, 항상 수습하러 다니는 기분
너네가 불 질러 놓은 이 바닥 내가 물로 씻겨
이건 불치병인 내 정신병, 항상 거꾸로 가지
너와 같은 방향이면 되 돌이켜
존중은 죽었지 아마도
그럼 내가 되살리지 한 번 더
절대 구린 게 아니지 한반도
랩은 내가 있으니까 잘 봐둬
Bitch I'm on 화염
평화

[Hook: GRAY (그레이)]
We bring the fire, we bring the fire
Call 1-1-9 yeah, 조심해 너 데일라
We bring the fire, we bring the fire
Call 1-1-9 yeah, let's make it rain
119 (IM, JM, H1GHR gang)
119 (Hi-Lite, GRANDLINE
Amoeba gang)
119 (VMC, Ambi, 1llionaire)
119 (artists only money getter)","","","","",""
"JOAH - Re-Mastered","Jay Park","32f0F3bMCTsUnorBsr9Jj8","[Intro]
Yeah
This goes out
Man you know who you are let's go
Check it! Ah!

[Verse 1]
Oh baby 너무 좋아서
You're driving me crazy
니 생각만해도 기분이 좋아 기분이 좋아
기분이 좋아 Na, Na, Na, Na, Na, Na
이 느낌 너만 느끼게 할 수 있는 느낌
난 죽을때까지 느끼고 싶어
내 곁에 있어줘 아낄 수 있어

[Pre-Chorus]
아낄 수 있어 언제나 너만 바라봐
나도 모르게 괜히 웃음이 나와
Oh baby, baby, baby, baby
난 크게 소리 외치고 싶어

[Chorus]
좋아 니 모든 것이 좋아
머리부터 발끝까지도
조그만 행동까지 하나 하나
다 좋아 니 모든 것이 좋아
너와 함께라면 즐거워
시간이 지날수록 더 좋아져
난 니가 필요해 매일같이 있게 해
달라고 난 기도해
나 오직 너만이와 행복하게 살수가 있어 No no

[Verse 2]
Yeah, break it down now
Come on no no
Ay girl 너와 함께면 하루하루가 너무해
Stay with me forever and ever baby please
And girl 우리가 운명 아니어도
난 무조건 너야
You know that I got you
You know that I love you
I'll always be with you baby

[Pre-Chorus]
언제나 너만 바라봐
나도 모르게 괜히 웃음이 나와
Oh baby, baby, baby, baby
난 크게 소리 외치고 싶어

[Chorus]
좋아 니 모든 것이 좋아
머리부터 발끝까지도
조그만 행동까지 하나 하나
다 좋아 니 모든 것이 좋아
너와 함께라면 즐거워
시간이 지날수록 더 좋아져
난 니가 필요해
매일같이 있게 달라고 난 기도해
난 오직 너만이와 행복하게 살수가 있어 No no

[Bridge]
난 절대로 떨어지기 싫어(떨어지기 싫어)
너를 보고 있어도 (너를 보고 있어도)
너무 보고 싶은걸 (보고 싶은걸)
내 곁에 항상 있어줘 My girl
I want you and I need you
Don't ever ever leave my side

[Chorus]
좋아 니 모든 것이 좋아
머리부터 발끝까지도
조그만 행동까지 하나 하나
다 좋아 니 모든 것이 좋아
너와 함께라면 즐거워
시간이 지날수록 더 좋아져
난 니가 필요해
매일같이 있게 달라고 난 기도해
나 오직 너만이와 행복하게 살수가 있어","","","","",""
"STAY WITH ME","Jay Park","3U7cZbyMlSylP0pH3kdV4R","[박재범 ""곁에 있어주길"" 가사]

[Verse 1]
쉽다고 말하면 그건 거짓말이지
다툰만큼 서로를 더 아끼게 됐지
옆에 있을 때는 난 항상 모르지
없을 때는 또 네가 너무 보고 싶지

[Verse 2]
수많은 실수를 통해서
너 없이 의미 없단 걸
깨달았지 이제 영원히
It's just you and me, ooh whoa ooh

[Pre-Chorus]
I don't never wanna let you go, no no
너를 안아줄 때 몸이 떨려, no, no no
내 시간이 멈춰버려 my baby, yeah
백 년이 지나도 약속해, yeah, yeah

[Chorus]
Please love me the same, the same, the same
365일 everyday
Girl 네 사랑이 필요해
너 하나만으로 충분해
왜냐면
인기는 언젠가는 떨어지게 돼
번 돈도 어디선가는 쓰게 돼있어
날 찾던 사람들도 떠나겠지
하지만 baby 넌
내 곁에 있어주길
내 곁에 있어주길
변하지 않고 영원히
내 곁에 있어주길
No, no, no

[Verse 3]
Baby 난 네 덕분에 사람이 됐지
네가 아니었다면 생각조차 하기 싫어 my baby
네가 날 멋있게 만들어 baby, yeah, yeah

[Verse 4]
신이 우릴 허락 안 해도
나는 끝까지 널 사랑할래
네가 없는 것보다 차라리 죽는 게 더 나아
모든 게 무의미해져

[Pre-Chorus]
I don't never wanna let you go, no no
세상이 돌고 해가 떠도
Ooh, 내 시간이 멈춰버려 my baby
백 년이 지나도 약속해, yeah, yeah

[Chorus]
Please love me the same, the same, the same
365일 everyday
Girl 네 사랑이 필요해
너 하나만으로 충분해
왜냐면
인기는 언젠가는 떨어지게 돼 (떨어지게 돼 girl)
번 돈도 어디선가는 쓰게 돼있어 (Ooh)
날 찾던 사람들도 떠나겠지
하지만 baby 넌
내 곁에 있어주길 (Ooh, ooh ooh)
내 곁에 있어주길
변하지 않고 영원히 (No, no, no, no)
내 곁에 있어주길
Baby baby babe","86.997","0.258","0.664","-10.975","0.358"
"YACHT (k) (Feat. Sik-K)","Jay Park","57ziFwpzuFkJi5nP91qnl4","[Intro: Jay Park]
Yah
I need a Cha Cha beat boy
Look, yah

[Chorus: Jay Park]
I should buy a yacht just to take you on it
Wanna take you 'round the town just to watch you flaunt it
You're so pleasing to the eye, I'm just being honest
For you, I'm down to go broke, empty out my pockets
I be like you're my dope, I'm so high
Baby work, girl work like Rihanna
Girl, you know I don't ever lie
This a song I wrote just for my baby

[Verse 1: Jay Park]
I can't have you in the open, girl
I can't have you in the lonesome, girl
'Cause too many dudes be hoping, girl
Scheming, they wanna steal my girl
But oh no, that won't ever, ever happen
'Cause I'm that fly Asian guy, I'm the captain
I be so wavy when whatever I be bragging
Get you in submission all night, you be tapping, yeah
Taking it from coast to coast
Scuba diving in the ocean shore
Fuck around and take you on a world tour
Versace dropping on the bedroom floors, yeah

[Chorus: Jay Park]
I should buy a yacht just to take you on it
Wanna take you 'round the town just to watch you flaunt it
You're so pleasing to the eye, I'm just being honest
For you, I'm down to go broke, empty out my pockets
I be like you're my dope, I'm so high
Baby work, girl work like Rihanna
Girl, you know I don't ever lie
This a song I wrote just for my baby

[Bridge: Jay Park]
Just for my baby, just for my baby
Hit me up baby, on the Kakao baby
Gimme good lovin', we can get down baby
Get down baby, ay

[Verse 2: Vic Mensa]
I could make your coochie rain, don't tell FEMA, ay
His and hers Gucci Mane, don't tell PETA
Cover your ears all in blood diamonds 'cause you know you're mine
I don't even wear diamonds, but I want her to shine (yeah, yeah)
I like the conversations (yeah)
Tell me 'bout your classes (ooh)
Give me brain like a geek (geek)
Don't take off your glasses (ay)
Email CC (ay)
I put Chanel on your feet (ay)
I wanna read your body language
I don't like reading receipts
Steal my girl (ooh, ya)
Good luck Charlie
You must be Jason Kidd-ing me, put some bucks on it (ay)
Throw a tux on it, that mean I got cuffs on it
She on my arm like that Balenciaga clutch on it
Valentine's Day shopping
Now I'm rollin' down Rodeo with you shotgun
Banging Rage Against the Machine, I'm not a player, I'm a king, ay
Checkmate a nigga if he try to take my queen, woo!
I ain't time for playing games (okay)
I get you wet like Training Day (uh huh)
I put my girl in Human, ain't no Bathing Apes 'cause she my baby
She get low for me just like a 808

[Chorus: Jay Park]
I should buy a yacht just to take you on it
Wanna take you 'round the town just to watch you flaunt it
You're so pleasing to the eye, I'm just being honest
For you, I'm down to go broke, empty out my pockets
I be like you're my dope, I'm so high
Baby work, girl work like Rihanna
Girl, you know I don't ever lie
This a song I wrote just for my baby","125.007","0.51","0.731","-9.34","0.4379999999999999"
"GANADARA (Feat. IU)","Jay Park","4ZQMESMTTqoVz2FFzffs97","[박재범 ""GANADARA"" ft. 아이유 가사]

[Intro: Cha Cha Malone]
Woogie on and on

[Verse 1: Jay Park]
길거리를 걷다 보면
사랑 노래만 흘러나와
나는 왜 저런 게 낯설까
난 한국말까지 서툴러
번역기도 전혀 도움 안 돼
네 맘엔 어떨까 걱정만, no (Oh)
어떤 단어를 쓸지, I don't know
어떤 말을 할지, I don't know
나는 왜 이런지, I don't know
You're on my mind
어떤 단어를 쓸지, I don't know
어떤 말을 할지, I don't know
나는 왜 이런지, I don't know
You're on my mind
Baby, 정말 생각 안 나 (안 나)
Body language로 자신 있어
보여줄게 girl, just give me some your time, yeah
너를 보면 손에 땀 나, yeah
긴장 풀게 한 번 웃어줘
Let me take you on a magic carpet ride, uh, yeah

[Chorus: Jay Park]
손을 잡아 따라와
맑은 날씨 보름달
가르쳐줘 오늘 밤
가-나-다-라-마-바-사
손을 잡아 따라와
맑은 날씨 보름달
가르쳐줘 오늘 밤
가-나-다-라-마-바-사

[Verse 2: IU, Jay Park]
너무 완벽하지 않아도
걱정 마 네 맘을 조금 알 것 같아
네게 좀 더 다가서 볼까
고민해 매일 밤
길거리를 걷다 보면
계속 계속 네 생각이 나
이런 내 모습이 왜 낯설까
번역기 위에서
헤매는 네 손가락까지
자꾸만 생각이 나는 걸, okay
Body language도 (Huh) 나는 괜찮아 (Woah)
But, 생각 안 나면 그냥 웃어줘 (Ha-ha)
모든 것을 알려줄게 오늘 밤 (Uh-huh, okay)

[Pre-Chorus: Jay Park]
내가 나쁜 남자처럼 보여도
너를 볼 때면 맘이 여려져
I wouldn't mind, if I died in your arms

[Chorus: IU & Jay Park, Jay Park]
손을 잡아 따라와
맑은 날씨 보름달
가르쳐줘 오늘 밤
가-나-다-라-마-바-사
손을 잡아 따라와
맑은 날씨 보름달
가르쳐줘 오늘 밤
가-나-다-라-마-바-사
손을 잡아 따라와 (Ooh)
맑은 날씨 보름달 (
보름달, 보름달, la la la la la la
)
가르쳐줘 오늘 밤
가-나-다-라-마-바-사 (
Hah
)
손을 잡아 따라와 (
손을 잡아, 오늘 밤
)
맑은 날씨 보름달
가르쳐줘 오늘 밤
가-나-다-라-마-바-사 (가르쳐줘, 가-나-다-라-마-바-사)","90.081","0.615","0.492","-6.663","0.458"
"MOMMAE (Feat. Ugly Duck)","Jay Park","3MuGoW19i72vekvJoeAIxl","[박재범 ""몸매"" ft. 어글리 덕 가사]

[Intro: Zion.T]
GRAY

[Chorus: Jay Park]
I be like, ""Hol' up, wait a minute, girl"" (Minute, girl)
어딜 가? 너무 쳐다봐서 미안해 (미안해)
근데 네가 너무 섹시해서 눈을 뗄 수가 없어
(Goddamn) 보고 싶어
너의 몸-몸-몸매, 몸-몸-몸매
몸-몸-몸매, yeah
너의 몸-몸-몸매, 몸-몸-몸매 (Alright, yo)
Ah, yeah, let me see, let me see

[Verse 1: Jay Park]
네 앞에 서면 비욘세 엉덩이도 납작해
답답해, 시원하게 그냥 갖다 대
구릿빛 피부의 네 허벅지는 탄탄해
택시 기사처럼 넌 쭉쭉 가고 빵빵해
널 감상하는 게 변태 같으면 난 변태할래
진심이야, 연기처럼 보이면 나는 담배
우리의 관계가 뭔지 모르지만
지금 소개받고 싶어, 네 가슴에 달려있는 자매
쌍둥이-둥이, I want you to give it to me, ooh-wee
Twix처럼 있고 싶어, baby, 단둘이
부비부비, 춤은 내 침대에서 추지
규칙과 휴식 없이 너한테 계속 주지, let's shoot a movie, ah

[Pre-Chorus: Jay Park]
They ain't fuckin' with us (Fuckin' with us)
Ah, nah, they ain't fuckin' with us (Fuckin' with us)
This ain't DJ Mustard (What?), this is GRAY on the beats (What?)
Bitch, it's AOMG, we do it properly, leggo (Alright, bring it back, let's go)

[Chorus: Jay Park & Ugly Duck]
I be like, ""Hol' up, wait a minute, girl"" (Minute, girl)
어딜 가? 너무 쳐다봐서 미안해 (미안해)
근데 네가 너무 섹시해서 눈을 뗄 수가 없어
(Goddamn) 보고 싶어
너의 몸-몸-몸매, 몸-몸-몸매
몸-몸-몸매, yeah
너의 몸-몸-몸매, 몸-몸-몸매
Ah, yeah, let me see, let me see (What?)

[Verse 2: Ugly Duck]
목폴라를 입어도 태 나오는 몸매 (몸매)
목 메이네, 괜히 칵테일 한 모금 더 해 (더 해)
멍해진 동공, 내 초점은 동태 (동태)
원초적 본능에 튼튼해진 내 떡매 (떡매)
보자마자 딱딱히 굳어, 눈매가 메두사
쭉빵에 코피 터져, 허리선이 펀치라인 (Woo)
피부는 미운 네 살 말투마저 귀여운 부산
부모님 한국 분 맞어? 골반이 수입산
더우면 좀 더 벗어, 바람직한 복장 불량
맛이 궁금해, 탐스러운 자연산 복숭아, 수박
클럽 안은 이미 동물농장
넌 발정 난 수컷들 다 불러 모아 멕이는 사육사 (Hey, hey, hey)
이제 빠져나가자, 이 마구간에서 AOMG로
같이 온 친구들까지 다 데리고
누가 뭐래건 신경 안 쓰여, 우린 우리 방식대로
Ayy, yeah, it don't matter

[Chorus: Jay Park]
I be like, ""Hol' up, wait a minute, girl"" (Minute, girl)
어딜 가? 너무 쳐다봐서 미안해 (미안해)
근데 네가 너무 섹시해서 눈을 뗄 수가 없어
(Goddamn) 보고 싶어
너의 몸-몸-몸매, 몸-몸-몸매
몸-몸-몸매, yeah
너의 몸-몸-몸매, 몸-몸-몸매
Ah, yeah, let me see, let me see

[Bridge: Jay Park]
Ooh, you so sexy (Sexy)
Ooh, you so sexy (Sexy)
You so sexy, girl
You so sexy, girl

[Chorus: Jay Park]
I be like, ""Hol' up, wait a minute, girl"" (Hol' up, wait a minute, girl)
어딜 가? 너무 쳐다봐서 미안해 (Woah)
근데 네가 너무 섹시해서 눈을 뗄 수가 없어
(Goddamn) 보고 싶어
너의 몸-몸-몸매, 몸-몸-몸매
몸-몸-몸매, yeah (Yeah, yeah)
너의 몸-몸-몸매, 몸-몸-몸매 (Woah, woo)
Ah, yeah, let me see, let me see (Let me see that right there)","93.91","0.691","0.694","-4.791","0.678"
"SOLO (Feat. Hoody)","Jay Park","6j3i8yVetAyxX8vUIfoz70","[Intro: Jay Park]
Oh, whoa whoa
Yeah, yeah, yeah
(I need a Cha Cha beat, boy)

[Verse 1: Jay Park]
Baby 솔직할게, yeah
나 조금 당황했어, yeah
이런 경우는 처음이야 나한테, yeah
지금 어쩔 줄을 몰라, nah
나 원래 반대 입장이야, yeah
나를 만나려고 다들 줄 서있는데

[Verse 2: Jay Park]
근데 니가 나타나서 멘붕 상태야
내 자존심 갖다 버리고 와
I don’t care 널 갖고 싶어 baby
우리 부모님이 반대하셔도
친구들이 바보라고 해도
I don’t care 널 갖고 싶어 baby

[Chorus: Jay Park]
솔로이길 바래
나도 얼마 전에 싱글 됐으니까
너를 너무 원해
제발 솔로이길 바래
내가 바쁘더라도 니가 원한다면
바로 은퇴할게

[Hook: Jay Park]
제발 솔로이길 바래 (솔로이길 바래)
솔로이길 바래 (솔로이길 바래)
솔로이길 바래 yeah, hey yeah
솔로이길 바래 (솔로이길 바래)
솔로이길 바래 (솔로이길 바래)
솔로이길 바래 yeah, hey yeah

[Break: Jay Park]
You got me like ooh
You got me like ooh, ooh ooh ooh
You got me like ooh
You got me like ooh, ooh ooh ooh

[Verse 3: Hoody]
Single lady? 누가 물을 땐
난 그냥 거짓말로 아니라 했어 baby (ooh)
하지만 내 앞에 진심인듯한 널 볼 땐
Baby I’m solo from now on

[Verse 4: Hoody]
모르겠어 진심인 건지
한순간의 착각인 건지
I don’t know 왜 날 갖고 싶어 baby, yeah yeah
얼마나 많은 여자들이
널 만나려고 줄을 서있는지
I do know 그래서 불안해, yeah, ooh

[Verse 5: Jay Park]
다 괜찮아 그냥 솔로이길 바래 girl
Aladdin and Jasmine, now I’ll show you a whole new world
Magic carpet 위에 올라타 girl
걱정하지 마 따라와
Baby 보여줄게 많은 걸
Uh, 콩깍지는 아닌 것 같애 (ooh ah)
이름도 모르지만 baby 사랑해 (사랑해, 사랑해)
Nothin' on you, I just wanna know your name
첫 번째는 아니어도 (ooh...)
마지막이 돼줘 baby

[Chorus: Jay Park]
솔로이길 바래
나도 얼마 전에 싱글 됐으니까
너를 너무 원해
제발 솔로이길 바래
내가 바쁘더라도 니가 원한다면
바로 은퇴할게

[Hook: Jay Park (Hoody)]
제발 솔로이길 바래 (솔로이길 바래)
솔로이길 바래 (솔로이길 바래) (솔로이길 바래)
솔로이길 바래 yeah, hey yeah (yeah yeah)
솔로이길 바래 (솔로이길 바래)
솔로이길 바래 (솔로이길 바래) (ooh...)
솔로이길 바래 yeah, hey yeah

[Break: Jay Park]
You got me like ooh
You got me like ooh, ooh ooh ooh
You got me like ooh
You got me like ooh, ooh ooh ooh","124.234","0.314","0.489","-9.245","0.607"
"All I Wanna Do","Jay Park","2PcJoVkfjcbvoqBxV1Nj7y","[Intro: Jay Park, Hoody]
Girl
Girl
(
I need a Cha Cha beat, boy
)

[Chorus]
Girl, pardon me, I don't mean to be rude
But I got some paper, wanna spend it on you
All I wanna do is kick it with you
Bottles on deck for you and your crew
Baby, swing by, girl, you should come through
All I wanna do is kick it with you (Yeah, okay, yeah)

[Verse 1]
Ooh girl, look at you, baby, almost lookin' flyer than me
And I, I got that gold Rollie with the Bezel and Louis Vuitton on my body
And I know that shit don't impress you
So no bullshit, girl, nothin' extra
Uh, girl, I ain't even playin' games
I wanna take you home, I'm just being frank, oh, yeah

[Pre-Chorus]
I been fantasizin' 'bout you, girl, all night
Put your panties to the side, if it's alright

[Chorus]
Girl, pardon me, I don't mean to be rude
But I got some paper, wanna spend it on you
All I wanna do is kick it with you
Bottles on deck for you and your crew
Baby, swing by, girl, you should come through
All I wanna do is kick it with you

[Verse 2]
Alright, yeah, ha
Let's kick it, let's kick it (Let's kick it)
A little bit of drinkin' and a little bit of kissin' (Oh, yeah)
Ace Chico on the one's and two's
Yeah, he'd be spinnin' this shit (AOM)
They pop that pussy, it be purrin' like a kitten
Yeah, boy, yeah, boy
It's Seattle to the Seoul, it's AO to the MG, Jay and Cha Cha to Malone
Bump this in yo stereo or on your mobile phone
Don't got time for child's play 'cause all of us are grown, oh, shit
Don't be a hatin' ass bitch, boy
Don't be a hatin' ass bitch, boy, I don't care
Yeah, we gettin' rich, boy
Me and my homies gettin' rich, boy

[Pre-Chorus]
I want them good vibes only
It's just me and my homies
And if you don't know me
Then you better stay the fuck outta my section
Unless you Tinashe, ah

[Chorus]
Girl, pardon me, I don't mean to be rude
But I got some paper, wanna spend it on you
All I wanna do is kick it with you
Bottles on deck for you and your crew
Baby, swing by, girl, you should come through
All I wanna do is kick it with you

[Bridge]
Yeah, yeah (Oh, yeah, oh, yeah)
This one is for them sexy ladies (Sexy ladies)
Yeah, yeah (Oh, yeah, oh, yeah)
Haters only motivate me (Motivate me)
Yeah, yeah (Oh, yeah, oh, yeah)
This one is for them sexy ladies (Sexy ladies)
Yeah, yeah (Oh, yeah, oh, yeah)

[Chorus]
Girl, pardon me, I don't mean to be rude (Pardon me, I don't mean to be rude)
But I got some paper, wanna spend it on you
All I wanna do is kick it with you (Spend it on you, you)
Bottles on deck for you and your crew (You and your crew)
Baby, swing by, girl, you should come through (You should come through)
All I wanna do is kick it with you (Yeah, yeah, yeah, yeah)

[Outro]
It's AOMG
Seattle to Seoul, baby, woo
It's everything you wanted, baby
It's everything you wanted, baby
Dream team, yeah","112.071","0.794","0.728","-3.992","0.523"
"Yesterday","Jay Park","4mPOgPXaXFBQ9dCg6OGEFv","[Verse 1]
Your love's the sweetest sound
Around you, my heart just pounds
Your touch, I'll write it down
So high, I can't come down
Was hopeless, took notice
Baby, like a siren, mm, and you gave me faith, oh

[Pre-Chorus]
You're the answer, all my problems solved
Life with you is so beautiful, I won't trade it away
I was lost but found my purpose now
I'm glad you're keepin' me around, I won't trade it away

[Chorus]
Whether I'm up or down or I wear no crown
Love me the same way, the same way you did as yesterday
Whether I'm rich or poor, just call me yours
Love me the samе way, the same way you did as yestеrday

[Post-Chorus]
Oh-oh, oh-oh
Did as yesterday

[Verse 2]
Your smile is all I need
Without you, these lungs can't breathe
I'd fall from the sky for you
Wanna do better and thrive for you
Was hopeless, took notice
Baby, like a siren, oh-oh, and you gave me faith

[Pre-Chorus]
You're the answer, all my problems solved
Life with you is so beautiful, I won't trade it away
I was lost but found my purpose now
I'm glad you're keepin' me around, and I won't trade it away

[Chorus]
Whether I'm up or down or I wear no crown
Love me the same way, the same way you did as yesterday
Whether I'm rich or poor, just call me yours
Love me the same way, the same way you did as yesterday

[Outro]
Oh-oh-oh-oh-oh
Oh-oh-oh-oh
Oh-oh
Oh-oh-oh-oh-oh
Oh-oh","129.939","0.8","0.541","-3.687","0.56"
"Love Is Ugly (Feat. Hwa Sa)","Jay Park","3MUmPh3UxWs9p25e6B3M7N","[박재범 ""Love Is Ugly"" ft. 화사 가사]

[Intro: Cha Cha Malone]
Woogie on and on

[Refrain: Jay Park]
Love is ugly sometimes
아름다울 수는 없어
Love is ugly sometimes
항상 좋을 수는 없어

[Verse 1: Jay Park]
못 할 말도 다 하고 좀 뭐 같애
너와 함께라면 baby, it's okay
못 볼 꼴도 다 보고 좀 이상해
같이 못난 거니까 girl, it's okay
It's okay, yeah, it's okay, yeah
It's okay, it's okay, huh
가끔씩 줬던 세상을 뺏어 부시고 싶어

[Interlude: Jay Park]
Ooh-ooh-ooh-ooh, ooh
Ooh-ooh-ooh-ooh, ooh
Ooh-ooh-ooh-ooh, ooh
Ooh-ooh-ooh-ooh

[Chorus: Jay Park]
째려보면서 짜증 내 sometimes (Sometimes)
옆에 있어도 등을 돌려 all night (All night)
죽도록 밉지만 너 없이 겁나
서로 흠이 많아도 너는 내 거야
다 의미 없어 쓸데없는 자존심, baby
너와 같이라면 지옥까지 따라갈게

[Refrain: Hwa Sa]
Love is ugly sometimes
아름다울 수는 없어
Love is ugly sometimes
항상 좋을 수는 없어

[Verse 2: Hwa Sa]
특별하게 해줘 넌
나를 유일하게 만들어
아프게도 하지만
너의 모든 것이 물들어
(It's okay, it's okay) 가끔은 날 미치게 하지만
(It's okay, it's okay) 오직 너뿐이란 걸
내게 집이 되어주잖아

[Chorus: Hwa Sa]
째려보면서 짜증 내 sometimes (Sometimes)
옆에 있어도 등을 돌려 all night (All night)
죽도록 밉지만 너 없이 겁나
서로 흠이 많아도 너는 내 거야
다 의미 없어 쓸데없는 자존심, baby
너와 같이라면 지옥까지 따라갈게

[Bridge: Jay Park]
Ooh-ooh-ooh-ooh, ooh (Oh, na-na-na-na-na)
Ooh-ooh-ooh-ooh, ooh
Ooh-ooh-ooh-ooh, ooh
Ooh-ooh-ooh-ooh (Na-na-na-na-na)
Baby, there ain't nothing I won't do for you, oh-oh
영원하기를 바래

[Refrain: Jay Park & Hwa Sa]
Love is ugly sometimes
아름다울 수는 없어
Love is ugly sometimes
항상 좋을 수는 없어","","","","",""
"DRIVE (Feat. GRAY)","Jay Park","4NKQTbmiBtm1MwqBbQQhpM","[박재범의 ""DRIVE (feat. GRAY)"" 가사]

[Intro: Gray]
Gray

[Chorus: Jay Park]
모든 일들이 잘 안 풀리고 있을 때
스트레스가 어깨에 가득 차 있을 때
너만 보면 맘이 너무나도 편해져
모든 고민 모든 걱정들이 싹 없어져

[Post-Chorus: Jay Park]
내 차에 올라타
바람 쐬러 가
밥 먹지 말고 와
전부 내가 해줄게
So let's go for a drive

[Verse 1: Jay Park, Gray]
Oh yeah, girl, 내 몸이 힘들어 (힘들어)
Oh yeah, girl, 내 맘도 힘들어 (힘들어)
And now 이걸 치료할 수 있는 건 (Yeah)
너 하나뿐, girl only you
데리러 갈게 girl 저녁때쯤
언제나 내가 누굴 필요로 했을 때
You were always there, for sure
내가 Jay-Z면 너는 나의 Beyoncé
Together we can run the world

[Verse 2: Jay Park]
어떤 차로 pick up 갈까?
I'll take you foreign, 내 옆에는 네 자리 (자리)
전세기에 태울 수 있을 때까지
It's all for me and you, I'ma keep on hustling!

[Chorus: Jay Park]
모든 일들이 잘 안 풀리고 있을 때 (Woo!)
스트레스가 어깨에 가득 차 있을 때
너만 보면 맘이 너무나도 편해져
모든 고민 모든 걱정들이 싹 없어져

[Post-Chorus: Jay Park]
내 차에 올라타
바람 쐬러 가
밥 먹지 말고 와
전부 내가 해줄게
So let's go for a drive

[Verse 3: Jay Park, Gray]
우리 열심히 일했잖아 (Damn right)
오늘 어디든지 떠나자
Me and you, girl I'll show you the world
세계적인 couple Victoria와 Beckham
나 알잖아 기대해도 돼 백이면 백 노력할게 girl
No matter what I'll always be there
Your Superman, 꼭 지켜줄게 baby
길 잃을 일 없어, I'm your GPS girl
어디든 다 갈게 'cause you are so special
다음 단계로 가자 on to the next level
걱정은 다 제껴 우리만의 영원한 여행

[Chorus: Jay Park]
모든 일들이 잘 안 풀리고 있을 때
스트레스가 어깨에 가득 차 있을 때 (스트레스가 어깨에 가득 차 있을 때)
너만 보면 맘이 너무나도 편해져
모든 고민 모든 걱정들이 싹 없어져

[Post-Chorus: Jay Park, Gray]
내 차에 올라타
바람 쐬러 가
밥 먹지 말고 와
전부 내가 해줄게
So let's go for a drive (Yeah)

[Bridge: Gray (Jay Park)]
Let's go for a drive, let's go for a drive, baby
In this foreign car, baby all night long
Let's go for a drive, let's go for a drive, baby
You're the only one that I want, my girl
I'm not a CEO (CEO)
But got a lot of money so let's make a video
해변 도로를 누비고 싶어
Baby are you gonna stay the night? (Whoa ooh)

[Chorus: Jay Park]
모든 일들이 잘 안 풀리고 있을 때 (Whoa oh)
스트레스가 어깨에 가득 차 있을 때
너만 보면 맘이 너무나도 편해져
모든 고민 모든 걱정들이 싹 없어져 (Ah...)

[Post-Chorus: Jay Park]
내 차에 올라타 (차에 올라타)
바람 쐬러 가 (바람 쐬러 가)
밥 먹지 말고 와
전부 내가 해줄게
So let's go for a drive","90.565","0.792","0.645","-7.34","0.666"
"DNA Remix","Jay Park","64m44h2nTKmBczXoDkbErt","[박재범, 와이엘엔 포린, 디아크, 365LIT, 피에이치원, 릴보이, 이영지, 아우릴고트, 추현승 & 권오선 ""DNA Remix"" 가사]

[Verse 1: Jay Park]
넘어져도 다시 일어나
나는 전설이지
내가 죽기 전에 미리
같이 사진부터 찍어놔
I stand on my ten toes
두 다리가 여러 명 기둥이 되었지
머릿속 게을리
움직인다고 생각하면 System에 오류나
Soul of lion’s what I got on my chest
Morals and principle come before checks
가둬두려 해도 탈출했지
노예 되기 전에
난 선택해 Death
매년 판을 벌려 다시 기록 세워
나는 착한 사람 동시에 통장 채워
한국인 피가 흘러
절대 안 굽혀
Man, it's in my DNA

[Chorus: Jay Park]
In my DNA
In my DNA
In my DNA
In my DNA
In my DNA
너와 나의 차이점
In my DNA
어떤 요리를 해도 맛있어
In my DNA
난 너무 높이 와 있어
In my DNA
I ain‘t Tupac but I’m a ridah

[Verse 2: YLN Foreign]
Get your hands
I don't want to speed race
포기했어 이젠 지침
다 네 맘대로 해
이 새끼 카피한 걸로 돈 벌어
넌 네가 네 목소리 팔아서 벌어
두 번이나 본 댓글 처음인 것처럼 해
이제는 나도 포기했거든
That's okay
이리와 좀 더 줄게
Yo 너흰 진정하지
비밀 지키면 Thanks
얘가 하면 오마주
내가 하면 다 카피
그래서 너랑
나중에 누가
재범이형이랑 작업해 Facts
Yeah baby
Yeah bow wow
Yeah one time
Yeah aye
DNA So fresh
Play with new face
Love your hate
I'm DNA Foreign
In my YLN

[Verse 3: D.Ark]
DNA DNA
My Blood shining like VVS
다른 핏물 다 시시해
가짜 힙합 행세들 VS
음악방송 한다고
나 보고 관두래 Rapper
상업적인 음악 해도
너보다 힙합 From the ghetto
I wanna more metro boomin'
나도 한때는 Middle fingers up
바지는 라인 밑까지 땅을 쓸며 걸어
한 쪽엔 Big Poppa를 틀고서
괜히 쓸모 없는 자부심은 버려
마인드는 본토라 총구를 겨눠
상재처럼 패배배배 따윈 없어
내가 랩을 뱉음 접자
우리 회사에 비하면 넌 적자
기억해둬 내 이름 김우림 석자
나는 너의 신상을 털어 뻑가
Cause I’m rap and sing and dance like Jay Park

[Verse 4: 365LIT]
프로젝트 게놈에서
잘못 연구 된 놈
얼른 애를 낳아야겠어
한 놈 두 놈 세 놈
성수동의 캐롤
됐지 Compilation album
아무나 다 덤벼
나는 무적의 Rambo
Mad Max shit
Bitch I'm ridah
다리 아래로 오면 가차 없이 밟아
계속 오르는 몸값
Bitches tryna find out
내가 어딨는지 봐봐
너는 Knocked down
Yeah, I hit that dough
Yeah, I hit em' up, hit em' up, hit еm' up
Yeah, I ballin' like I'm Migos
Get in thеre, get in there, get in there
세 개의 심장 토이고
필드 위를 Shoo, shoo, shoo
Hop in the dump truck
핸들을 Skrr, skrr, skrr, skrr

[Verse 5: pH-1]
DNA
난 다르게 지었네
생태계를 위협해
Be aware
난 위험해
멍청이들 없는 얘기를 지어내
너무 지겹네
그냥 쭉 속에서 살아 인터넷
I’m with my man
He YLN Foreign my benzo
It go Skr, skr, skrrrrr
은행갈 때 내 입장곡 Brr, brr, brrrrr
We be stacking mula for the family
먹여 배불리
네 음악 별로
어떻게 그 나이에 벌써 퇴물임?
난 깨달아버렸지
부서진 판타지
여긴 참 더럽지
넌 대체 무엇 땜에
영혼을 걸었니
나의 차와 집이 변해도
나의 DNA는 변할 리 없지
H1ghr gang we the clique
H1GHR GANG WE THE CLIQUE

[Chorus: Jay Park]
In my DNA
In my DNA
In my DNA
In my DNA

[Verse 6: lIlBOI]
내 DNA에 있어
내일의
Got a feelin’
새로운 느낌이지
검은색 비니
눌러쓴 Image
Just like the villain
이제는 질릴 때도
되었다지만
전화가 왔지
재범이형 Ok
I’ma go kill it
별 다를 것
없지 아마도
이걸 말해 뭐해
I'm the boss
내 마름모는
다른 곳이 아니고
나의 손목에
My time is gold
내 시간 빛나지
Look what I did
고작 반년 만에 어느새
경지에 올랐지
언제나 새로워
Etc
아무것도 안 하는 짓은
내게는 너무나 해로워
Cause I see now
어디로 갈지
당연하게 움직여
Like it was in my DNA

[Verse 7: Lee Young Ji]
So why u trippin'?
Just take that all you got
난 보여줘 내 유일무이 Drippin'
우성인자 다 챙겨가
무성한 잿빛도시에서 직진
DNA 박고 Tongue twistin'
덕에 어린 꼬마는 Get 해
All that bands, like the only
Yeah then who gon' beat me
사뭇 진지
또 낙관적 사고를 실시
성공 직시해
Umm kinda trippy!
Ohh I can't get out of this (taste)
Go 직진
적진에다 Bow wow
This beat got me feelin' like ahhh
안 훔쳐가 네 기믹
큰 경기에 비해 낮은 네 Limit
No doppin'
Stop bluffin'
붙어 태초의 DNA로
Ain't got nothin' to lose
접해 새로운 성공의 Phenomenon
내 유전자를 빚져 바꿔낸
순해 여사님 Outfit
내년 이때쯤에는
거처가 바뀌겠지 U got this?

[Verse 8: Ourealgoat]
I got a Glock
Block
여기는 내 구역
진짜배기 무대 위를 Cop
질투를 너무 많이 받아
DNA 탓
화가 난 놈들의 이유는 너무 복잡해
바닥서 굴러 올라와 보니 쟤네 참 딱해
피눈물 흘릴 때까지
눈뜨고 잡았던 방식
누군 또 말해 ＂넌 반칙패＂
허무해 그냥 내 간지 땜에
거울 봐 난 너를 알지
분에 못 이겨 매일 온갖 일
비겁하고 꿍하게 살지
항상 내게 의심이 많은 놈들 말이 많네
비웃고 떠들어 댔겠지 ＂쟨 얼마 가지 못해＂
두 눈 치켜들어 잘 봐 날 언제든 너희 앞에
이게 내 야망 넌 총 필요할 거야 머리맡에

[Verse 9: Choo]
Rarri 시달릴 때 마다
난 느껴지는 것이 Cocky
난 Ballin
항상 정신 차려보면 눈떠 아침
돈 벌리는 게 거짓
같아 보니 붙어 사임
그 거리 느낌
이제 겪어보니 믿지 착시
잠시건 지치지 않고
나는 항상 길을 걷지
팔지 나는 간지
이제 Break it like a cop
80 에서 알지
Make some DNA and
착한 거는 아니지만 필요하지 나
많이 왔지
근데 역시 못 멈춰서 하
Feelin’ DNA
난 항상 다른 걸로 시도
아무 실패
내한테는 갖고 오지 Pistol
빛이 났지
근데 이제 바뀔 차례 DNA
굴려 나의 발음
가릴 거는 니네 뒤에 해

[Verse 10: OSUN]
Attention please
주목 받을 수록 빛이 나
Another DNA
가지고 태어났어 나
I've been to here
꿈에서만 그려왔지 막상
와봄 별거 아니지
지껀 아무도 안 챙겨 Why
All white
AF1을 신고 춤춰 YLN
난 머리부터 발끝까지 착장 준비해
1년전에
난 내가 아녀
까던 애는 저 뒤에서
마치 강시처럼 서있어
나는 Dali Van Picasso
You need gene edit
만약 내가 되고 싶다면
바꿔야 될 거야 DNA
라마형처럼
난 항상 생각이 다르지 Lyricist
OK no cap
No pain no gain
넌 빼도 된다던데
All day 어때
No thank 너무해
건방짐 장착 In my DNA

[Chorus: Jay Park]
In my DNA
In my DNA
In my DNA
In my DNA
In my DNA
너와 나의 차이점
In my DNA
어떤 요리를 해도 맛있어
In my DNA
난 너무 높이 와 있어
In my DNA
I ain‘t Tupac but I’m a ridah","","","","",""
"World Domination","Jay Park","20QRiEt3H04E5vHJG4LDlG","[박재범, 김하온, 식케이 & 피에이치원 ""World Domination"" 가사]

[Verse 1: Jay Park]
Yeah, 뭐를 하든 항상 제대로
The homies got that stick like a 빼빼로
어딜 봐도 all ice like a Eskimo
난 계속 복을 받지, 그건 세뱃돈, yeah
모든 rappers 전부 cappers, 너넨 삐에로
This that Soju, this that Kimchi, this that 찌개 flow
광고 pay 노관심, 나에게 지분 줘
Twelve years in the game, 환영해
나의 시대로, 시대로
나는 시간 절대 안 봐 시계로
나는 가만 있질 못 해 이대로
내 hustle 보고 착각해 기계로
Oh shit, there's a level to this shit
Young boy, notepad 꺼내 적어 all that shit
Young boy, I'm a grown man, yeah
But energy and young boy, 나는 젊은 회장님
I'll treat you like a young boy, talk to me nice

[Verse 2: HAON]
대화 나누기 전에
Respect부터 챙겨 인마
주는 대로 받는 거라 배웠는데
이거 무슨 콩쥐 팥쥐도 아니고
도무지 감이 안 잡혀
모두의 욕심을 채우기엔 부족
그렇다면 나와 나의 주위
모두의 안위 정도만 챙기는 걸로
그렇지만 커지는 원 (원)
누가 막아 대체, 너? (너?)
이건 대체 불가한 것 (Nah)
그래, 말하자면 불가항력
이런 촌스러운 게 먹힌다는 게 (Ooh wee)
실은 뱉고 있는 내게 제일 거슬리는 점
그래도 가끔 이런 게 어린아이들에겐
좋은 귀감이 될 수도 있다는 게
Nah, 뭐라도 뱉으면 fire
Steppin' it we goin' H1GHR
함부로 하면 retire 시켜
엄지처럼 날 치켜
친구들은 날 지켜
BGM은 네 비명

[Chorus: Jay Park]
We be riding, we be riding
We be riding for the crew
Yеah loyalty is royalty and that's just how we do
H1GHR mobbing causing problems
All the whilе we getting loot
Fuck your agenda pretender boy
You better follow suit
I'll tell you my plan world domination
Shout outs to my fam this that motivation
Where my soldiers at this that activation
Never stop that's on God world domination

[Verse 3: Sik-K]
이태원 서울 city
폐허거든 저울질이
헥헥거려, 도무지가 쉬질 못해
서로 시기 질투해
거짓말로 Me Too해
찌그러지자, 귀퉁이에
오심 프로가 capper, 사십오 프로는 개 뻥
사 프로 they ain't rapper, 일 프로 그게 나라고, 새겨
알고 있음 미리 말 좀 하라고 새꺄
제발 내 말 자르지 좀 말라고 새꺄
인천공항 유럽으로 가, 다음에 또 봐
인천공항으로 또 가, 미국 도착, 담에도 좋아
인천공항, 입국허가, 지구 돌아
네 커리어 던져버려 투포환
뗄 수 없어 내 두 고환을
난 앞으로만 go 하는 type이라 그래
받고 만은 못사는 사람이라
죽을 때까지 못 갚으면 제 명에 안 R.I.P. 해
기다려 내 revenge, 양아치 너네

[Verse 4: pH-1]
Everything we do is top tier
우리 앞에선 제대로 된 존중 갖춰
네 다음 album 내가 냈어 이미 last year
You always behind me
말 다 했지, 음원 하나 없이 Jay signed me (H1GHR Music)
기억이 나네 손에 3만원도 없을 때
고픈 배를 쥐고 그려갔지 master plan
매일 저녁 ain't no food on my table
이젠 매일이 뷔페 같지
I be feasting with my label
It's that H1GHR gang, H1GHR gang
다 해 먹어 전부 everything, everything
올라가는 나의 개런티
복잡해진 나의 통장
일만 하는 회사 땜에 온 것 같애 공장
Yeah, she tying up my phone asking where you at
I tell her I'm bout hit the airplane
Won't see me till I'm back
Keep tabs on my moves on the gram

[Chorus: Jay Park]
We be riding, we be riding
We be riding for the crew
Yeah loyalty is royalty and that's just how we do
H1GHR mobbing causing problems
All the while we getting loot
Fuck your agenda pretender boy
You better follow suit
I'll tell you my plan world domination
Shout outs to my fam this that motivation
Where my soldiers at this that activation
Never stop that's on God world domination","102.055","0.912","0.56","-5.125","0.391"
"REBORN","Jay Park","3j5P08hfKY8oUSARXvmjjZ","Korean

I need a Cha Cha beat, boy

[Chorus: Jay Park]
묻은 먼지는 가볍게 털어내
전생에 받은 상처들 떨쳐내
I'm reborn, reborn, reborn, reborn, reborn
Yeah, 다시 태어나 새롭게 시작해
다시 한번 또 기회가 생겼네
I'm reborn, reborn, reborn, reborn, reborn

[Hook: Jay Park]
Ooh, ooh...
I'm reborn, reborn, reborn, reborn, reborn
Ooh, ooh...
I'm reborn, reborn, reborn, reborn, reborn

[Verse 1: Jay Park]
Yo, 새롭게 태어나
잠에서 깨어나
I'm a go-getter
Energy 충전했어, come on let's get it
AOMG, H1GHR MUSIC, let's party
내 삶을 돌아봐 yeah 너무 행복하지
박재범 보컬에다 Cha Cha beat 까지
It's the dream team, 마치 Michael and Scottie
패배를 느껴봐야 승리의 맛이
그만큼 달콤해 희망을 잃지 않길
고개를 숙이지마 떳떳하게
Keep your head up, keep your head up, hey

[Verse 2: Boi B]
Yes Sir, 매일 밤 새로 태어나지 난
꿈의 장소는 침대가 아니야
답답한 나의 속을 시원하게 해주는
그 순간을 위해 살아 난 (hey)
지나간 모든 건 당연히 지나간 대로
의미를 갖겠지 다시 새 그림을 그려
한번뿐인 삶은 drama 아닌 다큐
각본은 못 쓴다 해도 분량확보 하길, yeah
예 다른 사람들을 흉내내기엔, yeah, I'm too original
나의 모든걸 직접 디자인하는 작업
중력은 나를 중심에 끌어당겨

[Chorus: Jay Park]
묻은 먼지는 가볍게 털어내
전생에 받은 상처들 떨쳐내
I'm reborn, reborn, reborn, reborn, reborn
Yeah, 다시 태어나 새롭게 시작해
다시 한번 또 기회가 생겼네
I'm reborn, reborn, reborn, reborn, reborn

[Verse 3: Double K]
어제의 hangover 에서 깨
반쯤 죽어있다 날 일으켜 세워
시원한 바람에 fresh air
다시 생명을 내게 불어 넣어 yeah
내 태도는 새로운 도전 앞에 안 빼
If I take a L, Big Sean처럼 I bounce back
적들은 등 뒤에서 항상 날 압박해
하지만 내 vision은 새 같아서 난 안봐 앞 밖에
이건 꽉 막힌 귀를 뚫어줄 rap
Cha Cha의 beat을 소화하고 타 like green wave
묵힌 걱정과 불안은 이 무대
위에 파도처럼 떠내려보내, I feel great

[Chorus: Jay Park]
묻은 먼지는 가볍게 털어내
전생에 받은 상처들 떨쳐내
I'm reborn, reborn, reborn, reborn, reborn
Yeah, 다시 태어나 새롭게 시작해
다시 한번 또 기회가 생겼네
I'm reborn, reborn, reborn, reborn, reborn

[Bridge: Jay Park]
오랜만에 자유를 느껴보니 yeah
어느 순간 잃어버렸던 시원함, huh
Another chapter, another level, we're starting over
We're starting over!

[Chorus: Jay Park]
묻은 먼지는 가볍게 털어내
전생에 받은 상처들 떨쳐내
I'm reborn, reborn, reborn, reborn, reborn
Yeah, 다시 태어나 새롭게 시작해
다시 한번 또 기회가 생겼네
I'm reborn, reborn, reborn, reborn, reborn (I'm reborn!)

[Hook: Jay Park]
Ooh, ooh... (it feel good!)
I'm reborn, reborn, reborn, reborn, reborn (I'm reborn!)
Ooh, ooh... (sing with me one time, startin' over)
I'm reborn, reborn, reborn, reborn, reborn (let's get it)

Romanization

I need a Cha Cha beat, boy

[Chorus: Jay Park]
Mudeun meonjineun gabyeobge teoleonae
Jeonsaenge badeun sangcheodeul tteolchyeonae
I'm reborn, reborn, reborn, reborn, reborn
Yeah, dasi taeeona saelobge sijaghae
Dasi hanbeon tto gihoega saenggyeotne
I'm reborn, reborn, reborn, reborn, reborn

[Hook: Jay Park]
Ooh, ooh...
I'm reborn, reborn, reborn, reborn, reborn
Ooh, ooh...
I'm reborn, reborn, reborn, reborn, reborn

[Verse 1: Jay Park]
Yo, saelobge taeeona
Jam-eseo kkaeeona
I'm a go-getter
Energy chungjeonhaesseo, come on let's get it
AOMG, H1GHR MUSIC, let's party
Nae salmeul dolabwa yeah neomu haengboghaji
Bagjaebeom bokeoleda Cha Cha beat kkaji
It's the dream team, machine Michael and Scottie
Paebaeleul neukkyeobwaya seungliui masi
Geumankeum dalkomhae huimangeul ilhji anhgil
Gogaeleul sugijima tteotteothage
Keep your head up, keep your head up, hey

[Verse 2: Boi B]
Yes Sir, maeil bam saelo taeeonaji nan
Kkumui jangsoneun chimdaega aniya
Dabdabhan naui sogeul siwonhage haejuneun
Geu sunganeul wihae sala nan (hey)
Jinagan modeun geon dangyeonhi jinagan daelo
Uimileul gatgetji dasi sae geulimeul geulyeo
Hanbeonppunin salmeun drama anin dakyu
Gagboneun mot sseunda haedo bunlyanghwagbo hagil, yeah
Ye daleun salamdeuleul hyungnaenaegien, yeah, I'm too original
Naui modeungeol jigjeob design-haneun jageob
Junglyeogeun naleul jungsime kkeuleodanggyeo!

[Chorus: Jay Park]
Mudeun meonjineun gabyeobge teoleonae
Jeonsaenge badeun sangcheodeul tteolchyeonae
I'm reborn, reborn, reborn, reborn, reborn
Yeah, dasi taeeona saelobge sijaghae
Dasi hanbeon tto gihoega saenggyeotne
I'm reborn, reborn, reborn, reborn, reborn

[Verse 3: Double K]
Eojeui hangover eseo kkae
Banjjeum jugeoitda nal ileukyeo sewo
Siwonhan balame fresh air
Dasi saengmyeongeul naege buleo neoheo yeah
Nae taedoneun saeloun dojeon ape an ppae
If I take a L, Big Sean-cheoleom I bounce back
Jeogdeuleun deung dwieseo hangsang nal abbaghae
Hajiman nae vision-eun sae gataseo nan anbwa ap bakke
Igeon kkwag maghin gwileul ttulheojul rap
Cha Cha-ui beat-eul sohwahago ta like green wave
Mughin geogjeonggwa bulaneun i mudae
Wie padocheoleom tteonaelyeobonae, I feel great

[Chorus: Jay Park]
Mudeun meonjineun gabyeobge teoleonae
Jeonsaenge badeun sangcheodeul tteolchyeonae
I'm reborn, reborn, reborn, reborn, reborn
Yeah, dasi taeeona saelobge sijaghae
Dasi hanbeon tto gihoega saenggyeotne
I'm reborn, reborn, reborn, reborn, reborn

[Bridge: Jay Park]
Olaenmane jayuleul neukkyeoboni yeah
Eoneu sungan ilheobeolyeotdeon siwonham, huh
Another chapter, another level, we're starting over
We're starting over!

[Chorus: Jay Park]
Mudeun meonjineun gabyeobge teoleonae
Jeonsaenge badeun sangcheodeul tteolchyeonae
I'm reborn, reborn, reborn, reborn, reborn
Yeah, dasi taeeona saelobge sijaghae
Dasi hanbeon tto gihoega saenggyeotne
I'm reborn, reborn, reborn, reborn, reborn (I'm reborn!)

[Hook: Jay Park]
Ooh, ooh... (it feel good!)
I'm reborn, reborn, reborn, reborn, reborn (I'm reborn!)
Ooh, ooh... (sing with me one time, startin' over)
I'm reborn, reborn, reborn, reborn, reborn (let's get it)","113.139","0.948","0.315","-7.621","0.318"
"Taxi Blurr (Feat. NATTY of KISS OF LIFE)","Jay Park","5IY8i6WnkqvmRnIrF4lqDx","[박재범 ""Taxi Blurr"" ft. 나띠 가사]

[Chorus: Jay Park]
당장 택시 불러
Baby girl, just pull up
난 지금 취해서 데리러 가지 못해, 미안해
With some good times, 내가 꼭 보답할게, hm
당장 택시 불러
Baby girl, just pull up
난 지금 취해서 데리러 가지 못해, 미안해
With some good times, 내가 꼭 보답할게

[Verse 1: Jay Park]
I want you to pull up, pull up on me
목소리 듣는 것만으로 부족해
Baby girl, just pull up, pull up on me
입술을 한 번 맞춰 부드럽게
몇 신지도 모르게 시간이 계속 흘러
잔을 들고 let's toast
분위기는 wavy, 느껴지는 너의 파도
But we ain't on a boat
초를 키고 장미 너의 입에 물어
오늘밤의 테마는 낭만
머릿속에 캡처해 찰칵
너만 꺼낼 수 있는 감정, yeah

[Pre-Chorus: Jay Park]
Just take me away
너에게 빠져버리고 싶어
기다릴게, please don't make me wait

[Chorus: Jay Park]
당장 택시 불러 (택시 불러, yeah)
Baby girl, just pull up (Yeah, yeah, yeah, yeah)
난 지금 취해서 데리러 가지 못해, 미안해
With some good times, 내가 꼭 보답할게 (Oh, no, no, no, no)
당장 택시 불러
Baby girl, just pull up
난 지금 취해서 데리러 가지 못해, 미안해
With some good times, 내가 꼭 보답할게

[Verse 2: NATTY]
넌 또 나를 불러, 불러, prolly
목소리 듣는 것만으로 부족해
Always 나를 불러, 불러, prolly
머리론 알겠지만 또 그렇게 (또 그렇게, yeah)
너의 부족한 그 참을성조차
Yeah, that's the typa guy l like
That's the typa guy l like
항상 나만 찾아 그 무엇보다
Even when you're just right by my side
When you're just right by my side

[Pre-Chorus: NATTY]
But why you're thinkin' of me?
너무 뻔해, 시간은 이미 열두 시
Yeah, it's over, so put my phone DND
Whеn you're sober, 내가 연락할 테니 (Na, hey)

[Chorus: Jay Park]
당장 택시 불러 (택시 불러, yеah)
Baby girl, just pull up (Yeah, yeah, yeah, yeah)
난 지금 취해서 데리러 가지 못해, 미안해
With some good times, 내가 꼭 보답할게 (Oh, no, no, no, no)
당장 택시 불러
Baby girl, just pull up
난 지금 취해서 데리러 가지 못해, 미안해
With some good times, 내가 꼭 보답할게

[Bridge: Jay Park & NATTY]
I'm just falling into you
No matter what, baby, I can't lose you
I'm just falling into you
Hit me up again, ooh-ooh

[Chorus: Jay Park & NATTY]
당장 택시 불러 (Ah, 불러; Yeah)
Baby girl, just pull up (Just pull up)
난 지금 취해서 데리러 가지 못해, 미안해
With some good times, 내가 꼭 보답할게 (Hey-yeah)
당장 택시 불러 (Ooh, just need you by my side, girl)
Baby girl, just pull up (Where you at tonight?; Ooh, baby boo, baby boo)
난 지금 취해서 데리러 가지 못해, 미안해 (가지 못해)
With some good times, 내가 꼭 보답할게

[Outro: Jay Park]
Baby girl
Baby girl","","","","",""
"V","Jay Park","3f5XXfnwDmo3z8fJPb9Oxa","[Chorus]
V 포즈 취할 땐 그녀는 항상 V
Baby 알고 싶어 너의 여권이
어떤 색깔 인지 넌 어디서 왔니
너의 몸매는 sheesh

[Post-Chorus]
말을 아껴 baby
Yeah, it's alright
몸으로 대화 나눠
Let's talk all night, yeah
말을 아껴 baby
Yeah, it's alright
몸으로 대화 나눠
Let's talk all night
That body talk

[Verse 1]
Ooh baby 난 너무 답답해
우리 서로 알아듣지 못해
And ooh baby 대화가 필요해
Google 번역기 켰어
데이트 약속 잡아
Baby oh, oh, oh
한강을 걸어
내 공연 공연처럼 (what?)
내 위를 벗어던져
Let's 셀카 찍어 photo
올리면 안 돼 no, no (no)
Fan들이 반대해 어머 (what?)
여행을 가자 고고 yeah, yeah
투명한 바닷가에서 surfing해
할 줄 몰라
사실 나도 몰라 같이 배울래
나는 너의 Superman
넌 나의 Mary Jane
빠지면 구해줄게
Yeah, yeah, yeah
모래에서 굴러 대
네 품속에 죽을래
행복하며 웃는 채로
Ooh, baby you the best, like
풀처럼 붙어줘 나한테
누워서 셀카 한 번 더 찍어 우린

[Chorus]
V 포즈 취할 땐 그녀는 항상 V
Baby 알고 싶어 너의 여권이
어떤 색깔 인지 넌 어디서 왔니
너의 몸매는 sheesh

[Post-Chorus]
말을 아껴 baby
Yeah, it's alright
몸으로 대화 나눠
Let's talk all night, yeah
말을 아껴 baby
Yeah, it's alright
몸으로 대화 나눠
Let's talk all night

[Verse 2]
눈치 못 챘다면 baby girl
Yeah I like your style
맘에 쏙 들게 생겼어
Baby girl you drive me wild
Bootyfullest girl in the world that I ever found
비자 필요하다면
웨딩드레스를 챙겨와
WhatsApp은 필요 없어
카톡 깔아 내가 먼저 (카톡)
연락을 할게 선물을 살게
예쁜 속옷으로 yeah 미칠 것 같아
Ooh, yeah, 너의 어머니
Ooh, yeah, 감사드리지 (thank you)
Ooh, 널 낳아줬으니
Like ooh, yeah, 푹 빠졌지
Like ooh, baby
A dose of you daily is what I need, girl
So your body lookin' so tasty
Trump는 오지 말래 (fuck off)
여긴 이민자 환영해 (welcome)
너의 향 익숙하지 않네
네 언어도 너처럼 아름답네
너의 나라로 날 데려가 줘 (let's go)
Baby 네 친구들도 소개시켜줘 (let's get it)
네 문화를 가르쳐줘
우리가 거기서
사랑 나눠 누가
뭐라 하면 우린 like

[Chorus]
V 포즈 취할 땐 그녀는 항상 V
Baby 알고 싶어 너의 여권이
어떤 색깔 인지 넌 어디서 왔니
너의 몸매는 sheesh

[Chorus]
말을 아껴 baby
Yeah, it's alright (it's alright)
몸으로 대화 나눠
Let's talk all night, yeah
말을 아껴 baby
Yeah, it's alright
몸으로 대화 나눠
Let's talk all night
That body talk","87.788","0.575","0.119","-17.683","0.0381"
"ENGINE (Prod. by CODE KUNST)","Jay Park","4xWuQN8WMqLE8LRqkIiVmr","Yeah we made it made it
Yeah we came a long way
난 좀 많이 달라 I gotta different DNA
몸에 흘리는 피에 열정 들어있지
다 나를 의심했지
Now everywhere u see Jay
소소하게 시작한 회사가
어느새 3층짜리 건물서
Poster on the wall
Everyday I go to war
식구들 위해 and that's on God
쓰러지기 전에 never never fall
Yup
내 회사 망하겠다 예상했던 놈들
이제 박재범의 비결들을 궁금해해
나를 바닥으로 끌어냈던 놈들
내가 우주에서 노는 걸 다 구경해
AOMG h1ghr gang
I gotta be on the plane
자유로워 나의 삶
Party all day 매일 밤
더 늦기 전에 better rev it up
I keep it going and I never stop
Yup

Engine 켜 before you’re outta time
끝까지 밟아봐
길 잃어도 터널 밖은 밝으니까
Engine 켜 before you're outta time
끝까지 밟아봐
길 잃어도 터널 밖은 밝으니까
We off the road
We off the road
We off the road
We off the road

We off the road

난 기억해
내 옥탑방의 죽은 벌레들
내 이어폰 두 쪽 안의 몇 십 명의 래퍼들
실검 1위 하고 먹던 빵
네달 반 정도 밀린 요금과
막 피운 담배를
JK형은 내게 전화를 달래
형 저 휴대폰이 정지야 man
와이파이 훔쳐 받아 본 내 인별 계정엔 웬
그 몇 십 명의 래퍼가 날 follow해
잘 기억하지 나도 started from the 밑
아직까지 적응 안 돼 매장에 걸린 내 pic
눈썹까지 내려쓴 모자에 가린 빛이
이제 나만 비춰 spotlight 다 뻥이란 듯이
각본이 아닌 Scene
감독이 아닌 내가
컷 싸인 떨어지면
줄게 마당 딸린 집을
전화해봐 지금
평생 동안 자동차를 고친
아빠 시동 꺼
이젠 아들이 켜줄게 대신

Engine 켜 before you're outta time
끝까지 밟아봐
길 잃어도 터널 밖은 밝으니까
Engine 켜 before you’re outta time
끝까지 밟아봐
길 잃어도 터널 밖은 밝으니까
We off the road
We off the road
We off the road
We off the road

We off the road

I'm on the way
Yeah, Look at me go
I'm on the way
길 잃었어도
I'm on the way
쭉 바라만 본 곳까지 금방이야 Soon
I'm gonna go

I'm on the way
Yeah, Look at me go
I'm on the way
길 잃었어도
I'm on the way
쭉 바라만 본 곳까지 금방이야 Soon
I’m gonna go

Engine 켜 before you’re outta time
끝까지 밟아봐
길 잃어도 터널 밖은 밝으니까
Engine 켜 before you're outta time
끝까지 밟아봐
길 잃어도 터널 밖은 밝으니까
We off the road
We off the road
We off the road
We off the road

We off the road","123.144","0.412","0.513","-10.868","0.28"
"Me Like Yuh (K) (Feat. Hoody)","Jay Park","4FOZlvdQutqRNcQQRefA7T","[Intro]
I need a Cha Cha beat, boy

[Verse 1]
I can only do right by yuh
I won't never go deceive yuh
I'll even dye my hair blonde for yuh
I can be your Justin Bieber
Give me that work like you RiRi
Girl, pop it like 3D
Grant wishes like genies
Oh let me see that ting, baby

[Verse 2]
Trust in me, this is the moment you've been waiting for girl, all your life
Tell your friends that you don't need a ride home 'cause I got you tonight
The Uber's on the way 'cause I had a couple drinks tonight
But I'm more drunk off of your love
Baby, I just can't get enough
So baby girl

[Pre-Chorus]
Wake up, wake up, let's get it started
Stay up, stay up, girl, I'd be on it
Don't go to bed unless you go with me
Phone blowin' up, I'ma let the hotline bling 'cause...

[Chorus]
Baby me like yuh
I'll make you feel so good
Do you just like I should
I hope you know it
I hope you know it

[Post-Chorus]
I hope you know it
I hope you know it

[Verse 3]
The way you workin' that motion
Girl, you got me in a trance
It's like I'm crossing the ocean
Journey to another land, oh no no
Bae you are the fittest and oh no no
Ooh, you're pullin' on my pants, oh no no
I wanna rock your, rock your body
Girl, you got me so excited

[Verse 4]
Trust in me, this is the moment I've been waiting for, girl, all my life
I have no other intentions, only just to go and do you right
Baby surf the waves together in the moment of our lives
It's an unforgettable love
Baby I just can't get enough

[Pre-Chorus]
Wake up, wake up, let's get it started (Let's get it started)
Stay up, stay up girl, I'd be on it
Don't go to bed unless you go with me
Phone blowin' up, I'ma let the hotline bling 'cause... (Oh, ooh)

[Chorus]
Baby me like yuh
I'll make you feel so good
Do you just like I should
I hope you know it
I hope you know it

[Post-Chorus]
I hope you know it
I hope you know it

[Bridge]
Baby, look into my eyes
We inside your paradise, baby
Paradise
Feel the breeze up on your skin
Capture this so it'll never end
Never end, oh ooh, yeah

[Chorus]
Baby me like yuh
I'll make you feel so good
Do you just like I should
Baby me like yuh (Whoa)
I'll make you feel so good
Do you just like I should
I hope you know it
I hope you know it","","","","",""
"Taxi Blurr (Feat. NATTY of KISS OF LIFE)","Jay Park","5iBhtYfyShGBAxx1Zf8Qos","[박재범 ""Taxi Blurr"" ft. 나띠 가사]

[Chorus: Jay Park]
당장 택시 불러
Baby girl, just pull up
난 지금 취해서 데리러 가지 못해, 미안해
With some good times, 내가 꼭 보답할게, hm
당장 택시 불러
Baby girl, just pull up
난 지금 취해서 데리러 가지 못해, 미안해
With some good times, 내가 꼭 보답할게

[Verse 1: Jay Park]
I want you to pull up, pull up on me
목소리 듣는 것만으로 부족해
Baby girl, just pull up, pull up on me
입술을 한 번 맞춰 부드럽게
몇 신지도 모르게 시간이 계속 흘러
잔을 들고 let's toast
분위기는 wavy, 느껴지는 너의 파도
But we ain't on a boat
초를 키고 장미 너의 입에 물어
오늘밤의 테마는 낭만
머릿속에 캡처해 찰칵
너만 꺼낼 수 있는 감정, yeah

[Pre-Chorus: Jay Park]
Just take me away
너에게 빠져버리고 싶어
기다릴게, please don't make me wait

[Chorus: Jay Park]
당장 택시 불러 (택시 불러, yeah)
Baby girl, just pull up (Yeah, yeah, yeah, yeah)
난 지금 취해서 데리러 가지 못해, 미안해
With some good times, 내가 꼭 보답할게 (Oh, no, no, no, no)
당장 택시 불러
Baby girl, just pull up
난 지금 취해서 데리러 가지 못해, 미안해
With some good times, 내가 꼭 보답할게

[Verse 2: NATTY]
넌 또 나를 불러, 불러, prolly
목소리 듣는 것만으로 부족해
Always 나를 불러, 불러, prolly
머리론 알겠지만 또 그렇게 (또 그렇게, yeah)
너의 부족한 그 참을성조차
Yeah, that's the typa guy l like
That's the typa guy l like
항상 나만 찾아 그 무엇보다
Even when you're just right by my side
When you're just right by my side

[Pre-Chorus: NATTY]
But why you're thinkin' of me?
너무 뻔해, 시간은 이미 열두 시
Yeah, it's over, so put my phone DND
Whеn you're sober, 내가 연락할 테니 (Na, hey)

[Chorus: Jay Park]
당장 택시 불러 (택시 불러, yеah)
Baby girl, just pull up (Yeah, yeah, yeah, yeah)
난 지금 취해서 데리러 가지 못해, 미안해
With some good times, 내가 꼭 보답할게 (Oh, no, no, no, no)
당장 택시 불러
Baby girl, just pull up
난 지금 취해서 데리러 가지 못해, 미안해
With some good times, 내가 꼭 보답할게

[Bridge: Jay Park & NATTY]
I'm just falling into you
No matter what, baby, I can't lose you
I'm just falling into you
Hit me up again, ooh-ooh

[Chorus: Jay Park & NATTY]
당장 택시 불러 (Ah, 불러; Yeah)
Baby girl, just pull up (Just pull up)
난 지금 취해서 데리러 가지 못해, 미안해
With some good times, 내가 꼭 보답할게 (Hey-yeah)
당장 택시 불러 (Ooh, just need you by my side, girl)
Baby girl, just pull up (Where you at tonight?; Ooh, baby boo, baby boo)
난 지금 취해서 데리러 가지 못해, 미안해 (가지 못해)
With some good times, 내가 꼭 보답할게

[Outro: Jay Park]
Baby girl
Baby girl","","","","",""
"Candy (Feat. Zion.T)","Jay Park","0luFANDtNNjcBXKazh3dV8","[Verse 1]
사실은 오늘 너와의 만남을 정리하고 싶어
널 만날거야 이런 날 이해
어렵게 맘 정한거라 네게 말할거지만
사실 오늘 아침에 그냥 나 생각한거야

[Verse 2]
너 몰래몰래몰래 다른 여자들과 비교 비교했지
자꾸만 깨어지는 환상속에 혼자서 울고 있는
초라하게 갇혀버린 나를 보았어
널 떠날꺼야 음! 널 떠날꺼야 음!
하지만 아직까지 사랑하는걸
그래 그렇지만 내 맘 속에 너를 잊어갈꺼야

[Chorus]
머리 위로 비친 내 하늘 바라다보며
널 향한 마음을 이제는 굳혔지만
왠일인지 네게 더 다가갈수록
우린 같은 하늘을 아래서 있었지

[Post-Chorus]
단지 널 사랑해 이렇게 말했지
이제껏 준비했던 많은 말을 뒤로한채
언제나 니 옆에 있을게 이렇게 약속을 하겠어
저하늘을 바라다보며

[Verse 3]
Woo 재범
박재범 1,2
1,2,3,4 Let's go!
내게 하늘이 열려 있어
그래 그래 너는 내 앞에서 있고
그래 다른 연인들은 키스를 해
하지만 항상 나는 너의 뒤에 있어야만 해
이제 그만해 음 나도 남잔데 음
내 마음 너도 알고 있는걸 알아
그래 이제 나도 지쳐서 하늘만 바라볼 수 밖에

[Bridge]
햇살에 일어나 보니 너무나 눈부셔
모든게 다 변할거야 널 향한 마음도
그렇지만 널 사랑않는게 아냐
이제는 나를 변화시킬테니까

[Chorus]
머리 위로 비친 내 하늘 바라다보며
널 향한 마음을 이제는 굳혔지만
왠일인지 네게 더 다가갈수록
우린 같은 하늘을 아래서 있었지

[Post-Chorus]
단지 널 사랑해 이렇게 말했지
이제껏 준비했던 많은 말을 뒤로한채
언제나 니 옆에 있을게 이렇게 약속을 하겠어
저 하늘을 바라다보며

[Outro]
한번 더 한번 더 말했지
이제껏 준비했던 많은말을 뒤로한 채
언제나 니 옆에 있을게
다신 너 혼자 아냐 너의 곁엔 내가 있잖아
Candy
Candy","125.164","0.601","0.612","-7.809","0.368"
"Rock With You - Spotify Singles","Jay Park","1hncbzqfhChm8PS0UeoVY6","Baby when I first saw you
I was hoping you'd be mine ye
Like the way you smile babe
No need to be shy ye
When you say I don'y know how
I can teach you the ways I
Like it baby 내 이름을 숙삭여줄래 ye
I don't think you know how we gon' do this
Just a little closer 눈을 마주쳐 you hoo hoo
Hoo
아무말 필요없어
Hoo
날 열어줘
I just wanna rock with you all night
Like shoobiroop doop doo
On the floor we journey all night long
Like shoobiroop doop doo
Woo boy
Let me rock you

Baby you make me feel like
I'm drowning in your body
Girl don't let me go
Our love could melt the snow
어느 요일보다 특별한 날
겨울이어도 너무 뜨거운 밤
대체할 수 없는 느낌
U can tell I ain't no rookie
너무 맛있어 니 cookie alright
The stars aligned and
We got that feeling tonight
Reachin' ecstasy
When our bodies collide
니 숨소리가 내 귀에 닿으면 나
Um um um um um um um um
The stars aligned and
We got that feeling tonight
Reachin' ecstasy
When our bodies collide
니 숨소리가 내 귀에 닿으면 나
Um um um um um um um um

I don't think you know how we gon' do this
Just a little closer 눈을 마주쳐 you hoo hoo
Hoo
아무말 필요없어
Hoo
날 열어줘
I just wanna rock with you all night
Like shoobiroop doop doo
On the floor we journey all night long
Like shoobiroop doop doo
Woo boy
Let me rock you","","","","",""
"My Last (Feat. Loco & GRAY)","Jay Park","2LTLUWY6bTkBZD5OAqhkuI","[박재범 ""My Last"" feat. 로꼬 & 그레이 가사]

[Intro: Jay Park]
Cha Cha

[Hook: Jay Park]
You are so beautiful girl 너는 특별해
세상의 모든 걸 다 준다 해도 난 너뿐인데
Girl 너무 고마워 내 곁에 있어서
혹시 모를까봐 말할게 말할게

[Verse 1: Jay Park]
너는 얼굴, 몸매, 그리고 성격까지
10점 만점에 10점이어서 내가 열나지
너무 핫해 girl god dang
내 맘에 너무 들어서 흥분이 못 가라앉지
여자가 너무 많았지 난
나한텐 모두 다 너무나 좋은 추억이지만
모델, 아이돌, 연기자 oh my god
디스패치한테 안 걸린 게 다행이야 oh no
너랑 과거는 싹 잊게 돼
불금에 나가지 않고 니 옆에 있게 돼
Want you now in my bed 안 질리네
Girl with you every day
I feel like a billionaire
명품가방을 굳이 안 메도 돼서
명품가방만 사주고 싶은 여자
쇼미더머니 생기기 한참 전부터
원래 힙합을 좋아하던 여자

[Hook: Jay Park]
You are so beautiful girl 너는 특별해
세상의 모든 걸 다 준다 해도 난 너뿐인데
Girl 너무 고마워 내 곁에 있어서
혹시 모를까봐 말할게 말할게

[Refrain: Jay Park]
첫 번째는 아니어도 마지막이
돼줘 돼줘
첫 번째는 아니어도 마지막이
돼줘 돼줘

[Verse 2: Loco]
눈이 자꾸 가는 빛나는 이마
나를 쳐다보며 위로 올라가는 입과
긴 다리 위에 두른 짧지 않은 치마
어딜 가든 손 잡고 걸어 난 괜찮으니까
아침에 눈꺼풀보다 무거운
내 엉덩이가 벌떡 들어지는 이유
다른 여자 앞에선
보기보다 많이 두꺼운
내 얼굴이 쉽게 풀어지는 이유
아직도 신기해 이런 상황이
첫 번째는 아니지만
진짜 마지막이 될 수 있을 것 같아
이건 내 가사지
무슨 말이냐면 나의 진짜 이야기
의심하지마 내 과거는 다
신경 쓰지마
지금 내일을 같이 준비하기에도
시간은 충분히 부족하니까
더는 신경 안 쓰여 너의 아는 오빠도

[Hook: Jay Park]
You are so beautiful girl 너는 특별해
세상의 모든 걸 다 준다 해도 난 너뿐인데
Girl 너무 고마워 내 곁에 있어서
혹시 모를까봐 말할게 말할게

[Refrain: Jay Park]
첫 번째는 아니어도 마지막이
돼줘 돼줘
첫 번째는 아니어도 마지막이
돼줘 돼줘

[Bridge: Gray]
어디 있든지 간에 너를 느낄 수 있는걸
I feel you, you feel me
언제까지나 내 마음의 1위
Baby, you are so beautiful
그냥 일단 날 믿어봐 눈을 감아
너를 갖고 싶어 하고 싶어
나의 마지막이 돼줘 승리의 여신
Just do it now

[Hook: Jay Park]
You are so beautiful girl 너는 특별해
세상의 모든 걸 다 준다 해도 난 너뿐인데
Girl 너무 고마워 내 곁에 있어서
혹시 모를까봐 말할게 말할게

[Refrain: Jay Park]
첫 번째는 아니어도 마지막이
돼줘 돼줘
첫 번째는 아니어도 마지막이
돼줘 돼줘","99.796","0.4629999999999999","0.7509999999999999","-14.039","0.412"
"Good Day (Prod. by CODE KUNST)","pH-1","6CxxgFhfvh5uz6h4l0ltzP","[피에이치원, 키드밀리, 루피 & 코드 쿤스트 ""Good Day"" ft. 팔로알토 가사]

[Chorus: Paloalto]
낮엔 파란 하늘, 별이 보이는 밤
기분 좋은 날, 오랜만에 모일까
내가 살아가는 삶을 정말 사랑하지 나는
기분 좋은 날, 오랜만에 모일까
Ooh, ya, ya, ya, ya, yah
Ooh, ya, ya, ya, ya, yah
Ooh, ya, ya, ya, ya, yah
기분 좋은 날씨야, 오랜만에 모일까

[Verse 1: pH-1]
I just wanna chill with my homies
하얀색의 모래 또 파란색의 물 위엔 파도들이 쭉 밀려오지
전화해서 잡아둬 펜션, 이미 올라온 텐션, yeah
I don't care, 모아둔 돈을 깨
Lotta cash, 얼마든 I'm okay, yeah
비싼 옷 빼 입어 cuz It's a good day
많고 또 많은 스트레스는 어려워, 때로는 정답을 몰라
Sometimes I feel like I'm at war, oh, no
But I know it's gone be alright, yeah
바다로 올라 태워 가자 boat ride, 친구들 불러 몽땅
바람 부는 소리, 들뜬 맘에 잠을 못자, yeah
비싼 옷 빼 입어 cuz It's a good day

[Verse 2: Kid Milli]
Seoul city 서있어 난, 빌딩 옥상에서 봐
어딘가에 가는 사람들 그 사이에 사이에 나
줄처럼 얽힌 우리 삶 (Hold up)
거기서 도망쳐 나왔어
기분은 high with CoKun 또 Palo
Hola, pull up, hola, woo, yah
기분 좋은 날씨야, 다 모일까
Indigo, Cozyboys, 우주로 비행
Indigo, Cozyboys, 우주로 비행
인생은 trip, but 안해 trip
Love 난 필요해 들어 내 1집
인생은 trip, 인생은 여행
눈치 왜 봐, 걔네 말 뻔해
인생은 trip, 인생은 여행
어디든지 가자, okay
내 위 높지, yeah
햇빛, 날씬 좋게, Seoul city, 먼진 걷게해
Seoul city, rollin', Seoul city, finesse
Building 세우지, 내 chain, bling cling, so
여전히 간지부리지, 바람에 내 금 스치지
Geekin', geekin' will.i.am
가득 딴 커피 I'm drippin' (Yeah)
여전히 간지불리지
바람이 chain 스치지
Geekin', geekin' will.i.am
언제까지 til' 평생 (Pow)

[Chorus: Paloalto]
낮엔 파란 하늘, 별이 보이는 밤
기분 좋은 날, 오랜만에 모일까
내가 살아가는 삶을 정말 사랑하지 나는
기분 좋은 날, 오랜만에 모일까
Ooh, ya, ya, ya, ya, yah
Ooh, ya, ya, ya, ya, yah
Ooh, ya, ya, ya, ya, yah
기분 좋은 날씨야, 오랜만에 모일까

[Verse 3: Paloalto]
Just another good day, 가지 않아 우울의 늪엔
You see me now, I'm beamin' like Lupe, 대축제
세련된 감각에 plus해, 지혜로움과 사랑을 덧셈
Yeah, I'm a sucker for love, 그런데 conscious해 동시에
번 돈을 멋지게 쓰지, 그동안 난 수고했으니
머리부터 발끝 치장하고 냠냠 배를 채우지
친구들도 바쁘게 살아, 많이 벌어서 다음번에 쏴라
오기 힘들면 가면 되잖아, 화창한 이 날 화는 내지 마
좋은 기분을 나누고파, 사랑하는 사람들과
이런저런 수다 떨면서 ping and pong, 주고받는 농담
Just another good day, 가지 않아 우울의 늪엔
You see me now, I'm beamin' like Lupe, 대축제

[Verse 4: Loopy]
난 원해 더 많은 거
시간을 담았지, call ma bro
가질러 가야 돼 손이 난 커
절대로 아냐 그냥 주는 건
여러번 넘어져 but I won't
필요해 지금 난 너 아님 너
걱정마 여기는 nobody knows
나를 잘 알어 넌 nobody knows
No doubt, 이쁜 옷을 골라
I'll be at the studio, I work now
기분좋은 매일이지, baby, with a 검은 머리
나는 느껴 모두를, you can't talk now
난 기분이 좋아 좋은것만 골랐지
챙겨가 나의 기준은 높아 저멀리
기분따라 생각나서 전화를 걸었지
기분따라 생각나서 전화를 ring, ring
나는 싫지 않아 이 도시의 빛
밤은 길지 않아, gotta go to deep
Gotta go to sleep, baby don't you leave me
날아가자 날개 달아 with, with
날아가자 날개 달아 with, with
Just another good day, ya, ya
Just another good day, ya, ya
Just another good day, ya, ya
Just another good day, ya, ya","124.966","0.353","0.937","-12.17","0.863"
"Nerdy Love","pH-1","2TfsNTyC4uuamXBZJnU0ga","[Verse 1: pH-1]
알람 우는 소리에 난 wake up
비가 오고 난 후 날이 개어있어
어제 골라 놓은 옷을 dress up
그냥 단정해, 잘 몰라 maker, 난
지금 서둘러 너를 데리러
좋아한다며 노란 해질녘
되어주고 싶어 멋진 연인
But I can’t stop being so damn nerdy
지난 주 같이 둘이서
본 드라마 속 주인공, yeah
처럼 뜨겁고 불이 올라
타오르는 그런 love 보여주고 싶어 but

[Pre-Chorus: pH-1]
가진 게 난 없고
남자답지 않아
아주 가끔 너도
멋진 real man 때론 원할 텐데

[Chorus: Baek Yerin & pH-1]
사랑은 그런 게 아냐 바보야
If you can't stop being you
I'll just be a nerd for you too
이런 널 보며 행복할 나를 알잖아
If you can't stop being you
I'll just be a nerd for you too
It's not nerdy boy, it's you just sweet babe
(Can you love me, love me, love me, love me baby)
그냥 너라서 나는 행복해

[Verse 2: pH-1]
그래, 너도 비교될 거 알아
친구의 남자친구
덩치도 좋아 등에도 업히고
그런 사진에 좋아요 누른 널 보며
나는 또 내 어깰 못 피고, yeah
사람 많은 지하철 안에서
너를 끌어안은 적도
머리 하얘질 정도로 kiss 하는 법도
I don’t really know baby
I’ve been feeling like a huge nerd lately
이런 내 멋없는 모습에 너는 왜
그렇게 날 보며 웃는지 환하게
I wish I really could change for the better
어쩌면 너의 매일은 한심한 나를 향한 배려

[Pre-Chorus: pH-1]
가진 게 난 없고
남자답지 않아
아주 가끔 너도
멋진 real man 때론 원할 텐데

[Chorus: Baek Yerin & pH-1]
사랑은 그런 게 아냐 바보야
If you can't stop being you
I'll just be a nerd for you too
이런 널 보며 행복할 나를 알잖아
If you can't stop being you
I'll just be a nerd for you too
It's not nerdy boy, it's you just sweet babe
(Can you love me, love me, love me, love me baby)
그냥 너라서 나는 행복해
(I’m a nice guy, yeah
I hate being a nice guy, yeah)

[Outro: pH-1]
이해 못해, 대체 왜일까
잠을 설쳐 요즘 매일 밤
I’ve been losing sleep for you, yeah
My feelings are free for you
하지 않길 바랄 뿐 후회만
우린 특별하거든 you and I
Can’t stop being so damn nerdy
Tell me why am I so damn nerdy","","","","",""
"54321 (Feat. HAEWON of NMIXX)","pH-1","1XQyhh06QLaEDCyPUax2sz","[pH-1 ""54321"" ft. 해원 가사]

[Intro]
I know you got some shit going on, baby
But first—

[Refrain: pH-1]
Let me see your palms, baby
Throw up to the ceiling
Let me see your palms, baby
Throw up to the cei—, throw, throw
Let me see your palms, baby
Let me see your palms
Let me see your palms, baby
Throw up to the ceiling

[Verse 1: pH-1]
The way you look gotta be studied, you a masterpiece
비싼 옷 아녀도 네가 입으면 fashion week
Girl, you put in work, 눈 감게 해 마치 church, yeah
예쁜 여자는 많지만 네가 아님 안 되는 걸
넌 알아, you know it (You know it)
그래서 왠지 나는 늘 paranoid (Yeah)
자꾸만 확인하게 되는 네 story, 복잡하지 내 머리
갈 길 잃어버린 모습, got me feeling like 도리

[Pre-Chorus: pH-1]
Sunrise in the a.m
That's how you look every day, yeah
너와 함께 매일
일어나고파

[Chorus: HAEWON]
Just say the word, I'm on my way to you, my boy
(I'm on my way to you)
What's on your mind? Let's make it clear tonight
(I'm on my way to you)
(Yeah) 티 난지 오래야 (Uh), 네 맘을 말해줘 (말해줘, yeah)
더는 끌지 말고 (끌지), 셀게 지금부터 오초 (Oh)
On five, four, three, two, one, 널 기다려왔어

[Verse 2: pH-1]
(Hey, hey, hey)
내 자신에게, 물어봤지 내가
원하고 있는 게 뭘까?
Is it love? 아니면 썸?
편안한 친구 같은 것? (Ooh)
I don't really know, but I can tell you, babe
One thing's for sure (For sure)
너 아님 혼자 할래, yeah
나 완전 고장 났네 (What?)
Whatever you like, just pick it up (Uh)
What's a price tag? Rip it off (Uh)
Mid day, we vacayin'
Champagne, we sippin' on
This lifestyle (Lifestyle)
너무 fancy해 네 주위 다른
남자들과는 절대 비교하지 말아
난 좀 달라

[Pre-Chorus: pH-1]
Sunrise (Sunrise) in the a.m. (In the a.m.)
That's how you look every day, yeah
너와 함께 매일
일어나고파

[Chorus: HAEWON]
Just say the word, I'm on my way to you, my boy
(I'm on my way to you)
What's on your mind? Let's make it clear tonight
(I'm on my way to you)
티 난지 오래야 (Uh), 네 맘을 말해줘 (말해줘, yeah)
더는 끌지 말고 (끌지), 셀게 지금부터 오초 (Oh)
On five, four, three, two, one, 널 기다려왔어

[Bridge: pH-1]
Count it down, 멀어지기 전에
어느샌가 날 깨운 이 설레임
너무 복잡한 내 마음
Baby, I just don't know why
퍼즐 같은 너의 두 눈에 빠져
정답을 알 수가 없게

[Chorus: HAEWON]
Just say the word, I'm on my way to you, my boy
(I'm on my way to you)
What's on your mind? Let's make it clear tonight
(I'm on my way to you)
(Yeah) 티 난지 오래야 (Uh), 네 맘을 말해줘 (말해줘, yeah)
더는 끌지 말고 (끌지), 셀게 지금부터 오초 (Oh)
On five, four, three, two, one, 널 기다려왔어

[Refrain: pH-1]
Let me see your palms, baby
Throw up to the ceiling
Let me see your palms, baby
Throw up to the cei—, throw, throw
Let me see your palms, baby
Let me see your palms
Let me see your palms, baby
Throw up to the ceiling","153.028","0.61","0.535","-7.513","0.856"
"Cupid","pH-1","2QWQbZq001S7e9Pxu5rbS7","[피에이치원 ""Cupid"" ft. 페노메코 가사]

[Verse 1: ph-1]
All I ever think about
Is your pretty face
선이 예쁜 몸매 with a little taste
패션킬러 자기한테
뭐가 잘 어울리는 지를 아는 것 같애
그래서인지 너 주위엔 남자가 많아
걔넨 너와 시덥잖은 대화를 나눠
It's a problem
When they too intrusive
Gotta throw them deuces
Chill with me
Oh, please help me, cupid

[Pre-Chorus: ph-1]
Too bad, too bad, too bad, too bad
You had to come
Without your friends
I noticed you were uncomfortable
We can blow this off
And go on a date
여태까지 만나본 사람중에
제일로 내 style
자주 웃어줘 with the best smile
You got it, you got it
I'ma have to do something about it

[Refrain: Penomeco]
Baby, 호흡곤란 너 땜에
Aiming so high, my bae
이곳을 떠나기 전에
네 가슴 한가운데에 맞게끔
Pull it back and I shoot

[Chorus: Penomeco]
날려줘 빨리
Hey cupid, why you hiding?
Shoot on and shoot on
날려줘 빨리
My cupid, where you at right now?
Shoot on and shoot on

[Verse 2: ph-1]
What brand of jeans
You be rocking (Wow)
잘 어울리는 청바지
또는 너의 걸음걸이 모습 마치
도수코 런웨이 위 같지
왜냐면 넌 cat walking
They watching
보는 눈이 많을 수록
You keep it one hunnit
도도함 어디서 배운거야 진짜
떨리지만 일단 하러 가고있어 인사

[Pre-Chorus: ph-1]
Too bad, too bad, too bad, too bad
You had to come
Without your friends
I noticed you were uncomfortable
We can blow this off
And go on a date
대답해줘 가능하면 좀 빨리
겉은 쿨해도 내 마음속은 난리
You got it, you got it
I'ma have to do something about it

[Refrain: Penomeco]
Baby, 호흡곤란 너 땜에
Aiming so high, my bae
이곳을 떠나기 전에
네 가슴 한가운데에 맞게끔
Pull it back and I shoot

[Chorus: Penomeco]
날려줘 빨리
Hey cupid, why you hiding?
Shoot on and shoot on
날려줘 빨리
My cupid, where you at right now?
Shoot on and shoot on

[Bridge: Penomeco]
Little baby with an arrow
Help a brother
If you got a bad aim
Just don't bother
It might pinch
But that's okay because
I wanna get close to you
I wanna get close to you
I wanna get close to you
Where you at, cupid?
I really need you right now
Where you at, cupid?
I really need you right now
Where you at, cupid?
I really need you right now
Where you at, cupid?
I really, really, really
어디야

[Chorus: Penomeco]
날려줘 빨리
Hey cupid, why you hiding?
Shoot on and shoot on
날려줘 빨리
My cupid, where you at right now?
Shoot on and shoot on","112.345","0.382","0.6","-8.454","0.762"
"Life Is A Movie (Feat. Jung Zi So)","pH-1","7BOY8ltVPRVYnUNARDfobY","[피에이치원 ""인생영화"" ft. 정지소 가사]

[Verse 1: pH-1]
I'm looking back on my old days
모든 걸 아는 줄만 알았던 때
내 마음대로 living my life how I wanted to (Yeah)
너무 철없게
Shortcuts are easy, 시간 낭비는 내 취미
큰 꿈은 있어도 힘든 건 싫어
무작정 또 빌어
너무 어렸네

[Pre-Chorus: pH-1]
They say life is like a movie without a story
정해진 게 하나 없지만
That’s why
I say God I need answers
I been praying like a mantis
때론 오해할 뻔했어 매번 내 기도를 회피
답답한 마음에 매일 같이 숨을 고르네
이제 곧 보게 될 기적들을 난 모른 채

[Chorus: pH-1]
만약에 단 하루라도
내게 힘이 주어진다면
처음부터 다시 돌려볼 거야
보고 또 봤던 인생 영화처럼

[Verse 2: pH-1]
Yeah, okay, look
Time's passed and I can't believe it
상상으로만 했던 많은 일이 (Yeah)
두 눈앞에 마치 TV
처럼 생생하게 잡혀 3D
All around the world you can see me (Yup)
세탁해서 버신 부모님의 돈
아버지 손처럼 몇 십 배는 불었고 (Woah)
무대 위에 선 나를 보는
수많은 팬들 so beautiful
좀 미쳤어 내 삶은 누가 뭐래도

[Pre-Chorus: pH-1]
They say life is like a movie without a story
정해진 게 하나 없지만
That’s why
I say God I need answers
I been praying like a mantis
때론 오해할 뻔했어 매번 내 기도를 회피
돌이켜보니 모든 것엔 다 이유가
있었네 I thank you, God, that I'm still alive

[Chorus: pH-1]
만약에 단 하루라도
내게 힘이 주어진다면
처음부터 다시 돌려볼 거야
보고 또 봤던 인생 영화처럼

[Bridge: Jung Zi So]
지나온 매 순간들이
다 잊을 수 없는 장면들처럼
때론 눈물이 번져도
삶에 끝엔 웃을래

[Chorus: pH-1 & Jung Zi So]
만약에 단 하루라도
내게 힘이 주어진다면
처음부터 다시 돌려볼 거야
보고 또 봤던 인생 영화처럼","","","","",""
"PARTY PPL (Feat. Min Jiwoon)","pH-1","5FgCKWVthIngE95xoZCyBp","[pH-1 ""PARTY PPL"" ft. 민지운 가사]

[Intro: pH-1]
Damn (Ah-ah-ah)
Here we go, here we go again
Oh, no, I swear to myself but
Yeah (Ah-ah-ah)
Here we go, here we go again
Okay

[Verse 1: pH-1]
They say too much anything is bad, but I like it (Yeah)
Got my big blue jeans, and my Nikes (Uh-huh)
걸음은 가볍게, 입은 반대로
너희는 acting real funny, Will Ferrell
It's p (P) H to the numero uno (One)
Girls get freaky, wanna dress like Sumo (Hey)
You a tease (Tease), I'm deceased (Ceased)
Flow dirty, but my fit too clean (Shee)

[Pre-Chorus: pH-1]
(Ah-ah-ah) 오늘 하루만 해 친한 척 (Ayy)
가오 잡는 쟤넨 지나쳐 (Ayy)
해야 할 일은 내일로 미뤄둬
You know the hottest people are party people (Yeah)
망가지기 싫음 대체 뭐해? What you here for? (Here for)
흐트러진 게 더 예뻐, keep up (Keep up)
아직 너무 어린 밤 and I wanna spend some time with you
하루 아닌 저 다음에도

[Chorus: Min Jiwoon, pH-1]
Babe, keep up, keep up
Can you match my vibe? Yeah
딴 애들 됐어, 됐어
(Yeah, yeah, yeah) 가까이 와 줘
조금씩
나는 네가 계속 생각나
Oh, you and me
조금은 어색해도 (Uh-huh, yeah)

[Verse 2: pH-1]
나도 몰라, I don't really know what happened (What?)
정신없었어 요즘에는 (Yeah)
조급했던 나의 마음과 또 쌓아야 하는 게 너무 많아서
복잡해 (Huh), shot 던져 목 안에
오늘 밤은 다 절친해 (Ayy), celebrate life
So chin up, 날 먹이네, 대체 뭘 고민해?
우리 사이는 autotune같이
얼추 맞아 갈 거야, 넌 나의 가사 될 거야 (Ooh)

[Pre-Chorus: pH-1, Min Jiwoon]
(Ah-ah-ah) 오늘 하루만 해 친한 척 (Ayy)
가오 잡는 쟤넨 지나쳐 (Ayy)
해야 할 일은 내일로 미뤄둬
You know the hottest people are party people (True)
망가지기 싫음 대체 뭐해? What you here for? (Ah-ah; here for)
흐트러진 게 더 예뻐, keep up (Keep up)
아직 너무 어린 밤 and I wanna spend some time with you
하루 아닌 저 다음에도

[Chorus: Min Jiwoon]
Go on and keep up, keep up
Can you match my vibe? Yeah
딴 애들 됐어, 됐어
(Yeah, yeah, yeah) 가까이 와 줘
조금씩
나는 네가 계속 생각나
Oh, you and me
조금은 어색해도

[Outro: pH-1, Min Jiwoon]
One time for the good girls (Ayy; yeah-yeah)
Two times for the hood girls (Ayy)
Three times for the comfy in her skin
Every day out of the week, in her mood girls (Yeah)
One time for the good girls (Ayy)
Two times for the hood girls (Hood girls)
Three times for the comfy in her skin
Every day out of the week, in her mood girls","","","","",""
"Homebody","pH-1","766oOBLBihuZjYuL27CUQM","[피에이치원 ""Homebody"" 가사]

[Verse 1]
I got too many thoughts and too many problems
숙면이 답인 듯 해서 또 잠
친구가 불러
난 아직 졸려
My life’s a party and I called nobody
I’m a homebody, I’m a homebody
잼난건 집에서
내일까진 쉬겠어
요즘 걍 숨쉬며
조용히 지냈어
Livin' inside 나는 거의 뭐 식물인간
뱃속 알람 맞춰 시키는 밥 ring-ring
Then it’s chicken wing-wings
In my belly and my room stays smelly
디저트는 곰 젤리
아이폰 내 단짝
동공은 반짝
늦어 내 답장
담엔 내가 밥 사

[Pre-Chorus]
바삐 움직이며 사는 삶
생각 안 하고 딱 하루만
Stayin' home today, yeah
I'm stayin' home today

[Chorus]
I-I-I’m a homebody, yeah, I'm a homebody, yeah
I meet nobody 'cause I’m a homebody, yeah
I’m a homebody, yeah, I meet nobody
I’m a homebody, yeah, I'm a homebody, yeah
I meet nobody 'cause I’m a homebody, yeah
I’m a homebody, yeah, I meet nobody

[Verse 2]
밤은 왔는데
잠은 안 올 때
너에게 문자를 보냈지
귀여운 사진과 함께
But you don’t like me, but you don’t like me
I want you to like me
평소에 연락 한번 안 하던 애가 (Skrt)
밤에 자기 심심할 때만
그래 맞아 난 나밖에 모르는 어린놈이지 (Dah)
누가 부르지 않으면 꼼짝을 안 하는 곰이지
근데 잠깐 내가 깜빡한 선약이 하나 있어
오늘 보는 건 무리야 yeah
난 이제 경고 둘이야 yeah

[Pre-Chorus]
바삐 움직이며 사는 삶
생각 안 하고 딱 하루만
Stayin' home today, yeah (Home today)
I'm stayin' home today (Home today, yeah-yeah)

[Chorus]
I-I-I’m a homebody, yeah, I'm a homebody, yeah
I meet nobody 'cause I’m a homebody, yeah
I’m a homebody, yeah, I meet nobody
I’m a homebody, yeah, I'm a homebody, yeah
I meet nobody 'cause I’m a homebody, yeah
I’m a homebody, yeah, I meet nobody

[Bridge]
I don’t wanna meet, I don’t wanna see
I just wanna be free as a bird
Yeah, I’m prolly the best you ever heard
I don’t need to cheat, but always coming first (Hoo)
Yes, I’m a nerd, but I’ll still school you (Hah)
Crazy is normal, do what the loons do
Busy being home, I’m busy being lonely
My life is on the line, please never ever call me
I don’t wanna meet, I don’t wanna see (Nah)
I just wanna be, free as a bird (Brr)
Yeah, I’m prolly the best you ever heard
I don’t need to cheat, but always coming first (Yeah)
Yes, I’m a nerd, but I’ll still school you
Crazy is normal, do what the loons do
Busy being home, I’m busy being lonely (Hah)
My life is on the line, please never ever call me

[Chorus]
I’m a homebody, yeah, I'm a homebody, yeah
I meet nobody 'cause I’m a homebody, yeah
I’m a homebody, yeah, I meet nobody
I’m a homebody, yeah, I'm a homebody, yeah
I meet nobody 'cause I’m a homebody, yeah
I’m a homebody, yeah, I meet nobody

[Outro]
I-I-I'm a ho-
I-I-I meet no- body- body-
Home- home- bod- bod-
-Body, yeah, -body, b-b-body, yeah-y-y-yeah
I'm a homebody, yeah, I meet nobo-
I-I-I'm a home-","131.963","0.886","0.596","-5.508","0.675"
"Oscar","pH-1","2Wqnhu5dRQDAQi8Ej6HnVQ","[피에이치원, 지소울, 서동현 & 박재범 ""Oscar"" 가사]

[Verse 1: pH-1]
Every good day start with a good yawn
잠을 푹 잤더니 시간은 두시야
밖에 나갈 준비하지, 너를 만나러
너와 sipping하는 coffee는 너무 달아
넌 당부했지, 오해하지마
사귈 마음 없어, 절대 고백하지마
And it cut my heart open, yeah
Put me in a coffin
그 말과 동시에 부서진 존심
침착 gotta relax, uh
Hollywood 웃음짓네
Ha, ha, ha, laugh like it's funny
Oscar를 원해, Academy 원해
긴장 안 한 듯이 영화배우처럼 제스처는 큼직
Ha, ha, ha, laugh like it's funny
Oscar를 원해, academy 원해

[Chorus: GSoul]
I'll be the one
네가 원하는 모든 역 다
완벽하게 소화 해낼게
I'll be the one
아무한테 안 보여준 내 모습 다
너 원하는 건 I'll be the one

[Verse 2: BIG Naughty]
Oh, oh, oh, 잠깐만이여
Oh, no, oh, 잠깐, wait me up
Uh, ah, umm, 길을 물으려
하는 건 아냐, 사실 할말이 있어서
오-오-오늘 시간 있어여?
Uh, oh, 없어도 내게 와줘여
일이 많아도, 오 잠깐만 욜로 와, ayy
Okay, 너를 데리러 갈게, 너는 어디야?
Oh baby, 그냥 call me up
Olleh, 난 네 man이여
엄마 다음으로 너를 사랑해 girl, 나한테 와
수많은 생각들이 내 머리를 스칠 때마다
드는 한가지 비밀은 나는 바로
아마도, 아, 맞다, 사실 그게, 음
I think I love you so much

[Chorus: GSoul]
I'll be the one
네가 원하는 모든 역 다
완벽하게 소화 해낼게
I'll be the one
아무한테 안 보여준 내 모습 다
너 원하는 건 I'll be the one

[Verse 3: Jay Park]
I'll be the one to give you the best of me
Baby girl, just leave it up to me
Yеah, you know that I'm the one to be, yеah
I'll be the one to give you the best of me
Baby girl, just leave it up to me
Yeah, you know that I'm the one to be

[Bridge: pH-1]
네게 필요한 역이 돼줄게
Whenever you need someone
예상치 못할 큰 감동을 줄게
Whenever you need someone

[Chorus: GSoul]
I'll be the one
네가 원하는 모든 역 다
완벽하게 소화 해낼게
I'll be the one
아무한테 안보여준 내 모습 다
너 원하는 건 I'll be the one","122.573","0.408","0.391","-17.119","0.5589999999999999"
"365&7 (Feat. JAMIE)","pH-1","6VYY26Wws3jIS1DdqeOsXZ","[​pH-1 ""365&7"" ft. 제이미 가사]

[Chorus: pH-1]
365&7 days a week
생각나 하루도 빠짐없이 yeah
너와 나
어느새 비슷한 말투
I'm thinking about you
365&7 days a week
생각나 하루도 빠짐없이 yeah
너와 나
어느새 비슷한 말투
I'm thinking about you

[Verse 1: pH-1]
맘이 떨려 어디 하나 고장 난 듯이
함께 있으면 시간은 도망가듯이
빠르게 없어져 yeah
I be like what's going on yeah
비싼 시계를 손목에
감아도 이건 못 멈춰
I'll call you up
Give me the addy
어디쯤인지
금방 나와있어 ooh
널 곧 태우고 갈게 어디든
아주 먼 거리든 Yeah
We can go about anywhere you wanna (wanna)
네 왼손 내 오른손에 걸어

[Pre-Chorus: pH-1]
Baby let's not waste time
Just don't beat around the bush
And tell me that you're mine
바삐 흘러가는 시간 뒤에 숨지마 (because)
너무 아까우니까 (yeah)
처음부터 세줄게
I'm counting starting now
And it's

[Chorus: pH-1]
365&7 days a week
생각나 하루도 빠짐없이 yeah
너와 나
어느새 비슷한 말투
I'm thinking about you
365&7 days a week
생각나 하루도 빠짐없이 yeah
너와 나
어느새 비슷한 말투
I'm thinking about you

[Verse 2: JAMIE]
Boy like doin' like
Everything like I do
Yeah you 너도 알잖아
나 이런 거에 약한 거
아침부터 밤까지
You make me feel like ari
기억나
When I first saw you and
Laughed he he he
오늘도 고마워 Thanks 들어가
지금 12시땡 우
Hey Mr. Nerdy 지금 어디
Stop with thе countin'
난 너가 궁금해
네가 궁금해
So let's stop playin' games

[Pre-Chorus: JAMIE]
Baby let's not wastе time
Just don't beat around the bush
And tell me that you're mine
바삐 흘러가는 시간 뒤에 숨지마
너무 아까우니까
처음부터 세줄게
I'm counting starting now
And it's

[Chorus: pH-1]
365&7 days a week
생각나 하루도 빠짐없이 yeah
너와 나
어느새 비슷한 말투
I'm thinking about you
365&7 days a week
생각나 하루도 빠짐없이 yeah
너와 나
어느새 비슷한 말투
I'm thinking about you","","","","",""
"Like Me","pH-1","6CgtxMNf4JQpgUuDT62CJQ","[Verse 1]
모르겠어 난
I can't figure out
복잡한 내 맘
정리가 잘 안돼
I'm waiting 'til I die
So I never have to be alone
내가 죽는다면
내 주머니 싹 다 비워줘
가진 것 하나 없지 I got nothing
뭐든 쌓아둘 걸 내 이름 앞에
I'm too hard to love, and that's my bad
떠나가도 돼 but please be right back
Fell in love
You fell in love with me
I don't know what you see in me
Tripping up
You telling me that I'm the one
I'm 'bout to cut you like a bouncer
내 앞에 있는다는 건 믿을 수가 없는 일
누가 봐도 네 손핸데 대체 왜 굳이
I'll probably cut you deep
But love is still what you bleed
너에게 상처 남길 것만 같아 tattooist

[Pre-Chorus]
It hurts me when I see you smile
미소 짓지마
별로란 걸 알아 난
I still wish that you were mine
이미 알고 있을까
Girl, you're wasting time
괜찮다 말하지만
I wanna know why you

[Chorus]
Like me, like me, like me
괜찮은 사람 많은데
Why me? Why me? Why me?
I wanna know why you
Like me, like me, like me
괜찮은 사람 많은데
Why me? Why me? Why me?
I wanna know

[Verse 2]
Patiently and instantly
뒤바뀐 삶에
한줄기 밝은 색의 원이 그림자를 채웠고
나를 둘러싸던 안개는 개였어
혼자였을 때의 발걸음은 계속 꼬여
내 기분은 rollercoaster
Up and down motions
As you came to me a little closer
사소한 행복들이 조금 보여
아직 네가 보지 못한 좀 부족한 내 모습이
널 비워내고 밀어내
That's why I don't want you calling me
그런 부분까지 좋다고 넌 말하지
의심이 워낙 많은 탓에 난 아직
이해 못 해 너란 멋진 사람이
착각한 건 아닌지
Confusing with another me

[Pre-Chorus]
It hurts me when I see you smile
미소 짓지마
별로란 걸 알아 난
I still wish that you were mine
이미 알고 있을까
Girl, you're wasting time
괜찮다 말하지만
I wanna know why you

[Chorus]
Like me, like me, like me
괜찮은 사람 많은데
Why me? Why me? Why me?
I wanna know why you
Like me, like me, like me
괜찮은 사람 많은데
Why me? Why me? Why me?
I wanna know why you
Like me, like me, like me
괜찮은 사람 많은데
Why me? Why me? Why me?
I wanna know why you
Like me, like me, like me
괜찮은 사람 많은데
Why me? Why me? Why me?
I wanna know why you like me","150.004","0.812","0.524","-5.804","0.363"
"Different Summer","pH-1","2mJUxAVOkNMsEZ9u3mCIqq","[pH-1 ""Different Summer"" 가사]

[Verse 1]
Already smell like summer time
풀과 땀이 섞여있는 공기
시간은 바삐 흘러가
때로는 얄밉게 내 주위를 돌지
I remember (You know, yeah)
I remember (Yeah)

[Verse 2]
걸어놓은 손가락을 풀지 못해
뜨거운 땀과 함께 흐르던 우리의 날들
절대 잊지 못할 거야
아마 그건 결코 쉽지 않을 거야
추억할게 가끔
I'll remember (You know‚ yeah)
I'll remember

[Chorus]
날 태우듯이
떠있는 해를 봐
널 달래듯이
지는 석양을 봐
This summer be different now
This summer be different now

날 태우듯이
떠있는 해를 봐
널 달래듯이
지는 석양을 봐
Can this summer be different now
This summer be different now

[Verse 3]
좋은 날이면 사람들 모이는 한강
All the lovers having a good time
그걸 보면 교차해 내 만감
해와 바람이 만날 때 난 그곳에 안가
You know‚ just because
말하기 싫은 그런 게 있어 뭐 어찌됐던
What if the summer is all the same thing
With all that pain and sadness it brings

[Verse 4]
올 여름은 똑같아서는 안돼
떨쳐내고 싶어 이제 nightmare
내 빈 공간을 채워줬던 price tags
All the watches
And the mic checks
이미 지나버린 봄
살만 늘어가는 몸
I be on my own staying home alone
Like Kevin
젖은 공기로 가득한 올해 여름은
May it be nothing but a blessing

[Chorus]
날 태우듯이
떠있는 해를 봐
널 달래듯이
지는 석양을 봐
This summer be different now
This summer be different now

날 태우듯이
떠있는 해를 봐
널 달래듯이
지는 석양을 봐
Can this summer be different now
This summer be different now

[Outro]
I don't want the same season
You're the one and only reason
Don't remind me
Please don't rewind it

I don't want the same season
You're the one and only reason
Don't remind me
Please don't rewind it","","","","",""
"JULIETTE! (Feat. UMI)","pH-1","1VREVb61J8aSWrT2sMrnfu","[피에이치원 ""JULIETTE! (feat. UMI)""  가사]

[Chorus: pH-1]
Run around all inside my brain (Ooh!)
Juliette! (Brr)
I been waiting for your text all night
Oh, two can play this game (Game game)
Where you at? (Sheesh)
Please don't run away out of my sight
Be my ba-a-a-a-by (Hey! Woah! Hey! Woah!)
Be my ba-a-a-a-by

[Verse 1: pH-1]
Why you keep on playin' with my heart like surgery? (Ouch)
Got me asking what I did so wrong to have you curving me (What?)
Know I used to mess up couple times but I'm for real (I'm for real)
All I need is a chance
Give you something he can't
Girl, you know me though, yeah
Be your Romeo, yeah
Push them others to the side
And just call me up (Sheesh!)
Hesitation did mе wrong
Now I'm here but you're gonе
Could've been anything that you want
You're stuck inside my head (Oh!)
I'm rolling on my bed
Thinkin' bout all the things you said
Makes me wish that I was dead
All this money don't mean nothing
When there's no one to spend it
Hop on this whip
My window's tinted and we riding
I'm tryna make you wifey

[Pre-Chorus: pH-1]
Put a ring on it
I don't care what the price is, I promise
No sneaky link or side piece, a relation
I'm running out of patience
Hit me up, baby

[Chorus: pH-1]
Run around all inside my brain (Ooh!)
Juliette! (Brr)
I been waiting for your text all night
Oh, two can play this game (Game, game)
Where you at (Sheesh)
Please don't run away out of my sight
Be my ba-a-a-a-by (Hey! Woah! Hey! Woah!)
Be my ba-a-a-a-by

[Verse 2: UMI]
Hey, baby
Secret is that I miss you
And when I kiss you
Late night got me reminiscing
I should say to you, ""Hey"" to you
Playing hard to get, I seem to play with you, ooh, oh-oh
And maybe next time, I won't be so shy
I'll tell you all the things I like
I'll show you my bad side
I'll be there like three times of week
It shouldn't matter if outside of that we don't speak (No, no)
It's just you and me, floating free
We could be anything, anything you ever wanted to be
'Cause everything I ever wanted you see in me, yeah, yeah

[Chorus: pH-1, UMI, pH-1 & UMI]
Run around all inside my brain (Ooh!)
Juliette! (Brr)
I been waiting for your text all night
Oh, two can play this game (Game, game)
Where you at? (Sheesh)
Please don't run away out of my sight
Be my ba-a-a-a-by (Baby) (Hey! Woah! Hey! Woah!)
Be my ba-a-a-a-by
Yeah","102.001","0.743","0.56","-6.693","0.202"
"Hate You (Prod. by 코드 쿤스트)","pH-1","3pWzLdFztaXirLNrFlQ4IT","[Verse 1: pH-1]
너라고 알람이 떠, 전화길 뒤집어 놓지
난 아직 살아있어, 자꾸만 묻지 내 소식
Oh, nah, 결국엔 궁금한 건
Oh, nah, ""누가 또 떨어졌어?""
Ayy, I don't give a spoiler
열심히 살면 또 오겠지 금요일 밤
난 조금 속상, 내가 얼마나 힘든지는 안 듣고파
I'm 'bout to lose it, 너는 네 이야기만 퍼붓네
Ayy, 단답했더니 너는 내가 변했다고 소문내
Okay, 우리 사인 딱 여기까지였나 봐
내 욕하시던가 (don't really care)
어차피 내가 참을 수밖에 없잖아
It's time to say good bye (because, because)

[Hook: pH-1]
I don't really wanna hate you
I don't really wanna hate you
I don't really wanna hate you
Thank you

[Verse 2: pH-1]
알던 애가 TV에 이름이 뭐더라? 일단 look, look
진원아 우리 꽤 친했잖아, 맞팔하자 꼭꼭
뻔뻔함 대단하지, 난 너를 외면하지
어쩜 난 예민하지 왜냐면 내 주위
모두가 변하고 사람들 신나서
날 다룬 왜곡된 입소문 전하고
혼자가 편해서 party by myself
I'm meeting nobody, I'm such a homebody
알던 애가 TV에 이름이 뭐더라? 일단 look, look
추억팔이할 겸 친구야 만나, I'm like no, no
Okay, 우리 사인 딱 여기까지였나 봐
내 욕하시던가 (don't really care)
어차피 내가 참을 수밖에 없잖아
It's time to say good bye (because, because)

[Hook: pH-1]
I don't really wanna hate you
I don't really wanna hate you
I don't really wanna hate you
Thank you

[Verse 3: 우원제]
여보세요 나야 왜? 로꼰 나도 못 봐 얘
동대 사거리의 Benz, 그거 내꺼 맞아 왜?
알아 나도 기억해, 우리 친했잖아 꽤
근데 넌 깜깜무소식
야, 나는 너를 미워하고 싶어, 야
야, 나는 너를 기억하고 싶지 않아
낭비도 못해 도와줘, 뒤돌아버린 너의 겉의 색은 날 못 낚아
Okay, 야, 전화해서 랩 해달란 애들 내가 알던 너가 아냐
Okay, 야 그래 니가 줬던 기억은 다시 지워 버릴라구 악
Hold up, wait, hold up, wait, ya, ah, 나보고 다 변했대, ya
Uhm, what is change? ya
난 Phone이 세 개는 더 필요해 (phone, phone)
야 걍 난 거짓말은 됐고 아직 널 좀 사랑해
야 그냥 미워하고 싶어, 넌 이해 못해 날

[Bridge: pH-1 & 우원재]
I'll probably go up
I'll probably throw up
I'll probably go up
I'll probably throw up yea
내 옆엔 all my friends
내 옆엔 all my friends
내 옆엔 all my friends
내 옆엔
I'll probably go up
I'll probably throw up
I'll probably go up
I'll probably throw up yea
내 옆엔 all my friends
내 옆엔 all my friends
내 옆엔 all my friends
내 옆엔 내 옆엔
Drop it please

[Hook: pH-1]
I don't really wanna hate you
I don't really wanna hate you
I don't really wanna hate you
Thank you
I don't really wanna hate you
I don't really wanna hate you
I don't really wanna hate you
Thank you","193.621","0.984","0.1689999999999999","-4.218","0.5670000000000001"
"EASY (Feat. THAMA)","pH-1","2N4XsISPAYbi37LlxhfIT7","[Verse 1: pH-1]
Say, you can say what you want but I'm staying
You can work all you want but I'm paying
Palm trees and white beaches, we go trail blazing
Wherever you don't know
Make promises you can't believe (You can't believe)
Been hurt before you've made your peace (You've made your peace)
Say you're done with hanging 'round
Playboys and the douchebags, yeah
Girl you ain't gotta run away, yeah
I'll keep you grounded, you can lay here

[Chorus: pH-1]
Every day, every night
You're just trying to be loved
But you make it way too easy for mе (Too easy for me)
Hiding pain, with your smile
Running from what brеaks your heart
But you make it way too easy for me (Too easy for me)

[Verse 2: THAMA]
You're too pretty for the BS, they all wanna be us
Vacay out in Spain where they call you mamacita
Pour a margarita, getting tipsy by the beaches
Cruising in my two-seater, take the scenic route
You're too pretty for the BS, they all wanna be us
Vacay out in Spain where they call you mamacita
Pour a margarita, getting tipsy by the beaches
Cruising in my two-seater, take the scenic route

[Instrumental Break]

[Verse 3: THAMA]
Oh, I wanna be your favorite thing
My heart don't play
Sunrise, I could be there for you
Wildflowers, maybe know about you
Oh, baby it's my favorite day
Forget about other days, for a while
Baby, you know it's still fine with me
To be a little cautious
'Cause I know what you've been through (Oh, yeah)
This world might be so cruel
These (These) melodies filled with you
I can't stop singing
This vibe you bring in is like, ooh

[Chorus: pH-1, THAMA]
Every day, every night (Every night)
You're just trying to be loved (Just trying)
But you make it way too easy for me (Make it, yeah, for me, baby, don't you go; Too easy for me)
Hiding pain, with your smile (Ooh)
Running from what breaks your heart
But you make it way too easy for me (Too easy for me)","91.367","0.282","0.722","-7.484","0.217"
"KEEP IT ON THE LOW (Feat. lIlBOI)","pH-1","5mIVTVI72CDH37t5BX8z9e","[pH-1 ""KEEP IT ON THE LOW"" Feat. lIlBOI 가사]

[Refrain: pH-1]
(I'd rather keep it on the low)
(Keep it on the low) Uh-huh
(I'd rather keep it on the low) Okay
(Keep it on the low) Yeah

[Verse 1: pH-1]
Walking in the club with a couple of the brodies
낯이 익은 얼굴 인사할지 말지 고민
Keep it (Ayy) on the low
오늘은 keep it (Keep it) on the low
아침엔 공항, 해진 내 리모와
그만 물어봐 rapper는 돈 얼마 모아? (Stop)
I'd rather keep it (Ayy) on the low
널 위해, keep it (What?) on the low

[Refrain: pH-1]
(I'd rather keep it on the low)
(Keep it on the low) I'm like four shots in right now
(I'd rather keep it on the low) Turn me up
(Keep it on the low) Yeah

[Verse 2: pH-1]
Show me some mercy, babe, take me to touristy places
그녀는 열이 너무 많아, she thirsty, babe (Ayy)
그럼 입 열어 마치 아기 새처럼 (Sheesh)
시간은 TikTok, 내 앞에서 dance 춰 줘 (Ooh)
Oh, you a lawyer? (Huh?) Then I'm the biggest deal (For real)
Snack을 왜 찾아? I'm thе biggest meal (For what?)
이미 알아봤잖아 head to toе, 전부 가려도
이름은 헷갈려도 알잖아 입은 designer clothes

[Refrain: pH-1]
(I'd rather keep it on the low) Ayy
(Keep it on the low) 뭐 이리 말을 아끼냐고 하는 애들은 TMT
(I'd rather keep it on the low) 큰 거라곤 귀밖에 없는
(Keep it on the low) 애들은 다 마치 TMZ, 그래 이거 니 얘기 (Ooh)

[Verse 3: pH-1]
뭐, 네가 할 줄 아는 게 뭔데? (뭔데?)
We party up Monday to Sunday (Sunday)
You don't want no smoke, 아냐 담배 (Pow)
One for H1GHR gang, 하자 건배 (H1GHR gang)
관심 없어 네 차, 네 돈은
난 Midas, 안 빌려줘 내 손은 (What)
Whatever I touch, I'ma turn it into gold
Freaky ass girl says she wanna turn to gold

[Verse 4: lIlBOI]
여전히 전문직 휴일 없이 금요일
난 이걸 사랑하지만 쟤네는 enjoy (Yeah)
Rap에 rhyme이 많다니 이 홍철 team
앞에 내 고집은 notorious 들은 적이 없는 귀
AR 없이는 입도 뻥긋 못해
이 날파리 전부 wingardium
쓴 적도 없이 어떻게 아냐고 단 걸
난 안 알려줘 내 요아정 topping
Yeah, I like it sweet, sweet
High baller, 난 산토리지 (What the fuck is 산토리지?)
Yeah, 잔을 채워 우리 table, 주위로 H1GHR gang
다른 놈들에게는 나쁜 소식, ayy
Club to club, 우린 돌아다녀 검은 차로
Mic 하나 가지고 찍는 Grand Theft Auto (Oof)
짧은 마디 안에 몇 명 죽였지만
I keep it on the, ooh

[Interlude]
(I'd rather keep it on the low) VVS? It's, it's
(Keep it on the low) You know, we-we keep it on the low (Oh my god)
(I'd rather keep it on the low) We-we ain't gotta brag about it
(Keep it on the low) You know what I mean? You see? (Oh)

[Verse 5: pH-1]
(I'd rather keep it on the low) We ain't gotta brag about it, 배 아픈 놈들은 기도
(Keep it on the low) 내가 안 되길 바래, but I guess God's on my side
(I'd rather keep it on the low) 'Cause I been blessed, 필요 없어 핀셋
(Keep it on the low) 얌전히 있어도 먼저 뽑히는 내 인생
(I'd rather keep it on the low) Give 'em that whiplash from coast to coast
(Keep it on the low) But most importantly, 안 굽혀왔지 내 소신
(I'd rather keep it on the low) Whatever I touch, I'ma turn it into gold
(Keep it on the low) Freaky ass girl says she wanna turn to gold","","","","",""
"Orange (Prod. by CODE KUNST)","pH-1","16IHyrqNVAEg0mHTXxi92C","[Verse 1: pH-1]
24/7 매일 난, yeah
일하지 for a better life, yeah
I'm in the stu, I just spent the night, yeah
억지로 하는 일은 질색 내 성격상
난 못해 black tie, uh, huh
영혼 담지 못해 white lie, uh, huh
그만해 it's a red light, uh, huh
그 사이에 난 주황색을 칠하지, 그게 제일 real하지
주황색 내가 내는 멋, yeah
Other rappers ain't in the cut, yeah
신경 안 쓰고 있는 척
대체 왜 안 좋게 생각해? I don't care
Got my thriller moves, 내가 움직인다면
난리 날걸 YouTube, prolly get a million views
쇼머니 덕에 난 계속 keep stunning
Now pH-1 is the most wanted
나는 인싸 on Insta, better pay up, 근데 비싸
Everyday 나한테 집중해
Love the way how I'm dressed
Love the way how I'm dressed

[Hook: pH-1]
주황색 입어 또 주황색
주황색 입어 또 주황색
주황색 입어 또 주황색
Orange the new black, the new black
주황색 입어 또 주황색
주황색 입어 또 주황색
주황색 입어 또 주황색
Orange the new black, the new black

[Verse 2: pH-1]
Got my mic up feelin like Tyson
Hit you with a right punch stinging like python
혓바닥, ayy, 독이 차 있어 wait
위험해, ayy, 멀리 가 있어
Bad, bad like Rih Rih, 매우 상해 네 비위
사라져 핏빛, 너흰 질투와 시기
Bad, bad like Rih Rih, 매우 상해 네 비위
I'm singin like I'm whitney, 우리 팀은 이미 1위
Good day we chillin', 코쿤 and 팔로 with me
The boy came with a big dream
Got the bread up with whip cream
Got the bread up with whip cream
It's sprayed on, 그 모습 마치 주황색 볼케이노
나는 인싸 on Insta, better pay up, 근데 비싸
Everyday 나한테 집중해
Love the way how I'm dressed
Love the way is that Jay

[Verse 3: Jay Park]
Hah, 집중해, 집중해, Pay attention
여자들, 심쿵해 cuz we handsome
저쪽에, 이쪽에 put your hands up
쇼미에 이 노래 get them bands up
PH-1, huh, 생각나? what
네가 예전에 고민을 했잖아, hah
내가 다 때가 있다 했잖아, hah
지금 봐 나 점쟁이인가 봐
우리 대박 났어 like Dali Van Picasso
1등 못해도 상금은 이미 탔어
H1GHR gang, mi casa es su casa
Believe we eat good, 매일 밤 steak and lobster
This ain't the 마미손, It's the 대디손
Hater 새끼한테 싸대기 날려
걱정마 작업실에 안 갇혔어
Shining on em, 이런 빛은 넌 못 갚아, bruh
We gonna bring it back

[Hook: pH-1]
주황색 입어 또 주황색
주황색 입어 또 주황색
주황색 입어 또 주황색
Orange the new black, the new black
주황색 입어 또 주황색
주황색 입어 또 주황색
주황색 입어 또 주황색
Orange the new black, the new black
주황색 입어 또 주황색
주황 주황 주황색 입어 또 주황색","127.997","0.648","0.61","-7.374","0.184"
"HAD I KNOWN","pH-1","0ybgvUNl1JjbQWKWgU8jYV","[pH-1 ""도망쳐"" 가사]

[Chorus]
사랑이란 건 아프단 걸 미리
알았더라면 난 떠났을 거야 이미
Don't know how to love
내게서 어서 도망쳐 (Run away)
나란 사람이 나쁘단 걸 미리
알았더라면 넌 떠났을 거야 이미
Don't know how to love
내게서 어서 도망쳐

[Verse 1]
무거운 눈을 감은 채로 이를 brushing
Definitely need me some coffee
울적하네 왜인지
또 죄 없는 시간을 wasting
'Nother medication
뇌에 박힌 죄의식
Gotta change it, like shape shift
혼자였었던 적이 언제인지
주어진 하룰 어떻게?
쓰는지도 몰라서 해 검색
머릿속을 정리하려 공책
그 위에 쌓인 먼지를 털고 꺼내
Where do I start with this?
떠올리네 수많은 일, 함께 웃기도 하고 다툰 일들
마치 사진첩을 연듯해
어느새 눈이 일렁이는 듯해

[Chorus]
사랑이란 건 아프단 걸 미리
알았더라면 난 떠났을 거야 이미
Don't know how to love
내게서 어서 도망쳐 (Run away)
나란 사람이 나쁘단 걸 미리
알았더라면 넌 떠났을 거야 이미
Don't know how to love
내게서 어서 도망쳐

[Verse 2]
넌 지금 당장 가방 둘러메고 여기를
떠나 bring a friend or two
아직 못 챙긴 건 뒤로하고
이젠 서로의 생일도 잊기로 하고
Let's forget about 우리, 때론 매서움이
돼줄 거라 믿어 제일 사랑 담긴 마무리
네가 좋아하던 선우정아의 노래
근데 여기서는 내가 함께 가지를 못해
Yeah, guess I never knew how to love
And for us, I'ma cut you loose
이미 갔어야만 하는 혼자만의 길
없어 자립심, 약을 하나 먹고 걷는 중
마지막 듣기 싫은 말 하나만 더 할게
넌 웃는 게 예쁘니까 밝게
지내줘 그 이유가 뭐든
네가 나를 만나기 전처럼

[Outro]
사랑이란 건 아프단 걸 미리
알았더라면 난 떠났을 거야 이미
Don't know how to love
내게서 어서 도망쳐","","","","",""
"BOOL","pH-1","2Dohoe8eYvG8uJS9a3CQSR","[Verse 1: pH-1]
Got off the plane
I walked away from all the pain
I ain't never really felt like this
바빠진 매일, 높아진 pay
My life is changed
It'll never be the same again, I'm like woah
아직 못해 적응
사고픈 게 너무 많아 하지 못해 저금
질투 많은 애들 입엔 생겨 비누 거품, ooh
Haters I love em, 왜냐면 나는 어른
Who do it like me, 몇 명 없지
모든 것을 끌어당기는 법칙
Fake gimmicks have limits
My sales doing digits
인스타 어그로 하나 없이
I eat good, I sleep better
킹 사이즈 침대 위 다 벗은 채로
그만큼 난 자유롭지, 많은 욕심
아주 멋진 삶은 마치 fire emoji

[Pre-Chorus: pH-1]
All these people sweating
Got me feeling some type of way
If I'm coming on too strong
I apologize for my mistake

[Chorus: pH-1]
Cus I’m feeling so bool
우린 필요해 fireman
언제까지 넌 cool
하고 멋진척하려 해
I’m feeling so bool
우린 필요해 fireman
언제까지 넌 cool
하고 멋진척하려 해

[Verse 2: Beenzino]
불지 매달 백만불씩
그 돈 뭉치 다 골치
새로고침 버튼 눌러
넌 내 priority
넌 내 차보다 거액임
넌 내 bonus 여름임
너 땜에 짧아져 겨울이
넌 내 불 I can't stay cool no more
난 불나방 난 죽어도
My bool I'll ride with you
난 워낙 불안한 구석 많아
넌 날 환하게 비춤
If any dude try to get with you
그럼 그날 내 총에 걘 무음
I have some fire in me too
I'm feeling 불 불 불 불

[Pre-Chorus: pH-1]
All these people sweating
Got me feeling some type of way
If I'm coming on too strong
I apologize for my mistake

[Chorus: pH-1]
Cus I’m feeling so bool
우린 필요해 fireman
언제까지 넌 cool
하고 멋진척하려 해
I’m feeling so bool
우린 필요해 fireman
언제까지 넌 cool
하고 멋진척하려 해

[Outro: pH-1]
후, 뜨거워 텐션
후, It’s a vacation
후, 불난 것 같이 막 불어대
후, 근데 더 세져
후, 뜨거워 텐션
후, It’s a vacation
후, 불난 것 같이 막 불어대
후, 근데 더 세져","","","","",""
"Game Night","pH-1","3TQrMPkn510bIvdq8GS3yM","[pH-1 ""Game Night"" 가사]

[Chorus]
Day & night (yeah, yeah)
We be playin' like its game night (oh, woah)
Got me throwin' back to
Mario Zelda here we go
Get that Donkey Kong
Let's get it started
Every night (yeah, yeah)
나는 자꾸 네가 생각나 (ooh, woah)
야 네가 뭔데
왜 이렇게 내게 보란 듯이
힌트를 줘 무엇을 원하는지
분석해야 돼 네가 뭐라는지
감이 안 와 (what, what)

[Verse 1]
가끔 넌 늦은 밤에 내게 카톡해
(Oh no no)
수면 시간 단축돼 (아이씨 진짜)
(Oh no no)
바보같이 난 그걸 답장하고
넌 또 그걸 읽씹하고
그럴 바에 대체 왜 나한테 문자 했냐고
투덜투덜 거리면서 단순해서 난 또 기분 좋다고

[Verse 2]
I'm so (I'm so) stupid (stupid)
But I really can't stop looking (hm)
Late nights got me feelin' like droopy
I'm new to this game, go easy on a newbie
Like bang bang bang
넌 매일매일 게임하듯 맨 끝판까지 모두 깨 깨 깨
밤 새새 새면서까지 우린 조이스틱 잡아 (woah)
먼저 가지 말고 wait, wait I'm singing

[Chorus]
Day & night (yeah, yeah)
We be playin' like its game night (ooh, woah)
Got me throwin' back to
Mario Zelda here we go
Get that Donkey Kong
Let's get it started
Every night (yeah, yeah)
나는 자꾸 네가 생각나 (ooh, woah)
야 네가 뭔데
왜 이렇게 내게 보란 듯이 (huh)
힌트를 줘 무엇을 원하는지 (huh)
분석해야 돼 네가 뭐라는지
감이안와 (진짜 모르겠다)

[Verse 3]
괴로워 우린 다시 드라마 촬영에 임해 (yeah)
이 정도로 너의 장단을 맞춰줬음 어쩜 난 대인배 (yeah)
We back in the battle with diamonds and beasts
Button A, Button B, ay (ddu-ddu)
승부욕에 예전 내 버릇이
나와 막판 거뜬히, ay, 깰 거야
넌 잠이 깰 거야 (wake up)

[Verse 3]
낮과 밤 뒤바뀌어 살이 빠져 (ooh, ooh)
우린 말이 많고 시간은 빨라 (ooh, ooh, ooh)
Yeah we playin a game with some special mission running in our brain
Now i'm sayin' (now, I'm sayin')

[Verse 4]
Ay, 넌 왜 나를 갖고
Ay, 놀아 사람 한 명
살린다는 셈 치고
난이도는 Easy Mode 봐줘 한번

[Verse 5]
워우어우어 예예 (pew pew, ooh)
워우어우어 예예 (game over)
매일 졌어 나는 왜 못해 이런 게임
Everybody in the back
대기타고 준비해
Get ready (get ready), set go (bang)
이번 판엔 나도 무대포 (woop, woop)
깨기 힘든 너의 마음 안에 내 깃발을
꽂고 말 거야 take over, singing

[Chorus]
Day & night (yeah, yeah)
We be playin' like its game night (ooh, woah)
Got me throwin' back to
Mario Zelda here we go
Get that Donkey Kong
Let's get it started
Every night (yeah, yeah)
나는 자꾸 네가 생각나 (ooh, woah)
야 네가 뭔데
왜 이렇게 내게 보란 듯이
힌트를 줘 무엇을 원하는지
분석해야 돼 네가 뭐라는지 감이안와 (what, what)","","","","",""
"SUMMER FEVER (Feat. aiai)","pH-1","371T3piMigFSScaVWHncAL","[pH-1 ""SUMMER FEVER"" ft. 아이아이 가사]

[Verse 1: pH-1]
Biking in the rain
Got the Nimbos over my head
새로 산 Prada 밑에
몸은 다 젖어 우울함에
I'm fighting
With the man in the rear view mirror
몇 번을 싸워도 못 당해, mm
뻔히 다 아는 정답에
여전히 마음은 복잡해
무더웠던 여름밤에서
난 깨는 중 (Ah-ah-ah-ah)
눈을 감아도 머릿속
내게 웃음 지었던 너였어
가진 모든 걸 다 부어도 couldn't get to you

[Pre-Chorus: pH-1]
바다가 보이는 저 멀리 떠나고파
너와 함께가 아니라면 그냥 혼자
And I'ma pop a bottle and try to ease the pain (Yeah)
파란색 감정으로 가득 찼어 여긴 mayday
혹시 모를 연락을 매일 waiting
뜨거웠던 우린, just like the

[Chorus: pH-1]
Summer fever
High off the feelings that I never left
I'm crying out for every single one of my regrets
Summer fever
High off the feelings that I never left
I'm crying out for every single one of my regrets

[Verse 2: aiai]
Baby, I'm still in this fеver dreaming
난 또 어지러운 꿈에서 sinking in
I can't cool it down, 찬물 부어봐도
The hеat never fades, mm-mm
여름 속의 넌 slipping through my hands
Crashing like a tide
어떻게 해도 can't reach you anymore
It's heavy in my head

[Pre-Chorus: pH-1, aiai, pH-1 & aiai]
바다가 보이는 저 멀리 떠나고파 (Mm-mm)
너와 함께가 아니라면 그냥 혼자 (Mm-mm)
And I'ma pop a bottle and try to ease the pain
(Yeah; mm-mm)
파란색 감정으로 가득 찼어 여긴 mayday
혹시 모를 연락을 매일 waiting
뜨거웠던 우린, just like the

[Chorus: pH-1, pH-1 & aiai]
Summer fever
High off the feelings that I never left
I'm crying out for every single one of my regrets
Summer fever
High off the feelings that I never left
I'm crying out for every single one of my regrets

[Outro: pH-1, aiai]
Baby, you're the only one
I will never let you go
(Yeah) Baby, you're the only one
(Ah, ah, ah) I will never let you go","167.18099999999995","0.758","0.672","-8.779","0.945"
"ERYKAH BADU (Feat. CAMO)","pH-1","5Ovvat3uPyNMFKPO63fD3O","[pH-1 ""ERYKAH BADU"" ft. CAMO 가사]

[Chorus: pH-1]
Smoke all in my booth
She all on me like glue
She don't know me like you
I'm in love with your soul
Erykah Badu
Erykah Badu
I'm in love with your soul (Oh)
Smoke all in my booth
She all on me like glue
But she don't know me like you
I'm in love with your soul
Erykah Badu
Erykah Badu
Erykah Badu (Oh)

[Verse 1: pH-1]
큰일 났지
Just fell in love with a freak
She got me spending all my money
Splurge, copping Celine
우리는 싸워도 올라가 침대
말보다 있어 깊이
마른 것보단 난 좋아 살집이
Love when you can't fit inside of your jeans
Thick, baby
Come on and play with the stick, baby
너의 그 마음도 좋지만
단순히 홀려서 그래 네 뒤태에
You said that you love the way I use my hands
되어 줄게 너만의 DJ
넌 뭐라 할 수 없는 aura가 있어
Girl let me tell you the rest
Jump in the bed

[Chorus: pH-1]
Smoke all in my booth
She all on me like glue
She don't know me like you
I'm in love with your soul
Erykah Badu
Erykah Badu
I'm in love with your soul (Oh)
Smoke all in my booth
She all on me like glue
But she don't know me like you
I'm in love with your soul
Erykah Badu
Erykah Badu
Erykah Badu (Oh)

[Verse 2: CAMO]
Bel Marant on my feet, Saint Laurent on you
I keep runnin' through like I'm chasin' you
Through your moves so smooth
I can see your view
Boy, what you gonna do?
While you play it cool
There's no time to waste, got me all lost in your space
(Got me all lost in your space)
Took you out of your place, now he lost in the chase
(Now he lost in the chase)
Wrapped up in your taste, boy, you know I set the pace
(You know I set the pace)
Fell into my haze, now he caught up in a daze
(Now he caught up in a daze)

[Chorus: pH-1]
Smoke all in my booth
She all on me like glue
She don't know me like you
I'm in love with your soul
Erykah Badu
Erykah Badu
I'm in love with your soul (Oh)
Smoke all in my booth
She all on me like glue
But she don't know me like you
I'm in love with your soul
Erykah Badu
Erykah Badu
Erykah Badu (Oh)","","","","",""
"ZOMBIES","pH-1","2Q1EVavjMH8XrRvHbVRTpc","[피에이치원 ""ZOMBIES"" 가사]

[Intro]
Oh-oh, babe

[Pre-Chorus]
Girl, I'm tryna die in your arms
나를 잡아줘 babe
혼자 있기 싫어 오늘 밤
여기 와 뭐든 말해

[Verse 1]
She said she love me in Balenci
널 위해 난 제일 예쁜 옷을 꺼냈지
어딘지 말해주면 켤게 navi
Hit me up, we can link up
혼자 두지마 drink up
잔을 높이 in the club
이 밤은 아직 젊어
더우면 그냥 벗어
Do whatever you wanna
서로 되어줘 two lovers
Hit me up, we can link up
혼자 두지마 drink up
가지마 내 옆 지켜

[Pre-Chorus]
Girl, I'm tryna die in your arms
나를 잡아줘 babe
혼자 있기 싫어 오늘 밤
여기 와 뭐든 말해

[Chorus]
Oh my god
우린 다 미쳤어 it's a party
휘청거리는 모습 마치 zombies
Walking, walking, falling on you
오늘 처음 봤어도 와 내 옆자리
Oh my goodness
우린 다 미쳤어 it's a party
휘청거리는 모습 마치 zombies
Walking, walking, falling on you
오늘 처음 봤어도 와 내 옆자리

[Verse 2]
좀 이따 올 거면 네 주위 친구들
한 두 명 아니면 세 네 명 까지도 cool
오히려 좋아 the more the merrier
성민이 담당해 ones and twos
He killing it
신나는 걸로만 choose
왜냐면 오늘 밤은 never get loose
미리 밥 먹고 와
피곤하다면서 자도록
절대로 내버려두지 않아
무시해 시계는 무시해
널 기억 못해도 안 봐 눈치
잃자고 중심
넌 누가 봐도 예쁘지
만들고 싶어 해프닝
But wait
우리 번 만큼 놀기엔
너무 작잖아 테이블이

[Pre-Chorus]
Girl, I'm tryna die in your arms
나를 잡아줘 babe
혼자 있기 싫어 오늘 밤
여기 와 뭐든 말해

[Chorus]
Oh my god
우린 다 미쳤어 it's a party
휘청거리는 모습 마치 zombies
Walking, walking, falling on you
오늘 처음 봤어도 와 내 옆자리
Oh my goodness
우린 다 미쳤어 it's a party
휘청거리는 모습 마치 zombies
Walking, walking, falling on you
오늘 처음 봤어도 와 내 옆자리

[Bridge]
I get a little wicked
With some liquor in me
I said I get a little wicked
With some liquor in me
Get a little wicked get
Get a little wicked
Get a little wicked
With some liquor in me

[Chorus]
Oh my god
우린 다 미쳤어 it's a party
휘청거리는 모습 마치 zombies
Walking, walking, falling on you
오늘 처음 봤어도 와 내 옆자리
Oh my goodness
우린 다 미쳤어 it's a party
휘청거리는 모습 마치 zombies
Walking, walking, falling on you
오늘 처음 봤어도 와 내 옆자리","164.4","0.582","0.591","-7.624","0.792"
"Malibu","pH-1","4gc5n5YLVvZFORdNOvelZE","[Verse 1: pH-1]
Yea I got news
You my boo
So tonight better see you move
음악 크기는 몸이
울릴만큼 볼륨을 틀자구 yuh
Midnight blues ya
Midnight blues ya
PM to the AM
입맞춤 ya
입맞춤 ya
내 이름을 얘기해
What your name is?
You look dangerous
With a fragrance
Let's just stay on a first name basis
I’m kinda famous
That's not important
하지 않아 고민
긴 생각 없이 그냥 따라가는 본능
Cus tonight you know I'll be bad
우리 둘은 또 밤을 새
They gon see me
Going zz, please wake me
어젯밤 way too lit lit
DM on my IG
넘쳐흘러나지
기억하는 아이디만 골라 click click
생각나지 너의 tat
어깨 위에 예쁜 cat
Now come here little kitty
Imma go and count to ten

[Pre-Chorus: Moyko]
Feeling real hot in here right now
Feeling feeling real hot in here right now
Feeling real hot feeling feeling real hot
Feeling real hot feeling feeling real hot

[Chorus: pH-1]
She hotter than July in California
Tan skin ooh 눈이 쏠려
쭉 뻗은 다리 like the roads in Malibu
My heart is bumping bumping
완전 난리군

[Post-Chorus: pH-1]
She hotter than July in California
Tan skin ooh 눈이 쏠려
쭉뻗은 다리 Like the roads in Malibu
My heart is bumping bumping
완전 난리군

[Verse 2: The Quiett]
A queen of the dance floor
Can I get a chance huh
난 지금 많은 것들이 알고 싶어졌지
너에 대해서
지금까지 내가 본 것 중에
제일 아름다운 것 니가 갱신
Ay hol’ up 이 3곡이 지나가면
Baby I'll take to my mansion
I hear your body's calling me
몸매가 나를 홀리지
Let me be your one & only bee
이 꿀은 나의 것이니
뭐든 tell me what you need
망설일 필요 없어 baby
우릴 위해 나의 밤을 전부 쏟아 부을
준비는 완전히 다 돼있으니
Body line, sexy legs, you know
My heart is racing now
Grown people love session now
내가 알려 줄 테니 배워 놔
나랑 재밌게 노는 법 now do
Something nice on me girl
가사로 차마 쓸 수 없는 걸
Yea this shit is gettin hot as fuck

[Pre-Chorus: Moyko]
Feeling real hot in here right now
Feeling feeling real hot in here right now
Feeling real hot feeling feeling real hot
Feeling real hot feeling feeling real hot

[Chorus: pH-1]
She hotter than July in California
Tan skin ooh 눈이 쏠려
쭉 뻗은 다리 like the roads in Malibu
My heart is bumping bumping
완전 난리군

[Post-Chorus: pH-1]
She hotter than July in California
Tan skin ooh 눈이 쏠려
쭉뻗은 다리 Like the roads in Malibu
My heart is bumping bumping
완전 난리군

[Bridge: Moyko]
Mmm yea uh
Imma dash, no lie
Never slowing down
And it's quite alright
Mmm yea uh
Imma dash, no lie
Never slowing down
And it's quite alright
Mmm yea uh
Imma dash, no lie
Never slowing down
And it's quite alright
Mmm yea uh
Imma dash, no lie
Never slowing down
And it's quite alright

[Outro]
Instrumental","148.1","0.154","0.435","-21.451","0.0799"
"FLAT COKE (Feat. Lee Young Ji)","pH-1","1P6QKJ1Vyskavy98wtV7W7","[피에이치원 ""FLAT COKE"" ft. 이영지 가사]

[Intro]
Take me higher
Take me higher

[Verse 1: pH-1, Lee Young Ji]
Who you think you talkin' to? (Huh)
I'm here to bring you the bad news
Said you want me gone, but I'm here for good like tattoos (Ayy)
Pop off, sis (Go)
These bitches ain't shit
Fake body, fake money, fake friends
쟤네 버리고, hop in the coupe (Top down)
250 on the dash, I'm untouchable (Untouchable)
내 옆자리엔 baddie, 쟨 원해 round two
Too many problems
날 묶어놔도 굴러가 내 돈은, got zeros like donuts
말이 너무 많아 쟤는 입이 경마장
놀려대네 혓바닥을 stop it, your last choice, floppy (Oh)
넘겨줄게 내 자리, this crown too heavy
For anybody, 쉬워 보이지만, it ain't that easy (Ah)
팔짱 풀어 꼰대야 그럼 네가 해, show me sum
오물 풍선같은 쓰레기 평가 다, fuck it up
내 관심은 비싸
네 chat는 내 식사
What we doin'? Set the bar
Where we at? At the top

[Chorus: pH-1]
Yeah, I'm poppin' out on the weekend
쟤네 party는 너무 지루해
Got no flav, 모두 비슷해
Like a flat coke, 너무 김새
Yeah, I'm poppin' out on the weekend
쟤네 party는 너무 지루해
Got no flav, 모두 비슷해
Like a flat coke, 너무 김새

[Verse 2: pH-1, Lee Young Ji]
Uh-huh, ayy
It's your boy, young pH, numero uno (Oh)
같은 라인업 몸값은 두 배로 불려
Always, 배불러 내 식구는 good for life (Life)
미래의 자식들은 bust down 숟가락
'Cause my money (Money) good (Good, ayy)
And my chick bad
뭐든 맘 가는 대로 골라 매일이 뷔페
Certified, you the witness, H1GHR gang business (H1GHR gang)
Every year, 난 career 하이 찍지 (Ooh)

[Verse 3: Lee Young Ji, pH-1]
It's your girl, Young Ji, no matter what you see
I'm always on your ""For You page,"" I know you wanna click
너의 fam, 너의 friends, 너의 puppy
모두가 날 알아보니, I deserve to be cocky (Shee)
누가 씹다 뱉은 것만 같은, ice 갖다 치워
떨어질 듯 말 듯 붙어 있는 숫자 들도
Let me bring that icy coke and cheers with pH-1
차가워진 손을, 뜨거운 관심으로 다시 데워 (Ooh)

[Chorus: pH-1]
Yeah, I'm poppin' out on the weekend
쟤네 party는 너무 지루해
Got no flav, 모두 비슷해
Like a flat coke, 너무 김새
Yeah, I'm poppin' out on the weekend
쟤네 party는 너무 지루해
Got no flav, 모두 비슷해
Like a flat coke, 너무 김새
Yeah, I'm poppin' out on the weekend, mm
쟤네 party는 너무 지루해, yeah, yeah
Got no flav, 모두 비슷해, yeah
Like a flat coke, 너무 김새

[Outro: pH-1]
Let me see you go
Step right, step left
And then put a little spin on it
Step right, step left
And then put a little spin on it
Like ayy, ayy, ayy
Uh-huh
Just like ayy, ayy, ayy","","","","",""
"BAKA (Feat. CHANMINA)","pH-1","43WXvU5sfCdTjAaNCqwRLT","[pH-1 ""BAKA"" ft. 챤미나 가사]
[pH-1「BAKA」ft. ちゃんみな 歌詞]

[Chorus: pH-1]
Last night I was turnt up (Turnt up)
Off Hibiki
Out in Tokyo, I'm burnin’ up (Yeah)
Yeah, they love me
Money stupid like a BAKA (BAKA-ah; Ayy)
내가 지은 미소는 단지 너의 착각
멀리 서있어, 걍 벌 서있어 (Woo)
Last night I was turnt up (Turnt up)
Off Hibiki
Out in Tokyo, I'm burnin' up (Yeah)
Yeah, they love me
Money stupid like a BAKA (BAKA-ah; Ayy)
내가 지은 미소는 단지 너의 착각
멀리 서있어, 걍 벌 서있어 (Ayy)

[Verse 1: pH-1]
Who’s in Tokyo? Hit up my line
Come say konichiwa if you kawai
'Cause I need to find me a Japanese wife
Just like Mario jump on the pipe (Ayy)
시부야를 걸어 난 돌을 걸치고 (Um)
걷다가 보면은 사진을 찍어
I feel the panic kickin' in (Woo)
I feel the Xannies kickin' in, yeah
'Cause I done seen too much (Too much)
I don't miss, I swish, 알잖아
If you a lame, bet you know we ain't linkin' (Ayy)
Diamonds be dancing, I caught your ass blinkin’ (Ayy)
너넨 뒷짐하고 뱉어 헛기침( Cough, cough)
관심 없어 competition
No F given like an easy teacher
P and H, 그녀의 몸 안에 새겨

[Chorus: pH-1]
Last night I was turnt up (Turnt up)
Off Hibiki
Out in Tokyo, I’m burnin' up (Yeah)
Yeah, thеy love me
Money stupid likе a BAKA (BAKA-ah; Ayy)
내가 지은 미소는 단지 너의 착각
멀리 서있어, 걍 벌 서있어 (Woo)
Last night I was turnt up (Turnt up)
Off Hibiki
Out in Tokyo, I’m burnin' up (Yeah)
Yeah, they love me
Money stupid like a BAKA (BAKA-ah; Ayy)
내가 지은 미소는 단지 너의 착각
멀리 서있어, 걍 벌 서있어 (Ayy)

[Verse 2: CHANMINA]
We so sweet and kawaii but
조심해라 watch out
You don't get it, we lie
그냥 웃어주는거야
환상갖지마 like a AV
If you want to be a stupid
I'm effective more than sake
Let me show you おもてなし
Yen은 많이 내려갔지만 (キラキラキラ)
CEO, mom, producer (아이고 바쁘당)
남편 매일 현관까지 바래주고 (行ってらっしゃい)
I’m a sweet Japanese wife
My husband is so luckiest-er

[Chorus: pH-1, CHANMINA]
Last night I was turnt up (Turnt up; Turnt up)
Off Hibiki
Out in Tokyo, I'm burnin' up (Yeah: Burnin' up)
Yeah, they love me
Money stupid like a BAKA (BAKA-ah; Ayy)
내가 지은 미소는 단지 너의 착각
멀리 서있어, 걍 벌 서있어 (Woo)
Last night I was turnt up (Turnt up)
Off Hibiki
Out in Tokyo, I'm burnin' up (Yeah)
Yeah, they love me
Money stupid like a BAKA (BAKA-ah; Ayy)
내가 지은 미소는 단지 너의 착각
멀리 서있어, 걍 벌 서있어 (Ayy)","102.013","0.584","0.795","-8.601","0.8490000000000001"
"YUPPIE TING (Feat. Blase)","pH-1","0xR7hKYvGPdVoZOjGPkUEo","[pH-1 ""YUPPIE TING"" ft. 블라세 가사]

[Verse 1]
Louis V all on my body
살짝 내려 입은 바지
She like the way I move in the city
건물들이 작아 보이는 이 자리
꼭대기 with a rooftop
미슐랭 가이드 식사를 나눈 다음
한강 따라 we go driving
프라이빗하게 우리 둘만
She fell in love with the lifestyle of a popstar
그녀는 이미 중독된 것 같아
반짝이는 것들을 향해
날개 펴고 날아가는 불나방처럼
초록 빛이 도는 너의 두 눈이 아직 낯설어
너도 모르는 사이에 이미 딴사람
And I got a feeling that this'll be the last of us

[Pre-Chorus]
Big whips, big rings
Addicted to the pleasure that
The money could bring
Big whips, big rings
Addicted to the pleasure that
The money could bring

[Chorus]
She gone do whatever she need to be young and rich
Ain't no love for her, she wanna be a yuppie ting
She gone do whatever she need to bе young and rich
Ain't no love for her, she wanna bе a yuppie ting
She gone do whatever she need to be young and rich
Ain't no love for her, she wanna be a yuppie ting
She gone do whatever she need to be young and rich
Ain't no love for her, she wanna be a yuppie ting

[Verse 2]
내가 거지였을 때
너는 쥐여줬지
만 원짜리 열 개
허나 자신 없었지
미래가 없기에
But I gotta popin'
아득했지만
더 몰려왔지 내게 new wave
작업자들의 callin'
이때 다 싶었으니
또 전진 난 멀리
더 멀리만 왔지
변해만 가는 널 무시한 채로
때때론
돌아 보기도 했네
그 십만 원이 날 붙잡았기에
Too late

[Pre-Chorus]
Big whips, big rings
Addicted to the pleasure that
The money could bring
Big whips, big rings
Addicted to the pleasure that
The money could bring

[Chorus]
She gone do whatever she need to be young and rich
(올라왔더니)
Ain't no love for her, she wanna be a yuppie ting
(원하지 앞에 있는 bag)
She gone do whatever she need to be young and rich
(Wanna go back)
Ain't no love for her, she wanna be a yuppie ting
(Wanna love)
She gone do whatever she need to be young and rich
(Prada, Gucci 가 니 머릿속)
Ain't no love for her, she wanna be a yuppie ting
(이제 내가 놓을게 쥐어진 손은)
She gone do whatever she need to be young and rich
(그 순수했던 지난날을)
Ain't no love for her, she wanna be a yuppie ting
(더 깊은 곳에 가둬둘래)","","","","",""
"+82 (Prod. Dynamicduo, THAMA)","Paloalto","2fDv60k440Zif7SzI6jXUw","[팔로알토 ""+82"" ft. DJ Wegun, 릴보이, 저스디스, 다이나믹듀오, 기리보이 가사]

[Verse 1]
내가 어디 있건 뿌리는 당연히 82번
지켜, 의심받을 때도 믿어, 역힙꼰
역사의 산증인 겪었던 홍대와 신촌
Real talk, 알아들을 사람들은 알아듣지
쇼미가 등장하기 전에도 respectable
뱉어놓은 말을 다 지키진 못했어도
Stay strong, 그게 바로 기술이라고
그리고 플러스 이건 정말 진심이라고
난 싱랩 계의 갓 파더
난 나의 길을 걸었지만 그 눈길은 너무 차가워
이건 돈을 보는 경기 힙합 사파전
우린 한길만을 봤으니 눈알이 나빠져
비수기엔 방에 갇혀있지 감옥
팔십사평 집에 박혀 있어 나 혼자서 살어
마당문을 열면 다시 경주 시작 나는 racer
I move like a truck 내 어깨에 짐은 에잇톤

[Chorus]
Oh 여전히 훈민정음 드리블링
팔십이번 ball 을 이젠 전 세계로 쏘아 올리네
낡은 지갑 속엔 한국사가
세종대왕부터 신사임당
누군가 바통을 받아
History in a making
한 발짝만 나와 unsung hero

[Verse 2]
1999년 힙합 더 바이브
때와는 다른 쇼미더머니의 등장으로
쩐이 굴러와, 한국힙합
기존 리스너들과 래퍼들
다수가 나 포함 보이콧을 했고
대중들은 돈을 냈어
자본의 tides, 잠기거나 헤엄
준비된 자들 그 위에서 surfing
넌 뭘 하고 싶니
남이 잘 되는 꼴 괜히 밉지
Gotta do you and I'mma do me

[Verse 3]
I'ma do me 나 깔아놓은
길 따라 홍대부터 신촌
까지 rollin'
홀에서 geek
이제는 불구덩이
세상은 변해 거꾸로
난 머리위로 번지
쌓아둔 것들 아낌 없이 나누지
친구들에게 있어 난 여전히 공을 쏘는 난쟁이
From eighty two
And im ready
손목에 그려내 머릿속의 청사진
You know its halftime

[Chorus]
Oh 여전히 훈민정음 드리블링
여든둘 번 ball을 이젠 전 세계로 쏘아 올리네
낡은 지갑 속엔 한국사가
세종대왕부터 신사임당
누군가 바통을 받아
History in a making
한 발짝만 나와 unsung hero

[Bridge]
우린 온통 땀 범벅 rhyme 범벅
십년을 drop the bomb, bam, bam
갈 길 몰라 앞이 컴컴 하던 무대 위에 조명이 번쩍
우린 온통 땀 범벅 rhyme 범벅
십년을 drop the bam, bam
이젠 온 세상이 듣고 싶어
하는 이야기 땀 흘린 모두 thumbs up

[Chorus]
Oh 여전히 훈민정음 드리블링
여든둘 번 ball 을 이젠 전 세계로 쏘아 올리네
낡은 지갑 속엔 한국사가
세종대왕부터 신사임당
누군가 바통을 받아
History in a making
한 발짝만 나와 unsung hero","","","","",""
"Good Times (feat. Babylon)","Paloalto","550rFuoksrby9JcjjwyMGj","[Verse 1: Paloalto]
우린 대축제
악마의 편집이 아니고 이건 생중계
다물어 환호 소리빼고, W-A-C-K
그게 때론 내가 될 순 있지만 지금은 아냐
내가 rap을 뱉을 땐, I make'em say, yeah
온도를 올려
올라갈수록 사무실에서 내 출연료를 올려
난 떠올려, JK형에게 다시 한번 더 표하는 존경
돌아보면 다 아름다운 추억이었지, 모두 남김없이
누굴 미워하며 그가 무너지길 바라는 마음은
내가 보기엔 결국 낭비같지
맥주 병을 따, 싫다면 다른 잔 위로
놈팽이처럼 맨날 이러는건 아니고
이 좋은 기분을 당신과 나는 나누고파
높아, 내 얼굴 봐, 난 아래는 못봐

[Chorus: Paloalto]
자, 건배, 다 원샷, 난 Jose, 넌 Vodka
술 못해? lemonade? 아님 칵테일? 그럼 콜라?
때론 Moet, 기분 좋은 날, 온몸에 흥이 돋아
자, 건배, 다 원샷, 약속해, 또 봐
세상은 digital, 때로는 analog
세상은 요지경, 마치 cameleon
각자 위치로 답, only heaven knows
난 복잡한 건 질색이야, 이제 더이상

[Verse 2: Paloalto]
입는 옷, 내 일상 뱉는 말
괴리감 없어 내 음악
누가 말해, ""좀 튈 필요있어""
난 나의 멋을 지키고싶어
존중 할 수 있어, 너와 나의 다름점
희생 할 순 없어, 내가 가진 가능성
난 계속해서 큰 원을 만들어
시작은 작은 점 이었지만 자꾸 커
열정이 넘쳐, 우린 뜨거운 사랑을 해
근데 돈 땜에 안 불러 거짓 사랑 노래
이런 노래 계속 해도 날 사랑해줄래?
누가 뭐라 해도 난 계속 할건데

[Chorus: Paloalto]
자, 건배, 다 원샷, 난 Jose, 넌 Vodka
술 못해? lemonade? 아님 칵테일? 그럼 콜라?
때론 Moet, 기분 좋은 날, 온몸에 흥이 돋아
자, 건배, 다 원샷, 약속해, 또 봐
세상은 digital, 때로는 analog
세상은 요지경, 마치 cameleon
각자 위치로 답, only heaven knows
난 복잡한 건 질색이야, 이제 더이상

[Verse 3: Babylon]
Such a good time, living the good life
우리 삶을 위해 들어봐 준비된 술잔
즐거운 이 순간 뻗어봐 두 팔
아래 아닌 저기 하늘 위로 더 위로
세상은 digital, 때로는 analog
세상은 요지경, 마치 cameleon
각자 위치로 답, only heaven knows
난 복잡한 건 질색이야, 이제 더이상

[Chorus: Paloalto & Babylon]
자, 건배, 다 원샷, 난 Jose, 넌 Vodka (yeah)
술 못해? lemonade? 아님 칵테일? 그럼 콜라? (yeah, yeah)
때론 Moet, 기분 좋은 날, 온몸에 흥이 돋아
자, 건배, 다 원샷, 약속해, 또 봐 (yeah, yeah, yeah)","117.993","0.794","0.792","-4.414","0.684"
"My City","Paloalto","7nGOGfovEWW77dXYve2X0n","[Verse 1: Okasian]
Seoul, 내 꿈이 이뤄지는 곳
내 가족과 친구들 다 숨쉬는 곳
나 죽지않았다면 내가 살아가는 곳
나 태어나진 않았지만 죽으면 묻히는 곳
이 곳이 서울부터 부산 끝 쪽
태평양 바다 건너서 New York까지
가지 난 with my music
난 비싼 옷은 안 입지만
Go hard, make my city proud
And I don't need single chain
To stand out, 맨발로 난 앞서던 몇보다 맨앞
Know my worth, so pay me right
Know my cards, I play it right
Know my words
The whole city fuck with me, you pen-pal
Ha, 한강처럼 flow
Work, work, work, work and 남산처럼 glow
돌직구도 받아내는 포수
그 돌 받아 성 쌓아 네게 복수

[Verse 2: Paloalto]
Seoul, 나의 꿈이 이뤄지는 곳
내 본토, 사람과 사람 이어주는 곳
자꾸 synergy를 키워, 혼자 살려하지 않고
넌 부끄럽겠지만 내겐 자랑스런 한국
참 못났던 내가 여기서 커갔어
넌 빠져 불평만 하며
나를 불편하게 만들 거라면
목소리 큰 사람이 이긴다고 해
Ha, 그런이들에겐 서울의 삶은 감옥행
노예가 아니니까 주인은 바로 나야
내가 대표하는 도시, 아니라면 さよなら
만약 인정 못해도 난 인정 받고 인정 많아
난 내 이름을 걸어 내세우지, 익명 아냐
뜨겁게 살아가고 마음 다 해 사랑하길
때로는 방황하고 결국엔 살만하길
두발로 서서 보이지 않는 저 바다 건너까지
내 존재를 알리게 마음 활짝 열어

[Verse 3: B-Free]
A-yo, it's B-Free
Tell the haters I am back, boy
Young Shaquil o'Neal
I'm 'bout to break the backboard
And I don't shop at thrift shops like MacKlemore
I'ma buy fly jordans and then buy go some more
I came from the bottom, 이 느낌이 뭔지 알아?
When I came back, I had nothing but sixty dollars
살아남기위해 바닥부터 기었어
노가다부터 이제 절대 안 써도 되는 이력서
LG 광고는 아니지만 man, life is good
남들은 경쟁에 지쳐 떠나, 마치 Iverson
한국이 경제 뿐만 아닌 문화 선진국
될 때까지 류현진처럼 rap으로 돌직구
성공을 위해 떠난 고향, 그리운 교포들
또 그들을 그리워하는 수많은 형제와 부모들
Things will be better whenever
You wanna come back home
서울, 너의 꿈도 이뤄지는곳, yeah","87.89","0.726","0.627","-5.279","0.367"
"Drought (feat. Beenzino)","Paloalto","5sdMlAnUV122pmtECbvJse","[Verse 1: Paloalto]
끊지못한 담배 또 한대 펴
'만족'이라는 녀석과 나는 반대편
축 쳐진 어깨 뒤로 늘어진 어제의
무기력함이 날 어지럽게해
센 척하던 자존심
이 빌어먹을 자본주의속에서
구걸하듯이 추하게 살아남던지
도망치듯 자취를 감추던가
삶의 엇박자 속에서 장단을 맞추던가
선택은 항상 나의 주위를 맴돌아
매순간 갈림길에서 나를 제촉하네
걸음이 느린 내 등을 미는 듯해
둥글게 살고싶었지만 함께 물드네
살아야한다, 이 정도는 참아야 남자
나약함이란 악마뒤를 따라가 봤자
무엇하나 남지않는 장사
속으로 외친다, '괜히 팔자를 탓 마'

[Chorus: Beenzino & Paloalto]
용기를 내고 숨을 내셔
이 뜨거운 땀이 널 위로해
널 위로해
절대로 쉽게 무너지지마
탁한 공기에 뒤섞이지마
용기를 내고 숨을 내셔
이 뜨거운 땀이 널 위로해
널 위로해
절대로 쉽게 무너지지마
탁한 공기에 뒤섞이지마

[Verse 2: Beenzino]
우주 안에 지구, 지구 안에 한국
한국의 서울, 그 안에 사는 나
저 구름의 눈에 난 얼마나 작은가?
또 나보다 작은 뇌로는 이해가 불가능한
만족감, 어떤이는 쉽게 자만해
그 사람의 포부는 딱 자기 차만해
그 차 안에 탔던 여자 애들이 말하길
행복이란 건 2주마다 하는 파마래
간단하다는게 나쁘다곤 안해
허나 다시 고민해보자, 낮보다는 밤에
과연 내 가슴이 뛰는가
아니면 내가 이 game에서 지는건가?
적당히란 말이 입에 묻어나올 땐
이 바닥의 바닥 아래 내가 묻어갈 때야
나태한 밤을 피해, 이 글을 써
게으른 내 친구들아, 내 말을 들어줘

[Chorus: Beenzino & Paloalto]
용기를 내고 숨을 내셔
이 뜨거운 땀이 널 위로해
널 위로해
(절대로 쉽게 무너지지마
탁한 공기에 뒤섞이지마)
용기를 내고 숨을 내셔
이 뜨거운 땀이 널 위로해
널 위로해

[Verse 3: Paloalto]
망가진 마음, 슬픔에 익숙해졌고
이제는 달라진 나
우유부단해진 판단력 땜에 갈팡질팡
열정의 가뭄, 목마름, 결국엔 갈라진 땅
못할 거 없다는 자신감, 그건 자만일까?
나만의 착각일까?
어두운 창작의 밤을 더 까맣게 칠했고
상황은 나빠진다
술취한 망나니같이 심박수가 빨라진다
침착해, 속단하진 마
모든 건 때가 있는 법
위험한 도박판에 어리석게 매달리는건
내 방식이 아냐, 왜 이리 잿밥에 관심이 많아
증오란 덫에 걸려 괜히 다치지말아
외로운 싸움, 누구 아닌 내 귀에 내가 외치는 말
닳아버린 믿음은 배신의 칼처럼 등 뒤에서 위협해
스스로 헤치진 마, 다시 오른손에 굳게 쥐는 mic

[Chorus: Beenzino & Paloalto]
용기를 내고 숨을 내셔
이 뜨거운 땀이 널 위로해
널 위로해
(절대로 쉽게 무너지지마
탁한 공기에 뒤섞이지마)
용기를 내고 숨을 내셔
이 뜨거운 땀이 널 위로해
널 위로해
(절대로 쉽게 무너지지마
탁한 공기에 뒤섞이지마)","132.023","0.8420000000000001","0.657","-7.681","0.353"
"Shelter (feat. ZENE THE ZILLA, Sway D, SUPERBEE)","Paloalto","2jhMy7miHD7EMXJb937xvd","[Intro]
It's from Lnb

[Verse 1: Zene the Zilla]
Zene the Zilla! Ha-ha-ha!
Yo, Zene놈은 양산 하나 없던 채로 시작해서
결국에는 삼성 울려, 베테랑 P 형께서
말했잖어, 삼봉이는 성공에게 피랍돼서
이제 난 그늘 아래 누워 즐기는 중이란 말씀, uh
힙합엘이 국내게시판 태풍 님에게 박수, uh
나무 밑에서 놀다가 나무 위로 수직 상승, uh
바짝 쫓아 꿈꾸던 것들 이루는 데까지 단숨, uh
Pay or fame or fam 아니면 말도 마, ZILLA는 단순, uh
누가 뭘 어쩌고 어디가 저쩌고
아는 척 쩔었고 새끼들 오지랖 넓어 넘
삼성은 떨었고 나는 돈 벌어 또
난 걍 그늘 아래 집 하나 짓고 친구들이랑 살려고
(It's Young Thugs, baby)

[Bridge: Sway D]
내 얘기는 산으로
Palo 형 서울 숲으로
Zilla 초록 금고 안에, SUPERBEE는 꿀 빨러
은은한 태양광선
시원한 나의 감성
산들산들 하늘 바람 부는 Hurricane

[Chorus: Sway D, Paloalto]
(식혀, 식혀) 열
(식혀, 식혀) 받기 싫어
(식혀, 식혀) 뜨거워
(식혀, 식혀) 너무 더워
(Hot, hot, hot) 스크류바, okay
산들산들 하늘 바람 부는 Hurricane

[Verse 2: Paloalto]
Yuh, 우리 집엔 강아지 셋
그리고 차 두 대 날벼락 세금
피곤할 땐 거실에 LaZBoy에 누우면 만사 okay
아내가 그래 돈 아끼재
쓸데없는 지출 돈 아깝대
국힙 인기 끌었지 몇 년째
업계는 조금씩 걱정을 해
Fuck it, 난 만들고 만드는 중이고
나이가 들수록 날라가 더 위로
나잇값 하면서 즐기는 삼십 줄
내게는 삶이지 유행은 꺾여도
Rapper들 싸잡아 폄하를 당하지, ayy
남들의 허점은 까긴 쉽네
난 그냥 동생들 만나서 rap
능라도에서 한 그릇 해
싸움 멈추고 돈을 벌러
그 돈이 모이면 쇼핑몰로
경치 좋은 곳으로 우린 놀러
다녀와서 또 일을 벌려
그걸 반복하면 남게 돼 전설로
안 떨어져 비트코인처럼
열을 식히려고 그늘에 누우면
무엇을 할지 다음이 그려져

[Chorus: Sway D, Paloalto]
(식혀, 식혀) 열
(식혀, 식혀) 받기 싫어
(식혀, 식혀) 뜨거워
(식혀, 식혀) 너무 더워
(Hot, hot, hot) 스크류바, okay
산들산들 하늘 바람 부는 Hurricane

[Verse 3: SUPERBEE]
가만히 앉아서 쉬어도 연승
당구가 내 관심사라네 요즘
이건 어쩌구, 저건 저쩌구
수많은 요구, 난 하지 욕을
중지를 올려, 자신감 쩔구
신은 불평등, 왜 나만 천국
2018년 featuring 1호
다 나를 끼워, follow the leader, uh, yuh
파라솔 피고, uh, yuh
담배도 피우고, uh, yuh
내일모레는 일본, uh, yuh
좋은 삶이죠, uh, yuh
난 하지 시도, umm
난 안 봐 뒤는, umm
그림자 분신술
벌자 나뭇잎을, hoo
Hennessy를 마시고 fucked up
I'm a hot mo'fucker 여름에 점퍼
I can go anywhere jumper
넌 너무 말이 많아, too much talker
입 닥쳐 you motherfucker
아니면 your mother a twerker
미래에서 왔어, 난 Trunks
거기서도 넌 망해 Papoose

[Bridge: Sway D]
내 얘기는 산으로
Palo 형 서울 숲으로
Zilla 초록 금고 안에, SUPERBEE는 꿀 빨러
은은한 태양광선
시원한 나의 감성
산들산들 하늘 바람 부는 Hurricane

[Chorus: Sway D, Paloalto]
(식혀, 식혀) 열
(식혀, 식혀) 받기 싫어
(식혀, 식혀) 뜨거워
(식혀, 식혀) 너무 더워
(Hot, hot, hot) 스크류바, okay
산들산들 하늘 바람 부는 Hurricane","173.876","0.892","0.435","-2.763","0.168"
"Rapflicks","Paloalto","27LFgFg5vFUe35bpgvVYzF","Korean

[G2]
I got clouds on my feet
The way I ride with the beat
내 기분처럼 올라가는
나의 값어치
더 뜨기 전에 미리 찍어둬

[Paloalto]
쇼미 열기는 결국
식어도 출근해, studio에서
우린 전설을 만들고

[Huckleberry P]
만든 걸 밖으로 퍼 나르고
변화를 바란 이들의 입에
매일 오르내려, 잘 알아둬
Hi-Lite, 레게머리 하나
두 개의 타마고

[G2]
Imma go harder than
Any motherfucker
That ever did it, 우리 식구끼리
We gon’ get it, get it

[Paloalto]
시시비비, 2위, 1위, 무슨 의미
돈 버는 새끼들은 따로 있지

[Huckleberry P]
So 보이는 대로 믿지 마, TV
솔직한 척하는 애들
대부분이 기믹, 흉내쟁이들
잡아내는 게 바로 우리 취미
우리 무대를 보고 나면 풀려
다리에 힘이, 오줌 지림
전기 찌릿, 식구끼리
We gon' get it

[Paloalto]
알아서 잘 먹어, 각자의 영역
만들어가는 것은 각자의 노력

[G2]
하나만 노려, y’all talk
That bullshit, 난 숫자로 번역
공통의 언어, talk numbers
한번 사는 인생 화려하게 빛낼래
흉내 내는 가짜들은
They gon' do it for the 'Gram
나의 20대 지나기 전에 millionaire
어떻게든 이뤄내

[Hook - Paloalto]
찍어둬, 그래
방송에서 봤어, 반갑다고
분신 공연 이름 들어봤다고
유행 따라서
잘 몰라도 일단 아는 척
아는 척해, 사진 찍어
찍어둬, 그래
방송에서 봤어, 반갑다고
분신 공연 이름 들어봤다고
유행 따라서
잘 몰라도 일단 아는 척
아는 척해, 사진 찍어

[Huckleberry P]
Yo, 유행이 전부인
세상 한가운데를 걸어가는
내 신발은 니들 시야에서 자유로워
올라가는 건 느리고 내려가는 건
겁나게 빠른 그놈의
유명세는 마치 자이로드롭
그런 것들에 쉽게
휘둘리지 않는 내 고집
멘탈의 두께는 거의 콘크리트
니 타자질은 거기에다
대고 하는 톱질

[G2]
Yo bitch is takin’ flicks of me
And my whole clique
나를 싫어해도 너흰
궁금해하지, 나의 소식
욕질 실컷 하고 마주치면 또 소심
너넨 말보다 emojis
평생 현실 도피

[Paloalto]
너네 도피할 때 나는 여기저기
그래, 어찌 보면 나는 적이 없지
헛소문 Wi-Fi 타고 돌지
어그로 끌 때 비행기
차 타고 돌지
연을 다 끊었지, 바보 같은 새끼
야욕 땜에 노선 바꾼 새끼
거품 인기 다 결국 식지
길거리에서 만나면

[Hook]
찍어둬, 그래
방송에서 봤어, 반갑다고
분신 공연 이름 들어봤다고
유행 따라서
잘 몰라도 일단 아는 척
아는 척해, 사진 찍어
찍어둬, 그래
방송에서 봤어, 반갑다고
분신 공연 이름 들어봤다고
유행 따라서
잘 몰라도 일단 아는 척
아는 척해, 사진 찍어

Romanization

[G2]
I got clowns on my beat
The way I ride with the beatnik
Nae gibuncheoleom ollaganeun naui gabs-eochi
Deo tteugijeon-e mili jjig-eodwo

[Paloalto]
Syomi yeolgineun gyeolgug sig-eodo chulgeunhae
Seutyudio-eseo ulin jeonseol-eul mandeulgo

[Huckleberry P]
Mandeun geol bakk-eulo peonaleugo
Byeonhwaleul balan nideul-ui ib-e
Maeil oleunaelijanh-a
Nado Hilite lege meoli
Hana dugae time i go

[G2]
Ima go harder than
Any motherfucker that ever did it
Laebpeodeul-i uli siggukkili
We gon' get it get it

[Paloalto]
Sisibibi 1wi 2wi museun uimi
Don beoneun saekkideul-eun ttalo issji

[Huckleberry P]
Sseoboineun delo midjima
TV soljighaji anh-eun aedeul
Daebubun-i gimmick
Hyungnaejaeng-i jab-anaeneun ge balo uli chwimi
Uli mudaeleul bogo namyeon pullyeo dalie him-i
Ojum jilim jeongi jjilis
Siggukkili We gon' get it ha

[Paloalto]
Al-aseo jal meog-eo
Gagjaui yeong-yeog
Mandeul-eo ganeun geos-eun
Gagjaui nolyeog

[G2]
Hanaman nolyeo
Y'all talk that bullshit nan susjalo beon-yeog
Gongtong-ui eon-eo chuck numbers
Hanbeon saneun insaeng
Hwalyeohage bichnaellae
Hyungnaenaeneun gajjadeul-eun dwaessgo
They gon' do it for the gram
Naui isibdae jinagi jeon-e
MKIT lit eotteohgedeun ilwonae

[Hook]
Jjig-eodwo
Geulae bangsong-eseo bwass-eo bangabdago
Bunsingong-yeon ileum deul-eo bwassdago
Yuhaengttalaseo jal mollado
Ildan aneun cheog (light camera action)
Aneun cheoghae sajin jjig-eo

Jjig-eodwo
Geulae bangsong-eseo bwass-eo bangabdago
Bunsingong-yeon ileum deul-eo bwassdago
Yuhaengttalaseo jal mollado
Ildan aneun cheog
Aneun cheoghae sajin jjig-eo

[Huckleberry P]
Yo yuhaeng-i jeonbu-in sesang
Hangaunde geol-eoganeun nae sinbal-eun
Nideul siya-eseo jayulowo
Ollaganeun geon neuligo naelyeoganeun geon
Geobnage ppaleun geunom-ui yumyeongseneun
Machi jailodeulob
Geuleongeosdeul-e swibge
Hwidulliji anhneun nae gojib
Mental-ui dukkeneun geoui konkeuliteu
Ni tajajil-eun geogieda daego haneun tobjil

[G2]
Yo bitch is takin' flix
Of me and my whole clique
Naleul silh-eohaedo neohuin
Gung-geumhae haji naui sosig
Yogjil silkeos hago majuchimyeon tto sosim
Neonen mahora emojies
Pyeongsaeng hyeonsil dopi

[Paloalto]
Neone dopihal ttae naneun yeogijeogi
Geulae eojji bomyeon naneun jeog-i eobsji
Heos-somun waipai tago dolji eogeulo
Geuttae bihaeng-gi, cha tago dolji
Yeon-eul da kkeunh-eossji babogat-eun saekki
Ya yog ttaemun-e noseon bakkun saekki
Geopum ingi da gyeolgug sigji

[Hook]
Gilgeolieseo mannamyeon jjig-eodwo
Geulae bangsong-eseo bwass-eo bangabdago
Bunsingong-yeon ileum deul-eo bwassdago
Yuhaengttalaseo jal mollado
Ildan aneun cheog (light camera action)
Aneun cheoghae sajin jjig-eo

Jjig-eodwo
Geulae bangsong-eseo bwass-eo bangabdago
Bunsingong-yeon ileum deul-eo bwassdago
Yuhaengttalaseo jal mollado
Ildan aneun cheog
Aneun cheoghae sajin jjig-eo yeah","","","","",""
"Hi-Lite Sign (Prod. by Yosi)","Paloalto","6TKO3rF2JkFCLQCqRpTxRy","[Verse 1: Paloalto]
대체 넌 몇 년도에 살아, yah
대체 너가 뭘 알기는 알아, yah
정말 Hi-Lite을 사랑하긴 하냐, yah
정말 행복을 바라기는 하냐, whoo
우리 공연 와봤으면 말을 말아 쉐꺄
우리처럼 살아보지 않았잖아 쉐꺄
우리 보러 뭐라 뭐라 하지 마라 쉐꺄
우리 잘나가지 니네 예상보다 쉐꺄
쉐꺄 악플을 달아 더 많이
무관심보다 훨 낫지 차라리
그리고 그게 돈이 된다는 걸 이제 알지
그래서 일부러 건드는 거야, 간질간질
팬들은 상처받지마, 즐겨봐
우리 하는 모든 것은 멋진 거야, 느껴봐
모른다면 니가 감이 없는거야, 븅딱아
가망 없는 너희 사람 취급 못 해 난
아야, 뼈 때려, 뼈 때려, 현피는 no
근데 늘 이기는 게 현실이고
어떻게 더 잘하지 나이 먹어서
멍청한 소리 말아, class는 영원
모른다면 배워봐 '역힙꼰'
내 사진이나 영상에 그걸 붙여
뜻이 궁금하면 DM을 전송
성공 뒤에 성공 또 성공

[Hook: Paloalto, Paloalto & Swervy]
엄지, 검지 그리고 새끼 들어봐
아니면 나쁜 쉐끼
번쩍 들어 Hi-Lite sign
어이없게 잘나가
번쩍 들어 Hi-Lite sign
번쩍 들어 Hi-Lite sign
뭔 말인지 알겠냐, 가나다라마바사

[Verse 2: Swervy]
Hi-Lite, Hi-Lite, H-I-L-ite
My life so bright like fye
Hi-Lite, Hi-Lite, Hi-Lite 부럽지
난 오빠들이 너무 많아 족보 박살
Define impact 어떻게 내면 될까
Cash or credit, street cred은 받아줄까 니가
You and your incest love
니 입에서 나오는 오답이 내 귀까지 들릴 리가
난 너의 주 위 그 주의 주위 분이
낳은 주변의 사람도 아니고 난 단지
토끼 눈을 사칭하는 새끼들까지
예쁘게 봐줄 분은 전혀 못된단 얘기지
아니, 니가 왜 날 보고 pussy래
기생오라비년들은 전부 다 내 접시에
지구 반 바퀼 돌아봐도 이래
아니, 이건 뭐래?
예쁘긴 한데 난 걍 다시 돈으로 받을게
Ay, miss, miss, I'm a misfit
I take cashes not kisses
Front this bitch
Where the fuck is your gear?
Smooching I hear, that's my diss kiss
I hold 'em like the poker Texas felt it
I'm no joker and your bitch right
Next your shoulder
I'ma love it like McDonald's
You go quit it like I'm in it
I'm the minister of bitches
Swervy's online and she's about
To slaughter million bitches

[Verse 3: Jowonu]
Yeah, I live today
There's no tomorrow
나의 현재를 살아 그게 모토라서
못 돌아서 가지 여긴 2019
7년 전에 정차해, 니 차는 낡은 Pride지
그니까 니 feedback엔 없는 confidence
Back in 호랑이 담배 피우던 시절
얘기를 꺼내다 와, 누가 뭐래도 우린 전성기
Hi-Lite and Dingo 깔려 멍석이
멀쩡히 잘 하고 있는 우린
왕좌에 앉을 준비가 끝났어 아웅다웅
하는 게시판 의견에 침을 칵
왜 똥을 거기 싸, 화장실에 일을 봐
식은땀 줄줄 흘러 마치 분수
내 접근은 순수해, 많아 보여 푼수 끼
You suck it, 빨아 재껴 옛날 것만
고개 푹 숙인 넌 못 떨어 건방
다 내가 이뤘지, 계약서까지
인터넷 hater의 손가락은 개얍삽하지
줏대 없는 새끼들 매한가지
Kill that shit, 이거 대학살 간지
현실을 회피하는 병신들 많아
정신들 차려, 씨발, 현재를 살아
누가 답 내려주지 않아
절대로 난 네게 배려해주지 않아

[Hook: Paloalto, Paloalto & Swervy]
엄지, 검지 그리고 새끼 들어봐
아니면 나쁜 쉐끼
번쩍 들어 Hi-Lite sign
어이없게 잘나가
번쩍 들어 Hi-Lite sign
번쩍 들어 Hi-Lite sign
뭔 말인지 알겠냐, 가나다라마바사

[Verse 4: Huckleberry P]
Rest in peace 예전 Hi-Lite
자, 이제 다 기억 속에 묻어
그 시절이 그리운 분들은
그냥 꾸준하게 푸념이나 읊어
걔네들의 예상을 비웃기라도 하듯
점점 커져가는 회사 규모
그러니 너희가 아무리
함부로 어그로 끌어봤자
우리에겐 그저 유머
지금은 2019년 새로운 피를 수혈
너흰 화석이 될 운명 악취를 풍겨
우린 코를 감싸 쥐고 구경
Palo 형은 선수 겸 구단주
옆에는 두 명의 젊은 유망주
나는 새로운 legend verse 추가 중
그럼 넌 그냥 우리들의 술안주, haha
Hi-Lite은 현재진행형
올해에도 계속되는 매진행렬
""아이고, 어떻게 지내 형?""
보여줘야 되냐 내 통장내역?
팩트로 때려 볼까
너희가 빠는 래퍼들은 악스홀에 못 가
아, 이제 나도 못 가
농담이 아니라 이제 거긴 내게 너무 좁아","","","","",""
"Matiz","Paloalto","6Sxfog5l93bWLXgmFbZiLz","[Verse 1]
차에 시동을 걸 때면 늘 설레었어
반가운 누군가를 만나는 게 설레어서
좋은 음악 iPod 안에 꽉 채워서
그 작은 차 안에서 크게 틀면 부러울 게 없어
내겐 Skids 아닌 하얀 Bumblebee
큰 사고도 몇 번을 견뎠지, 묻곤 했어, 몇년식?
03년? 04년? 아, 몰라, 어쨌든
운전할 때 기분 좋아, 평소보다 몇 배는
여러 사람들이 옆자리에 탔었는데
많은 사랑과 우정이 함께 합석을 했지
여름에 Matiz로 부산 갔었는데
나 포함 다섯 명이 탔어, 그때 빡셌는데
아직도 친구들과 그때 얘기하며 웃지
이제 와 생각하면 그 차 정말 가벼웠지
한남대교 건널 때면 휘청거렸던걸
떠올리면 찾게 돼, 잃어버렸던 기억

[Hook]
We rollin’, we ride
Keep rollin’ and chill out
작은 바퀴, 색은 하얀색
친구랑 같이 우린 달렸지

[Verse 2]
차에 기스 나면 걱정하곤 했던 수리비
주머니 가벼울 땐 부담됐던 유지비
뚜벅이 친구들이 좋아하며 얻어탄
9275 초록색 번호판
한강공원 자주 가곤 했어
도시의 밤은 날 설레게 했고 달콤했어
바람 쐬러 갔다 오고 나면 따분했던
마음 다시 차분해져, 주차장에 차를 댔어
도로 위엔 내가 몰고 싶어 했던 dream cars
개화산 친구들과 듣곤 했던 Biggie, Pac
나는 과연 어디까지 갈 수 있을까?
자신과의 싸움에서 얼마만큼 이길까?
20대의 반을 함께했던 하얀 색깔 Matiz
참 부지런히 여기저길 돌아다녔지
문에 슬쩍 걸친 왼팔, 핸들은 오른손
파란불엔 직진, 시간이 지난 오늘도

[Hook]
We rollin’, we ride
Keep rollin’ and chill out
작은 바퀴, 색은 하얀색
친구랑 같이 우린 달렸지

[Outro]
9275 초록색 번호판
뚜벅이 친구들이 좋아하며 얻어탄
그 안에서 가장 많이 듣던 Biggie, Pac
도로엔 내가 몰고 싶어 했던 dream cars
9275, 초록색 번호판
뚜벅이 친구들이 좋아하며 얻어탄
그 안에서 가장 많이 듣던 Biggie, Pac
도로엔 내가 몰고 싶어 했던 dream cars","","","","",""
"PRICELESS (Feat. toigo)","Paloalto","3ugYRBISHignwAHvbWhxbZ","[팔로알토 ""PRICELESS"" ft. 토이고 가사]

[Intro]
지금 내 rhyme book이 경매에 붙여진다면
누가 비싼 값을 부를까? 끽해야 만원?
지금 내 rhyme book이 경매에 붙여진다면
누가 비싼 값을 부를까? 끽해야 만원?

[Refrain]
지금 내 rhyme book이 경매에 붙여진다면
누가 비싼 값을 부를까? 끽해야 만원?
지금 내 rhyme book이 경매에 붙여진다면
누가 비싼 값을 부를까? 끽해야 만원
지금 내 rhyme book이 경매에 붙여진다면
누가 비싼 값을 부를까? 끽해야 만원
하지만 난 걱정 안해 시간이 지나면
내 가치는 값으로 매길 수 없게 될 것이 당연 (Okay, okay)

[Verse 1: Paloalto]
한국에서 태어나서 랩을 하며 살았어
옷 크게 입고 랩을 하면 양아치로 알아
근데 난 강남 토박이로 얌전하게 자랐어
관악구 신림동의 삶은 빡셌지만 말이야
난 힙합이 좋았고 흑인 래퍼들을 따라 했지
잘 보니 그런 형들이 홍대 신촌에도 많아
예전엔 랩하고 다니면 떠올렸던 가난
근데 지금의 나를 봐 그지 새끼가 아냐
10대 20대 반항 30대 때는 야망
난 40대가 돼도 쩌는 감각과 야마
때론 연예인 행세를 해도 절대 안 해, 자만
돈과 적이 늘어나도 가슴 안엔 사랑
난 진짜만 골라서 내 가사 안에 담아
의심받을 때도 나는 알아 가야 할 방향
어떤 래퍼들은 멈췄어도 나는 계속 나아가
이 문화가 날 살렸으니 힙합으로 하나

[Refrain]
지금 내 rhyme book이 경매에 붙여진다면
누가 비싼 값을 부를까? 끽해야 만원?
지금 내 rhyme book이 경매에 붙여진다면
누가 비싼 값을 부를까? 끽해야 만원?
지금 내 rhyme book이 경매에 붙여진다면
누가 비싼 값을 부를까? 끽해야 만원?
하지만 난 걱정 안해 시간이 지나면
내 가치는 값으로 매길 수 없게 될 것이 당연

[Verse 2: toigo]
내가 찌질이였던 때 그게 뭐 랩이냐 놀려댔지
그 말에 쫄거나 기가 죽었다면 지금의 팔로는 없었겠지
찾아봐 전야제 6번 트랙 그때 그 생각은 여전해
TV나 YouTube Channel에 나와서 똥꼬쇼 해도 난 멋져 멋져, 꽤
어쩌고 저쩌고 해 논란이 터지면 떠들어대
어쩌면 인생은 커다란 코미디 가볍게 내 길을 걸으면 돼
인터넷 세상은 낙인찍어 무거운 때에도 나를 지켜
남의 불행을 팔아 지 밥그릇을 채우는 간사한 인간
걔네도 돈을 잘 챙기는데 내가 왜 가만히 대기를 해? 허?
찾아 또 다른 business make it louder 안 해 침묵
좁혀 빈부격차 이상, 현실 2아닌 1로
팔랑귀 새끼들 남들의 성공만 쫓지 마 확실히 해 네 진로
음악 돈이 안돼 같은 힘 빠지는 소릴 하네
음악 덕에 난 여기 왔네 스타로 사는 게 아니고
내 삶 온전히 살기에 넌 뒤에서만 험담을
난 시가 물고 차려입어 맞춤 정장을 먹어 진수성찬을 (Yeah)

[Verse 3: Paloalto]
성수동 커피숍 웬종일 coffee 뽑고 시급 만원
꿈이 많던 청년 한 통의 연락을 받어
2평 작업실 삶에도 꽃이 피나 과연
그렇게 나온 성수동 remix 제작비는 오백만원 (Ooh, ah, 열정으로)
열정으로 모든 걸 쏟지만 결과는 적자
오링이 나버린 판돈 어쩌나 다음엔 손목을 건다
땀으로 통장을 채워도 믿었지 토이고 성공의 서사
눈물이 고여도 웃자 ha-ha-ha-ha, ha-ha
난 친구들과 성수동 앨범을 냈네
그러자 성동구청장님 와 인사를 하데
서울숲에서 페스티벌을 열라 해 내년에
그럼 난 이걸 분명히 현실로 만들 차례
Alright 내 차트는 우상향 (Yeah)
한방을 노렸다가 두방 세방 처맞아, huh, yeah
It's my time, you heard? T-O-I-G-O (Oh)
수년간 꿈을 꾼 현실이 이제는 눈앞에
아른아른거려 let's go (Ooh)

[Refrain]
지금 내 rhyme book이 경매에 붙여진다면
누가 비싼 값을 부를까? 끽해야 만원?
지금 내 rhyme book이 경매에 붙여진다면
누가 비싼 값을 부를까? 끽해야 만원?
지금 내 rhyme book이 경매에 붙여진다면
누가 비싼 값을 부를까? 끽해야 만원?
하지만 난 걱정 안해 시간이 지나면
내 가치는 값으로 매길 수 없게 될 것이 당연

[Outro]
[?]","146.9","0.572","0.665","-9.611","0.634"
"Grind","Paloalto","3m9ZcYzORSe9CC7rlqD1Pj","[Chorus]
우린 매일 일을 해, 우린 돈이 필요해
‘Cause we always feeling hungry
Tryna escape from these worries
때론 삶이 피곤해, 좀 쉬고 싶은데
Why we always feeling thirsty
Tryna escape from these worries
벌게 (oh)
Cause we always feeling hungry
벌게 (oh)
Tryna escape from these worries

[Verse 1]
저기 저 친구는 연봉 억대
저 래퍼는 차가 몇 대
겨우겨우 처리해내는 월세
저 새끼들은 어떻게 벌길래
돈을 막 써대지, 나도 줘봐 열쇠
Oh god please have mercy
떵떵거리며 살고 싶어 평생
남들만 잘 나간단 얘긴 재미없네
Fuck that, 남들처럼 살기 싫어
남들보다 더 많이 갖고 싶어
이런 욕심들이 현실을 불만족하게 해
그래서 많이 벌 수 있다 굳게 다짐해
근데 너무 빡세, 야근에, 출장에
주말에도 파견이니 뭐니 이직 각이네
윗사람 눈치 다 정치고
숨쉬기에 공기에 섞인 너무 많은 먼지
Instagram에 염따같은 래퍼처럼 한탕 벌어
Flexin’하고 싶어 나도 래퍼처럼
이 시급으론 존나 노동해서 계속 벌어봐야
0에서 100 올라가기에는 너무 멀어
연예인이 기부하는 돈이 내겐 연봉인데
악플 따위는 좀 그냥 웃어넘겨 봐
JUSTHIS 같은 래퍼 왜 늘 빡쳐있는 거지
쟤넨 정말 좆같은 게 뭔지 몰러

[Chorus]
우린 매일 일을 해, 우린 돈이 필요해
‘Cause we always feeling hungry
Tryna escape from these worries
때론 삶이 피곤해, 좀 쉬고 싶은데
Why we always feeling thirsty
Tryna escape from these worries
벌게 (oh)
Cause we always feeling hungry
벌게 (oh)
Tryna escape from these worries

[Verse 2]
모두 돈, 돈, 다 돈으로 보여
이득이 있는 곳으로 모두들 모여
먹고 싶은 것과 사고 싶은 것 다
화면 속에 연예인들이 걸치는 것까지
의미 없다 하는 현자들의 가르침
가져보기 전엔 와닿지가 않지
행복할까, 저런 화려한 삶
저들과 달라 보이는 나 역시 가능할까
여기 서울 땅값이 떨어지려나
아니면 경기도로 휙 떠나야 하나
이런 저런 고민에 어려운 상황
돈을 벌어 열등감에서 벗어날 거야
래퍼들의 가사처럼 티를 낼 거야 가지면
원했던 것들이 전부 내꺼가 되면
아쉬운 소리 안 할 거야 남들한테
그러기 위해 출근 시간 맞춰 일어나야겠지

[Bridge]
Wake up, 벌어 paper
Racks on racks stack up
Caked up, 겁나 땡겨
Racks on racks gotta stay up
Wake up, 벌어 paper
Racks on racks stack up
Caked up, 겁나 땡겨
Racks on racks gotta stay up

[Chorus]
우린 매일 일을 해, 우린 돈이 필요해
‘Cause we always feeling hungry
Tryna escape from these worries
때론 삶이 피곤해, 좀 쉬고 싶은데
Why we always feeling thirsty
Tryna escape from these worries
벌게 (oh)
Cause we always feeling hungry
벌게 (oh)
Tryna escape from these worries","98.973","0.735","0.848","-4.661","0.57"
"Who Gon' Win","Paloalto","3QhwYZM5bLurRmkbWRAWq8","[그레이  ""119 REMIX"" 가사]

[Verse 1: 박재범 (Jay Park)]
We the motha fuckin' gang bro
We mobbin' deep
Wreakin' havoc to
The game hoe, like prodigy
RIP like Ali float and stingin' like a bee
Most u rappers be my son
That means I'm ur 아버지
Yeah GRAY BEAT I'm flammin'
Don't wanna here
Another word from you
Tell me where my payment is
Hop on this famous dick
Time is money honey and lemme tell you now
Ain't nobody wastin' it
Ooh, yeah, look at the drip
Huh, yeah, let's take a trip
Soju, let's take sip
Take a sip, bitch

[Verse 2: 사이먼 도미닉 (Simon Dominic)]
A.M. to P.M. 짙어지는 나의 비음
왕 싸가지 느낌, 이게 원래 main theme
내 쪽으로만 쏘는 핀, ultralight beam
꿈속에서도 일하는 기분, uhm, 박재범의 기운
내 옆에 있는 너를 작게 만들어 마치 행크 핌
나는 한낱 human being, 내가 부러운 니 새낀 빙
할 줄 아는 말이라곤 ""ㄴㄴ"", why you always hatin'?
나도 속은 small, medium, 커지는 순간은 오직 스테이지 위

[Verse 3: 로꼬 (Loco)]
Ya, ya, 여기저기 불 피워 웃으며 VV 치즈해
솔까 지금 돈 관심 없고 알지도 못해 내 시세
1위 해 봤자 동네 노래방 맥주 까고 막춤
걔네 랩 던지면 잡혀, 내 팬들하고도 삐까 CHU
Now bring it back, bring it back, 또 도진 초심병
금방의 실수는 신의 계획이라 고치고
다시 또 VV 치즈해, 날라가는 표정
높디 높지, 맨정신에도 날라가는 초점

[Verse 4: 어글리 덕 (Ugly Duck)]
Fire flame, 난 불만 있네, 다 물갈이 해
찬물 끼얹어도 끓여 증발해, 너도 걍 한순간이네
경쟁 안 해도 내 자릴 지키네, 아니 나뿐이지 대체 불가
핵인싸, 겉돈 적 없어 자전해, 넌 또 불구덩이행
너넨 옷매무새가 최대 관심사, 세탁소나 차려 힙합은 하지 마
창모야, 어디가 언더그라운드인지 알려줘 저 새끼들한테 말이야
BACK n FORTH, 우린 지하에서 밤마다 우주비행
수준 이하들 날 진짜 평가하려거든 내가 죽고서 해

[Verse 5: 우원재 (Woo)]
랩퍼들은 말을 뱉고 너는 그걸 들어, 빼줘 니 오빠의 lyric
Oh, bitch, check my name, 개학대신 계약 따냈지
AOMG got my back, Woo with the JAY
GRAY on the beat, Gucci 안 입어도 이뻐 pants
Style 좋단 애보다 옷 잘 입어, 내가 겸손해서 너가 best
이건, umm, 악, 고민하는 내가, hol’up
평생 구라치다 끝날 애가 저 오빠야
Peace out, 좆밥, 넌 딱 이까지
난 치고 빠지구, fuck the timeless
Trend 두 달 거진 늦은 게 니 기준 상에 top version
Stop bluffin’

[Verse 6: 식케이 (Sik-K)]
네 여자친구들 중 절반은 내 팬 아니면 권민식의 팬
한 해 몇억을 버는 rapper 출신의 연예인이라고
누군 얘기하지, I don’t follow anybody
내가 내기하지, 누나들 싫어해 배기바지
Studio rapper가 돈 벌어, 배 아프면 똥 싸
날 우러러보게 하려면 까야 되냐 통장
911, 너한텐 소방차 같은 말
911, 그건 나한테 그냥 내 다음 차, skrtt

[Verse 7: Woodie Gochild]
어디 불나면 화재진압 119
(Yeah, I’m so fresh as Gochild)
니가 잘났어? 나대지 마 이 친구야
(who can do it like Gochild)
시대 초월 사임당 세종과 난 단짝
내 인기는 88년도 소방차
물을 뿌려, Drip harder, 흘러 땀방울
I’m so hot, hot, hot, hot

[Verse 8: HAON (김하온)]
Now I wanna be a Baki, 자식들은 평화를 원하지 않지
날라 다녀 까치, 생각 없이 쓴 가사 같이
내 폰은 무음, but I gotta move
신고는 땡큐 but 깨지마 mood
닫아버린 문, 알아버린 듯 커지는 눈, 이제야 fool
Bring that fire my desire, 계속 커져 like 초사이언
Ain’t no liar I’m designer, 첫 작품은 보고 있어
멍청이들은 알지 헛똑똑이들은 흠칫
말했잖아 wanna be a Baki
쉬고 있는 거라니까 잠시

[Verse 9: Gaeko (개코)]
사람들 화가 많은 게 누구 탓이겠어? (system)
일등, 이등 매기는 게 누구 탓이겠어? (system)
과정이 중요하다면서 결과만 따지니까
예술가들이 전부 다 비트 코인 투자자가 됐어
양극화는 박탈감과 분노를 부추기네
가진 걸 나열하기보단 느끼는 것을 고백할 때 (불이야)
머리에 불, 심장에 불, 발등에도 불
온통 불바다라서 음악과 언어로 불을 꺼야 할 때 (꼰대)

[Verse 10: BewhY (비와이)]
Umm, Super BewhY, 신화
아무도 나처럼 못하니 이제서야 날 인정하지
한국 힙합 퀄 이만큼 올려
GRAY형 beat 안 화염에 rhyme 싹 나열해
나는 성화 형이 낳은 별의 아이였네
The greatest of all time, 나였네
Deja Vu, 여긴 선구자연맹

[Verse 11: 팔로알토 (Paloalto)]
여러 가지 일이 겹쳤지, 여러 가지 일을 겪은 뒤
내 영향력이 더 커졌지, 부디 그만하길 바래 병신 짓
Yeah I said it fuck that shit, 신세 한탄하는 겁쟁이
참는 것도 한 두 번이지, 다시 겸상할 일 절대 없겠지
유행 따지는 촌스런 새끼들 못 알아보네 지 애미도 애비도
쇼미에 나와서 웃기만 하다가 차트에 몇 곡을 올리고 사라져
인정해, 좀 인정을 해, 왜 그리 꼬였어 치졸하게?
잘 챙겨가지 내 credit, yeah, 코팔팀은 윈윈
Yeah, we made it

[Verse 12: 지투 (G2)]
시발, 불러 구급차, you fuckers barely look alive
망할 놈들 계속 굶어가, 미래가 뻔히 보여 이 븅신들아
너 같은 새끼들 내게 까만 암 덩어리야
동정 따윈 없어 바로 니가 판 무덤이야
This that fire hope you burn, smilin' at your funeral while
The whole family mourn, fuckin' deja vu
These douchebags never learn
봐도 제발 모른 척, 자극 하지 마 내 머리속에 열

[Verse 13: 레디 (Reddy)]
Lit 한 척 안 해도 불러, yeah, 걸어 119 소방서
공연 전에 향수 골라 써, Chanel 아니면 JoMalone
불 붙은 지는 꽤 됐어, 첨 본 애들은 또 fan 됐어
내 욕하던 새끼들 비웃고 질투만 하다가 그냥 새됐어
난 못 막어, 날 못 막어, 내 이름이 니 입에 계속
오르내리기를 바래, 그게 뭐든지 간에 thank you
365일 worko mode, 내 몸에 두른 옷 절권도
Uh, 날 보고 배 아픈 새끼들 전화 들어 통화 눌러 119

[Verse 14: 스웨이디 (Sway D)]
출동, 출동, 119, 초록잎 붉게 물들고
붉은색 사이렌 마치 불타는 심장, 못 꺼 맘속 미친 불
나를 잘못 건드렸다가 넌 화상
난 폭발 직전 불불 끓는 활화산
불꽃 같은 상상, 넘사벽이야 나의 삶
꿈을 현실로 만들어버리는 연금술사의 가사
너의 눈엔 돌, 나의 눈엔 돈
나의 눈엔 금, 다 이뤄지는 꿈
타올라 내 심장의 불

[Verse 15: Owen Ovadoz]
I just gotta jug, better call 911 son
Doing things you have never done
Bloomin' like, ‘you know I’m the one’
여기 누가 재밌어? 기우제 지내다 불났어
Made it rain, 잠재워, I rock the nation 박재범
My alter ego told me be a dick then to follow
표현의 자유가 없다니, they quiett, 모두 hollow
Simon says do what I said 짬? 뭐 관심 없네
OG, 너희한테는 light up I got mezz

[Verse 16: The Quiett]
I be spittin' that fire, yeah, I'mma rap mesiah, yeah
나는 선택받은 자여, yeah, Hall of Fame like Cy Young, yeah
Hall of fame like 콰형, yeah, money long like iron man
Special shout out to PERBEE, Coogie, 동민, 우림
영원하라 콰모 gang, yeah
GRAY track makes your head fuckin' bang, yeah
Pretty bitches , 나는 뿌려 100 bands, yeah
I gotta pick right now man
Somebody to suck my dick right now, huh

[Verse 17: 창모 (CHANGMO)]
선역 너 해 난 villain, 돈은 내가 챙기니
암흑 버전의 illy, 흑화된 Beenzino, Q, Dok2지
븅신 새끼들 say, 창모 거서 나가라
그런데 현실의 거린 느끼지, 읍내 출신의 까라
억 단위 돈, 내가 졸라 말해대니 그게 니 꺼 같은 거야?
니 손목에 허전한 그 맨살 안 보여?
방 안에선 안전하니 외출은 NO야
UGRS 카메라는 어렵더라 거리서 I’m hot in here
넌 눈도 못 마주치지 party girls
넌 눈도 못 마주치지 party girls

[Verse 18: Hash Swan]
불나요, 너 데일라, make you call 119
난 반대로 불냈지, so 911, 개구린 슝
Now you got, 물음표, 질문이 수두룩
How did u buy Porsche, 1llibition 이상 무 근무 중
Yah, Yah, I'm countin' paper like my boss
미래 지폐가 바뀌면 공장은
동갑이 형의 라이카가 필요하다고
Um, yah, bition boys, 콜록, 콜록, 소화기 찾아놔
불난다 단위로는 몇천 불이야 이게
소방차도 불내요 아브라카다브라

[Verse 19: Keem Hyo Eun (김효은)]
쳐 내리라고 돈, 비 븅신들, we bring the fire
Call 119 my team, 덤빈다면 그냥 파열
니 fan들도 맴 찢, 웃으며 해 줘라 안녕
그에 반해 나야, 킼, 끓여 먹어 걍 라면
걔네들 입 맛대로 맞춰 줘 봤자 어차피 인스턴트 같은 애들, what
힙합은 개뿔 한 번 웃겨 불라고 무대 위에 다 개그, what
차라리 염치없이 그냥 이 몸은 EK 옆에서 댄스, ay
차라리 염치없이 그냥 이 몸은 EK 옆에서 댄스, uh

[Verse 20: Deepflow (딥플로우)]
이건 불 맛 like a stir fry, 레시피 없던 내 성과
연말엔 on ma sofa, 일대일 세무사 수업 받네
근 일 년간 난 싸움닭, 더욱 평온해진 내 성깔
난 열반 like a 석가, 난 평화 like a 성탄
그 가을 쇼는 막 내려, 죄 다 몸값 올리고 flexin'
새 왕이 필요해 여긴 2k Makaveli and juicy
그 주인공이 되려 밀린 줄, 다들 정신 차리고 열일 중
Search 해 다른 119, 119, 119

[Verse 21: Nucksal (넉살)]
119 불난 데 불러, 장난으로 말고
힙합 구조대 불러 하늘 헬기 타고
깨끗하게 정리, 상구형 머리처럼 말끔
가끔은 불을 불로 끄지 like 말콤
어차피 다 거기서 거기잖아 랩 말풍선
입만 뻥긋거려 기계 같은 병풍
병신들은 허풍만 떠는 거지 다 거품
터지는 재미, 샴페인 bottle 거품

[Verse 22: 오디 (ODEE)]
작업에 불씨 지펴, 화제가 될 내 신보
119 주민신고, 사이렌 삐뽀
필요해 더 많은 시선 필요해 더 많은 인정, 피쳐링
더 많은 일정 못해 칩거를, 돼가지 관심 빌런
여기 내 멍석 깔지, 너흰 속 타 I bring the fire
맞춰가네 넌 어떤 타입, 맞춰가 난 내 customize
벌려가지 온도 차, 불 안 꺼져 내 스튜디오 안
들어온 remix 동전한 닢, 들어온 remix 119

[Verse 23: Rocky L]
느그들 rap은 진짜로 불러야겠더라 119
아니 끊고 다시 걸어 911
I’m sorry semi fashion American, woo
이렇게 하는 거 맞나, ya, 이렇게 빼끼면 되나, woo
YouTube 보고 막 좋은 거 다 때리박으며
개나 소나 멍멍 청한 소리, bow wow, 왈왈, moo
맞다 거 따 필수 어눌한 말투 또 약빤 눈
얘네들 빨리 다 데려가 달려라, ambulance
목적진 신촌 Severance
주치의는 beats by Dr.GRAY야

[Verse 24: EK]
다시 또 가져와 난 불꽃, 119 수록곡처럼 불법, uh
조명이 꺼져도 숨 쉬어, 그녀와 같이 타고 있어 suck my, uh
사랑 노랠 부를까 봐 이제, 워밍업 사버린 기대
말로만 떠드는 랩퍼들 비일비재 후에 작업 DM
넘 날카로워, bitch, 때로는 부드럽지
멋은 척관 다르지 예상이 되니 움직임
점수나 더 매겨 보렴, 한 방을 더 먹여 드림
뭐라 하던 양질의 음악을 퍼다 줄 뿐임

[Verse 25: Los]
Hustlin’ 내 삶이지, 네 행동은 그냥 말이지
유행이라고 난 안 따라, I got my own shit, 그게 간지지
파도 안 타 난 낚시질, 난 돈 셀 때 넌 딸치기
My city 등에 메고 다니지, but fuck you if you don’t ride wit me
Easy money 이건 날치기, heavy weight, 난 단백질
Beef 원하면 난 갈비찜, hater들 다 화이팅
Check your flex like Nike, take your bitch like 나이스
내가 너무 thug life 이지, 내 verse니까 내 마음이지

[Verse 26: Chaboom]
One one nine, 119 진짜가 떴지, 쌔끈한 내 crew
대충 뱉어도 예술로 박히는 쓰리쿠-션
내 랩은 splash on these mo’fuckers face
불 꺼 대빵만 한 호스는 제주 삼다수 taste
물을 뿌려, 다 잠기지, 담궈 더 더 깊숙히 푹
꿀을 뿌려, 다 꿀 빨지, 벌어 더 더 현찰이 쭉
게임 끝 카드 긁어 쓱, 세상 모든 걸 다 쌔비지
철구도 놀라 외쳐 ""앙 기모찌""

[Verse 27: Swings (스윙스)]
They drop songs I drop labels
Real boss they speak fabels
내가 왜 멋있는지 설명하려면 1년 정도
밤새 밤새 나는 금 싸는 machine
They ain't fuckin' with my team, 우린 한 통 속 omelette
나는 힙합 백종원, 단지 조금 더 cocky
돈깐 보석 찾는 수집가, now where my gauntlet
애들 잘난 척만 하지, 나는 진짜 하네
내 여잔 김씨가 아니지만 난 한국 Kanye

[Verse 28: GIRIBOY (기리보이)]
불같이 살아나, 불같이 벌어
불같이 달아나, 불같이 털고
불 만져 물집, 불같이 Bull Shit
불같이 금식, 다이어트 Win
불나는 파이리, 내 스탈은 HypeBeast
검정 위에 반짝이는 오데마, 난 사장님
필요하면 다 사지, 기리보이 난 팔랑귀
아크로님 팔락이지 Ooh, Make it 가랑비

[Verse 29: NO:EL]
올해는 우리꺼 반박 불가, 쫄리면 뒈지라 삼팔광이야
애인들은 개 이뻐, TMI 하나 더 폰은 두 개고
언니들은 꽝이야, 내년도 우리꺼 닥쳐
손목에 병신들 전세를 찬다
개 아님 돼지 또 새대갈 조선에
내 주옥같은 가산 too much information
Ooh, yeah, 세계 돌아 두 탕 천, ayy
거지 같은 metaphor, 꼴에 그거를 팔고 써
Fuck that 비디오래 굳이 안 봐도
이런 놈 처음이래 타지 삐딱선
원투펀치 다 바닥에 엎드려
넌 적자 여러 의미로
Red ocean에 땜빵 역할에 빚 갚어

[Verse 30: Jvcki Wai]
No me hablen cuando suba solo quiero plata
Muchas gracias por tu ayuda ahora tienes nada
你们都去死吧
Vous les vous coucher avec moi ce soir
お前は資格ない これ冗談
広い世界 ロシアで сука
Bih I’m just makin’ it clean
Bih I’m just wanna be me
Bih I’m just makin’ it lit
Lemme just smoke all that shit that I need
전화기에 눌러 11 골라봐 9 아님 2
난 안 봐 뒤, 날아가야지, 이제 가야지
Bye, bye, 내 두 발 옮겨 바삐

[Verse 31: 저스디스 (JUSTHIS)]
랩 한지 거진 10년, 근데 baby face, 마치 신동갑
Australia tour 12월, yeah, I'm worldwide but the street is home
강산이 바뀌었지만 flow still tight 하지
마치 Biggie랑 Big Pun이 같이 타는 티코
Yeah, I'm headin' to the heaven
퇴물들을 제물로 바치고 벌어 재물, Zino처럼 미쳤어
그래, 나도 진흙 속에서 핀 꽃, 모든 것을 얻었고 모든 걸 잃었어
근데 확실한 건 가진 건 실력
근데 요즘 누가 실력으로 매겨 순위를? 많은 놈이 짱이지
그러면 Double D처럼 go higher, 다시 쓰는 이력서, I'm gone

[Verse 32: Han Yo Han (한요한)]
Yeah, that's me, yeah, 기타를 멘 무사시, yeah
니 명품 자랑에 미쳐 대놓고 주작질 해
Swings Hip-hop Kanye면 Kanye가 선택 한 애
Yeah, that's me 1년 만에 여기까지 온 거 잊지 마
Gucci, Rollie, Bentley 그게 뭐든 상관없어 다
다 뺐고 때려 부셔 니 차는 범퍼카
2018 유일무이 희귀종 rockstar 정말 나
오, 모델 친구 미안해 니 여친이 날 껴안아

[Verse 33: YUNHWAY]
Call 119, yuh, 911 out here
Mama’s teriyaki, roastin' on that fire
I’m feelin' lucky, lucky, 입을 거야 Versace
나는 queen, 하늘 높이, 위더플럭 우리 올라가 연기같이
사라져 체리같이, I’m different different
달라 너네들과 달라 난, 달라도 너무 달라 너랑
세우 인 윤훼이 불러 밤바다, 우리 노래 들어 너네 밤마다
I’m different, different, 이제 너가 나를 따라와

[Verse 34: Jhnovr]
I got the keys, keys, keys, keys, keys, Hova같이
I got a skill, skill, skill, skill, skill, 넉살같이
우주로 비행해 기리 back 올라타 지금
I got the keys, keys, keys, keys, keys, 몸값이 위로
불려 돈 배로, bow, 은행 계좌 count
관대한 위치까지 올라 내려봐
계속 spotlight, 계속 spotlight
Gettin' guap, right now, 너넨 퇴짜

[Verse 35: Coogie]
E on fire, 뱉어 화염, 너무 과열, 팽창 가열
너넨 pipe up, 화만 쌓여, 배 아파여, 내장 파열
불을 붙여, 기름 thinner, 진압 못 해, 계속 진화
끓는 점을 넘겨 높아, 삐뽀 불러도 안돼 방화, 조준 빵야
양 쪽으로 빠져 get out of my way
등 뒤에서 연기를 또 뿜어대
넘어가 펜스 countin' money guap, Trippie Redd
양 쪽으로 빠져 get out of my way
등 뒤에서 연기를 또 뿜어대
Ghost rider fire chain 휘둘러 대

[Verse 36: 펀치넬로 (punchnello)]
This mo’fuckers ain't sayin' nothin'
그래 바라는 대로만 살어
너흰 가진 거 없이 몇 년째 손가락질
야, 니 여친이 원하는 애가 나야, 병신 새끼
여전히 flex on’em, okay, 겸손은 가족에게, okay
가슴에 손을 얹고 생각해봐 넌 이뤄낸 게 뭐야? okay
Yeah bring the fire bring the fire
Call 119 다 태우고서 물을 뿌려
이 feel 더 빨어 feel 더 마셔
니가 원하는 데로 다 줄 테니까 더 쳐먹어
Yeah, spit some fire 이게 바로
다른 사람들이 나를 찾는 이유 아냐?
When I bo-bo-bo-bo, gameover
간단하지 #fkuropinion I’m gone

[Verse 37: 페노메코 (PENOMECO)]
Yeah, we bring the fire, gun shots
불장난에 붙은 화염, Blowin' up
니 속옷이 젖을 정도, 흘린 땀 땜에 물난리가 날 정도, whoa
내 동생 말 따라 fuck your opinion, 우리 빼고 꺼지길
우린 Natural organic, 부채질할 바엔 차라리 거기
기름을 퍼부어 you get it?
전용기는 우리 rendezvous
어느새 우리 도착지는 Malibu, yeah we gon' do

[Verse 38: Dbo (디보)]
Bitch stop playin’, Imma do ma thang
한 번뿐인데 합법적인 일, ill
그녀는 아침 먹고 나서 땅콩 먹어
병신새끼들 자꾸 딴지 걸어
당연한 게 더 당겨, 난 짠 거 말고 단 거
승리가 내 작전명, 그녀는 진실을 삼켜
She actin' like she need a dick
Her pussy on fire call 911, Dbo

[Verse 39: Hangzoo (행주)]
뒤처진 너넨 매일 뒤에서 말만 많아
제일 완만한 코스에서 만만한 것들 사이
왕 게임 같은 거 암만 해봐라
우린 간만에 바람 쐬는 것조차도 GRAY BEAT
경사길에 숨이 찰 땐 느리게 뱉어도 간지
박수 쳐주지도 마, 저 오빠한테
단순한 이유, 저 오빤 랩도 못해
래펀 개뿔, 딱 연예인 지망생
보컬 못해서 래퍼 한단 저 아이돌만도 못해

[Verse 40: Geegooin (지구인)]
무대에 불을 질러, 음, 무대에 불을 질러, 음
그 담에 경찰서로 갔지 내 전과는 86범, 으아
찢고 물어뜯지 성치형이 말해 ""아야""
리듬파워 특기는 여기에서 단 하나야
제일 신나지, 이건 시너지, 고딩 동창 셋이 했지
째지겠지 내 기분이, 너넨 배 아파 뒈지겠지
(핳, 핳) 이건 너네 골통 때리는 소리
(흠) 억이 벌려 우리 엄마 비명소리

[Verse 41: Boi B (보이비)]
홍대 NB 알바출신 일당 7만원
셔플 댄스 추던 걘 절대 모를 걸?
이제 난 클럽 가비아로 게스트 가도
꽁 술 한잔 입 에 안 대고 걍 나와
And I’m drive my amg, 그때 내 한곌 논하던
그 형은 재가 돼버렸지, 우린 또 락스타의 간지
농담 아냐 난 홍보대사야, 오피셜 시 대표
지읒시옷, burn it, 쇼미 불구댕이된 스테이지

[Verse 42: Ja Mezz]
119, 119대가 와도 못 꺼 내 불
119개 문제 중에 bitch ain’t one cell phone 두 개
불이 나는 전화 ring, ring, ring 진압불가
대체 누가 나를 대신 할 수 있겠어 대체 불가
I’m the shit, up in this bitch, 사람들은 불러 마녀
사냥당해 화형, bitch I’m on fire
I don’t compromise tho, I’m not surprised tho
아랍 여자들도 히잡 벗고 비키니 입어, 힙합

[Verse 43: Dayday (데이데이)]
We didn’t start the fire but I brought the lighter
날날이 like 불장난, uh
눈 깜빡하면 화재는 딱 그 한순간
날날이 like 끝판 왕, uh
날날이 want all the 연기
날날이 want all the 여친s
나대다가 siren처럼 울림
활성화된 remix 또 벌림 ayy
그 놈이 그 놈 and 그 꼴이 그 꼴
Clout chasin’ 너의 일상의 목적
쟤네 못 고쳐 그 버릇 so yo bitch says  ""오늘 난 solo""
가연성 한 성깔, 내 혈압 잴 땐 151 that’s litty
소방차들 떼창으로 로케 찍고 와 보이면 rap city

[Verse 44: Junoflo (주노플로)]
See the future like an oracle, 앞으로 난 걸을 뿐
손바닥 안에 선명히 보이는 미래는 너희는 모를걸
Who is you? I ain’t heard of you
These girls I don’t chase em
믿거나 말거나, 옆으로 비켜라, 말보다 난 밤새 일해
All I came with a passport, 미세 먼지 때메 mask on
돈이 몰려있는 suitcase, 공항 보안으로 transport
10억을 현금으로 본 날엔 난 배웠지
I’ll burn this muthafucka down
It don’t mean nothin to me

[Verse 45: 플로우식 (Flowsik)]
불조심, 폭탄 실은 불도저, 촛불 붙여 Coup d’etat
We shippin' 국제 특허 소스
5분안에 bake the bread, 오늘 안에 get the cash
밀어 내 뒷심 119%, 오른발 hit the gas
Pedal to the medal 40s
In the meadows keepin' it ghetto
Hot, devil ain't reachin' my level
I’m bringin' armageddon
When I rap, lights outs
Drippin' nothin' but sauce
Bring the rice out
Bust out fire put the pipe down
5 star telly going hard
Rippin' night gowns
119 goin' live shoot a whole
In the sky rain dance GRAY
Cookin' up that fire like

[Verse 46: 킬라그램 (KILLAGRAMZ)]
Money bag, money bag, money bag, yuh
돈을 보여줘 돈이 예의야
통장 잔고를 전부 비워
Load it up, then drive로 바꿔 기어
무대 위에서는 I'm the best
한국에서는 rep 24 Gang
California to Japan
What's that in the air I’m superman
Fuck how you feel
똑바로 봐 왜 날 부러워하는지
불이야 불 남김 없이 다 태워
까먹지 마 only got one life to live
Yuh 고민에 수억 가지 질문에
대답을 하자면 fuck you I’m in
Yuh 통장 잔고를 전부 비워
Load it up then drive로 바꿔 기어

[Verse 47: YUMDDA(염따)]
천호동 굴다리, 몰라 그냥 그게 다였지
주유소 2층에서 파티를, 하류 인생 미래 카키
음, 바퀴 두 개, 소파 위에는 인형, 우린 밟아 릉릉
쇼바 위에 교복 치마, 밑바닥에서 여기까지
더콰 내 번호를 따지, 하늘 천 염따지
미안해 니 인생은 음... 까비
우리가 친구라니? 마음에 안 들어 눈깔이
Fuck, fuck, fuck

[Verse 48: Uneducated Kid]
Flex 하는데 돈을 다 썼어
목걸이 하나에 200을 줬어
명품이 나의 가치를 매겨
명품이 나의 가치를 매겨
내가 옛날에 백화점에 가면
날 무슨 노숙자 보듯이 봤어
근데 이제 내가 백화점 가면
씨발 걍 VIP 대접을 받어
재개발 살던 놈 인생이 바껴
사람들 나보고 자극을 받어
핑계만 대던 새끼들 눈 깔어
가짜 래퍼들 전부 다 눈 깔어
Uneducated 절대 안 바뀌어
돈 맛을 봐도 난 도둑놈 맞어
누가 날 가르쳤다간 쳐맞어
누가 날 가르쳤다간 쳐맞어

[Verse 49: myunDo]
119 불러놔 빨리, settin' thangs on fire, 내 특기 중 하나지
어정 번 중 효우토코처럼 기름 inside me
All I gotta do is spit fire, 어차피
타이트한 거 다들 할 테니깐 난 안 할게
It's dat remix 동전한닢 2.0 같이
한국 래퍼들 죄다 모여서 불 질러놨지
미리 사과드릴게요, sorry, 소방관 아저씨

[Verse 50: Takeone]
불이야 불, 내가 나타났을 땐 전화 안 해도 돼 119, yeah
내가 일하는 시간 불철주야니까 걱정 마
죽어가는 track들에 심폐 소생술
다시 살아 숨 쉬는 리듬
항상 지키는 기본, 항상 수습하러 다니는 기분
너네가 불 질러 놓은 이 바닥 내가 물로 씻겨
이건 불치병인 내 정신병, 항상 거꾸로 가지
너와 같은 방향이면 되 돌이켜
존중은 죽었지 아마도
그럼 내가 되살리지 한 번 더
절대 구린 게 아니지 한반도
랩은 내가 있으니까 잘 봐둬
Bitch I'm on 화염
평화

[Hook: GRAY (그레이)]
We bring the fire, we bring the fire
Call 1-1-9 yeah, 조심해 너 데일라
We bring the fire, we bring the fire
Call 1-1-9 yeah, let's make it rain
119 (IM, JM, H1GHR gang)
119 (Hi-Lite, GRANDLINE
Amoeba gang)
119 (VMC, Ambi, 1llionaire)
119 (artists only money getter)","","","","",""
"Price Tag (feat. Jessi, Ja Mezz)","Paloalto","3bOJ2oxgtl5XikXtdGVxUv","[팔로알토 (Feat. 제시, Ja Mezz) ""Price Tag"" 가사]

[Intro: Paloalto]
Throw 'em in the cart
Never know 'bout tomorrow
Throw 'em in the cart
Like I stepped into the mall
Throw 'em in the cart
Cart ay ay ayo
Throw 'em in the cart
Cart ay ayo

[Verse 1: Paloalto]
Uh credit card bank account
결제방식 여러 개
갖고 싶던 몇 가지를 주문했어 어저께
택배가 문 앞에 도착하면 몽크 멍멍대
어렵게 구한 물건도 아꼈다가 똥 돼
가수분해된 친구의 Jordan들 휴지통 안에
특별할 때 신을 거라더니
Huh? 쓰레기가 돼
그러니까 빡 꽂힌다면
지갑 열어 써라 써
자기 전에 생각날 것 같다면 질러라 질러
직접 볼래 Instagram으로만 봤던 걸
돈 번다고 바쁜척했지만 이젠 못 참겠어
바로 날을 잡아서 비행기 호텔 예약을
우리 윤지는 꼭 챙겨가겠지 Fuji 카메라를
경험을 사는 게 소비의 목적
그렇게 스톡홀름의
백야를 산 거지 돈을 써서
디자이너 브랜드 Hype됐다고 물타기 하듯
쓰지 말고 진짜로 자기껄 가지라고

[Hook: Jessi, Ja Mezz & Paloalto]
(Now go) Throw 'em in the cart (Swish)
Never know 'bout tomorrow (Now go)
Throw 'em in the cart (Swish)
Like I stepped into the mall (Price)
가격표를 확인 후에 쓸어 담어
집에 가서 괜히 후회하지 말어 (Price)
가격표를 확인 후에 쓸어 담어
집에 가서 괜히 후회하지마 Uh

[Verse 2: Ja Mezz]
Yah 장바구니에 담기 Click click click
Mj stepped into the mall (Swish)
행복은 할부가 안 된단다 Kids
Go cop that Ja Mezz 정규 1집
이거 사면 엄마한테 혼나
근데 오늘 살고 나면 오늘은 또 Sold out
Price tag을 떼내고 채운 내 옷장
맘껏 비우면 다시 비 오는 내 통장
Bentley penthouse life in a magazine
욕심이라 배우고 느껴 왠지 죄같이
Wish list 없는 Christmas jesus mad
You just want that
Supreme box logo t shirt man
I can't have it all
이것마저도 나의 시급 탓
살 거라면 당장 사는 거지 내 인생
주인장은 나니까 Can I get a discount?

[Hook: Jessi, Ja Mezz & Paloalto]
(Now go) Throw 'em in the cart (Swish)
Never know 'bout tomorrow (Now go)
Throw 'em in the cart (Swish)
Like I stepped into the mall (Price)
가격표를 확인 후에 쓸어 담어
집에 가서 괜히 후회하지 말어 (Price)
가격표를 확인 후에 쓸어 담어
집에 가서 괜히 후회하지마 Uh

[Verse 3: Jessi]
I'm livin' life in the best way
내 선택이라고 Baby
You don't need all them fancy things
전부 필요 없다고 Yeah
남들이 가졌다고 나도 따라가진 않아
내가 원하는 건 내가 잘 알아
You don't need all them fancy things
전부 필요 없다고

[Hook: Ja Mezz & Paloalto]
(Now go) Throw 'em in the cart (Swish)
Never know 'bout tomorrow (Now go)
Throw 'em in the cart (Swish)
Like I stepped into the mall (Price)
가격표를 확인 후에 쓸어 담어
집에 가서 괜히 후회하지 말어 (Price)
가격표를 확인 후에 쓸어 담어
집에 가서 괜히 후회하지마 Uh

[Outro: Jessi]
Throw 'em in the cart
Never know 'bout tomorrow
Throw 'em in the cart
Like I stepped into the mall
Throw 'em in the cart
Never know 'bout tomorrow
Throw 'em in the cart
Like I stepped into the mall","175.864","0.478","0.6779999999999999","-9.981","0.737"
"Ooh La La","Paloalto","7wGHhNPp6J3jcEEPf16dIf","나쁜 일은 더이상은 겪고 싶지 않아
화난 채로 가사를 더 적고 싶진 않아
많은 사람들이 관람하는 우리 삶은
아름답기를 바래 약속하지 영원함을
Na na na na ooh la la
절대 망하지 않아 Ooh
Na na na na ooh la la
쟤넨 반짝하고 가 Yeah yeah
YAYA we high on the track
I'mma fill up the blanks
Already got me fucked up
But I'm going all way
진짜 친굴 두네 나머지는 적대
커져 가는 머리 안에 채워 전부 품네
We be ballin' they hate to see us rollin'
평가질하는 새끼들은 모를 거야 의미
해내고 나서야 쉬지 지금은 사치야 취침
할 건 오직 직진 When bitches be all testin'
전부 여기 행복도 안정도 전부 여기
손 닿을 거리에 갖고 나니
결국에 남은 건 물질적인
사진 찍히지 New fit
이게 얼마짜린데 Boujee
내 Lifestyle 미쳐
굳이 따라 하다가 파산해 그지
나쁜 일은 더이상은 겪고 싶지 않아
화난 채로 가사를 더 적고 싶진 않아
많은 사람들이 관람하는 우리 삶은
아름답기를 바래 약속하지 영원함을
Na na na na ooh la la
절대 망하지 않아 Ooh
Na na na na ooh la la
쟤넨 반짝하고 가 Yeah yeah
내가 매일 얘기하는 다음 세대가 나였을 때는
형들의 성공에 배가 아팠었네
널 보니 갑자기 생각났어 왜?
그때의 나를 완전 빼다 박았기에
열등감 조급함 자기 비하 모두가
나보다 훨씬 앞서간다는 강박에
앞에 놓여진 벽을 부수려 했어 한 방에
나는 이해하지 못했던 거야 각자의
때가 따로 있다는 걸 당연히 시간은 걸려
결국 익지 않은 벼도 언젠가는
봉사의 눈을 뜨게 하고 그 공양미의
열 배가 이제 내 공연장을 채우는 걸 봐
오 참을성이 없어 아마 너무 참았어
Hey boy 조급해 말어 얼마 안 남았어
그 형들이 말한 약속의 장소
웃으며 이야기 나누자 거기서 만나서
나는 빡센 짐을 짊어짐 미간이 찌그러짐
겁 없이 질렀으니 야마 터지게 살아야지
온몸에 가오다시 계속 계속 박치기
뼛속까지 빡세게 가루 되듯이 박살 내
질투는 몸에 해로워
취한 듯 행복 Hangover
성공의 절정을 정복
내 영혼 살 꽉 찬 전복
에너지 전도 전 세계에
아랫배 힘주고 더 세게
각성 후 다음 단계 향해 가네 High level
본능 하늘에 몸을 맡겨 구름 속
두려운 불꽃들은 후 불을 꺼
나쁜 일은 더이상은 겪고 싶지 않아
화난 채로 가사를 더 적고 싶진 않아
많은 사람들이 관람하는 우리 삶은
아름답기를 바래 약속하지 영원함을
Na na na na ooh la la
절대 망하지 않아 Ooh
Na na na na ooh la la
쟤넨 반짝하고 가 Yeah yeah","138.633","0.484","0.45","-6.208","0.514"
"Fancy (feat. DEAN & Sway D)","Paloalto","7eRVmXnpnvUnqv0bkOJkDV","[팔로알토 ""Fancy"" ft. 딘, 스웨이디 가사]

[Intro: DEAN, Paloalto]
Ow, huh, ooh-wah
Ooh (Uh)
U-uh (Yeah)
U-uh, oh

[Verse 1: Paloalto]
기대 반 걱정 반으로 내려왔네 (내려왔네)
아름다운 나의 집 사람도 같이 데려왔네 (데려왔네)
분위기를 보니 취한 사람들 함께 외로워하네 (U-uh)
저 남자는 여자 손을 잡고 계단 위로 데려가네
돌려 몇 잔씩
기분 좋을 정도까지
마셔 오버하면 다음날 좆같지 (Ooh)
그러니까 항상 적당히
경재랑 석현이 (Huh)
참 기분 좋은 것 같지 (Uh-huh)
마치 피리 부는 송창식 (Prr-prr)
오늘 밤 축복은 우리 독차지, yo
목마른 여자들은 주는 잔을 받네 (Woo)
내 아내 그런 그녀들에게 관대해 (Woo)
아까보다 흥이 더 오른 것 같아 (Woo)
이성 잃고 자꾸 더 먹으면 안 돼 (Uh)
움직이며 다들 표현해 뭔가를 (뭔가를)
나는 절대 모르네 정답을 (나는)
우리가 오늘 나누던 몇 마디
뭐가 그리 중요해 놀자고 (Hmm)

[Chorus: DEAN]
네 어깨너머 어깨너머 어깨너머로 (Oh yeah)
느껴지는 걱정 I know (I know)
나도 가끔 답답해 앞이 잘 안 보여
But forget tomorrow, forget tomorrow, fuckin’ tomorrow (Right now)
'Cause we don't care
순간에 건배 이제, woah

[Verse 2: Sway D, Paloalto]
눈꼬리가 내려가도 (눈꼬리가 내려가도)
나는 지금 깨어있어 (나는 지금 깨어있어, uh-uh-uh)
소나타를 타고 가도 (소나타를 타고 가도)
너의 마음은 열려있어 (너의 마음은 열려있어, huh-huh)
날씨가 맑아도 (날씨가 맑아도)
너는 항상 젖어있어 (너는 항상 젖어있어, uh-uh)
구름이 방 한가득 (구름이 방 한가득)
비에 우린 젖어있어 (비에 우린 젖어있어, uh-uh)
Smoking (Smoking) wine (Wine-wine)
Cloudy (Cloudy) night (Night)
Kawasaki (Kawasaki, woo) ride (Ride-ride)
On your body (On your body, uh) ride (Ride) (Uh)

[Verse 3 : Paloalto]
밝힐래
어두운 밤을 아침보다 환하게
요란하게 여러 색 조명이 온몸을 감싸네
다 사랑해 (사랑해)
내 안에 미움과 분노가 달아나게, 아름답네
달아오른 밤안개, eh

[Chorus: DEAN]
네 어깨너머 어깨너머 어깨너머로 (Oh yeah)
느껴지는 걱정 I know (I know)
나도 가끔 답답해 앞이 잘 안 보여
But forget tomorrow, forget tomorrow, fuckin' tomorrow (Right now)
'Cause we don't care
순간에 건배 이제, woah

[Bridge: DEAN]
네온사인 cloud nine
느릿하게 가는 beat
Feel alright, lo-fi
고요하게 우린 달리지
누가 들이닥쳐도
손가락질해 봐도
We up all night (All night)
Fuck all night, weeh

[Chorus: DEAN]
네 어깨너머 어깨너머 어깨너머로 (Oh yeah, woo-hoo-hoo)
느껴지는 걱정 I know (I know, oh yeah)
나도 가끔 답답해 앞이 잘 안 보여
But forget tomorrow, forget tomorrow, fuckin' tomorrow (Right now, forget tomorrow)
'Cause we don't care (Oh yeah)
순간에 건배 이제, woah (Woo)","153.109","0.744","0.537","-7.267","0.826"
"namchin","The Quiett","2CrkQ1GeZJWbdPqK6wUIRz","[Chorus: Leellamarz]
Baby you are my ride, I don't need that Rarri
매일이 너의 birthday, 또 오늘 밤도 party해
You never let me off, 근데 넌 마치 Cardi B
My love my baby, I'll be a good namchin for you
I'll be a good namchin for you
I'll be a good namchin for you
I'll be a good namchin for you
I'll be a good namchin for you
I'll be a good namchin for you
I'll be a good namchin for you
I'll be a good namchin for you
I'll be a good namchin for you

[Verse 1: Leellamarz]
I'll be a good namchin, 난 안 쓰지 반칙
All I want is you, 너는 통하지 않지 상식
비싼 시계 안 찼지, 비싼 신발은 Yeezy
하나 정도 있어, 나머지는 네게 올인해
You are my ride, you are my side, baby
No matter what lately
전화 걸어, 너랑 이런저런 말들 하고 싶어
뭐가 됐든 상관없이 너는 항상 이뻐
You are my ride, you are my side baby
No matter what lately
넌 날 찾지 않아도 돼, 옆자리에 있을게
뭐가 됐든 상관없이 니 말이면 it's okay

[Chorus: Leellamarz]
Baby you are my ride, I don't need that Rarri
매일이 너의 birthday, 또 오늘 밤도 party해
You never let me off, 근데 넌 마치 Cardi B
My love my baby, I'll be a good namchin for you
I'll be a good namchin for you
I'll be a good namchin for you
I'll be a good namchin for you
I'll be a good namchin for you
I'll be a good namchin for you
I'll be a good namchin for you
I'll be a good namchin for you
I'll be a good namchin for you

[Verse 2: The Quiett]
Baby, you are my best ride, 너만 있음 돼 나는
우연히 나타난 너는 이제 내 삶의 most important part
너는 나의 삶의 전부, 빈말이 아니라 all true
순식간에 너의 맘을 훔쳤지만 물론 아냐 나는 선수
첨 너를 봤을 땐 별다른 맘은 없었지만 몇 시간 뒤
강하게 느꼈지, 넌 나의 여자가 될 거란 걸, right
한잔 더 시켰지 괜히, shout-out the bar we went in
더는 외롭지 않아 이제는
Baby girl you the shit you the baddest
I'll do everything with you
넌 날 환하게 비춰, like california sunshine
I'ma kiss you like the first time
원하는 것, 원하는 곳 뭐든 말해
우린 떠나 we're ridin' thru the high way
With the motherfuckin roof gone, yeah

[Chorus: Leellamarz]
Baby you are my ride, I don't need that Rarri
매일이 너의 birthday, 또 오늘 밤도 party해
You never let me off, 근데 넌 마치 Cardi B
My love my baby, I'll be a good namchin for you
I'll be a good namchin for you
I'll be a good namchin for you
I'll be a good namchin for you
I'll be a good namchin for you
I'll be a good namchin for you
I'll be a good namchin for you
I'll be a good namchin for you
I'll be a good namchin for you","","","","",""
"Han gang gang megamix","The Quiett","4bvaV3t6KwBYG3yiwegm4Q","[Intro: Stunna 4 Vegas]
Let me get it from the top now
Produced by Cre8
And leave all that in, yeah, uh, uh
Grah, grah
4X, 4X (4 way, you get this shit the Glo way)
DaBaby, you know what the fuck goin' on
Yeah, uh, huh?

[Chorus: Stunna 4 Vegas]
Ayy, I pop a Perc’, it give me more stamina (Uh)
I hit that nat like an animal (Ooh)
She ate that dick like a snack, D-Danimals (Thot, thot)
Go get some racks what you better do (Lil' thot)
Lil' bro on yo’ head for a band or two (Come here)
I know he'll handle you (Gone)
Lil' nigga, I'll cancel you (Uh)
You would get left like a vegetable (You would get left like a vegetable)

[Verse 1: Stunna 4 Vegas]
Ayy, look lil' thot, I am not stressin' you (Thot, thot)
You give me yo' face, I 'on’t want the rest of you (Ooh)
Give me the top, I bop, got guap on my schedule
We like five hundred bowls ahead of you (Trap)
Send the addy, we sendin’ 'em (Uh)
Stunna so cold, no medicine (Uh uh)
Put in work for this shit, I’m a veteran (Yeah)
Ran off on the plug, he get blocked, I ain't answer him (Yeah)
I kick my shit a lot (Uh huh)
I grip a Glock, 'cause I keep a grip of guap
She like, ""Stunna, you drippin'"" (Sauce)
It be hard for me to pick a thot (Come here, lil’ bitch)
He playing both sides, they get 'em knocked off
He won't even be able pick a side (Uh)
We beat down yo' block they like get inside (Uh huh)
.223's and my niggas slide
Me and Slime on boss shit (On boss shit)
Ayy, we trappin' loft to loft
We got them blocks on blocks
Put bread on yo' top, they knock it off (Come here)
And nigga, you cap, knock it off
Come to the trap, we got it all
Bags, K's, Glocks, and all
Lil' nigga, you bitch like Barbie doll
Uh, me and Slime on boss shit (On boss shit)
Ay, we trappin' loft to loft, hello
We got them blocks on blocks
Put bread on yo' top, they knock it off (Come here, lil' nigga)
And nigga, you cap, knock it off
Come to the trap, we got it all (Uh)
Bags, K's, Glocks and all (Uh)
Lil' nigga, you bitch like Barbie doll (Uh, uh)

[Chorus: Stunna 4 Vegas]
Ayy, I pop a Perc', it give me more stamina (Uh)
I hit that nat like an animal (Ooh)
She ate that dick like a snack, D-Danimals (Thot, thot)
Go get some racks what you better do (Lil' thot)
Lil' bro on yo' head for a band or two (Come here)
I know he'll handle you (Gone)
Lil' nigga, I'll cancel you (Uh)
You would get left like a vegetable (You would get left like a vegetable)
Ayy, I pop a Perc', it give me more stamina (Uh)
I hit that nat like an animal (Ooh)
She ate that dick like a snack, D-Danimals (Thot, thot)
Go get some racks what you better do (Lil' thot)
Lil' bro on yo' head for a band or two (Come here)
I know he'll handle you (Gone)
Lil' nigga, I'll cancel you (Uh)
You would get left like a vegetable (You would get left like a vegetable)

[Verse 2: DaBaby]
Hold up, huh, I'ma run off if it's ten or mo' (Yeah)
You know me I like that cheap shit (Cheap)
I fly out to Cali and send a bowl (Uh)
I was sending that shit to yo' bitch house (Yeah)
I was pickin' them up and she didn't know (Yeah)
I was dancing on stage with a big fold (Okay)
My shit almost went off when I hit the floor (Ah)
I walked in with six bitches, that's how I'm living (Six)
I don't fuck with that kissin', don't try to kiss me (Nope)
Know you not s'posed to test me, I keep it pimpin' (Hah)
Make my bitch beat her up 'cause she didn't listen (Bitch)
I got this juice like Capri Sun (Hah)
You better be strapped, I got three of 'em (Three)
Her face in my lap and we stuck in traffic, I ain't gotta tell you what we on (Hah)
I don't talk around bitches, don't talk around niggas, you do what we do, you don't talk about it
In the car, it's just me and two other niggas
Everybody in this car done shot somebody
They bring me the bag and I count up the money, I walk in the party and rock the party
The first nigga try me, we stop the party, huh, on God [Verse 1: Quavo]
Woo, bricks in the brick house (Yeah)
Use to hit licks and go to ma house (Licks, momma)
Straight out the jungle (Yeah, yeah, yeah, yeah)
Young nigga don't know nothin' now (Ya)
Young nigga know too much now (Woo)
Bow bow bow, that'll slow them down (Uhh, yeah, yeah)
We pick up the hundos (Hundos)
Then drop them off to Huncho (Huncho)
I came from the bando (Bando, beep beep)
Here go the wide load [Verse 1: King Von]
Niggas ain't gon' shoot for real (Uh-uh)
They ain't gon' shoot for real (They ain't gon' shoot)
I call up Muwop, he grab his Glock (I call) and he gon' shoot to kill (Grrah, grrah)
I done hit stains for real, uh (Huh? What?)
Niggas ain't gang for real, uh (Huh? What?)
Niggas go to jail and tell (Huh?)
I done sent hits from my cell, damn (Yeah)
Bad bitch posted my bail, uh (Uh-huh)
Scream, ""Fuck 12,"" uh (12)
All these bales (Fuck) came from the cartel (The cartel)
They say I got mail, damn (I got mail, yeah)
Who got nailed? (Who got nailed, huh?)
That boy a trophy (What?), I'ma put him on the shelf (Boom, boom, boom, boom, boom) [Verse 1: Lil Yachty]
Lil' nigga, quit bitchin', I ball like a Piston
Them diamonds go fishing, they might hurt your vision
22 shots at his neck if he try me
Looking for me, pussy nigga you found me
I keep real money makers around me
All my niggas gotta stack up the cheddar
All my niggas got to get to the fetty
Pull off in a foreign like it's Andretti
Turn that pussy nigga's brain to spaghetti
This a Rover nigga, this not a Chevy
Keep a couple white bitches with me
Had to nickname her Lil Debby
'Cause she whip the fuckin' pot, ayy
Bitch, don't you run in my spot, woah
Bro had to remix the drop, woah
I beat my case, fuck the cops [Verse 1: YG]
My bitch drive an all-white Range
Couldn't hit it if you niggas had aim
Lames can't call and you a lame
You had it then you lost it, Hall of Shame
I can buy a Bentley, don't talk to me
For a show 150, don't talk to me
You ain't never helped your mans, don't talk to me
You just follow all the trends, don't talk to me
Ayy, I set the bar, I'm the fuckin' bar
Look in the sky, I'm a fuckin' star
I don't fall in love 'cause I be lovin' hard
Do everything like my shirt, extra large
I don't care, I'll crash a Ghost
Got two cribs in two states, I be doing the most
I got white-folks money that I won't blow
And if you ask why, 'cause the white folks don't

[Verse 3: NLE Choppa]
Hop on the scene and I'm thuggin'
This Glock on my hip, so you know that I'm clutchin'
Catch me an opp, I'ma down him in public
The police keep askin', I'm changin' the subject
The way I grew up, man, a nigga was rugged
Why the fuck you got a gun? You not gonna bust it
And a hundred some shots, I ain't doin' no tustlin'
Give a nigga temptation like he David Ruffin
I ain't gon' cap, I don't even like rappin'
But I love wrappin' them bodies and shit
Fuck the bitch, and when I get done
I'ma up my Glock and then rob the bitch
Catch a nigga when he clock out
I'ma get him whacked at his job and shit
And I don't know why the police keep fuckin' with me
'Cause they ain't stoppin' shit, yeah
Spin on your block like a remix
Shoot him in the face, get his teeth lit
Extended clip like a broomstick
Shoot a flick like Netflix
Scratch an opp off the checklist
I just bought a gun off Craigslist
Shoot an opp in the brain, I'm leavin' a stain, only thing you see is red shit
If the police behind, we keep duckin'
My gun need some drawers, it got nuts
Whole gang, we strapped, don't test us
If a nigga play, he gon' get bust, yeah
NLE the Top Shotta, don dada
Got the bombs like Al-Qaeda
Yeah, yeah, yeah, yeah [Verse 1: Offset]
Hatin' ass nigga 'cause I got it out the mud
Hatin' in the family, nigga, be your own blood
Screamin', ""Fuck 12"" to the D.A. and judge
Never been a dub, never been a scrub
.45 Glock, now, oh, you want the judge?
Better than who? Must be high on them drugs
Coolin' in the mansion with the bubbles in the tub
Heard you undercover, you a bitch, you was a stud
'Set, yes, nigga, don't try me
In a Lamb', I be damned if a nigga try me
Gettin' ham with the fam, man, a nigga gotta eat
Shawty, nuttin', I'ma bust, I'ma trick for a treat
'Fore I bought the Lamb', I was ridin' in the Jeep
Five-hundred horses with a stick on a seat
Fuck that nigga, he'll fold when there's heat
Go against the code for the dough, boy, you weak
Go against the grain, man, you know a nigga lame
Cartier frames, I can see a nigga brain
Cartier bracelet, they matchin' with the chain
Dirt up on my name, man, you nigga should be shamed
Knock off her boot when I'm throwin' up gang
Diamond fruit loops in this watch, and it's plain
My dawg got the juice and I'm smokin' propane
I'm gunnin', I run to the money, Usain
Who talkin'? Who tellin'? Who sang?
I'm sellin' prescription cocaine
She fuck with my pimpin', my cane
I'm Michael, I'm not no Jermaine
Jealousy, that shit gon' eat your heart out
This a AR, sawed off, we'll slay your squad out
This the beast you brought out, this a feast, we ball out
I'll eat your heart out, I'll pull your card out
It's simple, put holes in his face like it's dimples
New Kimber, new bop-bop, bop-bop, make it limp him
He play with me, blowin' me, rise in my temper
I got millions of racks in my mansion, my temple
I'm gangsta but with your bitch, I get gentle
Wanksta, take out your teeth like it's dentures
I'm blankin', you eat this Glock, I'm Miss Winners [Verse 2: Cardi B]
Look, ain't no bitch finna front on me (No)
Bad body bitch with the jumbo teeth
Yellow Lamborghini like a bumblebee
Girl, nobody listen to you 'less you talking 'bout me (Woo)
It's always a bird tryna tweet shit (Yeah)
You offended when I be on defense (Fuck you)
They're too worried 'bout me and my nigga (Huh)
You should worry 'bout the nigga yours sleep with, hmm (Ah)
Face is given and never not gave
Been to Atlanta, but bitches ain't brave
How bitches mad? I'm the number one pick
It's funny, your nigga the one that's a trade
Bitches is mad stupid (Stupid)
They get to the bag and lose it (Lose it)
I'm still in the bed, I live in her head
Water and gas included, brrt (Grrah)
Bitches don't wanna go Birkin for Birkin
Bitches ain't got enough hits for a Verzuz
Bitches be actin' so different in person
Cartier frames, I can see why she nervous (Woo)
This shit a circus, I'm dripped in detergent
I'm sick, get the nurses, my whip got the curtains
I'm dripped out in Hermes
A bitch say my name, then she number one trendin'
I did you a service, bitch","","","","",""
"gui gam","The Quiett","7ybE42Hv2nnAWIrjfAxlCM","[Intro]
Pauer

[Chorus: ZENE THE ZILLA]
빈손으로 결국 여기까지 왔잖아
꿈이라 말하던 세상에서 살잖아
시가 한 대 태우며 좋아하는 술 한 잔하고
임마, 우릴 칭할 때는 이제 귀감
귀감, 내가 너의, yeah, yeah, yeah
귀감, 내가 너의, yeah, yeah, yeah
귀감, 내가 너의, yeah, yeah, yeah
귀감, 내가 너의, yeah, yeah, yeah

[Verse 1: The Quiett]
I'm your father baby, you’ve been motivated
나로 인해 이 game이 제대로 왔지, ain't it
Hardwork, pays off, work hard, no day off
언제나 감아 내 태엽, 16 마디 my lay up
Don't stop what you doin’, 최소한 없어야지 후횐
인기를 얻고난 후엔 더 빡세게 가야지, 뭐해, uh
콰형이 하는 걸 잘 봐, yah, 자식들 인기는 짧아, yah
반짝 star들 잘 가, yah, 난 S mode로 밟아, yah
Ay, selfmade legend, 그게 나
힘들었던 때가 생각나, yeah
Put my name on your top 5
You better act like you know

[Chorus: ZENE THE ZILLA]
빈손으로 결국 여기까지 왔잖아
꿈이라 말하던 세상에서 살잖아
시가 한 대 태우며 좋아하는 술 한 잔하고
임마, 우릴 칭할 때는 이제 귀감
귀감, 내가 너의, yeah, yeah, yeah
귀감, 내가 너의, yeah, yeah, yeah
귀감, 내가 너의, yeah, yeah, yeah
귀감, 내가 너의, yeah, yeah, yeah

[Verse 2: ZENE THE ZILLA]
The Quiett CD 사서 듣던 놈은 결국에
Quiett Heaven에서 이 hook과 verse를 녹음해
내가 바닥 출신인 건 너도 알잖아
근데 이거 봐, 형이 주신 Nike가 내 발바닥에
바다 같은 소파에서 시가 한 대 펴, yo
이제는 여유를 배울 시간이 됐어, yah
Quiett 형은 내게 귀감이 됐고, woo
이젠 내가 너희들의 귀감이 됐어, ayy
삼봉이 너무 뜨거워 완전, yah
성공이 울려 내 삼성, yah
춘천놈 인생이 반전, yah
Young thuggies 2018 당첨, yah
임마, 이건 아냐 우연
임마, 이건 말야 분명 야망꾼들의 운명

[Chorus: ZENE THE ZILLA]
빈손으로 결국 여기까지 왔잖아
꿈이라 말하던 세상에서 살잖아
시가 한 대 태우며 좋아하는 술 한 잔하고
임마, 우릴 칭할 때는 이제 귀감
귀감, 내가 너의, yeah, yeah, yeah
귀감, 내가 너의, yeah, yeah, yeah
귀감, 내가 너의, yeah, yeah, yeah
귀감, 내가 너의, yeah, yeah, yeah","","","","",""
"Prime Time - Remix","The Quiett","1o2PvMDh6jZ6zyhR8upKHR","[Hook: The Quiett]
It’s my motherfuckin prime time, ay
Illionaire, ambition time now, ay
그 자식들은 불러 time out, ay
But game’s over, 난 이미 와있지 다음 round
It’s my motherfuckin prime time, ay
Illionaire ambition time now, ay
그 자식들은 불러 time out, ay
But game’s over, 난 이미 와있지 다음 round

[Verse 1: ODEE]
믿음 없던 mofuckers, ay
내 실력에 의심 샀으면 다시 제값 못 받지
이제 SLY는 신흥종교, ay
누가 날 점쳐? 정성을 들일 굿판
오직 공연 푼 돈 얼마 벌 정도에서
이젠 조카 용돈 챙겨 넣어둔 지갑, 두꺼워진 성공
전화는 걸러 넘겨, 평소에 연락 없던 번호 수신거부
이건 너희들에겐 볼 자격도 없을
It's my mofuckin prime time, ay
동시간대에 주목도는 highclass, ay
안 끝나, 의미 없을 countdown, ay
이제 밤보다 많은 돈 세게하지
나의 해 뜰 날 올 줄 몰랐겠지
야, 난 다음 꿈에 살아
항상 눈을 뜬 채로 드는 단잠
이 자식들을 봐, 수면 아래 가라앉지
곧 사라질 fuckin' part time rappers
위로 다시

[Verse 2: CHANGMO]
It's my mofuckin prime time, yeah
이 rap game 누가 왕자? huh
아마 넌 떠올리겠지 nafla, yeah (인정)
그래, 왕잔 많아, 하지만 나는 방원 style, style
See my Chrome Hearts watch, yeah
난 쏴, 한 손에 쥐고 bra, grrrr, man
Mufucka I’m so wild, 봐, 난 유일무이한 아이
반도 사람들이 내 출신을 다 알잖아
알다시피 출신은 리, 현재 적은 시
신축 아파트 위 도덕형이 말린 술 취한 tweet
Thank you my 형님s, 돈 벌어, 25
어리고 잘해, 난 마치 우림이
느꼈어, 나, 최근에 나는 너무나 착하게 지냈지
거리 내 놈들아 몇 년 전 기억하니 ?
그때 존나게 구르던 창모 사람 됐네
But I’m still the fuckin savage, 돈 내, 이 씨발럼아
난 공인 아냐, 입 놀리면 패, 이 씨발럼아
동네 드루와 다

[Hook: The Quiett]
Ay, It’s my motherfuckin prime time, ay
Illionaire, ambition time now, ay
그 자식들은 불러 time out, ay
But game’s over, 난 이미 와있지 다음 round
It’s my motherfuckin prime time, ay
Illionaire ambition time now, ay
그 자식들은 불러 time out, ay
But game’s over, 난 이미 와있지 다음 round
It's my motherfuckin prime time

[Verse 3: Hash Swan]
빛나 손목, 이만큼, It’s prime time
돈 비가 오지, 미안, fuck your Tequila, oops
때 지났죠, 이 씨발놈아, feel like boss
코피 났던 그 지랄도 다 빛나 보여
김포서 한 5년 굴러먹다 여의도에서 피카부
Yah, I don’t wanna get your prob
Yah, I just wanna get your diamonds
Yah, 나는 Porsche가 사고 싶어졌기 때문에 걍 면허를 딴 놈
We on 24th floor, we on 24th floor
높아, 귀가 너무 아팠거든 so I needed 911
It’s our prime time, yah, It’s my prime time right
이뤘네 내 상상, cheese on Quiett 형의 라이카
난 또 더 가질 걸 미리 생각하면서 mime 하지
넌 절대 못하는 말을 할 수 있는 개싸가지
가진 건 시간뿐이던 고삐리
이젠 그 시간을 사려는 사람들이 붐비지
우릴 보기 위해 Youtube 15초를 기다리지
망원 언더는 팔렸고 이제 거긴 Victoria Secret

[Verse 4: Dok2]
Its my mothafuckin' prime time
Shit uncountable honorable
Moments pull up in my high spirit
Still rockin em jewels
Hop in the booth fire
Straight up been fly stayed up
Get high blaze up good bye haters
Sick bars A1, 힙합에 이선 날 이길자 who?
니가 무슨 다이아, 니가 뭔 시계 있다구?
You and you and your crew W-A-C-K too
니들이 올라가다 질 때 난 늘 이길 때 뿐
난 저 태평양을 지나 조금 넘어서
비가 와도 우산 따윈 쓰지 않은 겉멋을
비틀대도 비틀 틀면 비틀 땐 안 넘어져
Dtla swervin butmy attitude like wattup dun
Now check it
이젠 새 차, 새 옷을 사도 설레지가 않어
늘 화려함의 다 가려져 무감각했던 반응
Bad news, 논란과 발언, 그딴 거 영향 없잖어
뭣 하러 널 따러 가다 넘어져
난 못 가려 내 자신, 내 기분

[Bridge: Los]
Im straight up
Prime time, hustle no days off
Illionaire, Ambition til my days up
Middle finga plus two fingaz
Fuh the hataz

[Hook: The Quiett]
It’s my motherfuckin prime time, ay
Illionaire, ambition time now, ay
그 자식들은 불러 time out, ay
But game’s over, 난 이미 와있지 다음 round
It’s my motherfuckin prime time, ay
Illionaire ambition time now, ay
그 자식들은 불러 time out, ay
But game’s over, 난 이미 와있지 다음 round
It's my motherfuckin prime time","","","","",""
"2 Chainz & Rollies (Feat. Dok2)","The Quiett","5Kv4Gy3pu0Dk9Zn7zjOrjR","[Intro: The Quiett]
My 2 Chainz and Rollies
2 Chainz and Rollies
2 Chainz and Rollies
2 Chainz and Rollies
2 Chainz and hol' up

[Verse 1: The Quiett]
Rap star, flashlights, gettin' my cash right
I rap nice, her ass nice, my Day Date Rolex nice
All I got is 1 mic and 2 chainz and 3 chicks
1 Rollie, 2 door Mercedes, 300 kicks
그 누가 뭐래도 난 the best of the decade
몇 번의 성공, but still tryna get paid
Naysayers and playa haters can't tell me nothin'
날 쬐끔도 따라 올 수 없지 너흰
We Illionaire, we doin' big. Yeah, true indeed, 네겐 꿈이지
사람들은 다들 우리 집이 원래 부자인 줄 알고 있지
But my life's Slumdawg Illionaire movie shit
그래, 지금은 Vegas에서 다음 편을 찍고 있지
니 차보다 비싼 시계를 차고 있어 난
그게 뭐든 간에, Hyundai, KIA or Nissan
This fuckin' beat produced by Q and Prima Vista
Fuck these broke ass motherfuckers. Peace out

[Hook: The Quiett]
2 Chainz and Rollies, 2 Chainz and Rollies
2 Chainz and Rollies, 2 Chainz and Rollies
2 Chainz and Rollies, 2 Chainz and Rollies
2 Chainz and Rollies
2 Chainz and Rollies, 2 Chainz and Rollies
2 Chainz and Rollies, 2 Chainz and Rollies
2 Chainz and Rollies, 2 Chainz and Rollies
2 Chainz and a motherfuckin' Rollie

[Verse 2: Dok2]
18K white gold full diamonds blue sapphire bustdown Rollie
난 좋은 직장, 좋은 집, 차 가진 남자 one and only
니가 쉴 때 난 빡세게 일해 배로 벌어, 니가 뛸 때 난 놀지
Y'all be fallin' while I'm ballin'. Shoppin' spree in Vegas mallin'
논리는 없지만 늘 완벽해, play the beat, 반복해
Illionaire, 이곳에선 제일 잘 나가, 탈옥해
가격표, 가격대? 2NE1, I don't care
Bada boom bada bang, 두 손 들어 내게 항복해
I gotta spend my mula crazy, 돈뭉치를 날리지
인천에서부터 world wide, get my fuckin' airline mileage
My street knowledge over 니 명문 fuckin' college
Rap star, my life, two job으론 안 갈리지
Rolex, mo' sex, good life, no stress
Don't test, go let's, dope, best, I'm so blessed
Thank you

[Hook: The Quiett]
2 Chainz and Rollies, 2 Chainz and Rollies
2 Chainz and Rollies, 2 Chainz and Rollies
2 Chainz and Rollies, 2 Chainz and Rollies
2 Chainz and Rollies
2 Chainz and Rollies, 2 Chainz and Rollies
2 Chainz and Rollies, 2 Chainz and Rollies
2 Chainz and Rollies, 2 Chainz and Rollies
2 Chainz and a motherfuckin' Rollie

[Interlude: The Quiett]
애들이 그러는데 이 노래가 자랑이 너무 심하대
심한 정도가 아니지
미친 거 아니야?

[Verse 3: The Quiett]
Got my 2 Chainz, no Tity Boi, Illy boys get milly, boi
늘 돈 되는 일이 모이는 길이 보여, let's get it, boi
나를 향한 기립 박수, 진짜를 원하면 이리 와
우린 정말 질이 달라, 확실히 완전히 feel이 와, uh
재벌을 바라보는 부자, 넌 그지를 바라보는 loser
나를 따라 오는 여자 또 나를 따라하는 남자
니 질투와 시기는 좀 기집애 steelo
내 돈을 욕한 다음에 고민하지 진로
난 니가 평생 벌 돈을 미리 벌어
또 난 여전히 창창해, 갈 길이 멀어, uh
Okay, 성공은 내 mission, go harder, ambition
Sucker rapper들은 댐비지만 본전도 못 챙기지
너의 오래된 bad bitch는 내게 와서 앵기지
난 여자친구가 있어도 또 하나가 더 생기지

[Hook: The Quiett]
2 Chainz and Rollies, 2 Chainz and Rollies
2 Chainz and Rollies, 2 Chainz and Rollies
2 Chainz and Rollies, 2 Chainz and Rollies
2 Chainz and Rollies
2 Chainz and Rollies, 2 Chainz and Rollies
2 Chainz and Rollies, 2 Chainz and Rollies
2 Chainz and Rollies, 2 Chainz and Rollies
2 Chainz and a motherfuckin Rollie","","","","",""
"han gang gang","The Quiett","3DYoqCSudlbumn6waFswIE","[Chorus: 장석훈]
Hey, let's go to the 한강
Have a good time, have a good time
Look at all this people
Stand in line, in line
But I gotta get mine 한강 gang, yeah
Gotta get mine 한강 gang, yeah
Skippin' these lines 한강 gang
Have a good time, have a good time

[Verse 1: The Quiett]
미세먼지 없는 날은 아까워 왠지
Chillin' with my homie 병언, 한강 gang shit
Wing doors go up at the riverside
사람들이 핸드폰을 들고 찍어 날
Ay, 광명에서 온 여의도민 rockstar
Ay, 연예인이라기보다도 악사
Ay, 간장게장 is better than lobsters
난 이 세상에 나의 노래들로 낙서해
Basquiat, Marriott
내 걱정 마, 이건 내 인생이야, yeah
Look at my watch, yeah
Look at my Rollie, yeah
성공했다면 네게 다가오는 놈을 멀리해
If and Co ice rings, yeah
편의점 ice creams, yeah
섞어 입어 Adidas, Nike
아님 Bape and Supreme, yeah
한강 gangs, don't care about those thangs
We just out here puttin' in that work

[Chorus: 장석훈]
Hey, let's go to the 한강
Have a good time, have a good time
Look at all this people
Stand in line, in line
But I gotta get mine 한강 gang, yeah
Gotta get mine 한강 gang, yeah
Skippin' these lines 한강 gang
Have a good time, have a good time

[Verse 2: CHANGMO]
서울을 갈라놓는 한강 동쪽 길을 따라
가다 보면 내가 자란 곳 있죠
스물 때 밤마다 자전거를 탔죠
물통 속에 막걸리 뚜껑 하나 땄죠, ay
나는 서울에 나갈래, 존나 유명해질 테야
'돈 벌 시간 1' cover 덕소 한강 해질 때야
동쪽 따라 더 가면 내 놈 도야 집이 나와
마을 회관서 벤치프레스, 돈 아끼는 길이야
여전히 내 목표는 광장동 강변의 집이야
녹음하는 곳 여의도 강변 사장님네야
한강 속엔 나의 추억이 섞여
이를테면 나의 학창시절 여친과의 포옹
정말 풋풋한 그런 거지
한강변에서 나랑 사장님과 병언씨 앉아있어
축복받은 삶에 정말 감사해
서울 중간에 강 놔준 god 사랑해
돈 벌어, ay

[Chorus: 장석훈]
Hey, let's go to the 한강
Have a good time, have a good time
Look at all this people
Stand in line, in line
But I gotta get mine 한강 gang, yeah
Gotta get mine 한강 gang, yeah
Skippin' these lines 한강 gang
Have a good time, have a good time","","","","",""
"Air DoTheQ","The Quiett","4upOsnQ7cX92RhM4WYj94b","[Verse 1: The Quiett]
제대로 보여줘왔지 모두 앞에
내가 새로운 걸 할 때 이 rap game은 바뀌어 왔네
Backpack rap에서 trap rap and everythang
도덕 motherfuckers we gotta get paid
1LLIONAIRE flow, 너는 막을 수가 없어
내게 몰려오는 돈과 명예
니가 나를 댓글 같은 걸로 욕하던 때
그 순간에도 내 몸값은 더욱 높아졌네
이 말은 걍 하는 말이 아냐, 난 재작년보다 세배를 벌어
내 삶은 좀 많이 변했지만 내 rap은 gutter
넌 아직도 과거를 말하지, yo, shut the fuck up
난 앞으로 나갈 마음 밖에는 좆도 없어
My ambitions as a motherfuckin' ridah
Hustler's life, 나의 음악들을 팔어
뭘 좀 아는 자식들은 우릴 알어
제대로 떴지, 공중에, holla

[Verse 2: SUPERBEE]
I'm the hottest motherfucker, 내겐 여름도 겨울
절대 멋없는 것은 안 해, 이 철없는 놈은
I'm on my cassidy shit, 홍대 city
막걸리 아재를 빙의한 것처럼 늘 hustle
나를 더러운 속옷처럼 빨아
기억나, 어릴 적이
치킨 껍질만 먹고선 바로 버리는 벌이를 버는
부자가 되는 게 꿈이었는데
이젠 두 마리를 spend it everyday, yo
하나를 이뤘으니, let me take it to the next level
이제는 지구 전 세계에 지폐를
내 money clip에 비대한 내 꿈 때문에 이제
내 지갑은 위인전 되겠군, dang
난 아냐, 거짓말쟁이
세다 100살 할아버지 되는 money I'll get it
Wooh, 봉준호 감독님의 전화를 받았지
'Cause I'm a monster, 이건 괴물2 촬영씬
Motherfuckers

[Verse 3: myunDo]
Yeah, yeah, myunDo finally made it Top 16
이 곡이 끝난 뒤 날 기다리는 건 더 높은 위치
Dok2 and The Quiett과의 연결고리
History in the makin', 난 쇼미 역사를 써내리지
My name myunDo go tell em, turn up
82 workin all day, 82 all day
Work hard, play hard, 왜 두 개를 못 해 한 번에?
연남동에 한 번 와봐, Espanol로 come to mi casa
살아있는 교과서, 한 번 더, that's que pasa
아침 해를 보는 일, 뭐 먹을지 고르기
가끔 망할 녹음이 안 될 땐 플스방에 가 with SUPERBEE
UFC 하다보면 시간이 금방 흘러가
일상 속에서 영감 받고 난 가사 쓰러 가
불금엔 우리 김치힐갱끼리 술 마시러 다녀 어디든
Kidk Kidk 맨날 집에 가야 된다면서
왜 잔뜩 취해서 내게 던져 휴지를?
MC Rap형 또 사라졌네, 역시 여자 번호 따러갔네
역시 멋이 가나, 나랑 play형은 감탄 중
물론 거절당할 건 이미 알잖아

[Verse 4: Flowsik]
서울 빌딩 숲에 치여, uh, 멍드는 사이
Uh, 떠오르는 hit곡과 명곡의 sign
I’m one of a kind, this one’s for the books
Mike Tyson on a fight night, smash y’all tonight
봄은 flow season, 시든 꽃들은 뽑고 다시 씨를 심어
Let me pick up, 10억짜리 열매
총대 꽉 들어매, 끝나지 않는 전쟁
애들도 이젠 TV를 보고 배워 내가 선생님
넌 질 걸 이미 알아, 겁먹어 먼저 GG를 치지
A fake you are CG beneath me
Even when I lay down
Lei Wu Long with the moves versatile
Been in this world, longer storms were stronger
태평양을 건너 무대 위로 너머
돈이 안 보이냐, listen to the words I offer
Before you get buried, 먼저 주둥이부터 덮어
네 말은 미세먼지, 무게는 가벼워
힙합의 민족 마이크 잡는 거는 아무나
넌 아줌마 애기 with a lollipop
I’m done with them half ass raps
Don’t give me 반토막
Your delivery’s lukewarm dude
Straight food, 철가방 속 차가운 국
Flow는 둘째 치고 honestly you missing that boom
I got that 태풍의 눈, and I 훔쳐 네 꿈
Vroom, vroom
You need 부모님’s permission give a call
아들 음악 그만 때려쳐
형이 마이크 잡고 I will roll up both of my sleeves
And then put hands on you Steven Segaul
Hold up, hold up, yah
Ya’ll sweeter than 콜라
Wuttup, when you see me you roll up
Cuz I when I grab the mic and its over
네 모습 보고 아직도 멀었어
꼭대기 I’m on top of the mountain with 도덕

[Verse 5: Dok2]
도덕, 도덕
Rapper가 되기 전에 인간부터 되고 오려무나
욕심 따윈 개나 줘버려
매사에 버럭 두 눈에 불을 켜고 덤벼 들면
어떤 일이든지 네 뜻대로 잘 되나 봐라
마음에 여유 하나 없는 것들이 삶에 풍요를 바래
돈을 벌어 성공에 눈멀어
I don‘t fuck wit that shit
난 그 덜 떨어진 인간들과는 내가 가는 길은 같이 안 걸어
I got that sick flow, yeah, I flow sick too
SUPERBEE처럼 기분이 좋아
까칠함은 싹 밀어버려, 면도
부드럽게 올라가 내 이름의 값
크리스토퍼 백 빼곤 빽 따윈 두지않아
비리 없이 I be illin on charts
Nah bitch you ain't killin' my vibe
Yeah, boy, this is illionaire life
Get down to the 본론, ball on
그래, 내가 여태 번 돈 그걸론 만족할 순 없지
Hold on I want more, 내가 왔네, 돈 벌러, 아니 놀러
Show Me The Money 승패는 상관없이
Hip-hop 하나로 다 발라 너희
부정할 수 없는 classic
진짜 아는 놈은 알아서 다 알아 먹지","","","","",""
"go yard","The Quiett","5gbWa7HCMQQd2S4K6kf6SK","[Intro: The Quiett]
Go yard, I don't need no vacation
올림픽 대로 위로 몰아, 내 spaceship
넘 많이 봤어, 가짜 부자들의 fake shit
이 자식들은 진짜 못 느끼나, 죄의식?

[Verse 1: The Quiett]
Let me go back to the basic
Soundblaster와 cracked drum station
나를 환영하지 않았던 이 rap scene
그럴수록 열일했지 불평 대신
솔직히 잊고 살았어 엄마 생신
1년 내내 무대에서 입어, same shit
이젠 매일 pop tags of my 새신
Now I'm runnin' two labels, no CJ shit
Bitch, I'm on the top now
이런 놈 봤나?, uh
이 rap game 누가 왕 now?
국힙 원탑, you just chase thots
너흰 말해, 이게 다 Show Me The Money 탓, uh

[Chorus: Paul Blanco]
가짜 금목걸이 산 게 어제 같애
아빠 내년까지 은퇴 시켜야 해
나는 더 이상 거리로 출근 안해
감옥에 있는 내 형제들 미안해
Vince carter I'm ballin'
Can you imagine if this didn't happen
You shouldn't have switched sides, 병신아
날 욕하던 새끼s 어디 갔나?
형들도 나를 보면 눈 깔아

[Verse 2: The Quiett]
어린놈이 건방지다 욕먹곤 했지만
이젠 모두 알아, 누가 건방진 건지
이젠 내 앞에서 굽신대네, shit is funny
난 알아, 니가 가진 돈이라곤 T-money
Korean rap god, I don't need no drums now
No fast flows, 느리게 해도 넘사
Illybition, baby, hot like summer time
언제나 classic을 뱉지 like 성악가
습관이 됐어, 너희의 예상을 깨는 게
I won't keep it real I just keep it fresh, yeah
Nah, man, 새로운 돈이 아님 안 벌어
또다시 판을 바꿔, 고기집 알바처럼
Go yard, I don't need no vacation
올림픽 대로 위로 몰아 내 spaceship
웬만한 배우보다 괜찮게 생긴 놈이
Chevy 광고를 찍고서 swangin'

[Chorus: Paul Blanco]
가짜 금목걸이 산 게 어제 같애
아빠 내년까지 은퇴 시켜야 해
나는 더 이상 거리로 출근 안해
감옥에 있는 내 형제들 미안해
Vince carter I'm ballin'
Can you imagine if this didn't happen
You shouldn't have switched sides, 병신아
날 욕하던 새끼s 어디 갔나?
형들도 나를 보면 눈 깔아","","","","",""
"namchin","The Quiett","1jBWWHVx5E6ompn11XUtoC","[Chorus: Leellamarz]
Baby you are my ride, I don't need that Rarri
매일이 너의 birthday, 또 오늘 밤도 party해
You never let me off, 근데 넌 마치 Cardi B
My love my baby, I'll be a good namchin for you
I'll be a good namchin for you
I'll be a good namchin for you
I'll be a good namchin for you
I'll be a good namchin for you
I'll be a good namchin for you
I'll be a good namchin for you
I'll be a good namchin for you
I'll be a good namchin for you

[Verse 1: Leellamarz]
I'll be a good namchin, 난 안 쓰지 반칙
All I want is you, 너는 통하지 않지 상식
비싼 시계 안 찼지, 비싼 신발은 Yeezy
하나 정도 있어, 나머지는 네게 올인해
You are my ride, you are my side, baby
No matter what lately
전화 걸어, 너랑 이런저런 말들 하고 싶어
뭐가 됐든 상관없이 너는 항상 이뻐
You are my ride, you are my side baby
No matter what lately
넌 날 찾지 않아도 돼, 옆자리에 있을게
뭐가 됐든 상관없이 니 말이면 it's okay

[Chorus: Leellamarz]
Baby you are my ride, I don't need that Rarri
매일이 너의 birthday, 또 오늘 밤도 party해
You never let me off, 근데 넌 마치 Cardi B
My love my baby, I'll be a good namchin for you
I'll be a good namchin for you
I'll be a good namchin for you
I'll be a good namchin for you
I'll be a good namchin for you
I'll be a good namchin for you
I'll be a good namchin for you
I'll be a good namchin for you
I'll be a good namchin for you

[Verse 2: The Quiett]
Baby, you are my best ride, 너만 있음 돼 나는
우연히 나타난 너는 이제 내 삶의 most important part
너는 나의 삶의 전부, 빈말이 아니라 all true
순식간에 너의 맘을 훔쳤지만 물론 아냐 나는 선수
첨 너를 봤을 땐 별다른 맘은 없었지만 몇 시간 뒤
강하게 느꼈지, 넌 나의 여자가 될 거란 걸, right
한잔 더 시켰지 괜히, shout-out the bar we went in
더는 외롭지 않아 이제는
Baby girl you the shit you the baddest
I'll do everything with you
넌 날 환하게 비춰, like california sunshine
I'ma kiss you like the first time
원하는 것, 원하는 곳 뭐든 말해
우린 떠나 we're ridin' thru the high way
With the motherfuckin roof gone, yeah

[Chorus: Leellamarz]
Baby you are my ride, I don't need that Rarri
매일이 너의 birthday, 또 오늘 밤도 party해
You never let me off, 근데 넌 마치 Cardi B
My love my baby, I'll be a good namchin for you
I'll be a good namchin for you
I'll be a good namchin for you
I'll be a good namchin for you
I'll be a good namchin for you
I'll be a good namchin for you
I'll be a good namchin for you
I'll be a good namchin for you
I'll be a good namchin for you","","","","",""
"Prime Time","The Quiett","6RFzA8mLXRgrMnpMUOvKiy","[Chorus]
It’s my motherfuckin' prime time, ay
Illionaire, Ambition time now, ay
그 자식들은 불러, time out, ay
But game’s over, 난 이미 와 있지 다음 round
It’s my motherfuckin' prime time, ay
Illionaire, Ambition time now, ay
그 자식들은 불러, time out, ay
But game’s over, 난 이미 와 있지 다음 round
It’s my motherfuckin' prime time, ay

[Verse 1]
이 rap game 누가 왕 now? Ay
니들은 꺼져버려 당장, ay
난 음악 갖고 장난치지 않아
My time to motherfuckin' shine now, ay
자전거에서 부터 top down, ay
넌 이제 내게 못해 반말, ha
내가 이 정도로 잘 나갈 줄 알았으면
나를 그렇게 대하진 않았겠지
그땐 니가 좆될 줄 몰랐겠지
니가 실력이 있었음 떴겠지
I ain’t no Pac, you can’t come with me
What do we have here now
이 game을 계속해서 키워 난
어디까지 갈진 몰라도 you know who’s real now
I’m just flexin' on lames, 아주 잘 휘어, 나는
Fuckin' cheerleaders do your cheers now

[Chorus]
It’s my motherfuckin' prime time, ay
Illionaire, Ambition time now, ay
그 자식들은 불러, time out, ay
But game’s over, 난 이미 와있지 다음 round
It’s my motherfuckin' prime time, ay
Illionaire, Ambition time now, ay
그 자식들은 불러, time out, ay
But game’s over, 난 이미 와있지 다음 round
It’s my motherfuckin' prime time

[Verse 2]
It’s the return of the underground, yo
We still runnin' shit, autobahn, uh
여긴 우리가 접수해 오늘 밤에
어디를 가든 they show love to the max, uh
I let em bitches know who the mack, yo
예쁜 여자들은 매일 들어 내 rap
Dok2, Zino rap, 효은, 창모 rap, Hash rap
Fuck yo hashtag, it’s that real shit, motherfucker
니 style 구려 솔직히, motherfucker
정신 좀 차려, 이제 이거나 먹구
세상은 바꼈지, 니가 뻘짓하는 사이에 벌렸거든 riot
빌어먹을 Quiett, 내려놓게 해, rapper들의 mic
대신 젊은 아이들의 때가 오게 했지, right?
이건 아홉 번째 솔로 Millionaire Po’
I don’t stop forever I flow

[Chorus]
It’s my motherfuckin' prime time, ay
Illionaire, Ambition time now, ay
그 자식들은 불러, time out, ay
But game’s over, 난 이미 와 있지 다음 round
It’s my motherfuckin' prime time, ay
Illionaire, Ambition time now, ay
그 자식들은 불러, time out, ay
But game’s over, 난 이미 와 있지 다음 round
It’s my motherfuckin' prime time


Romanization

It’s my motherfuckin prime time ay
Illionaire ambition time now ay
Geu jasikdeureun bulleo time out ay
But game’s over
Nan imi waissji daeum round
It’s my motherfuckin prime time ay
Illionaire ambition time now ay
Geu jasikdeureun bulleo time out ay
But game’s over
Nan imi waissji daeum round
It’s my motherfuckin prime time ay

I rap game nuga wang now ay
Nideureun kkeojyeobeoryeo dangjang ay
Nan eumak gajgo jangnanchiji anha
My time to
Motherfuckin shine now ay
Jajeongeoeseo buteo top down ay
Neon ije naege moshae banmal ha
Naega i jeongdoro jal nagal jul arasseumyeon
Nareul geureohge daehajin anhassgessji
Geuttaen niga jot doeljul mollassgessji
Niga sillyeogi isseosseum tteossgessji
I ain’t no pac u can’t come with me
What do we have here now
I geimeul gyesokhaeseo kiwo nan
Eodikkaji galjin mollado
You know who’s real now
I’m jus flexin on lames
Aju jal hwieo naneun
Fuckin cheerleaders do your cheers now

It’s my motherfuckin prime time ay
Illionaire ambition time now ay
Geu jasikdeureun bulleo time out ay
But game’s over
Nan imi waissji daeum round
It’s my motherfuckin prime time ay
Illionaire ambition time now ay
Geu jasikdeureun bulleo time out ay
But game’s over
Nan imi waissji daeum round
It’s my motherfuckin prime time uh

It’s the return of the underground yo
We still runnin shit autobahn uh
Yeogin uriga jeopsuhae oneul bame
Eodireul gadeun they show love to the max uh
I let em bitches know who the mack yo
Yeppeun yeojadeureun maeil deureo nae raep
Dokki jino raep hyoeun changmo raep haeswi raep
Fuck yo hashtag
It’s that real shit motherfucker
Ni seutail guryeo soljikhi motherfucker
Jeongsin jom charyeo ije igeona meokgu
Sesangeun bakkyeossji
Niga ppeoljishaneun saie beollyeossgeodeun riot
Bireomeogeul Quiett naeryeonohge hae
Raepeodeurui mic
Daesin jeolmeun aideurui ttaega oge haessji right
Igeon ahop beonjjae sollo Millionaire Po’
I don’t stop forever I flow

It’s my motherfuckin prime time ay
Illionaire ambition time now ay
Geu jasikdeureun bulleo time out ay
But game’s over
Nan imi waissji daeum round
It’s my motherfuckin prime time ay
Illionaire ambition time now ay
Geu jasikdeureun bulleo time out ay
But game’s over
Nan imi waissji daeum round
It’s my motherfuckin prime time","140.436","0.813","0.4639999999999999","-5.2379999999999995","0.968"
"brrr","The Quiett","1XZX84O7VxZSpMAco3NOX1","[Chorus: BRADYSTREET]
Bitch, I'm so icy like Gucci Mane
Fuck with me no I ain't switching lanes
Inner circle I don't need new friends
Talking bout gang but you a lame
너네는 허세만 부리네
근데 노래는 다 구리네
난 혼자 말을 더 줄이네
Bitch, I'm so icy like Gucci Mane
Brrr, oou, brrr oou, brrr oou, brrr oou
Bitch, I'm so icy like Gucci Mane
Fuck with me no I ain't switching lanes
Brrr, oou, brrr oou, brrr oou, brrr oou
Bitch, I'm so icy like Gucci Mane
Fuck with me no I ain't switching lanes

[Verse 1: BRADYSTREET]
너네는 자존심 부리네
내 속마음을 참 모르네
겉멋만 죽어라 들었네
하지만 심장은 여리네
그래도 내겐 자빈 없네
가짜 rapper들 다 털어내
니 밥그릇 전부 털어내
아가리 먼지 다 털어내
Yah, yah, yah, yah, yah
I got the drip in my walk
Only money when I talk
Sipping on henny no wok
Yah, yah, yah, yah, yah
I juh be counting my guap
I'm on a wave I can't stop
강남에서 milly rock

[Pre-Chorus: The Quiett]
시기를 부려 참 어리석어
시간이 지나 심장이 썩어
매일 같이 힘들어할 바엔
가슴속에 사랑을 좀 섞어
시기를 부려 참 어리석어
시간이 지나 심장이 썩어
매일 같이 힘들어할 바엔
가슴속에 사랑을 좀 섞어

[Chorus: BRADYSTREET]
Bitch, I'm so icy like Gucci Mane
Fuck with me no I ain't switching lanes
Inner circle I don't need new friends
Talking bout gang but you a lame
너네는 허세만 부리네
근데 노래는 다 구리네
난 혼자 말을 더 줄이네
Bitch I'm so icy like Gucci Mane
Brrr, oou, brrr oou, brrr oou, brrr oou
Bitch, I'm so icy like Gucci Mane
Fuck with me no I ain't switching lanes
Brrr, oou, brrr oou, brrr oou, brrr oou
Bitch, I'm so icy like Gucci Mane
Fuck with me no I ain't switching lanes

[Verse 2: The Quiett]
Diamonds on my cuban fuckin' links
Ain't got nothing on my bucket list
성공했더니 넌 적이 돼
그놈의 돈이 대체 뭐길래
상상도 못했지 어릴 땐
이걸 전부 다 써버렸을 땐
니가 돌아올까 나에게
가진 게 없는 한 남자에게
I know I'm doin' it right tho
난 느껴 인생의 단맛, ooh
416 I shoot my shot, uh
To jealous motherfuckas I got, yeah
Paris에서 1lly rock, yeah
세관에 지불해 thousand
3 leica cameras from Germany
Yellow gold watches from Switzerland, oh, yeah

[Pre-Chorus: BRADYSTREET]
시기를 부려 참 어리석어
시간이 지나 심장이 썩어
매일 같이 힘들어할 바엔
가슴속에 사랑을 좀 섞어
시기를 부려 참 어리석어
시간이 지나 심장이 썩어
매일 같이 힘들어할 바엔
가슴속에 사랑을 좀 섞어

[Chorus: BRADYSTREET]
Bitch, I'm so icy like Gucci Mane
Fuck with me no I ain't switching lanes
Inner circle I don't need new friends
Talking bout gang but you a lame
너네는 허세만 부리네
근데 노래는 다 구리네
난 혼자 말을 더 줄이네
Bitch I'm so icy like Gucci Mane
Brrr, oou, brrr oou, brrr oou, brrr oou
Bitch, I'm so icy like Gucci Mane
Fuck with me no I ain't switching lanes
Brrr, oou, brrr oou, brrr oou, brrr oou
Bitch, I'm so icy like Gucci Mane
Fuck with me no I ain't switching lanes","99.984","0.461","0.882","-9.502","0.344"
"Ambition","The Quiett","5oxIQwbWIvAIYDmB2K8E6j","[더 콰이엇 ""Ambition"" 가사]

[Chorus]
(Uh) I did it my way, drivin' through the highway
Success the key to the door, 필요했지 그것만이
커져야 했어 간이 작아지네 이 판이
Money all I want, bitches all I want
Chains all I want, man, cars all I wanted, man
Yeah, bitch, I want it all, bitch, I want it all
Bitch, I want it all, bitch, I want it all, ayy

[Verse 1]
난 꼴 보기도 싫었네
야망 없는 rapper들
멋없는 놈들
I don't hear them
Yeah, I can't really fuck with y'all
I'm gettin' out of the matrix
하지 않으려면 rap lesson
넘어야 했어 내 인생의 test를
밟고 올라가 이 공연의 guest들을
I did it my fuckin' way
너도 내가 밉겠지 난 휘둘렀네 채찍
My life's gettin' hectic
내일이 없는 정신 상태
그들과는 영 반대
I remember what they told me
I thought I was Kobe
매일 찾아와 고비 중독돼 과소비
Scarface soundtrack
I pushed it to the limit
You thought it was gimmick
I dreamed every minute
Wrote every night
비가 와도 꽃이 피니
Got seven days to finish
This fuckin' album called Ambition
Puushin SLK two hundred like I was on the mission

[Chorus]
(Uh) I did it my way, drivin' through the highway
Success the key to the door, 필요했지 그것만이
커져야 했어 간이 작아지네 이 판이
Money all I want, bitches all I want
Chains all I want, man, cars all I wanted, man
Yeah, bitch, I want it all, bitch, I want it all
Bitch, I want it all, bitch, I want it all, ayy

[Verse 3]
I know you're afraid of what I'm gonna be
나도 무섭네 내가 I bet all of me
I became the most hated motherfucker in the game
Fan들도 떠나 그런 건 익숙해졌어, god damn
배수의 진 앞만 보고 사는 인생
You don't know what that mean to be a motherfucking king
I shut myself up, 가시밭길을 달리면서 벌어 paper
I could feel the future
I could feel the energy, I could kill the enemies
I could kill myself if I lose this shit
대기실 motherfuckers, I'd rather die 부자로 살지 못할 바엔
니꿈은 내게 작아, all they want is an apartment
This is Seoul city, 돌아보지 마, there's no pity
To me, sky's the limit, I'm so ambitious and so greedy
Chasin' big dreams (Yeah)
Have you ever had big dreams?
God bless these motherfuckers, man

[Chorus]
(Uh) I did it my way, drivin' through the highway
Success the key to the door, 필요했지 그것만이
커져야 했어 간이 작아지네 이 판이
Money all I want, bitches all I want
Chains all I want, man, cars all I wanted, man
Yeah, bitch, I want it all, bitch, I want it all
Bitch, I want it all, bitch, I want it all, ayy","85.389","0.772","0.502","-5.803","0.462"
"The Fearless Ones","The Quiett","46sqZ2wihaT6Y5CqeshQjd","[Part.1]

[Verse 1: The Quiett]
Yeah, jumpin' like I'm 23, 넌 under me
어제의 나를 뛰어넘지 난 더 높이
Blanco on the track, 이건 H1GHR, Ambition
Yeah, 두려움이란 것은 패배자의 미신
I'm in the zone, yeah, 팔어 내 곡, yeah
니들이 돈에 대해서 논하는 건 내겐 so wack
금반지 여섯갤 가져와 to The Quiett
Champion vibes, 역사책 사이에 gon be invited
Feels swish when I spit mine
알잖아 나의 발엔 제대로 된 kicks만
아무리 바삐 유행들이 주윌 회전해도
초라해질 뿐 85년생의 legend엔
It ain't no question man

[Verse 2: Sik-K]
H1GHR gang go up
내 jumpman 밑에 다 깔렸어
네 친구 전부 그리고 네 team도
너가 계약서에 sign한 label까지도
나한테 한입 거리지 뭐
새 Jordan은 본사에서 왔지
Jordan 캠핑 줄은 behind me
계약서 위에 내 이름을 sign 하지
이젠 광고에서 you can find me
다시 말해 I can't let you win
다시 말해 I can't let you in
부러우면 지는 거야, 부러워만 하지 말고
Keep it g fearless like No. 23
다시 말해 I can't lose
내 target들은 이미 오래전에 dead
시력이 안 좋아도 stable해 내 aim
슛 쏘고 Jordan처럼 말해, ""welcome to the game""
점수 check it, hol' up, 일단 넌 백기 올려
알잖아 다 매진 내 공연, 이제 날 맨 위로 모셔
High-flying airness like Jordan
You will never catch me I told ya
If you trynna catch me, 넌 또 져
If you trynna test me, 바로 손절

[Part.2]

[Intro: Beenzino]
Isshoman, yah, yah, gotta run

[Verse 3: Beenzino]
고개를 숙인 버팔로, 심장에다가 모터 달아
토 달아 봤자 야, I don't look back at them
Passing it to old friends, 달력엔 협업 brand
Triple double 우리 스케줄, Virgil Abloh가 돼
Too many social climbers on my back
걔네를 조심해야 돼, too many business partners
계약서 쓸 땐 변호사랑 pick and roll 해야 돼
바다만 한 spectrum in my music
여전히 막다가 발목 부러짐
활동화 신다가 시간이 멎음
새 신발을 신고 나 euro stepping
발매도 전인 Nike를 착용
포스팅해 바로, 댓글을 달어
Celeb은 celeb임, Mr. Lim은 Independent
될 놈은 될 놈임 이론을 증명을 해버림
내 얼굴 모두가 알아, 내 옷을 모두가 입어
요구해 20억, 그건 내 pivot, dah
Let me see some real money, huh

[Verse 4: CHANGMO]
머리엔 돈이 늘
고졸의 돈 세는 능력은 수학자를 갈기지
난 정말 나 답지
신발 색 맞춰 염색하는 넌 그냥 아가리
Jordan one 범고래 팔고서
컵라면 사 먹은 5년 전 하류층 쓰레기
이제는 부자고 유명인
후보 때도 코트를 절대 안 떠났어
Lit, ay, 내 발 가린 내 신발은 불 위에
이 색에 맞출 옷을 킵 해
290 그게 내 feet, yuh
농구화로 사커 킥, ay
Now I’m gettin stupid rich (Okay)
I got diamonds on my wrist
배운 여자 내게 kiss
돈 벌자 Paully Blanco 내 피

[Outro: CHANGMO]
Fearless one
내게 겁은 없어
I’m the realest one
Fearless one","","","","",""
"BENTLEY 2","The Quiett","3Lye9n9zKVuJyB51jmp8EL","[Chorus: YUMDDA]
I got chopper in my track pants, 그녀가 그랬어 (Grrrah)
진짜 뭐든지 했지 그녀는 날 위해 (위해)
왼손엔 VS diamond but 오른손에는 nightmare (Oh)
I got chopper in my track pants, 그녀가 그랬어, yeah, yeah

[Verse 1: YUMDDA]
Fresh motherfucker so clean
이건 신분세탁 shit
Tom and Jerry where is my cheese
슬퍼도 웃자, 김치
내 Prada 바지는 땀 안나
그래서 그냥 깔 별로 다 샀지
가난이 날 쫓아와
좆밥으로 살 수는 없잖아, 한번 더 사치
계획을 세워 나는 바삐 (빨리빨리)
허리가 아퍼 나는 (유통기한)
주기도문 나는 모름 (몰라)
헬조선은 악마가 벌음 (Ooh)
Bentley, Bentley
기억, 기억 나니
Umm, no, no
내 차나 닦어, 빠끄

[Chorus: YUMDDA]
I got chopper in my track pants, 그녀가 그랬어 (Grrrah)
진짜 뭐든지 했지 그녀는 날 위해 (위해)
왼손엔 VS diamond but 오른손에는 nightmare (Oh)
I got chopper in my track pants, 그녀가 그랬어, yeah, yeah

[Verse 2: The Quiett]
Yeah, 모래 색 GT is my new whip
4억 짜릴 충동적으로 구입
Back on Noisemasterminsu shit
Not regular check Dior swoosh shit
I was right you was wrong my teachers
광명 5동 놈이 still gettin' richer
모두가 지켜봤지 내가 이뤄낸 기적들을
무교 rapper 불교 TV 목엔 Jesus
Uh, 모든 것은 제대로 되고 있어
계획대로 아냐, virus 빼곤
Uh, fan들은 기다려 my new shit
So I stay focused on this motherfuckin' album
백금에 Rollie bust down
빛이 꺼질 때까지 nobody can't stop us now
자식들에겐 그저 먼 산
비정상적인 놈들이 차지했지 정상
What now, 고교 졸업 후 언제나 game을 접수한
Lil Quiett 6월 이후 아직 unsigned
평생 마음 가는 대로 살아왔지
어차피 정해진 건 없고 계획대로 되지 않기에
삶은 불완전한 것이니 I won't stop rockin' it
It don't matter what motherfuckin' time it is
I'll be 1ll forever that's obvious, uh

[Bridge: jerd]
Glory is too heavy
That's what keeps me up at night
Glory is gambling
That's what keeps me up at night

[Verse 3: The Quiett]
Lotta things done changed, yeah
내가 Bentley를 낸 뒤
또 한번 시간을 견뎌 still standin' here
Album 3장, 다모임, 그리곤 pandemic
삶은 언제나 예측 불가능한 narrative
To improve myself is like a game to me
난 원해 내가 하는 모든 것이 새롭길
내 직진 계속되지 since I was 16
난 핑계없이 닥치고 예술과 돈을 mixin'
난 거의 매일 이 짓을 해 I'm on the rail
Phony rapper들 DM으로 보내지 Fairytale
There's no fuckin' free diamonds or free Benz
이 곳엔 오직 숨겨진 blood sweat and tears
I be killin beats, numero uno in this bitch
Lotta wack shit, 해본 적 없지 기믹질
Never need no pills
약 없이 been too fuckin' real
그 결과친 22 inch wheels, Award trophies
수많은 보석들과 glories
아직 얘기하기엔 이른 모든 stories
I said goodbye to 1lly, rest in peace morry
가려해 아무도 가보지 못한 저 위
난 기횔 찾지 않아, 매순간이 the moment
불가능이란 것들 man I changed 'em all and
I'm 'bout to get it poppin' again
여태 내가 바꾼 이 game은
내게 빚진 것을 갚지 못해
I'm still goin'","","","","",""
"진흙 속에서 피는 꽃 Flower from the Mud (feat. Kebee & MC Meta)","The Quiett","3HQKOvG5jI7lLseS6ZT3ph","[Verse 1: Kebee]
결코 넘을 수 없다던 틀을 넘어
웃음을 접어 레이스에 목숨을 걸어
숨을 더 거칠게 몰아쉬며 수첩에 꿈을 적어
편견 가득했던 땅에 내린 rhyme
서서히 올라섰던 뿌리 깊은 나무
조바심에 올라선 무대가 너무 좋았지
맘 놓고 rhyme을 뱉기엔 내 선 땅이 좁았지
동료를 모으는 건 미친 내 운명
시간을 돌려논대도 어짜피 마찬가지인 걸
우린 어디론가 달려가고 있지만
그 누구도 이 길의 끝에 무엇이 있는지 몰라
성공, 실패, 이 갈림길 가운데
차라리 넘어질래, 그게 더 좋을지 몰라
형들의 어께로 넘겨본 이곳은 절대로
내 상상과는 달랐어, 가끔은 너무 괴로워
어짜피 걷는 길, 오로지 한 길을 가라
시든지 오랜 꽃에도 여전히 향기는 남아

[Chorus: MC Meta]
우리가 태어났던 그 그 곳의 낯선 거리에서
진흙 속에서 피는 꽃을 봤어
그 꽃의 의미는 곧 우리의 심장
모두의 기억속에 서서히 잊혀갔지만
모든 것을 얻었다 또 모든 걸 잃고
진흙 속에 피는 꽃은 피고 또 지고
작은 군중들 속에서 우린 외쳤네
다시 거친 그 말투를 mic에 전해

[Verse 2: The Quiett]
끝이 보이지 않는 길
난 그 길 위에서 그를 만났지
그건 내 최고의 행운이었네
이제 몇 해 지났지만 내겐 여전히
그는 rapper, MC 그 이상의 존재
세상은 외면했지만 그는 멈춤없이 쓰고
뱉어 댔지, 그의 혼이 담긴 가사들을
내 또래 쯤의 친구들도 그를 보며
수백번 외치며 다짐을 했더랬지
Underground, 이 끝도 없이 고독한
길을 밟겠다고 그렇게 지나온 몇년간
많은 이들이 길을 잃거나 안개 속으로 사라졌지
땅은 점점 마르고 갈라졌지
허나 뿌리깊은 나무처럼 흔들림 없는 영혼
지금껏 살아오며 진정으로 느껴본
심장박동과 진실의 파동
밝게 빛나, 그 어떤 rapper의 목걸이 보다도

[Chorus: Kebee]
우리가 태어났던 그 그 곳의 낯선 거리에서
진흙 속에서 피는 꽃을 봤어
그 꽃의 의미는 곧 우리의 심장
모두의 기억속에 서서히 잊혀갔지만
모든 것을 얻었다 또 모든 걸 잃고
진흙 속에 피는 꽃은 피고 또 지고
작은 군중들 속에서 우린 외쳤네
다시 거친 그 말투를 mic에 전해

[Interlude: MC Meta]
하나, 둘, 셋 uh, 하나, 둘, uh, uh, uh

[Verse 3: MC Meta]
하나, 둘, 셋, 수를 세면 소원이
해와 달의 숨박꼭질, 행복은 저 멀리
꿈을 꿀 수 없어 깊이 숨어버린
Underground rapper보단 벙어리
슬픔에 묻혀버린 낮은 톤의 목소리
넌 알 수 있어, 복선이 깔려있는 콧소리
어떠니?
합격점을 겨우 넘긴 턱걸이
실패했어 번번히, 하지만 웃어 넌 뻔뻔히
다시 하나 둘 셋, 수를 세면 소원이
가난한 rapper들의 천국, 그 첫번째 조건이
합리적인 사고방식과 경제논리, 또 뭐였지?
상관없어, 가진 것을 모두 털었지
정말로 음악에 난 모든 것을 던졌지, 거짓말!
그 반의 반의 반만 걸고 딴 데 걸었지
그래서 넌 돈 좀 벌었니? 배팅도 커졌니?
그럼 너도 얄짤 없어, 이 판에 붙은 거머리
하나 둘 셋, 후, 수를 세면 소원이
도대체 숨을 쉴 수 없어, 너는 보였니?
난 모르겠어, 알 수 없어, 모든 것이 꼬였지
공연과 album 우린 언제부터 쫓겼니?
탐욕적인 마음이 내 목을 계속 조였지
비겁한 변명은 언제나 기회를 노렸지
무대에 오를 때마다 난 주문을 외웠지
하나, 둘, 셋, 수를 세면 내 소원이

[Chorus: The Quiett]
우리가 태어났던 그 그 곳의 낯선 거리에서
진흙 속에서 피는 꽃을 봤어
그 꽃의 의미는 곧 우리의 심장
모두의 기억속에 서서히 잊혀갔지만
모든 것을 얻었다 또 모든 걸 잃고
진흙 속에 피는 꽃은 피고 또 지고
작은 군중들 속에서 우린 외쳤네
다시 거친 그 말투를 mic에 전해

[Bridge: The Quiett, MC Meta & Kebee]
Yeah, 2007년 Soul Company
MC Meta, The Quiett, Kebee, ho, underground
이 길의 끝에 뭐가 있는지 몰라
진흙 속에 핀 꽃일지도 몰라
하나, 둘, 셋, 수를 세며 우릴 봐
우리가 보인다면 모두 손을 들어봐

[Chorus: The Quiett, MC Meta & Kebee]
우리가 태어났던 그 그 곳의 낯선 거리에서
진흙 속에서 피는 꽃을 봤어
그 꽃의 의미는 곧 우리의 심장
모두의 기억속에 서서히 잊혀갔지만
모든 것을 얻었다 또 모든 걸 잃고
진흙 속에 피는 꽃은 피고 또 지고
작은 군중들 속에서 우린 외쳤네
다시 거친 그 말투를 mic에 전해","","","","",""
"money can't","The Quiett","0SOjfZB9rtcTKDWrCQUG6L","[Intro: Paul Blanco]
I still think about you, oh
I still think about you girl, my baby

[Verse: The Quiett]
Don't leave me baby, don’t walk away
니가 필요해, but I know it's too late, yeah
여전히 난 널 생각해
니가 없는 내 삶이란 건 means nothing, yeah
넌 말없이 번호를 바꿨지, 말없이 남자도 바꿨지
그래, 알아, 내가 나뻤지, 그래도 마음은 짓밟혔지
대체 뭐가 우릴 망쳤지, 언제나 넌 맘을 감췄지
항상 넌 숨었어, 완전히, 난 널 찾고 있어, 간절히
Baby, come back to me right now
난 니가 필요해 right now
사랑이 이렇게 잔인한 거라면 더 이상 안 해 난
I'm pullin’ up in that parking lot
너희 집 앞에 그 parking lot, yeah
내가 여기까지 온 이유는 넌데
너를 다시 만나야만 해, yeah, one day
내가 원하는 건 오로지 one more chance
Now I know all this money can't buy your love baby

[Chorus: Paul Blanco]
내가 여기까지 온 이윤 넌데
널 다시 만나야만 해, one day
누가 돈으로 못 사는 게 없대
누가 돈으로 못 사는 게 없대
누가 돈으로 못 사는 게 없대
누가 돈으로 못 사는 게 없대
누가 돈으로 못 사는 게 없대","","","","",""
"glofo ii","The Quiett","13Ja6PnV3f6BG7mZsyoz1m","[Chorus: ZENE THE ZILLA]
난 돈을 쓰고 싶어서 더 많은 돈을 벌어
이거 봐, 이제 내가 내는 멋은 쩔어, yeah
꽤나 멋진 옷을 입고 거릴 활보
얌마 있지 이건 끝이 안 보여
My money grows forever, oh, oh
My money glows forever, oh, oh
My money grows forever, oh, oh
My money glows forever (Yeah)

[Verse: The Quiett]
친구, 널 떠난 그 멍청한 년은 잊어
할 일은 많고 봐야 해 big picture
Let's get cheese like Domino's Pizza
우린 지폐들로 만들 거야 기차
KTX, baby, 빨리 벌고 빨리 써
은행 가서 큰 돈을 뽑아, Excalibur
잠잘 때도 나는 Balenciaga 입어
동대문에서 옷을 사 입던 날 잊어, oh, oh
Slam Dunk로 비유하면 홍익현
Ay, 별거 안 해도 너는 나를 못 이겨
Ay, been rich since I was 21
My money fuckin' savage like 21

[Chorus: ZENE THE ZILLA]
난 돈을 쓰고 싶어서 더 많은 돈을 벌어
이거 봐, 이제 내가 내는 멋은 쩔어, yeah
꽤나 멋진 옷을 입고 거릴 활보
얌마 있지 이건 끝이 안 보여
My money grows forever, oh, oh
My money glows forever, oh, oh
My money grows forever, oh, oh
My money glows forever","","","","",""
"Take The Q Train Remix (feat. P-Type)","The Quiett","0jwn6R68MwfFOLProG5oUt","[Intro]
Let the music diffuse all the tension, tension, tension
비가 내리던 여름밤 어떤 꼬마의 이야기
나조차 돌보지 않았던 나의 옛날이야기

[Verse 1]
어둡고 좁은 방은 극도로 불안해
두꺼운 구름은 이내 비를 퍼붓고
난 이마와 가슴팍에 성호를 긋고
어린 시절을 떠올려, 비 오면 듣곤 하던 낡은 라디오
맑은 날이 오길, 정말 지겨운 장마 끝날 그 날이 오기를
하늘에 가까운 우리 집 바깥에 천둥소리만 가득해
눈물을 닦아주던 엄마는 없고 아빠도 안 계셔
난 이불을 덮고 한숨을 낮게 쉬었고
이런 날은 내 그림자 마저 날 괴롭혀
몰래 손을 뻗어 라디오 볼륨을 높여
빗소리보다 노랫소리 커질 때
빗방울보다 눈물이 짙어질 때
꼬만 잠든다, 조그만 창문 밖
빗소리 숨어있는 꼬말 찾는다

[Chorus]
Let the music diffuse all the tension, tension, tension
Let the music diffuse all the tension, tension, tension
Let the music diffuse all the tension, tension, tension
Let the music diffuse all the tension, tension, tension

[Verse 2]
비가 그친 하늘에는 어느덧 곱게
별이 피어나네, 국자모양 일곱 개
내가 붙인 이름은 검둥이 진돗개
행복이 뭔지 몰라도 난 행복해
겁 많던 아이, 세상은 울타리가 돼주진 않더라
나이 어린 꼬마의 두 눈에 세상이 잿빛으로 머무네
질문이 질문에 꼬리를 끝없이 무네
TV 속에 사람들은 웃고만 있는데
엄마랑 아빠는 왜 울고만 있는데
책에 나온 행복이란 도대체 뭔지
아빠의 편지, 그리고 눈가에 번지는 슬픔
미안하단 애기만 있을 뿐
슬픈 애기도 없는데 왜 자꾸 슬픈지
비오는 밤이면 난 덩치만 큰 꼬마
몸뚱이만 늙고만 아홉 살짜리 꼬마

[Chorus]
Let the music diffuse all the tension, tension, tension
Let the music diffuse all the tension, tension, tension
Let the music diffuse all the tension, tension, tension
Let the music diffuse all the tension, tension, tension

[Verse 3]
떠오르는 것들을 모아서 시를 썼어
아주 가끔 날 괴롭히는 건
다 끝난 일들에 사로잡히는 것
접고 있던 기억들을 현실과 맞바꾼 담부터는
자꾸만 마이크만 손에 잡히는 걸
나 어느새 짙은 검은색 마이클 쥐고 서있네
과거의 어둔 색 헤치고 나와 무대로 올라
모두가 놀랄 rhyme을 쏟아내지
어릴 때는 몰랐던 운명, 꼬마가 울면
따라 노래 부르던 라디오는 분명
훨씬 더 시간이 지나 거친 도시
위를 거침없이 걷는 것이
바로 꼬마의 길임을 알고 있었네
나는 감취온 비밀을 꺼내 시를 썼네
어렵던 슬픔과 허덕였던 시간들을 노래로 썼네
자, 고개를 끄덕여","","","","",""
"Bentley","The Quiett","2LLLwm6I3SMEBbs32llNlM","[Verse 1]
Quarter million on my whip
모든 일을 마친 뒤에
새 차, 새 집을 계약해, I'm like shit
내 삶이 이렇게 되다니
말했잖아, 좋았지, 예감이
난 기억나네, 외롭게 새던 밤이
기다렸지, 내 꿈이 현실이 되는 날을
대부호 혹은 거물이 된 나를
한 번도 틀린 적이 없지 내 예상은
Livin' rich fuckin' life like Abu Dhabi
돈을 쓰고 다시 벌어, 아주 많이
Cuban links, cuban cigar, I'm smokin' on
난 rap과 돈의 간격을 좁힌 놈
Man I'm feelin' fresh, 마치 Dok2의 beamer
Prima Vista의 beamer, we the young winners
우린 모두 Balenciaga 신발을 신어
Can't forget my man Zino, we gettin' richer

[Chorus]
모든 것은 제대로 되고 있어 계획대로
Rhyme's gettin' better, my money gettin' fatter
넌 모든 것이 영원하길 바래 이 상태로
나는 더 많은 게 필요하지 lets get em
아직 만족할 수 없어, 1LLIONAIRE on the rise
이 정도론 안돼, 큰 돈을 벌러 가
In my drop top Bentley, uh
In my drop top Bentley, uh

[Verse 2]
세상을 돌아다녀, 지난 세 달 동안
50개의 공연, I put it down on yall
비행기에서 난 내 인생을 돌아봤네
새 차를 몰고 다시 studio로 돌아왔네
차비도 없던 놈이 한 달에 억을 벌어
한 번에 써버려 cuz I'm a rich motherfucker
졸부 style, 그게 바로 Q style
Sweet life baby, 곰돌이 pooh style
Uh, 10 thousands bucks
And 10 thoundsands likes
어느덧 서른한 살의 나이
Rich as fuck rest of my life
하지만 난 아직도 목말라
평생을 살았지 너완 반대로
넌 날 넘을 수 없어 절대로
심지어 나보다 돈이 많대도
New rap version of Tony Montana

[Chorus]
모든 것은 제대로 되고 있어 계획대로
Rhyme's gettin' better, my money gettin' fatter
넌 모든 것이 영원하길 바래 이 상태로
나는 더 많은 게 필요하지 lets get em
아직 만족할 수 없어, 1LLIONAIRE on the rise
이 정도론 안돼, 큰 돈을 벌러 가
In my drop top Bentley, uh
In my drop top Bentley, uh","125.055","0.3779999999999999","0.883","-14.637","0.29"
"한번뿐인 인생 One Life to Live","The Quiett","2MvehWGMkCeHZclsQo9kCJ","[Intro]
Just one, one, one, one, just one life to live
Just one, one, one, one, just one life to live
Just one, one, one, one, just one life to live
Just one, one, one, one

[Verse 1]
한번 뿐인 인생 이렇게 살 수 없어
바람처럼 왔다 이슬처럼 갈 수 없어
내게 두 날갠 있지만 전혀 날 수 없어
세상이란 새장에 갇혀서
내가 세상보다 좀 더 높다면 낮췄어
사람들은 그게 인생이라고 가르쳤어
참고 억누르고 솟아오르는 눈물을 절대
보이지 않았어, 고독만이 남았지 곁엔
때론 강한 척, 때론 약한 척
그럴수록 진짜 내 모습은 점점 사라져
복잡한 머릿속에서 파도 치는 혼란
거울을 쳐다봐도 난 내가 누군지 몰라
나 이제, 후회없이 살고파
모든 게 끝나는 순간 미소 지으며 떠나고파
한번 뿐인 인생 이렇게 살 수 없어
바람처럼 왔다 이슬처럼 갈 수 없어

[Chorus]
I got one life to live and, I got one mic to spit and
Yes, just fight for my life, uh, yes, just fight for my life
I got one life to live and, I got one mic to spit and
Yes, just fight for my life, uh, yes, just fight for my life

[Verse 2]
한번 뿐인 인생 이렇게 살 수 없어
바람처럼 왔다 이슬처럼 갈 수 없어
남들이 필요하다는 건 모두 갖췄어
그러고보니 어느새 난 새장에 갇혔어
궁금한 게 있어도 절대 묻지 않았어
꼬마처럼 유치하게 꿈꾸지 않았어
오랫동안 열정의 꽃에 물 주지 않았어
하지만 아직도 그 녀석은 죽지 않았어
자신답게 산다는 게 그리도 두려운가?
난 내가 개척해 나갈 나의 운명을 봐
끝내주는 미래? 차라리 포기할게
나 자신에게 솔직하게 살길 고집할래
Uh, 나 이제 후회없이 살고파
모든 게 끝나는 순간 미소 지으며 떠나고파
한번 뿐인 인생 이렇게 살 수 없어
바람처럼 왔다 이슬처럼 갈 수 없어

[Chorus]
I got one life to live and, I got one mic to spit and
Yes, just fight for my life, uh, yes, just fight for my life
I got one life to live and, I got one mic to spit and
Yes, just fight for my life, uh, yes, just fight for my life

[Bridge]
Just one, one, one, one, just one life to live
Just one, one, one, one, just one life to live
Just one, one, one, one, just one life to live
Just one, one, one, one

[Verse 3]
멈춤 버튼 없는 인생의 경주 속에서
무의미하게 흘려보낸 나의 청춘, 난 떠나
그 누군가 날 패배자라 불러도
세상의 나를 저 넓은 땅으로 흘려줘
내 운명은 스스로 짊어지고 갈테니
날 괜히 막으려하지마, 무슨 말인지 알겠지?
나의 외침, 이제 하늘에 닿겠지
저기 달 끝을 향한 힘찬 날개짓
내 인생, 두려움 따윈 없다네
단지 내 심장이 뛰는 소리를 열망해왔지
영화처럼 살 수 없더라도 좋다
또 모든 것들을 손에 넣을 수 없더라도 좋다
나 이제 후회없이 살고파
모든 게 끝나는 순간 미소 지으며 떠나고파
한번 뿐인 인생 이렇게 살 수 없어
바람처럼 왔다 이슬처럼 갈 수 없어

[Chorus]
I got one life to live and, I got one mic to spit and
Yes, just fight for my life, uh, yes, just fight for my life
I got one life to live and, I got one mic to spit and
Yes, just fight for my life, uh, yes, just fight for my life

[Outro]
한번 뿐인 인생 이렇게 살 수 없어
바람처럼 왔다 이슬처럼 갈 수 없어","","","","",""
"summer night","The Quiett","46Xt0QAyGk5gkqShdxFjUk","[Chorus]
생각에 잠겨보네, 어느 여름 밤
이젠 너무 멀어져 버린 그 어느 날
그 기록적인 빌어먹을 폭염과
내 작고 더운 방에 갇혀 밤새 녹음하던
나와 내 친구들, 우리들의 꿈

[Verse]
이제는 어쩌면 나 혼자만의 추억일 뿐
가진 것은 없었지만 행복했던
뜨겁기만 했던 내 첫 번째 chapter
여전히 밤을 새워 가살 쓰고 있지만
여긴 완전히 다른 세상이지, wow
다른 beat, 다른 rap style, 매년 다른 trap style
빠른 유행 덕에 다들 잃어가지 색깔
쉽지 않아, 나를 지킨다는 게
동시에 모든 흐름을 앞서간다는 게
But I'm tryna stay focused on this
벌써 나태해지기엔 너무 많은 몰락들을 봤기에
이 바닥엔 배울 것이 별로 없었거든
고민할 때는 자신과의 대화가 전부
맨땅에 헤딩, man that's how I did it
사람들이 뭐라 하던 pushed it to the limit
안 믿었지, 한국에선 안 된다는 말
그래, 난 매일 싸워야 했어 불가능과
Worked over night, 가족들이 잠든 사이
그리곤 친구의 아들, 딸들이 자라는 사이
내 목표도 커져갔지, 그럴수록 너흰
내가 미웠겠지만, 이젠 알잖아, 거의
모든 걸 다음 단계로 옮기로 싶었었네
Rapper들이 싸이 BGM에나 신경 쓸 때
그토록 내가 바래왔던 것들이
결국에는 이뤄져버렸지, 저들이
말했던 것과는 달리 난 가끔씩
오히려 그립기도 하네 너의 bullshit

[Chorus]
생각에 잠겨보네, 어느 여름 밤
이젠 너무 멀어져 버린 그 어느 날
그 기록적인 빌어먹을 폭염과
내 작고 더운 방에 갇혀 밤새 녹음하던
나와 내 친구들, 우리들의 꿈","112.794","0.0448","0.483","-15.235","0.218"
"Air DoTheQ part 2","The Quiett","2VTmHNUzX7dKmhUgiyBl41","[Verse 1: The Quiett]
Oh, yeah
많은 사람들이 묻지, Show Me The Money에 대해
누가 떨어졌냐거나 논란거리에 대해
이게 힙합을 망쳤는지 살렸는지는
내게 물어봐도 딱히 해줄 말이 없지 지금 내게는
어차피 시간이 가면 알게 되겠지 모든 답
신동갑의 걸음의 방향은 오직 앞
몰랐다면 배워라, 인생은 오르막
좋은 음악은 차트가 없어도 on the top
오늘 밤 누가 이기고 지고를 떠나
여기까지 온 우리를 위해 박수를 쳐 난
Shout out to everybody
1차 때 내게 3초만에 떨어진 모든 rapper들까지
내게 원한 따위는 품지 않길 바라, yeah
오로지 너의 길을 가길 바라, yeah
지난 날은 잊어, 오늘을 살고 또 미래를 봐
우리 삶의 진짜 경쟁은 바로 TV의 밖
수십 대의 카메라가 담지 못 하는 얘기
그것을 rap으로 하는 것이 우리 모두의 책임
Hip-hop에 대한 사랑과 MC로서의 패기
그것들이 영원하기를 바라는 나의 외길, yeah

[Verse 2: Dok2]
Let me ask you where the hip-hop at
Where hip-hop at
Hip-hop이 싫으면 너희들은 왜 hip-hop 해?
Hip-hop을 사랑하는 척, 다들 hip-pop 해
나는 rapper이기 전에 진짜 hip-hop fan, now check it
Rappers I monkey flip 'em with my funky rhythm
I be in Hawaii, sushi sasabune no wasabi
키는 작지만 손이 하늘에 닿을 것만 같지
앞길이 훤해, 미래조차 다 알 것만 같이
평온하게 걸어, 맑은 구름 위에 rainbow
야망과 내 꿈이 하나 되어 추는 tango
탐욕 뿐인 두 발 들은 절벽 위로 Dangle
누구든 내 rap을 들으면 하는 말은 ""Damn, bro""
Ehh, ain't nobody do it like me
요즘 rapper들은 되고 싶어해 다 부자가 like me
성공한 사람은 많아도 꿈 이룬 사람 봤니
라고 묻는다면 바로 답해, 그래, 나 빼고 아니 아직
I'm a go getter, go get it, 난 본대로
그저 놀 때는 놀아도 마이크만 쥐여주면 늘 본때를
주어진 시간의 끝이 언젠간 온대도 절대로 난 못 내려와
넌 고개를 끄덕거려, 이걸 느낀다면 고개를
아래 위로 그냥 끄덕거려 고개를
내 말이 무조건 맞다는 듯이 고개를
Let's go get it, yeah

[Verse 3: SUPERBEE]
Shout out to myunDo, shout out to Flowsik
Shout out to 효은, 우린 공중에서 떴지
Yo fuckin’ 넌 음원 chart 엉덩이나 suck it
내 rap이 어쩌고 저쩌고, 너넨 병신
영화관처럼 닥쳐, y'all already know
Rapper 모가지 딸 땐 pop like that 돔 페리온
Hip-hop 전사나 해, 이 놈아, 가라고 페리온
Omarion처럼 that's how it post to be
Me B Double E Playa 중에 제일로 어린 Playa
Hater들은 그래서 시비를 걸었지
The Quiett 형의 수염보다 쩔어 내 ambition
이미 벌어진 일에 비빌 건 없이, yeah
I'm on my Illionaire flow, killin' 'em hoes
이젠 우주인 logo를 안 입어도 Billionaire boy
Chillin' at Dok2 형 집에서 나 지리네 또
좋은 자극을 받고 작업해 내 취미 됐고
이미 rapper 꿈은 이뤘고 높이 봐야지 멀리
일 벌인 이상 끝까지 I gotta keep ballin'
저 땅바닥에 꺼질 놈들이 뭐라 지껄이든 간에
We gettin’ paper, 유한 킴벌리","","","","",""
"glofo i","The Quiett","6JmHFIEasQotnO1owSPRKC","[Intro]
Laptopboyboy

[Chorus]
Look a these diamonds (Yeah)
이게 다 운이라면 (Yeah)
What a perfect timin' (Yeah)
What a perfect fuckin' timin' (Yeah)
Glow forever (Yeah)
Ever and ever (Yeah)
Glow forever (Yeah)
Ever and ever (Yeah)

[Verse]
My ice got me freezin' (My ice got me freezin', baby)
My chainz got me sneezin' (Whoo)
Turn the bass up 지진 (Yeah, 지진)
It's my money makin' season (Money makin' season, yeah)
Lil Quiett, 내겐 필요 없었지 contracts
광명에서 온 자수성가의 상징
취미로 rap 하던 놈이 이젠 hip-hop의 신
Carlito처럼 reloaded, yeah, 장전
일주일에 8일 동안 난 돈을 벌지, 니가 지껄이듯이
얘네는 뮤비로 본 걸 지 얘기처럼 가사로 쓰고 있지
이건 내 현실이라고, 5 hunnid thousand dollars
On my motherfuckin' necklace

[Chorus]
Look a these diamonds (Yeah)
이게 다 운이라면 (Yeah)
What a perfect timin' (Yeah)
What a perfect fuckin' timin' (Yeah)
Glow forever (Yeah)
Ever and ever (Yeah)
Glow forever (Yeah)
Ever and ever (Yeah)","","","","",""
"asap","The Quiett","63WXF0guF1fSCMEWtTwK1A","[Verse 1: The Quiett]
Illionaire baby
언제나 내 인생은 tight해, yeah
Dollar signs on my 나이테, yeah
큰돈이 필요해 난 right now, yeah
I hustle harder, 그게 나이값, yeah
그때 그 순수함을 잃어 가, yeah
하지만 we don't give shit about that
성공이 빨리 찾아왔지, 허나 멈출 수는 없어
핑크색 차압 딱지를 기억하기에 난
여전히 이겨내려 하네, 나의 현실
Bitch, you can't stop me I'm still thirsty
돈을 벌 방법들을 나는 모색해
내 Mercedes Benz 노란색으로 도색해
9번째 정규 album, hustle never ends
지금까지 했던 것들을 repeat again
I go yard on this motherfuckin' rap shit
I stay real and these motherfuckas stay shit

[Chorus: The Quiett]
Yeah, I keep it motherfuckin' G
Studio gangsta, 쎈 척하는 type of shit
할 일이 많아, on these Prima Vista beats
한 살 더 먹을수록 gotta trap harder
Cuz I need that money ASAP
I need that money ASAP
I said I need that money ASAP
I said I need that money ASAP
ASAP man

[Verse 2: myunDo]
Cast on my neck, 고개는 늘 빳빳이
마치 방금 인출한 현금 다발같이
I ain't tryna be cocky or anything
내가 태어난 게 이렇게 태어난 걸 어떡해, ah, yeah
Live like a king, act like a boss
배운 적 없지, 이렇게 사는 법
It's in my blood bruh, I done told, ya
Ambition in my veins, 피는 여전히 흐르고 있어
4년 전에 Q형이 말했지, 여기에
나올 필요 없어 보인다고, man, I knew that
But I needed to blow up ASAP
Cuz I don't need nobody iggin me
Sayin something like who dat
Gotta work harder, 어제보다 더
Make music, make money, that's what I do
Let's be honest, 난 너무 쉽게 돈 벌어
I'm so blessed with the gift
Get those cream real quick

[Chorus: The Quiett]
Yeah, I keep it motherfuckin' G
Studio gangsta, 쎈 척하는 type of shit
할 일이 많아, on these Prima Vista beats
한 살 더 먹을수록 gotta trap harder
Cuz I need that money ASAP
I need that money ASAP
I said I need that money ASAP
I said I need that money ASAP
ASAP man

[Verse 3: Donutman]
Yeah, I need that money ASAP, 빨리 가져와 니 돈
너무 오래 기다렸어, 이 순간 since I was young
한순간에 부자가 되는 꿈 like Macklemore
하지만 난 되고 싶지 않다네 one hit wonder
I wanna live long, in this muhfuckin' rap game
난 말할 거야 마지막 순간에 check mate
그때까지 날 기다려줘, just like a waitress
24k 케이스 안에 준비해놔, 내 champagne
내 새로운 album is done, 새롭게 챙기는 돈
새 옷에 전부다 써 버리고 다시 make a new song
당장 돈이 안돼도 걱정은 없어
왜냐면 The Quiett 형이 말했듯이
성과는 달팽이처럼 come
Uh, 하지만 조급해져, 난 가끔씩
모르잖아, 언제 뒤질지, I got 1 life 2 live
난 모든 track에 선명히 남겨 내 발자취
누군간 말하겠지, 여긴 진짜들이 걸어 갔던 길

[Verse 4: G2]
Drinking vino wit my amigos
Currencies all different colors lookin' like a rainbow
Salude when we cheer even at the breakfast table
Gettin' money wit my people
HI-Lite, that's the record label
I'm tired of gettin' by retire by 35
아직은 젊은 나이 하지만 멀리 봐
내가 원하는 삶을 위해 차근차근 더 걸어
내가 원하는 삶을 위해 더 많이 난 벌어
Sooner than later, but whatever better late then never
급한 건 아니지만, uh, 조급한 맘이 생겨
그게 바로 성공의 달콤한 매력, uh
Life's a bitch, with year long menopause
너의 증오 나의 침묵으로 덮어
너의 사랑은 나의 시야를 넓혀
Life is good, but it can be better
그때까진 묵묵히 평상시처럼

[Chorus: The Quiett]
Yeah, I keep it motherfuckin' G
Studio gangsta, 쎈 척하는 type of shit
할 일이 많아, on these Prima Vista beats
한 살 더 먹을수록 gotta trap harder
Cuz I need that money ASAP
I need that money ASAP
I said I need that money ASAP
I said I need that money ASAP
ASAP man","132.02","0.802","0.764","-4.217","0.323"
"mully","The Quiett","6SSuEpGtzlztsngCXS5JV7","[Verse 1: The Quiett]
I dreamed about, this rock star life baby
이제 막 뜨기 시작한 놈처럼 돈을 막 벌고 쓸 뿐이지
God damn, haters can't stop, oh no
Rap으로 유지하지 생계 (Yeah)
Saks fifth avenue I spent 10k
I chop samples like it's pancake (Oh, yeah, yeah, yeah)
넌 성공을 쫓으면서 니 여자친구를 울리지
그렇게 떠나가는 행복
All my gangs already know it
새벽 2시 album 작업 땜에 예민하지 몹시
때론 I just wanna fly away to you
모든 걸 때려치고 여길 뜨고 싶지만
I gotta do this shit
I'm gon' shoot my M16, 예비군 shit

[Chorus: The Quiett]
내가 어딜 가든지 많은 시선들이 따라와
These hoes keep callin', 난 전화기를 멀리
내가 어딜 가든지 많은 시선들이 따라와
These hoes keep callin', 난 떠나고파 멀리 (멀리)

[Verse 2: Hash Swan]
따라오지 마, 선을 그려 놓을게, wherever I go
누군가에겐 공감보다 아스피린 한 알이 더 매너라고, yeah
어차피 알아, 내 얘기를 들을 때 머릿속은 개 뻔하고
애초에 답 없는 질문에 답은 질문인 걸, 들리는 건 에코잖어
Why we fight? Why we hate?
Why we envy? Why we angry?
What's desire? So what's the love?
죄다 돈이라면 fuck these diamonds and pearls
난 그냥 멀리 가고 싶어, 세상 좋아졌더라
멀리 안 가도 돼, 휴대폰만 던지면
떠날래, 관객들은 무대 뒤를 보러 오는 게 아닐 테니
혼자 잠시면 되지
그래도 혼자 멀리 가고 싶단 말은
아직 내 옆에 누군가 남아있단 거겠지
그럼 다행인가, 다행이지

[Verse 3: Woo]
I'm gonna go, I'm gonna hide, I'm gonna go
When I focus, I wanna fuck off, turn off
난 엎지 phone, airplane mode, 신경 꺼줘
나의 방안은 공항 없는 하늘 (Yeah)
도망가, 멀리 미뤘어 볼 일
얘들아, 아직도 비행 중이야 난
기다리지 마, 나 사과는 미리 (Shut the fuck up)
무거워 여기 공기는 무지
Please do not call me back, caution on air (Yeah)
음, 너무 걱정하지 마, 오랜 나의 버릇
그냥 정리하는 중일뿐, 생각이 많아 요즘
어떻게 살아 너는?
돈이 문제겠지, 혹은 인간관계겠지
짜피 인생은 그런 거래, 노름
나는 사실 집, 작업, 집, 화장실의 패턴에서
배웠다고 한들, 개코, 뭘 또 배웠겠어
그냥 떠나고파 멀리
이건 거리를 말한 건 아니지
안정, 그게 내 목적, say

[Chorus: The Quiett]
내가 어딜 가든지 많은 시선들이 따라와
These hoes keep callin', 난 전화기를 멀리
내가 어딜 가든지 많은 시선들이 따라와
These hoes keep callin', 난 떠나고파 멀리 (멀리)","","","","",""
"Mentors [from “School Rapper 4 Episode 0”]","The Quiett","1Jaf1PUUwzXZ3bCJ6mBjPh","[더 콰이엇, 사이먼 도미닉, 넉살, 백재범, 로꼬, 피에이치원, 창모, 염따, 웨이제드 & 우기 ""멘토스 (Mentors)"" 가사]

[Intro]
Way Ched, it’s your way

[Verse 1: The Quiett]
Yeah, now we back to school
그때는 rap이 전부였지 after school
그 꼬마 놈이 돼버렸어 master Q
저번에 한 번 보여줬으니 이건 episode 2
We not Avengers, 그냥 개쩌는 mentors
일어나 얘들아 기회가 knockin' at your doors
한 번 더 가야지, 노력이 배신했어도
말렴 말고, that is why I'm international
I get cash 냄새 맡고서 난 뛰어 dash
또 난 깊게 심호흡하고 beat에 Whiplash
Til I get there, uh, can't stop baby
내 발밑에, uh, 이 세상이 있으니

[Verse 2: Simon Dominic]
내가 고딩 땐 rap lesson 같은 건 없었지, 걍 독학
밴드부에 가입해 축제에서 rap을 했지, rock vocal 말고
그 이후로 인기는 높아지고 난 돼버렸지 mentor
친구들의 가사를 봐주곤 했지 수업 중간에도
길거리에서 rap 하면 양아치 소리 듣던 나의 90's
이젠 그 양아치가 왕자가 됐네, I'm your highness
일찍 결혼했다면 10대들에겐 어쩌면 아빠뻘
84 쥐띠 I'm still cookin' soul 라따뚜이
많은 시도와 실패가 만든 나의 finesse
내 자신을 의심한 적도 많았지만 이젠 나를 믿네
인생에 정답이 있나, 선택만 있을 뿐이지
다 기억나, hip-hop을 처음 들었던 그날의 분위기까지

[Verse 3: Nucksal]
Yo, high school rap, 괜찮은 기회
Who's next? 친구들 모습 어때?
경쟁이 섞인 놀이 재미있었음 해
제일 잘나가려다가 먼저 떠나 침착해
Step by step, 순서와 때
시간이 되면 진짜를 보여줘, 순수하게
숨죽여 무대를 보고 있는 mentor 일어나게
애들이 얼마나 잘하겠어, view가 1억만 개
너무 더워, 열정 완전 직화, 여긴 월드컵을 여는 FIFA
Team play부터 개인기 빛나, 예술이지 Vienna
행운을 빌어, 마지막 목소리 떨림까지 good vibe

[Verse 4: Jay Park]
Man I swear to God this for me and ma bros
고통 끝에 아름다운 꽃이 피었어
노력은 절대로 배신하지 않어
AOMG, H1GHR gang for life
다 모였어, it's the leaders of the rap game
부캐 필요 없이 homie I don't need no rap name
어느 상황이든 나답게 밀고 나가
이건 campaign 아닌 real life, ain't no need for hash tags
나는 감독이자 선수 on thе field
이 scene 안에는 나의 도움은 필수
To all my young lifе, 결과보다 과정 질을 따져
명심해 No cap that's the real (AOMG, H1GHR MUSIC)

[Verse 5: Loco]
Gimme that K2, 열두 발로 턱 걸었지만 삼특으로 일박이
주말에 광화문에선 수많은 경찰 속에 삐따기
Brand new Lambo, hop out the cop car, 기분은 거의 사기
꺼져 khaki, 시간을 돌리면 망치 가지고 빻지
중계본동에는 1142 내 stu check
재현고 점심시간엔 skip 해 축구 play
그대로 back, 어학실에서 뱉은 freestyle 꽤나 dope
학교는 대기실 때 묻지 않았을 때 그때 썼던 metaphor
배로 배로 몇 배로 늘어가는 views 난 보여
선입견으로 미리미리 판단해 주시면 드라마가 쉽게 또 쓰여
내 이름 앞에 삿갓봉, 내 십 대, 그리고 여기까지도
누가 써준 각본이 아니거든, 단 한 마디도

[Verse 6: pH-1]
I used to used to get my bars up in high school
수업보단 음악이 적성에 맞았고
못 잊어 shout out to Taylor we made it
꿈에서 현실로 돼 있지
이불 덮고 녹음했던 my basement
이제는 매일 들리거든 내 이름, made it out (Yeah)
Quickly, make a hit then I repeat (Bow, bow, bow)
Sleepy, 네가 낸 album은 시시, 내 얼굴은 TV에 (TV에)
She love the way that I talk (Talk)
왠지 넌 배가 아퍼 (Facts)
새로운 내 brothers 우린 역사를 바꿔
Chopper 대신 볼펜을 잡어 (Grrrah, woah)
You don't speak our Lingo (Lingo)
My brothers live inside a dream, Limbo (Yeah)
이건 chance, 잡아채, you can take it
네가 써낼 다큐 혹은 entertainment (Yessir)

[Verse 7: CHANGMO]
Yessir, yessir, gang, gang
나를 모르면 너는 아니지 (Bow)
신세대 형 출신이 대체 어디니
덕소 부자 동네보다 유명한 내 리 (Grrrah)
내가 십대일 그때로 돌아가자면
난 내 학교에 내 놈들과 낙서들을 했었지
우리들을 서포트 해준 미술 선생님은
그처럼 되길 원해 알려줬어 Banksy
Billionaire, 나랑 애들 갈구했던 그림 (Woah)
그렇게 우린 닿아 28 (Ay)
결국 만들어냈지 Libilly (Ay)
창모 여기 동네 star (Whoo)
위브 상가 앞에 외제차
읍 자치 센터에다 난 (What)
돈을 뿌려 그 합 수천만 (Yeah)
난 서울시 출신 아냐, 경기도를 띄울 이 (Yuh, yuh)
경기도 지사님 wassup, 그 사람 두 눈알이 기울이 (Grrr)
덕소 고등학교 stand up, 내가 뒤봐 동네랑 win win (What)
남양주 나를 이을 이 들어와, 너희들을 믿으니

[Verse 8: YUMDDA]
학, 학, 학교를 안 갔어 (Huh)
하, 하, 하품이 나와서
내 선생은 오직 YouTube
체육 선생 날 툭 툭
첫사랑은 없고 첫경험만 있지, 애들은 챙겨 투투
좋아하는 과목은 돈, 책에는 없어, 그래서 덮었지
교복에는 늘 Air Force One, 기름이 묻어
선생님은 늘 말했지, ""음악은 돈 못 벌어""
What? Shut the 빠끄
수능은 작고 내 꿈은 컸지, 우리 엄마는 맨날 울었지
내 동생 맨날 울어, 성적표는 안 갖다줬지 (Ha)
우리 엄마는 짜장면을 싫어해
그래서 돈다발을 갖다 부었지 (Ay)","","","","",""
"Be My Luv","The Quiett","5FEt2jExUy2sGo94fYpgdr","[Verse 1]
Baby, 이런 말 하기에는 우린 안지 오래 안됐지만
이제는 말해야겠어, yeah, I must confess
그래, 그곳에서 널 처음 봤을 때
그때부터 최면에 걸린 듯, 난 아마
사랑에 빠진 것 같아, 잠깐만
너는 왜 웃고만 있는데? ay
절대로 아냐, 장난치는 게, ay
Oh girl, 넌 아직도 잘 몰라
요즘 너 땜에 잠을 못 자
내가 왜 이런진 나도 몰라, baby
하루 종일 니가 아른거리네
나도 모르게 전화길 꼭 쥐고 있네
그러니까 내가 원하는 건 그냥
니가 내 곁에 있었음 하는 것 뿐야, yeah

[Chorus]
Baby be my love
절대로 망설이지마, girl come to me
Baby be my love
절대로 망설이지마, girl come to me
Baby be my love
절대로 망설이지마, girl come to me
Baby be my love
절대로 망설이지마, girl

[Verse 2]
오해는 말아, 결코 난 가벼운 남자가 아닌 걸
그동안 너를 만나기 위해 견뎌온 많은
내 고독하고 또 외로운 밤들
But 순식간에 you changed my (World)
애매한 관계는 이제 이만
널 원해 난, 여전히 넌 헷갈리게 해
넌 아직도 잘 몰라
요즘 너 땜에 잠을 못 자
니 말 한마디에 난 혼란스러워
하루 종일 너에 대해 고민해
친구들은 말하네, ""그냥 포기해""
Hell no, I never gonna give you up
망설이지 말고 내게로 와, baby

[Chorus]
Baby be my love
절대로 망설이지마, girl come to me
Baby be my love
절대로 망설이지마, girl come to me
Baby be my love
절대로 망설이지마, girl come to me
Baby be my love
절대로 망설이지마, girl

[Verse 3]
All girl let me talk to ya
몇 번이고 말하잖아, 내겐 너 뿐야
나의 맘을 아직도 잘 모르겠니?
오죽하면 내가 이렇게도 조르겠니
하늘 높은 줄 몰랐던 내 자존심도
니 앞에선 힘도 없이 down, King Kong처럼
Think simple, 망설이지마
니 앞에 서 있는 최고의 남잘 버리지마
어느 거릴 지나던지 오로지 난
니 생각이 나, 실실거리지 난
넌 모르지만, 난 오늘 이 날만 기다렸지
진심을 꼭 전하고 싶었지
Say yes, that's all you gotta do
너와 나 매일 매일 행복하자구
내 차가운 손을 잡아 줄 사람은 너 하나 뿐야
오로지 너 하나 뿐야, yeah

[Chorus]
Baby be my love
절대로 망설이지마, girl come to me
Baby be my love
절대로 망설이지마, girl come to me
Baby be my love
절대로 망설이지마, girl come to me
Baby be my love
절대로 망설이지마, girl
Baby be my love
절대로 망설이지마, girl come to me
Baby be my love
절대로 망설이지마, girl come to me
Baby be my love
절대로 망설이지마, girl come to me
Baby be my love
절대로 망설이지마, girl","","","","",""
"way back home","The Quiett","0IHhOSkL6IFBhQmosa5xjG","[Chorus: 장석훈]
Everybody's walkin' in the rain
Everybody's goin' their own ways
And I'm right here dreamin' of you
On my way back home
Everybody's walkin' in the rain
Everybody's goin' their own ways
And I'm right here dreamin' of you
On my way back home

[Verse: The Quiett]
우린 계속 멀어지고 있을까
이미 멀었던 그 거리보다 더
오늘도 니 거짓말에 속아줘
오늘도 또다시 한번 놓아 널
텅 빈 거린 모든 게 불안해 보여
언젠간 모두 제자리에 되돌릴 거야
니가 내게 무슨 짓을 했던지
I really wanna get'em back home, yeah
마음을 기댈 곳이 없네 이 서울엔
Voices in my head, I need to run away, yeah
널 원해, 그게 꿈이라도
널 원해, 그게 꿈이라도
On my way home now
흘리고 있어, 나의 꿈들의 조각
비슷한 날이 다시 오겠지 내일도
사람들은 말하겠지, ""That's the way it goes""
I gotta let it go, yeah, I'm on my way home

[Chorus: 장석훈]
Everybody's walkin' in the rain
Everybody's goin' their own ways
And I'm right here dreamin' of you
On my way back home","107.107","0.493","0.521","-10.006","0.0517"
"UGRS (Feat. Paul Blanco, CHANGMO)","The Quiett","5GzMUEamWs47HNPivuXk5W","[더 콰이엇 ""UGRS "" ft. 폴 블랑코, 창모 가사]

[Chorus: The Quiett]
Uh, underground rap star and I'm a legend now
We know who's the greatest, that's no question now
Self-made millionaire, shattered backboard
할 일들이 많아 아직, shawty, let's go
Uh, yeah, 내 손목에 frosted flakes
We gon' kill all of them snakes
Done already, suckers too late
Late, ayy, runnin' and wakin' the game up
내가 만든 판에서 how can I lose?
말해봐 you know where we came from

[Verse 1: Paul Blanco]
느껴져 실감이 but can't forget where I came from
재떨이는 Gianni Giannis처럼 touchin' big bucks
자동차 바퀴 맛 나는 비싼 술을 들이켜도 다행이야
'Cause this is it, baby
'Cause this is it, baby
Just trust, this is it, baby
All I ever wanted

[Verse 2: CHANGMO]
집 가라 용돈 받던 꼬마가 왕궁을 언덕 위 올라서 바라봐
존경은 피보다 진득해, 이 개새끼 Bentlеy 뒤를 따라가
이 금을 두른 남자는 뭣도 없던 앨 옭아맨 가난의 덫을
끊어준 후에 전수했지 한 삶 두 생 살아가는 법
I'm living soulillibitiontona lifestyle, 우린 영원해, 장담해
다 몰고 처먹고 마시다 노년이 되면 다 쓸랜다 산삼에
Don't worry, 산업은 탄탄해
그놈에 그 새끼, 다 마스터네
수도 땅 밑에 몸 바친 레지스탕스들이 독립을 이루고 한잔해
Bohem Cigar와 Cohiba, this is it, brothеr
연기랑 뒤섞여 입 밖 터져 나오는 plan
I used to drive a 'Rarri now, I sold it, I don't need that
평소엔 구름을 타고 도로 위서 내 놈 G-Wagon

[Bridge: Paul Blanco]
Oh, so tell me, where the fuck you been at?
So tell me, where the fuck you been at?
So tell me, where the fuck you?
UGRS right here

[Chorus: The Quiett]
Uh, underground rap star and I'm a legend now
We know who's the greatest, that's no question now
Self-made millionaire, shattered backboard
할 일들이 많아 아직, shawty, let's go
Uh, yeah, 내 손목에 frosted flakes
We gon' kill all of them snakes
Done already, suckers too late
Late, ayy, runnin' and wakin' the game up
내가 만든 판에서 how can I lose?
말해봐 you know where we came from

[Verse 3: The Quiett]
Yeah, won't see nobody like me
또다시 벌어져 니들과의 차이, yeah
명곡을 만들어 with this tight beat, ugh
떨어지는 거 같더라니 hype이
놈들은 오고 또 떠나 we watchin 'em
For two decades, been on the top of it, uh
Shinin' stones on my necklaces
난 걍 이뤄버려 next success
Pull up in wraith exorcist
Motherfucker, see what's happenin'
I'm runnin' this shit ever and ever
그새 왔지 새로운 level
갖추길 바래 제대로 된 매너
Get cheddar and carats, yeah

[Outro: CHANGMO]
Man, I'm gettin' money, I'm gettin' paper
집을 나서 제대로 빼 입고
어딜 가든 돈이 함께 있어
Money up like elevator
쓸 준비가 항상 돼 있고 내 씀씀인 향상돼 있어
내 걱정은 마, 나는 너희들 누구보다 잘 살게 돼 있어, hoo","","","","",""
"limelight","The Quiett","6YRAIrNaMCNvvVT8rjdRgE","[Intro]
You're all that I need
I will live my life for you
You're all that I need
I will live my life for you

[Refrain]
Just for you
Just for you
Just for you
Just for you

[Chorus]
Don't turn around baby
널 만나다니 꿈은 아니겠지
Don't you ever let me down baby
Money doesn't mean nuttin' to you
Money really means somethin' to me
난 자랑하고 싶거든 얼마를 벌었는지
그게 애들이 원하는 거니까, right
Yeah, I'm addicted to the limelight

[Refrain]
Just for you
Just for you
Just for you
Just for you

[Chorus]
Don't turn around baby
널 만나다니 꿈은 아니겠지
Don't you ever let me down baby
Money doesn't mean nuttin' to you
Money really means somethin' to me
난 자랑하고 싶거든 얼마를 벌었는지
그게 애들이 원하는 거니까, right
Yeah, I'm addicted to the limelight

[Refrain]
Just for you
Just for you
Just for you
Just for you

[Chorus]
Don't turn around baby
널 만나다니 꿈은 아니겠지
Don't you ever let me down baby
Money doesn't mean nuttin' to you
Money really means somethin' to me
난 자랑하고 싶거든 얼마를 벌었는지
그게 애들이 원하는 거니까, right
Yeah, I'm addicted to the limelight","145.094","0.576","0.574","-8.267","0.287"
"You & Me","DOK2","7j2HXqNaP7V5oOayUpU1rV","[도끼 & 이하이 ""You & Me"" 가사]

[Chorus: LeeHi]
오늘이 마지막이면
What you gonna do? Yeah
아직 못 한 말
Thought you already knew that
Feel it, it's just you and me
Too deep, it's just you and me
They would might call me silly me
You and I, ride or die
오늘이 내일이 되면
Don't you want more? Yeah
좀 더 가져봐
Thought you already got that
Feel it, it's just you and me
Too deep, it's just you and me
This love might just be killing me
You and I, ride or die

[Verse: Dok2]
(Yeah) True love can't be this complicated
Late night feeling like triple X
I can't see you when I need your touch
To feel your love, and that's a triple threat
Got my heart pacing like a triplet
다시 태어나도 널 선택해
There's no competition, you're the best I've ever had
그게 사실인 걸 어떡해
세상 저 편에 뜬 해와
달 또 산, 바다, 땅
내 맘 말로 다 표현할 수 없지만
색깔로 전한다면 해변 위 노을과 하늘
다시 또 몇 밤을 지나야 할진 몰라도
난 알아 우릴 다시 떼어 놓는다면 그건
God did, God's gift 이대로만 있어준다면 뭐든지
Diamonds and gold
Platinum 다 따다 줘
찬 바람과 고요한 밤이면 더
드리워지는 네 사랑과 온기
내 사람 같은 기분과 품
숨소리와 향기
We be Bonnie and Clyde-ing
필요 없지 두말이, ride with me 'til Gatti
You will always be my shawty

[Chorus: LeeHi]
오늘이 마지막이면
What you gonna do? Yeah
아직 못 한 말
Thought you already knew that
Feel it, it's just you and me
Too deep, it's just you and me
They would might call me silly me
You and I, ride or die
오늘이 내일이 되면
Don't you want more? Yeah
좀 더 가져봐
Thought you already got that
Feel it, it's just you and me
Too deep, it's just you and me
This love might just be killing me
You and I, ride or die

[Outro: Dok2 & LeeHi]
I don't usually do this
You and me, 단둘이
FaceTime, no 하두리
그 다음엔 놀러 와 내 꿈에
너와 나의 movie
둘러봐도 아무리
찾아도 없지
어린 애들 풋사랑으로는 무리
I don't usually do this
You and me, 단둘이
FaceTime, no 하두리
그 다음엔 놀러 와 내 꿈에
너와 나의 movie
둘러봐도 아무리
찾아도 없지
어린 애들 풋사랑으로는 무리
I don't usually do this
You and me, 단둘이
FaceTime, no 하두리
그 다음엔 놀러 와 내 꿈에
너와 나의 movie
둘러봐도 아무리
찾아도 없지
어린 애들 풋사랑으로는 무리","130.96","0.24","0.506","-14.737","0.0621"
"On My Way (Feat. Zion.T)","DOK2","6eX08sGMU7ynJoSfuoY2hf","[Verse 1: Dok2]
오직 열정과 패기만으로 내린 결정
종이와 검정 pencil만 주면 매일 벌떡
일어나 누른 play 버튼이 나의 하루의 시작
미약하고 서툴지만 내 가슴이 kick과
함께 뛰어 밖에도 나가지 않고 방에서
Hip-hop을 나의 걸로 만들기 위해 난 매일 연습만 했고
Rock and roll, 미친놈처럼 rhyme and flow만
조립하고 연구하던 어린 Einstein
I'mma shine 나의 꿈들과 마주 앉아
밤새 수다를 떨어 떨쳐내던 고민
Like Double D, Amoeba Culture and my story will never die
Every rhyme wrote, 언제나 진실 진심만을 담았고
갈 길이 멀고 오를 벽들이 많아도
이게 나라서 힘들어하지 않았어
Yeah, I got love for this music like every musicians
날 때리는 현실을 부정한 채 객기로 버틴지
벌써 8년이 지났지만 똑같애
꿈을 이루기 위해 still i'm on my way

[Chorus: Zion.T & Dok2]
I'm on my way, 갈 준비됐어
Gotta go baby, 날 준비됐어
나를 쳐 때려 누르고 밟아도
난 죽지 않아, 나를 놔둬
Yeah, I'm on my way, yeah, I'm on my way
Time is tickin', yeah, I'm spittin'
My time is tickin', yeah, I'm spittin' sometimes
It changes better, changes worse
I gotta little problem against the world
Time is tickin', yeah, I'm spittin'
My time is tickin', yeah, I'm spittin' sometimes
It changes better, changes worse
I gotta little problem against the world
Time is tickin', yeah, I'm spittin'
My time is tickin', yeah, I'm spittin' sometimes

[Verse 2: Dok2]
열심히 밤새며 심혈을 기울여
만든 track 위에 나의 생각을 씨부려
일부러 쏟아지는 잠도 쫒아내
뒹굴어가며 노래를 만들어봤자
현실에 찌그러진 꿈과 찌푸러진 눈 사이
눈 쌓이듯 쌓인 고민
털어내지도 못하고 꼬일 대로 또 꼬인
일들에 치여 이젠 꿈이 뭐였는지도 몰라
혼란스러운 머리로 돈 되는 일만 골라
누구는 몇천 벌 때 나는 몇십에 목숨 걸어
다 때려치고 싶지만 그래도 돈은 벌어
먹고 살아야지, 땅에 남자로 태어나
가난에 태연한 척할 수 없기에 주먹을 뻗어
I rock the mic like Beanie Sigel
I'mma hear, no speak, no see no evil
So there will be no sequel of the 갑갑한 tragedy
막막한 내일이 날 반갑게 반기지만 애써 외면할게
마지막이라고 치고 내 식대로 갈게
아직 외로할 내 꿈, 그래, 그 놈 때문에
누구 때문에? Hip-hop 때문에, word

[Chorus: Zion.T & Dok2]
I'm on my way, 갈 준비됐어
Gotta go baby, 날 준비됐어
나를 쳐 때려 누르고 밟아도
난 죽지 않아, 나를 놔둬
Yeah, I'm on my way, yeah, I'm on my way
Time is tickin', yeah, I'm spittin'
My time is tickin', yeah, I'm spittin' sometimes
It changes better, changes worse
I gotta little problem against the world
Time is tickin', yeah, I'm spittin'
My time is tickin', yeah, I'm spittin' sometimes
It changes better, changes worse
I gotta little problem against the world
Time is tickin', yeah, I'm spittin'
My time is tickin', yeah, I'm spittin' sometimes","115.12","0.515","0.647","-12.648","0.254"
"Beverly 1lls","DOK2","2HqNq7Fh9tTqd9YBMGPXF1","Intro:
Yeah...Alan Z
Savage...NATIVE

Chorus:
At the top, so high, welcome to Beverly Ills
I got your girl on my line, now she all head over heels
Beverly Ills (2x), mo du da
Welcome to Beverly Ills
(Repeat)

Verse 1:
I put in work all day
For you it's a phase and a hobby
But music lives in me, that's always
Your flow is so whack
You belong back in middle school, rapping in hallways
This ain't the beef that you came for
Me and you are not cut from the same cloth
What's a pretty little face to a chainsaw?
Can't name another that's snapping like me
Don't think you Drake cuz you act for a fee
I can tell that your whole manner is Meek
You ain't ready to go Back To Back with me, please!
I'm making a difference
This is a warning, you ain't competition
You're not on my level, so play your position
You're happy-go-lucky from favoritism (whoa!)
I'm the Prince of this generation
These peasants need to get low
This my kingdom, not an invitation
To my crown, you need to let go
Been down since Genasis, working OT cuz I love it
So many snakes in the grass, I need to cut it

Chorus:
At the top, so high, welcome to Beverly Ills
I got your girl on my line, now she all head over heels
Beverly Ills (2x), mo du da
Welcome to Beverly Ills
(Repeat)

Verse 2:
I'm a young OG, can't stop it
They be hatin me now cuz I'm poppin
Want to turn on me like I'm not it
But your girl with me getting naughty
Oh-whoa-oh
Better than me you will never be
RIP to all my enemies
Ima turn them into memories (yeah)
I'm the wrong one to beef with, I promise
Women all on me, like Adonis
Didn't I tell you I was a savage, you needed me
Like girls needed Rihanna's music
I came from the bottom
But now I'm a problem, there's no way to stop me
They say I'm too rowdy, spread rumors about me
But in hip-hop, my rank is Top 3
You never met like a player like me (swerve)
So it's only fair I squeeze
The life out of my foes
They can't compete lyrically, only got selfies on their IG
There's no limit to what I can do
Might as well admit you buying views
Cuz you been claiming a life you never lived
But you couldn't even survive what I lived through (whoa)
I'm the Prince of this generation
These peasants need to get low
This my kingdom, not an invitation
To my crown, you need to let go
Been down since Genasis, working OT cuz I love it
So many snakes in this grass, I need to cut it
(Cut it, cut it, cut it, let's go!)

Chorus:
At the top, so high, welcome to Beverly Ills
I got your girl on my line, now she all head over heels
Beverly Ills (2x), mo du da
Welcome to Beverly Ills
(Repeat)","","","","",""
"1llusion","DOK2","2Z67b9Ni6so1VA57uGYsU8","[Verse 1]
I'm talkin' 'bout my future, 더 확실한 미래
내가 버릇처럼 입에 붙인 말이 주는 feedback
그 덕에 난 잘 지내, 니가 망할 때도
내가 who? 굳이 입 아프게 말 안해도
Capital D to the O to the K, 다음 쉿
In the street, 나를 보면 다들 ""오"" 하구 찍
난 그냥 바닥에서 올라온 rapper
부자가 됐어도 여전히 나는 hip-hop을 아껴, I be like ooh
My 808 bass knockin', 딱히 바뀐 거라곤 내 차 키
My future still be poppin', 항상 바삐
확실한 일밖엔 하지 않아
내가 아닌 니들이 날 찾지

[Chorus]
Is it ill? (Yeah)
Is it really ill? (Yeah)
Let me know, it's ill? (Yeah)
If it's really ill? (Yeah)
Is it ill son, Is it really ill son
Let me know, it's ill son, if it's really ill
Yeah, is it ill son, Is it really ill son
Let me know, it's ill son, if it's really ill

[Verse 2]
I ain't buggin' 'bout the past I be on to the next
No rest for the rest of my life
어제의 성공은 또 어제일 뿐
다시 눈 감음, boom, 바로 내일로 가
나 대신 누가 날 위해 살아줄게 아니거든
입을 닫어, young bossin', 아직 3년 남은 서른
늘 버릇처럼 거른 적 없이 걸어온 걸음
살얼음 판을 난 녹여 만들어 버렸네 여름
I love em I want em mo, 이미 다 가진듯
Hustle real hard, hustle harder, 나의 태도
때론 내 뜻대로 되지 않을 때도
난 그대로 유지하네 나의 평정심을 지켜
난 두 배로 let's get this money, 돈 벌어, 미친듯이
근데 돈 벌려고 하지않아 미친 짓은 난
돈에 미친놈 아닌 행복에 미친놈
여행 떠날 때도 있네, 몇 천 짜리 일 취소 시키고, ho

[Chorus]
Is it ill? (Yeah)
Is it really ill? (Yeah)
Let me know, it's ill? (Yeah)
If it's really ill? (Yeah)
Is it ill son, Is it really ill son
Let me know, it's ill son, if it's really ill
Yeah, is it ill son, Is it really ill son
Let me know, it's ill son, if it's really ill
Is it really ill? (Yeah)
Let me know, it's ill? (Yeah)
If it's really ill? (Yeah)
Is it ill son, Is it really ill son
Let me know, it's ill son, if it's really ill
Yeah, is it ill son, Is it really ill son
Let me know, it's ill son, if it's really ill","","","","",""
"111%","DOK2","6XsK88k4pe30cx5as6z7xq","[Intro]
Multillionaire

[Verse 1]
진짜 바닥에서 위, I made it out the gutter
여전히 더 올라가기 위해 매일 난 또 걸어
뻔한 swaggin', 가끔 철없게 좀 뵐지라도
어련 일을 해낸 건 참 부정 못 할 얘기
다들 꺼려 하는 도전, 야망이 도져
I got my mojo back, 분위긴 고조, 내 그분이 오죠
전성기는 왔다 가지도 않고 또 오고
좀 떨어질까 싶을 때 I bounce back like Pogo
날 보고 질투한 적 없다면 넌 마네킹
알아서 잘 되니 내겐 필요 없는 마케팅
타겟팅은 나, 내 자신
절대 남의 귀나 남 의식한 안 내키는 음악 따윈 안 했지
아랫집이 올라올 때까지 더
내 자신이 날 몰라볼 때까지 더
꿈의 한계 보다 높게 가지 더
Sky ain't the limit, 난 내려다보네
하지도 않을 일을 쓸 때 없이 말하지도 않어
여기 rapper들 rapper라며 rap 잘하지도 않어
키만 삐쩍 커, 정신은 자라지도 않어
하다 말지, 뭐든 얼마 못 가 사라지고 말어
성공 바라지도 마라, 서러운 척도
음악 한답시고 길을 걸어온 척도
할 말 없는 rapper들이 찾지 가사 주제
남 얘기, 이별, 감성팔이들이 주돼
그런 짓들보단 솔직히 내 가사들이 낫지
내 성공, 내 돈, 모두 내 가사들이 낳았지
근데 여기선 내 가사들이 낮지
Rap이 책이라면은 내 가사들은 잡지, you heard
Young King, Young Millionaire
Ride with me, Young Boss, Young 1llionaire
내가 지나가면 저 여자들 얼어
오빠 너무 멋있대, 다 하는 말은, ""쩔어""
난 연예인도 아닌데 연예인보다 유명한 rapstar
모른다면 친구한테 물어봐
그 담엔 내가 냈던 노랠 들어봐
Illionaire baby, 모두 그렇게 물들어가

[Verse 2]
스물하나에는 1억, 스물둘엔 거의 2억
그래, 스물셋엔 5억 찍고, 다섯에는 10억
이젠 여섯이니 더? Oh yeah, I got bigger, man
이러다 억대짜리 광고까지 찍겠네
나는 절대 망할 일이 없네
사기 따윈 당할 일이 없네
니들 도움 바랄 일이 없게
1llionaire way, 참 탄탄한 길을 걷되
안전한 길을 피해 달리는 비포장도로
내 차, 시계 나는 돌려줄 리 없지 도로
어렸을 때부터 어련 일들 많이 겪어 별로
뭐든 놀랍지도 않아, 니들 부정들 정도론
내 정신은 늘 또롱
술이나 대마에 쩔어 의지하며 사는 나약한 인간들과는 멀어
Rockin' Moncler, 나는 겨울에 안 떨어
똑바로 걷긴 지루해, 난 가끔 다릴 절어
네가 벌 돈까지 벌어, 다시 번 돈을 다 걸어
돈 벌 일은 항상 여럿, multillionaire that's wattup
덜떨어진 인간들 세상 탓할 때
난 더러운 꼴도 보기 싫어 명상 중
난 절대 눈 안 열어
My ice so cold, 나를 보면 모두 얼어
Work hard, ball hard, hustle harder that my motto
정신들이 어려빠진 놈들 뭐든 버럭 댈 때
천만 원 짜리 침대에 눠 피곤을 덜어
낸 뒤엔 아무리 바빠도 rap을 또 지껄여
내 태도는 여전해, 아무리 유명해져도
여기 놈들 조금 뜨면 연예인 병들이 쩔어
뭘 하는지도 모른 채 hip-hop은 갖다 버려
Hip-hop을 부끄러워하는 hip-hop으로 분류되는 rapper들
유리할 땐 hip-hop인 척하고
불리할 땐 얌전한 척, 언제 그랬냐는 듯
난 저런 무식한 문화완 거리가 멀다고
예술가인 척을 하네, 이런 배은망덕한 놈들
본인 꿈에 지가 혀를 차네, 나 같이 배운 거 없는 놈두
그 정도의 인간의 도리는 지키며 살어
돈 벌기 쉬워 보이는 가요의 미끼는 달어
누가 시키는 가려운 찝찝한 일들로 네가 금전 땡길 때에
내가 몇 십억을 버니 삐지는 가녀린 fuggin' bitches
Be suckin' on my dick hoe
앞에선 암 말 못 하면서 rap에선 나를 씹죠
시계, 차 자랑이 어쩌네, 요즘 rap이 어떻네
돌려 말하지만 누가 봐도 내 얘기
지는 못하면서 있어도 안 할 거처럼 철이 든 척
나를 어리석은 놈 취급해대지
다시 말해, 난 술, 담배 안 해
쌍스러운 욕도 입으로 안 뱉어
난 싸우지도 않아, 화도 거의 안내
열심히 일하며 살 뿐, 낭비 않네
내가 번 돈으로 가족들 이사를 갔네
파산했던 우리 집에 쌓인 빚을 깠네
우리 엄만 내게 억 단위 연봉을 받네
우리 아빤 팔엔 나와 같은 시곌 찼네
우리 이모 내 Rolls Royce 뒤에 탔네
우리 형은 전 세계를 돌아 나와 함께
마약 조사 와도 검찰들은 날 못 잡네
생긴 거완 다르게 바르게 살아왔네
돈을 떠나 난 아주 행복한 삶을 살기에
내 걱정을 하다니, 아주 참 같잖네
Goddamn, I'm good, don't worry 'bout me
I said I'm good, I feel sorry 'bout that

[Outro]
In Hawaii I'm chillin', straight illin'
While you bitchin'
I don't care 'bout your feelins', huh
But I'm feelin' nice, great
Excellent and I'm blessed
I'm feelin' dope, perfect
Brilliant and the best
One hunnit
Thank you","81.081","0.8690000000000001","0.597","-7.312","0.597"
"On & On (feat. Lee Hi)","DOK2","2fC4olmcp1E6bVl3PUUUcf","[Intro: Dok2]
I just wanna rhyme, I just wanna
I just wanna dream, I just wanna sleep good
I just wanna chill, I just wanna
I just wanna go shopping and just eat good
I just wanna fly, I just wanna
I just wanna go somewhere and feel good
I just wanna vibe, I just wanna
I just wanna flow in smooth to ill mood

[Pre-Chorus: 이하이]
I'm just gonna do whatever I want
I just wanna chill whenever I want
듣기 싫은 것들은 다 버려
믿기 싫은 것들은 지워 버려
복잡하게 생각할 필요없이
내키지 않으면 그냥 깊이 묻어 두면 돼
다시 돌아봐도 후회 안남게

[Chorus: 이하이]
'Cause time goes on and on
'Cause time goes on and on
'Cause time goes on and on
'Cause time goes on and on
'Cause time goes on and on

[Verse 1: Dok2]
정답은 하난데 다 말이 너무 많아
목적지도 하난데 가는 발이 너무 많아
도움 받는 건 좋지만 끝에 탈이 너무 많아
정신없이 허무해진 날이 너무 많아
아직 얼마나 더 가야 하는지는 모르지만
산을 내려오는 동시에 또 오르지만
매 순간 선택의 기로에 늘 놓이지만
가장 나 다운 길을 고르지, 많은 이 길들 중에
I ain't here to fight, I ain't here to lose
I'm just here to do my thing
My time just cool off
Tryna love everything, I ain't with that hatin'
Open up my mind and my third eye
My patient no racing man, I just wanna cruise
현실은 쉬어 갈 때쯤 다시 날 떠미는 중
난 어디에도 어울리지 못한 채로
Life goes on and on, 적응조차 못 한 새로움

[Pre-Chorus: 이하이]
I'm just gonna do whatever I want
I just wanna chill whenever I want
듣기 싫은 것들은 다 버려
믿기 싫은 것들은 지워 버려
복잡하게 생각할 필요없이
내키지 않으면 그냥 깊이 묻어 두면 돼
다시 돌아봐도 후회 안남게

[Chorus: 이하이]
'Cause time goes on and on
'Cause time goes on and on
'Cause time goes on and on
'Cause time goes on and on
'Cause time goes on and on

[Verse 2: Dok2]
내가 거품이라면 샴페인 I be rising
Tryna be nice and gentle
Even the spot lights ain't mine
인간이라 어쩔 수 없이
나도 조급할 때가 있어
생각들로 머리가 차있어
복잡할 때면 쉬워하려 노력하지
몸까지 지칠 때면
쉬어가면 오히려 답이 보일 테니
쉽진 않아도 느긋하게 chill
Yes it's gon' be okay, everything will
Kill the negativity, 좋은 생각만 하기
그래, 나도 알아, 어렵지, 좋은 생각만 하긴
좋은 생각과 맘이 나를 좋은 곳으로
데려다주길 바라며 다시 좋은 생각만 하지
아직 멀었단 사실에 익숙해질 수 밖에
간단하게 살고 싶었는데 모든 게 복잡해
Mo' money, mo' problems, 이제 이해 가는 말
Life goes on and on, 난 또 어디로 가는가

[Pre-Chorus: 이하이]
I'm just gonna do whatever I want
I just wanna chill whenever I want
듣기 싫은 것들은 다 버려
믿기 싫은 것들은 지워 버려
복잡하게 생각할 필요없이
내키지 않으면 그냥 깊이 묻어 두면 돼
다시 돌아봐도 후회 안남게

[Chorus: 이하이]
'Cause time goes on and on
'Cause time goes on and on
'Cause time goes on and on
'Cause time goes on and on
'Cause time goes on and on

[Outro: Dok2 & 이하이]
I just wanna rhyme, I just wanna
I just wanna dream, I just wanna sleep good
I just wanna chill, I just wanna
I just wanna go shopping and just eat good
I just wanna fly, I just wanna
I just wanna go somewhere and feel good
I just wanna vibe, I just wanna
I just wanna flow in smooth to ill mood
I just wanna dream, I just wanna sleep good
I just wanna chill, I just wanna feel good","97.152","0.421","0.746","-7.944","0.545"
"Am I","DOK2","4FnhF2M9c3tMTfK9GMBSqo","[Intro: Dok2]
All these mothafuckas talkin' shit behind my back man
Y'know what?
It's all good man, I don't really care
Y'know what?
I don't get it man, I get paper
Let's get it

[Hook: Dok2]
내가 망할 것 같애? 내가 망할 것 같애?
그렇게 살다간 얼마 못 가서 다 망할 것 같대
내가 망할 것 같애? 내가 망할 것 같애?
Hell nah, 언제나 그랬듯 나는 잘나갈 것 같애
내가 망할 것 같애? 내가 망할 것 같애?
그렇게 살다간 얼마 못 가서 다 망할 것 같대
내가 망할 것 같애? 내가 망할 것 같애?
Hell nah, 언제나 그랬듯 나는 잘나갈 것 같애

[Verse 1: Dok2]
잘나가만 왔네 난 어릴 때부터
내 삭막한 삶에 꿈 바라만 봤기에
흔들림 없이 잘 따라서 왔네
I ain't talkin, I'm livin it, 항상 니 앞에
작년엔 ""10억을 향해서 밟네""라 말하고 훨씬 더 많게나 땄네
올해는 얼마를 벌지는 몰라도 확실한 사실은 나는 안 망해
뭐, 망해도 상관없지, 지금 가진 걸 다 갖다 팔아도 니가
평생 벌 돈 보단 많아, 내 걱정은 말아, don't worry bout me
쉽게 망할 일도 없거니와
설사 망한다고 해도 언제든지 일어날 수 있지
'난 할 수 있지'란 작은 생각 하나로
보다시피 보란 듯이 잘 왔으니
이미 난 내려가기에는 너무 높아
니 똥차 세차할 때 새 차 난 또 사
고사 지내기도 전에 난 또 골라
니가 시동 걸기 전에 이미 도착
호사로운 나의 젊은 날의 초상
니들 노파심 내 피부에도 못 닿아
Buffet를 먹어도 난 아직 배고파
Young Illy millionaire hustle for life, let's get it

[Hook: Dok2]
내가 망할 것 같애? 내가 망할 것 같애?
그렇게 살다간 얼마 못 가서 다 망할 것 같대
내가 망할 것 같애? 내가 망할 것 같애?
Hell nah, 언제나 그랬듯 나는 잘나갈 것 같애
내가 망할 것 같애? 내가 망할 것 같애?
그렇게 살다간 얼마 못 가서 다 망할 것 같대
내가 망할 것 같애? 내가 망할 것 같애?
Hell nah, 언제나 그랬듯 나는 잘나갈 것 같애

[Verse 2: The Quiett]
잘 나갈 거 같애 난
내년도, 후년도, 아마도 죽고 난 다음 세기까지
Chrysler PT Cruiser to SLS AMG, 아마도 전세기까지
전세곌 다니며 거세게 왔지, 고3때 학생부 선생님 같이
Illionaire Records, 우리는
Rap으로 돈 버는 덴 확실히 천재들 같지, woah
I'm blowin' my money so fast
Got honey for sex, got money for gas
24시 7일 나의 머릿속엔 money cash and hoes
You already know I love that dough
누가 뭐래도 돈은 여전하겠지
친구란 놈들이 변해도, hol' up

[Verse 3: Beenzino]
망하기는 개뿔, 개풀 뜯어먹는 소리하고 있네
부정적인 개새끼들아
내가 너라면 말할 시간에 움직일 거고
그건 손가락이 아냐, 멍청한 새끼들아
니 집이 못산다고 불평 말고 Dok2 얘길 새겨들어
인기 많고 싶으면은 내 얘기를 듣고
Quiett 형의 rap을 듣기 전엔
고추한테 경고하고 들어, gay 될 수도 있으니까
아직 끄지마, 할 말 또 있으니까, wait, wait (잠깐!)
우린 망할 수가 없지, multillionaire는 뭘 타?
Dok2는 차를 너무 많이 사서
다 나열하기 귀찮아 해 (아닌데, 아닌데!)
Quiett 형은 Bentley를 사고
SLS 타지도 않잖아 (타는데, 타는데, woah!)
미안하지만 내 차엔 타지 마
내가 '가'에서 한 말은 모두 다 뻥
없어 너의 자린 여기에
Because you're not my squad
또 너넨 모두 불 보듯 뻔해
너넨 다 똑같아, bitch I'm one of a kind
나는 내 성격상 너네가 간 길은 쳐다도 안보네
얻어 걸린 성공 땜에 떴던 새끼들은
매일 뜨고 지는 석양 같고
난 우주가 되길 원해, uh

[Hook: Dok2]
내가 망할 것 같애? 내가 망할 것 같애?
그렇게 살다간 얼마 못 가서 다 망할 것 같대
내가 망할 것 같애? 내가 망할 것 같애?
Hell nah, 언제나 그랬듯 나는 잘나갈 것 같애
내가 망할 것 같애? 내가 망할 것 같애?
그렇게 살다간 얼마 못 가서 다 망할 것 같대
내가 망할 것 같애? 내가 망할 것 같애?
Hell nah, 언제나 그랬듯 나는 잘나갈 것 같애","119.98","0.6859999999999999","0.63","-5.53","0.747"
"Still On My Way","DOK2","7fUa7kqaHxVNUs1nwRfQcQ","[Verse 1: Dok2]
오직 열정과 패기, I'm still on my way though
어제와 오늘도 내일도
여전히 처음인 것처럼
늘 철없던 때의 기분 그대로 이 길을 걸어
어렸을 땐 아무것도 가진 게 없어서
조용히 움츠린 채로 살 수 밖에 없어서
배가 고파도 먹을 게 냉수밖에 없어서
눈에 보이는 대로 훔칠 수 밖에 없었던
나를 용서하소서, 아직도 기억해 그 날을
창 밖을 보며 한숨만 내쉬던 어린 나를
위로해주던 사람 하나 없었지 내 곁엔
덕분에 이젠 어떤 일을 겪어도 it's nothin'
몸집은 작게 컸지만 I'm big hearted
Them peeps doubted about my dreams
But I still got it real artist
We don't compromise, 타협 하나 없이
니 머리 위에 내 이름 딱 두 글자를 적지
이제 적지 않은 돈, 명예 많은 걸 얻었어도
몇 십에 목숨 걸다 몇 십억을 벌었어도
난 아직 여전해
음악 그리고 꿈만이 내 터전에
무대 위가 가장 행복한 musician
High minded ambition
Mr. Independent still be makin' my own decisions
사람들은 내가 돈 벌더니 변했다며 털어
절대, 난 더 자유롭게 음악 하기 위해 벌어

[Chorus: Zion.T]
I'm still on my way, 여전히 여기 이 자리
내 가족, 내 친구, 우리 동네, 이 거리
I'm still on my way, 난 바뀐 게 없지, 거의 없지
내 차키, 좋은 옷, 좋은 여자들 빼곤
I'm still on my way, on my way
On my way, on my way
I'm still on my way, on my way
On my way, on my way

[Refrain: Dok2]
Just know that I'm still
On my way
Just know that I'm still
On my way

[Verse 2: Dok2]
어차피 꿈이란 건 아무도 믿어주지도 않아
나 대신 누가 날 위해 이뤄주지도 않는 동시에
나의 성공을 빌어주지도 않을 뿐더러
나의 희망을 키워주긴 커녕
나의 실패만 바라는 놈들 뿐인 이곳
여기저기 의심이 가득한 눈들이 보여
난 그 눈을 피해 숨지 않아, 니들 눈 앞에
내 성공이 더 잘 보이게 한 길만 팠네
Wattup partner, how you like me now bruh
이젠 먼 나라에서 한국으로 오네 날 보러
감히 누가 날 더러 망할 수 있다 말하겠어
난 죽기 전엔 망할 일이 없지, yeah, I guess so
난 계속해서 꿈을 이뤄가는 중인데
주변 사람들은 꿈을 잃어가는 중이네
나이를 먹었단 핑계로, 또 현실을 핑계로
풀이 꺾인 채로 죽지 못해 사는 듯 지내고
언제부터 hip-hop이 hip-hop인 걸 티 내고
대표하는 게 부끄러운 짓이 됐는지
이대로 니가 배신한 꿈 피하고 비켜갈 때
난 첫날부터 등뒤에서 혼자 지켜왔네
차 사고 자랑하는 날 욕하고 시기하기 전에
누가 더 행복하고 잘 사는지를 봐
이제 와서 hip-hop인 척하는 애들에게 전해
I'm outchea and I'm livin' my Illionaire life

[Chorus: Zion.T]
I'm still on my way, 여전히 여기 이 자리
내 가족, 내 친구, 우리 동네, 이 거리
I'm still on my way, 난 바뀐 게 없지, 거의 없지
내 차키, 좋은 옷, 좋은 여자들 빼곤
I'm still on my way, on my way
On my way, on my way
I'm still on my way, on my way
On my way, on my way

[Refrain: Dok2]
Just know that I'm still
On my way
Just know that I'm still
On my way
Just know that I'm still
On my way
Just know that I'm still
On my way","","","","",""
"Mr.Independent 2 (Feat. Beenzino & The Quiett)","DOK2","7r6tdtlsgKk6Ms1122SfEl","[Verse 1: Beenzino]
이젠 홍대마저 따라하는 GD 혹은 TOP
니 자신이 되어라. Please be original
볼펜보다 칼을 얼굴에 댄 음악들은 그만 듣고파
뻑이 가기보단 빡
공연보다 공중파, 음악보다는 개인기
역사를 쓰기보단 image in the making
Rap이 옥의 티인 wack MC 대신
내 소개를 합니다. Hi, my name is
B, double E, N-Z-I-N-O
Z를 G가 아닌 Z로 발음하는 매너
연예인이 되게 해준다는 달콤한 말을 해도
구미가 안 땡기면 숟가락을 내려
내가 내키지 않음 내치고
내가 내키면 해, 그게 내 신념
Yeah, Illionaire seems good
The Q, Gonzo, Isshoman, leggo!

[Chorus: Dok2]
Mr. Independent, the real musician
Respect my walk, my talk, my ill decision
Let's ride (Let's ride, let's ride)
Let's ride (Let's ride, let's ride)
Mr. Independent, the real musician
Respect my walk, my talk, my ill decision
Let's ride (Let's ride, let's ride)
Let's ride (Let's ride, let's ride)

[Verse 2: The Quiett]
10 years in the game, I'm finally here
지나간 날에 손 흔들고 이제 마무리 지어
멈출 순 없어, 더욱 세게 나아갈 뿐이지
밑바닥부터 외롭게 시작한 우리지
It's Illionaire, baby. Put your hands up in the air, baby
고1 때 재미 삼아 시작했던 내 rap이
이 판을 완전히 바꿨지, yeah, the game's changed
기억도 안 나, 놀아봤던 게 언제인지
그만큼 정말 부지런하게 일했지
그 결과 매일매일이 payday 됐지
그게 나의 hustle, I hustle real hard
그러니 너도 어서 니 것을 키워 봐
이제는 인정할 수밖에 없어 내 style
실력과 돈, livin' like a Fiesta
훗날에 사람들은 날 이렇게 기억하겠지
The Quiett, 계약서 한 장 없이 탄생한 rap star

[Chorus: Dok2]
Mr. Independent, the real musician
Respect my walk, my talk, my ill decision
Let's ride (Let's ride, let's ride)
Let's ride (Let's ride, let's ride)
Mr. Independent, the real musician
Respect my walk, my talk, my ill decision
Let's ride (Let's ride, let's ride)
Let's ride (Let's ride, let's ride)

[Verse 3: Dok2]
I'm fienin' for a good life. Yeah, I'm a DT fan
음악이 내 직업이지만 난 TV엔 잘 안 나오는 rapper
I'm an independent musician and I'm proud of it, I feel incredible
난 어설프게 뛸 바엔 멋지게 걸어
반짝 벌고 떨어질 바엔 난 천천히 벌어
Gutter to the top, I made nothin' to somethin'
부정할 수 없지, yeah, I've been workin' and workin'
적히고 적히는 내 rhyme in my 공책
Studio to Venue, where all the microphone's at?
Oh yeah, I'm everywhere like wi-fi. Day time to night time
거리부터 인터넷, 언제나 늘 tight한
스켸줄에 쫓겨 시간 가는 줄 몰라도
방이 클럽 안인 듯 I be rockin' all night long
I'm on my own, the self made Illionaire
난 내 여자, 내 가족 땜에 일을 해
난 일을 배워왔지, 어렸을 떄부터
내 배는 내가 직접 잘 벌어서 안 굶겨
Put your Illionaire signs up
내가 Louis 선글라스 쓸 때 니들은 그냥 인상 써
계약서 난 안 써, 잔소리도 안 들어
100프로 내 얘기와 내 맘대로 난 만들어
내 music, it's ill, I got diamonds on my grills
Mo' real, mo' skills, mo' thrills, mo' deals

[Chorus: Dok2]
Mr. Independent, the real musician
Respect my walk, my talk, my ill decision
Let's ride (Let's ride, let's ride)
Let's ride (Let's ride, let's ride)
Mr. Independent, the real musician
Respect my walk, my talk, my ill decision
Let's ride (Let's ride, let's ride)
Let's ride (Let's ride, let's ride)","","","","",""
"Rap Star","DOK2","2BxMmOfP1ncnUzviuj0pWJ","[Verse 1]
R-A-P star, that's me, 누구처럼 이쁜 표현들은 안 해
니가 뭐래든 신경 따윈 쓰지 않아
내 맘대로 떠들어, I drop that shit
Flyest, sick, top class, ill. 뭐를 갖다 붙여도 난 다 되지
Ain't no mothafucka here go hard as me
Come fuck with a rap star, Kardashian
일한 만큼 놀아, 지구 반을 돌아
많이 벌은 만큼 쏟아, 너의 꿈의 차를 몰아
You only live once, that's the motto
Screamin' ""YOLO"", 내 나인 Ferrari, Burberry or Polo
여긴 모두가 현실에 갇힌 포로
열심히 일한 몸을 다시 일터로
도로 던져. 매순간 떨어질까 떨어
행복을 위한 게 아니면 돈을 왜 벌어?
걸어, double. 넘어, 허들
가시밭을 걸어도 가벼운 발걸음
내가 지나가면 니 여자는 얼음
10년이라도 7년이 남은 내 서른
Hats on, got heads up, my cash flow, swag walk
아시아부터 유럽, 미국, 빈틈없는 내 passport
I'm a rap star, no 연예인. 도를 닦어, Kobain
주말에도 일을 해, all day. This rap game, I don't play
난 가요 프로 방송국 빼곤 I'll be everywhere
가짜들은 가요 프로 방송국 빼곤 never there

[Chorus]
Put the cameras down, turn that TV off
Fuck, 내 이름조차 통과 안 되는 심의도
I say what I wanna say, wear what I wanna wear
Everybody get your 1llionaires in the air
I'm a rap star, I'm a rap star
I'm a rap star, I'm a rap star
I'm a rap star, I'm a rap star
Everybody get your 1llionaires in the air
I'm a rap star, I'm a rap star
I'm a rap star, I'm a rap star
I'm a rap star, I'm a rap star

[Verse 2]
CD를 팔어 벌어 CD를 사네
Album이 아닌 fresh new Dior jeans
비 올 리가 없는 미래
니 스케일은 넘 작어, 내겐 마냥 귀엽지
그래, 기어이 이뤄버린 모든 rapper들의 꿈
계약서는 필요 없지
TV에 나와 쓸 데 없는 짓 나는 안 해
I'm a mothafuckin' Illionaire CEO, bitch
I'm ridin' around and I'm gettin' it. It mine, I spend it
내가 원하는 건 다 가져, if I want it: Genie
난 내가 하고 싶은 말만 해서 버는 1억 5천, 참 살만해
New CLS, 뭐 탈만 해, 3달에 한 번쯤은 여행 갈만해, ah shit
재벌을 바라보는 부자
목에 칼이 와도 혀에 놓지 않은 후장
두 발 뻗고 자네, 절대 뛰지 않는 투잡
The life goes on, I'm on my thug life: 2Pac
날 누가 막어? 이런 걸 누가 알어?
이렇게 누가 날어? 이런 삶 누가 살어?
그게 바로 나, 나야, 나
대한민국에 유일한 rap star, 이건 새로운 직업
평가 받어 오디션에 떨어지면
호모처럼 눈물 흘리는 드라마는 안 찍어

[Chorus]
Put the cameras down, turn that TV off
Fuck, 내 이름조차 통과 안 되는 심의도
I say what I wanna say, wear what I wanna wear
Everybody get your 1llionaires in the air
I'm a rap star, I'm a rap star
I'm a rap star, I'm a rap star
I'm a rap star, I'm a rap star
Everybody get your 1llionaires in the air
I'm a rap star, I'm a rap star
I'm a rap star, I'm a rap star
I'm a rap star, I'm a rap star","82.14200000000002","0.812","0.8190000000000001","-5.5710000000000015","0.894"
"훔쳐 Rob It (feat. Double K)","DOK2","5UaGldAL222nOHnIS78vfO","[Verse 1: Dok2]
그 어떤 비틀 줘도 난 니 일처럼 상관이 없지
추하게 뛰다 넘어질 바엔 난 차라리 걷지
난 말이 없이 행동으로 보여주는 style
단점도 내일이면 시침 뚝, 싹 고쳐지지 다
내 rap이 영어라면 난 본토 native 발음을 가진 원어민
반면 니들은 단지 어설픈 흉내 내는 just wannabes
본업이 뭐든 난 모든 걸 내 껄로 만들어
하나를 알면 백을 알지, 할 줄 아는 것만 늘어
잘 들어, 난 위험한 특수 강력 wanted 절도범
내게 뺏기기 싫음 잘 감춰, 24시 널 노려
나의 목푠 높은 위치, pretty honey and mula
완벽한 증거 인멸 강력4팀 번호 눌러
소용 없어, I'm fast, I'm smooth, the best
용서 없어, I'm bad, I'm cool, don't test
셀 수 없는 나란 놈의 능력, 질투 나면 너도 연습해
날 이길 수 있을 때까지 눈 깔고 계속 정숙해

[Chorus: Dok2 & Double K]
그래, 난 달러, 달러, 더 빨리 달려, 달려
날 보면 holla, holla back, when you see me boy
아직 목 말러, 말러, 더 빨리 달려, 달려
Yeah, I'm a baller, baller, come and ride wit me girl
그래 난 싹 다 훔쳐, 난 싹 다 훔쳐
난 싹 다 훔쳐, whatever I want
그래 난 싹 다 훔쳐, 난 싹 다 훔쳐
난 싹 다 훔쳐, whenever I want

[Verse 2: Double K]
이건 some serious shit, for all the cheesy ass clowns
For all ya media pets, 이건 내 beat 위에 crime
꼬마들아, breaks over, 이 서울 city's all mine
I'm ready to take over like Nas, all I need is one mic
내가 돌아왔지, this time I'm really back fo'real
With my homie 이미 hip-hop scene에선 형님 내 동생 Dok2
We make you shit in your pants 'cause we so damn dirty, dirty
Yeah, you be feelin this shit, don't lie know you love it, love it
이건 귀먹은 자들에 심장을 향한 총소리
잠든 니들을 깨워 눈 뜨게 할 시작의 종소리
착한 벙어리 속에 감춰진 악마의 소리
틀에 박힌 사회 속 퍼지는 암세포의 발자국 소리
넌 따라올 수 없어, I'm fast, I'm smooth, the best
날 막을 순 없어, I'm bad, I'm cool, don't test
셀 수 없는 나란 놈의 욕심은 더 많은 걸 원해
오늘 밤 니 머리, 몸, 영혼까지 싹 다 훔쳐대

[Chorus: Dok2 & Double K]
그래, 난 달러, 달러, 더 빨리 달려, 달려
날 보면 holla, holla back, when you see me boy
아직 목 말러, 말러, 더 빨리 달려, 달려
Yeah, I'm a baller, baller, come and ride wit me girl
그래 난 싹 다 훔쳐, 난 싹 다 훔쳐
난 싹 다 훔쳐, whatever I want
그래 난 싹 다 훔쳐, 난 싹 다 훔쳐
난 싹 다 훔쳐, whenever I want
그래, 난 달러, 달러, 더 빨리 달려, 달려
날 보면 holla, holla back, when you see me boy
아직 목 말러, 말러, 더 빨리 달려, 달려
Yeah, I'm a baller, baller, come and ride wit me girl
그래 난 싹 다 훔쳐, 난 싹 다 훔쳐
난 싹 다 훔쳐, whatever I want
그래 난 싹 다 훔쳐, 난 싹 다 훔쳐
난 싹 다 훔쳐, whenever I want","","","","",""
"No Switchin' Sides","DOK2","6WlDEz3jDsPqg2qyHUawHV","[Chorus: The Quiett]
우리가 돈을 버는 방식, this is so original
We goin' straight when a motherfuckers switchin' sides
한국에서 온 다섯명의 Ambitious guys
일본, 미국, 태국 공연 계약서 위에 sign
너희는 그냥 닥치고 따라오기를 바래
가는 곳마다 우리가 닿으면 길이 나기에
We goin' straight when a motherfuckers switchin' sides
한국에서 온 다섯명의 Ambitious guys

[Verse 1: Keem Hyo Eun]
지금 여기 내 운명으로 향하는 기차 안에서의 창 밖은
머릿속에 그린 상상들이 장관을 이루고
파란 하늘이 말하는 내 기분
막 잠든 평생 고생만 했던 내 엄마
이젠 뻗어봐 편히 발
영화처럼 인생은 아름다워
야, 나는 될 거라 기억하냐
친구 술에 취해 너와 비틀대던 밤
희미해져 갈 때쯤 도착하겠지 그곳에
가끔 슬픈 노래를 듣곤 해
감정은 오랫동안 너를 제자리를 돌게 하니
큰 돈 세는 손에 묻히지마 흙, 모래
변해버린 나를 욕해 아니면 차라리 날 잊어
기다리며 내겐 낮이며 밤이며 꿈꿔온 순간이여
불행에 자란 집념과 내 야망의 안식처

[Verse 2: Dok2]
Straight out the fuckin' dungeons or rap
다시 돌아온 Illionaire day
세월이 지나도 변하지 않는 Illionaire way
Ambition까지 완벽한 그림을 그리는 중
니들은 그리다 못해 물이나 흐리는 중
흐르는 듯 흐르는 flow는 어디로 튈 지를 모르지
새로운 곡들이 나오기도 전에 새로운 beat를 고르지
오로지 노력 하나뿐
올라온지 벌써 오래 but 더 높이 가는 중
시간이 가는 줄도 몰라, 벌써 서른이 낼 모레
내가 여기까지 올 때 너넨 거서 아직 뭐 해?
Sippin' on some Moet, Cubans on 내 목엔
손목엔 Rolex, 이젠 지겨워진 이 노래
못해 아무도 이렇게, 아직까진 본 적 없지
16년째 단 한 번도 편히 논 적 없지
I'm outchea, 잠은 커녕 조금도 존 적 없지
절대 마이크 땅에 놓은 적 없지, no doubt

[Chorus: The Quiett]
우리가 돈을 버는 방식, this is so original
We goin' straight when a motherfuckers switchin' sides
한국에서 온 다섯명의 Ambitious guys
일본, 미국, 태국 공연 계약서 위에 sign
너희는 그냥 닥치고 따라오기를 바래
가는 곳마다 우리가 닿으면 길이 나기에
We goin' straight when a motherfuckers switchin' sides
한국에서 온 다섯명의 Ambitious guys

[Verse 3: Hash Swan]
Yeah, what time is it?
Tell me if you are a 11:11 apologist
니가 원하던 시곈 지금 내 손목에 차있지
Your kamikaze was failed but why I give you apology
New 1llionaire kids에서 boys, 넘쳐 나의 data clone
예의없던 너의 격식이 차려질 때
번 돈으로 우리 엄마, 내 동생 일 편해져
그럼 또 나는 돈 벌러 놀러 가면 돼, 너의 꿈
여기야, 임마, 우리 본 적 있다 반말하지마
내가 네 친구냐, 이 병신아
야, 나는 네 친구래, 근데 넌 내 친구는 아냐, 이 씨발
너보다 잘 사는 차차 배의 반점은 영양과잉 탓
또 피나네, 코피나네
Show Me 5, 6 and Shangri-La 난 일하네
유명세가 성공의 끝이라 생각하더라고 멍청이들
4시가 지난 은행은 문을 닫고부터 진짜 일을 시작해

[Verse 4: CHANGMO]
Underground Rockstar here, 지금 분은 eleven, hey
억대 사나이 왔다네, 날 가진 사장님들, hey
그분들 말곤 내 위엔 없지 다음 내 사장님은
이 몸일 테니, bro look at me, 질투나도 몸을 가만히 둬
아니면 퍽, bro, 퍽이 니 상징 소리가 될 걸, bro
23년 굴레, yeah, I fucked it up
거지 시절 Go Pro를 하나 샀어야
새끼들이 별 별 의심 안 할 텐데
그냥 엿 먹어라, fuck y'all
Show가 100개, 내 놈들아 믿기니?
Rockstar는 show로 말해, rhyme은 관통 안 해 TV를
방송 따윈 없대도 난 다음 세대의 디즈니
다음 세대의 1llionaire, 어제 간 덴 Porche지
Bition boy smokin' boro red 부어 beck
내일이 없이 지내 짧아 왕자의 젊음은 꽤
이쁜 여인은 꼭 보는 이 몸 Instagram
잘생김이 꽤 묻어 나오더래 급기야 얜

[Chorus: The Quiett]
우리가 돈을 버는 방식, this is so original
We goin' straight when a motherfuckers switchin' sides
한국에서 온 다섯명의 Ambitious guys
일본, 미국, 태국 공연 계약서 위에 sign
너희는 그냥 닥치고 따라오기를 바래
가는 곳마다 우리가 닿으면 길이 나기에
We goin' straight when a motherfuckers switchin' sides
한국에서 온 다섯명의 Ambitious guys

[Outro: The Quiett]
Big shout out to my man Beenzino
Yessir


Romanization

[Hook : The Quiett]
Uliga don-eul beoneun bangsig this is so original
We goin' straight when a motherfucka's switchin' sides
Hangug-eseo on daseosmyeong-ui ambitious guys
Ilbon migug taegug gong-yeon gyeyagseo wie sign
Neohuineun geunyang dagchigo ttalaogileul balae
Ganeun gosmada uliga dah-eumyeon gil-i nagie
We goin' straight when a motherfucka's switchin' sides
Hangug-eseo on daseosmyeong-ui ambitious guys

[Verse 1 : 김효은]
Jigeum yeogi nae unmyeong-eulo hyanghaneun gicha an-eseoui changbakk-eun
Malis-sog-e geulin sangsangdeul-i jang-gwan-eul ilugo palan haneul-i malhaneun nae gibun
Mag jamdeun pyeongsaeng gosaengman haessdeon nae eomma
Ijen ppeod-eobwa pyeonhi bal
Yeonghwacheoleom insaeng-eun aleumdawo
Ya naneun doel geola gieoghanya chingu sul-e chwihae neowa biteuldaedeon bam
Huimihaejyeo gal ttaejjeum dochaghagessji geu gos-e
Gakkeum seulpeun nolaeleul deudgon hae
Gamjeong-eun olaesdong-an neoleul jejalileul dolge hani
Keun don seneun son-e mudhijima heulg, molae
Byeonhae beolin naleul yoghae
Animyeon chalali nal ij-eo
Gidalimyeo naegen naj-imyeo bam-imyeo kkumkkwo on sungan-iyeo
Bulhaeng-e jalan jibnyeomgwa nae yamang-ui ansigcheo

[Verse 2 : Dok2]
Straight out the fuckin' dungeons or rap
Dasi dol-aon Illionaire day
Sewol-i jinado byeonhaji anhneun Illionaire way
Ambitionkkaji wanbyeoghan geulim-eul geulineun jung
Nideul-eun geulida moshae mul-ina heulineun jung
Heuleuneun deus heuleuneun flowneun eodilo twiljileul moleuji
Saeloun gogdeul-i naogido jeon-e saeloun biteuleul goleuji
Oloji nolyeog hanappun
Ollaonji beolsseo olae but deo nop-i ganeun jung
Sigan-i ganeun juldo molla beolsseo seoleun-i nael mole
Naega yeogikkaji ol ttae neonen geoseo ajig mwo hae
Sippin' on some moet cubans on nae mog-en sonmog-en rolex ijen jigyeowojin i nolae
Moshae amudo ileohge ajig kkajin bon jeog eobsji
16nyeonjjae dan han beondo pyeonhi non jeog eobsji
I'm outchea jam-eun keonyeong jogeumdo jon jeog eobsji
Jeoldae maikeu ttang-e noh-eun jeog eobsji no doubt

[Hook repeat : The Quiett]
Uliga don-eul beoneun bangsig this is so original
We goin' straight when a motherfucka's switchin' sides
Hangug-eseo on daseosmyeong-ui ambitious guys
Ilbon migug taegug gong-yeon gyeyagseo wie sign
Neohuineun geunyang dagchigo ttalaogileul balae
Ganeun gosmada uliga dah-eumyeon gil-i nagie
We goin' straight when a motherfucka's switchin' sides
Hangug-eseo on daseosmyeong-ui ambitious guys

[Verse 3 : Hash Swan]
Yeah what time is it?
Tell me if u are a 11:11 apologist
Niga wonhadeon sigyen jigeum nae sonmog-e chaissji
Your kamikaze was failed but why I give u apology
New 1llionaire kidseseo boys neomchyeo naui data clone
Yeuieobsdeon neoui gyeogsig-i chalyeojil ttae
Beon don-eulo uli eomma nae dongsaeng il pyeonhaejyeo
Geuleom tto naneun don beolleo nolleo gamyeon dwae
Neoui kkum yeogiya imma
Uli bon jeog issda banmalhajima naega ne chingunya i byeongsin-a
Ya naneun ne chingulae geunde neon nae chinguneun anya i ssibal
Neoboda jal saneun chacha baeui banjeom-eun yeong-yang-gwaing tas tto pinane kopinane
Syomi 5, 6 and Shangri-La nan ilhane
Yumyeongsega seong-gong-ui kkeut-ila saeng-gaghadeolago meongcheong-ideul
4siga jinan eunhaeng-eun mun-eul dadgobuteo jinjja il-eul sijaghae

[Verse 4 : Changmo]
Underground Rockstar here jigeum bun-eun eleven
Eogdae sanai wassdane nal gajin sajangnimdeul
Geu bundeul malgon nae wien eobsji da-eum nae sajangnim-eun
I mom-ilteni bro look at me jiltu nado mom-eul gamanhi dwo
Animyeon peog bro peog-i ni sangjing soliga doelgeol bro
23nyeon gulle Yeah I fucked it up geoji sijeol Go proleul hana sass-eoya
Saekkideul-i byeol byeol uisim an hal tende
Geunyang yeos meog-eola Fuck y'all
Syoga 100gae nae nomdeul-a midgini?
Rockstarneun syolo malhae laim-eun gwantong anhae TVleul
Bangsong ttawin eobsdaedo nan da-eum sedaeui dijeuni
Da-eum sedaeui 1llionaire
Eoje gan den Porcheji
Bition boy smokin' boro red bueo beck
Naeil-i eobs-i jinae jjalb-a wangjaui jeolm-eum-eun kkwae
Ippeun yeoin-eun kkog boneun i mom Instagram
Jalsaeng-gim-i kkwae mud-eo naodeolae geubgiya yaen

[Hook: The Quiett]
Uliga don-eul beoneun bangsig this is so original
We goin' straight when a motherfucka's switchin' sides
Hangug-eseo on daseosmyeong-ui ambitious guys
Ilbon migug taegug gong-yeon gyeyagseo wie sign
Neohuineun geunyang dagchigo ttalaogileul balae
Ganeun gosmada uliga dah-eumyeon gil-i nagie
We goin' straight when a motherfucka's switchin' sides
Hangug-eseo on daseosmyeong-ui ambitious guys

Big shout out to my man Beenzino
Yessir","","","","",""
"Ambition and Vision","DOK2","0RW9OdzPb3OsX3aApyoMLL","[Verse 1: Beenzino]
야망과 앞을 보는 눈
상상만 하던 오늘을 마주한 내 몸에는 소름
소름은 거짓말을 못 하지
Goose bumps don’t lie, goose bumps
졸음도 나를 막지 못했지
잠을 자길 포기했지, 그렇게 여길 오게 됐지, yeah (Yeah)
내 컵 좀 봐, 그 안에 거품 봐, 그건 개네 평판
But I feel so alive, 없어질 수 없어 난
My life is now right now (Groovy, Everywhere)

[Verse 2: CHANGMO]
서울 외곽에서 온 어린 Tony Montana
평생 헌 옷 입은 놈이 비싼 옷이 좀 테나
마치 원래 그랬듯이
우리 어머닌 어린 내게 신사가 되라 그랬고 난 돼 버렸지
멋진 Rolls Royce Phantom 보고 배운 교훈
우린 할 수 있어 서민 형제들
거닐던 거리 물이 첨벙대두 이제 난 피하지 않아
사지, Force One 새 것
10년이 돼 버렸어, 처음 쓴 rhyme이
열아홉에 느꼈어, 난 돈 벌 아이지
10년이 되었고 어느새 난
사장님들과 차 얘길 하는 사이지
난 못 멈춰, 걸어 내 숨
알잖아, 힘들 때 술 얼마나 털어낸 줄
멈출 수 없어, 멈출 수 없어
난 이 순간을 바래왔으니, gutta 탈출

[Verse 3: Keem Hyo Eun]
부딪혀 부서져 버릴 파도가 아닌 바다의 일부
이젠 그 사실을 내 스스로가 느끼는 기분
누가 말해주는 게 아닌 '괘안니', '괘안치'
비바람 견디며 될 거야 이 집안의 지붕
야망을 품은 Illy, 근데 어쩜
호랑이 새끼를 키운 거지, 근데 어쩔
그들도 분명 맘에 들 거야, 이런 내 열정
야, 이런 내 열정 둘 째 치고 아이러니해 먼저
너넨 나를 싫어하지만 나를 닮고 싶어 해
흘러간 여자들은 나를 담고 싶어해
너무 커버린 건지 니 그릇이 작은 건지
난 여전히 배고파, 니 그릇이 작은 거지, right
넌 머릿속 마저 거지, right
생각 함 생각대로 이뤄지는 거지
임마, 거짓말 따윈 no
내 말엔 항상 일리가 있어
가 있어, 옆에 illy

[Verse 4: Hash Swan]
See young boy with neon
내 방을 연기 색으로 칠하는 하얀색의 크레용
떠벌릴 필요 없지 아직 어린 예술가의 시련
Just money, fame, ambition, clear
망원에서 여의도의 studio
흰색에 덧칠하는 유인원
아니면 spray white
누구는 샘 나, fuck your late night
It’s never comin’ back, that’s why I do errtime
I don’t need a fuckin’ comma
Rapper들은 제대로 coma
내 이름은 LED 위에 in concert
시간이 필요해졌어 많이
기억도 못 할 스케쥴 때문에 필요해진 쟈비스
24의 나이쯤엔 new 11 diamonds
다음은 엄마의 apartment
그때 내겐 아마 갤러리아가 feel like 다이소
다 이뤄놔야지 till I inherit Zino’s 카모

[Verse 5: The Quiett]
인생이란 건 언제나 불완전해
오늘도 우린 서 있지 출발점에
여전히 선명하지 목표는
의심하는 자식들에게는 fuck y'all
제대로 벌어, 됐다 싶을 때까지
Ambition Musik 아이들 I make 'em rich
Get ready for tomorrow, 이젠 너희 차례
현실, 돈, 미래, 그런 것들 don’t worry 'bout it
6년째 이어지는 dope함
We the fuckin' greatest of all times
무에서 유, 모두 brand new
너희 자식들에게는 모두 bad news
매년마다 올라 회사 매출
우린 단 한번도 하지 않았지 대출
Young rich and famous so blessed too
Young rich and famous so blessed too

[Verse 6: Dok2]
우린 봤네, 니가 안보이는 일
성공에 눈이 멀어 등도 안돌리던 길
그 높은 언덕은 되었지 Beverly Ills
효은이와 몇 장 박어, 장소는 Beverly Hills
도덕산에서 부터 여섯 명 팔목엔 swiss made
그건 야먕 쩌는 rapper들의 sweepstake
영천영화 한우, no 수입 stake
Single이든 album이든 EP 또는 mixtape
닥치는 대로, 니들 닥칠 때까지
닥치지 못한다면 니들 빡칠 때까지
우린 타협 따윈 안 해, 와서 맞출 때까지
Fuck 'em, 갑질에 지친 미친 시인
We gettin' it, no bitchin', no switchin'
승리의 스위친 늘 빛이 환하게 비치는 중
Young rich and fuckin' famous dope 1ll sick
We got it nonbelievers they been doubted
Welcome to the winners circle
Motherfuckas ain't invited, whoa
Get your 1llionaire signs up
여긴 경치 모든 게 달라, 심지어 산소
상상 속 모든게 현실이 되던 이곳
Bition boys, 꿈이 현실이 되는 이 곡
다르단 이유만으론 틀리단 걸 증명 못해
기준에 맞춰 사는 건 쉽지만 내가 못돼
Seoul city what it doin', what the fuck is up
Ilionaire, ambition let's show em how we do it

[Outro: Dok2]
Ambition and vision
Yeah, we in it for life
Ambition and vision
Yeah, we in it for life","","","","",""
"Illionaire Gang (Feat. Beenzino, The Quiett)","DOK2","0OV9Tmqo7X1DXe9tAVxoqo","[Hook]
Illionaire Gang, Illi-Illionaire Gang
Illionaire Gang, Illi-Illionaire Gang
Illionaire Gang, Illi-Illionaire Gang
Illionaire Gang, Illi-Illionaire Gang
Illionaire Gang, Illi-Illionaire Gang
Illionaire Gang, Illi-Illionaire Gang
Illionaire Gang, Illi-Illionaire Gang
Illionaire Gang, Illi-Illionaire Gang

[Verse 1: Dok2]
Under rapper들의 연봉, 그건 내 손목의 시계 money
또 돈 벌러 갈 시간이네, 시곌 보니
Illionaire, 전국 길에 여기저기 매장 밖에 걸린 사진
우린 니네 머리 위에서 뛰어다니며 놀지
따라잡았다 싶을 때 또 앞서 가네 저 멀리
At Rodeo, Beverly, 옷에 3천을 딱 걸지만
괜찮아. 뭐, 한두 달이면 썼던 돈을 다 벌지
내 몸값은 늘 올라, amigos
Versace, Givenchy, Balmain, yeah I need those
아직도 안 믿고 날 씹고 아니꼬워하는
놈들에겐 관심조차 없어. 난 뒤도 안돌아
스물하나에는 1억, 스물둘엔 거의 2억
그럼 스물셋엔 더? Hell yeah, I'm gettin' bigger
With The Quiett and Beenzino, we the Illionaire Gambino
다 물러나, 저 뒤로. 누가 감히들 댐비노?

[Hook]
Illionaire Gang, Illi-Illionaire Gang
Illionaire Gang, Illi-Illionaire Gang
Illionaire Gang, Illi-Illionaire Gang
Illionaire Gang, Illi-Illionaire Gang
Illionaire Gang, Illi-Illionaire Gang
Illionaire Gang, Illi-Illionaire Gang
Illionaire Gang, Illi-Illionaire Gang
Illionaire Gang, Illi-Illionaire Gang

[Verse 2: Beenzino]
I love my life, how about you?
Fuck the price, 일단 바구니에 담아둬
분더샵 shopper, I don't shop in Karmaloop
Got Rolex, already. 다음은 차라고
I treat my girlfriend like it is her birthday
월요일에는 현대, 화요일에는 롯데
수요일에는 Rodeo, 목요일에는 워커힐
금요일엔 10 corso Como에 가서 Comme des
You can call me 지름신, or 힙합 입씨름신
Yves Saint Laurent 신을 신고 신고식을 치르지만
Alright, I don't give a shit. 언제나 어김 없이
섭외가 끊임없지. 너무 좋아, 내 직업이
And let the haters hate on me. 걔네가 늘상 해온 일
말릴 생각은 없어. 증오는 몸에 해롭지
난 좋은 것만 보고 듣고, 좋은 것만 배웠으니
이 자리에 왔지. My clique, you know what it is

[Hook]
Illionaire Gang, Illi-Illionaire Gang
Illionaire Gang, Illi-Illionaire Gang
Illionaire Gang, Illi-Illionaire Gang
Illionaire Gang, Illi-Illionaire Gang
Illionaire Gang, Illi-Illionaire Gang
Illionaire Gang, Illi-Illionaire Gang
Illionaire Gang, Illi-Illionaire Gang
Illionaire Gang, Illi-Illionaire Gang

[Verse 3: The Quiett]
Fuck bad bitches, yeah, I fuck bad bitches
Good girl gone bad, gone bed with me
Illionaire, 여자들이 앵기지
Fuck love, 난 돈을 챙기지
Rap flow winner with Chanel chain
Steaks for my dinner, 그게 내 웰빙
Dok2와 Zino, Illionaire gang
Yeah, we ballin' like Lebron, Dwayne Wade
Top class muhfuckas on one
우리 공연에 오는 게 그녀들의 소원
불과 몇십 초만에 매진되는 콘서트 티켓
다음날 딱 열 배 비싸게 파는 bitches
이 얘긴 나에게는 현실, 허나 너에겐 swaggin'
Illionaire the rap stars, 니넨 그냥 행인
Bitches actin', my money stackin'
Rappers wackin', muhfucka I'm gangin', wussup

[Hook]
Illionaire Gang, Illi-Illionaire Gang
Illionaire Gang, Illi-Illionaire Gang
Illionaire Gang, Illi-Illionaire Gang
Illionaire Gang, Illi-Illionaire Gang
Illionaire Gang, Illi-Illionaire Gang
Illionaire Gang, Illi-Illionaire Gang
Illionaire Gang, Illi-Illionaire Gang
Illionaire Gang, Illi-Illionaire Gang","","","","",""
"Multillionaire","DOK2","1SVYfsJUjfOwICjsunfthK","[Verse 1]
Got DJ Mustard on the beat, ho
G-O-N to the Z-O
D-O-K-2, that's me, bro
Illionaire motherfucker, how we go
니들 눈에 물음표 머리엔 점 셋
날 비웃던 놈들 멘붕 아님 정색
난 한국 hip-hop의 미래, 동시에 현재
지더라도 반드시 또 떠오르는 선셋
난 행사를 가도 바로 내 콘서트로 변해
고함질러, 분위기 띄울 필요가 없게
알아서 손가락 세 개는 다 위로 높게
기분은 잡칠 일이 없이 늘 항상 좋게
Spanish bitches call me ""Guapo""
Korean bitches call me ""존잘""
Two-door coupe top off
I kill these broke motherfuckers wit my 현찰
자아 성찰과 명상 내 취미
더 큰 꿈만 향해 달려가네 with no limit
나는 이미 미리 모든 걸 가진 듯
절대 비미하게 살지 않아
비밀의 힘이 날 이끄시니
Shimmy-shimmy ya, see me, ball out, till I fall out
난 영국 환율처럼 떨어질 줄 몰라
난 손도 쓰지 않고 니들 목을 졸라
Mahalo to my haters and aloha

[Chorus]
하나, 둘, 셋, 넷, 다섯, 여섯 일곱, 여덟, 아홉, 열, 열 하나
Multillionaire, 니가, 니가 뭘 알아, like
One, two, three, four, five, six, seven, eight, nine, ten, eleven
니가 누구든지 상관없어, you ain't even on my level
My dreams, I believe in that shit
Dreams, I be livin' that shit
My dreams, I believe in that shit
Dreams, I be livin' that shit

[Verse 2]
Diamond pave grills and bezel by Ben Baller
Even when I was broke, mind been ballin'
남자로 태어나 내 이름으로 일 벌린 한
갈 때까지 가보는 거지 멀리
10 summer Seoul city to Los Angeles
Multillionaire bitch, bet you can't handle this
날 따라오긴 니들은 넘 게을르지
난 돈을 쓰며 새로운 돈 세 알리기
바빠, 어젠 공연에
오늘은 녹음, 내일은 촬영 있지, 오전에
Mo' money, mo' problems, 쉽겐 못 노네
근데 가사 쓰러 난 여행 간다고 전해 (Woo)
난 경상도 출신에 초졸
문신이 가득한 키 작은 혼혈
대중적 착한 그런 가사도 못 써
근데 hip-hop에 있어선 넌 척추도 못 펴
내 앞에선 한국 rapper들은 삐져
한탄하며 술 마시고 담배나 피죠
이젠 니가 몇 십 몇 백에 목숨을 걸 때
난 20억을 챙겨, 나의 매일이 birthday
니 808 bass 세봤자 벌떼
내 808은 이 바닥을 흔들지, earthquake
Boom, 너넨 사라지고 나만 남아
Illy, Q, Zino 빼고는 다 눈 감아

[Chorus]
하나, 둘, 셋, 넷, 다섯, 여섯 일곱, 여덟, 아홉, 열, 열 하나
Multillionaire, 니가, 니가 뭘 알아, like
One, two, three, four, five, six, seven, eight, nine, ten, eleven
니가 누구든지 상관없어, you ain't even on my level
My dreams, I believe in that shit
Dreams, I be livin' that shit
My dreams, I believe in that shit
Dreams, I be livin' that shit","","","","",""
"On&On","DOK2","0MeBP6hdJZ0jIPetbuOIaK","[Intro: Dok2]
I just wanna rhyme, I just wanna
I just wanna dream, I just wanna sleep good
I just wanna chill, I just wanna
I just wanna go shopping and just eat good
I just wanna fly, I just wanna
I just wanna go somewhere and feel good
I just wanna vibe, I just wanna
I just wanna flow in smooth to ill mood

[Pre-Chorus: 이하이]
I'm just gonna do whatever I want
I just wanna chill whenever I want
듣기 싫은 것들은 다 버려
믿기 싫은 것들은 지워 버려
복잡하게 생각할 필요없이
내키지 않으면 그냥 깊이 묻어 두면 돼
다시 돌아봐도 후회 안남게

[Chorus: 이하이]
'Cause time goes on and on
'Cause time goes on and on
'Cause time goes on and on
'Cause time goes on and on
'Cause time goes on and on

[Verse 1: Dok2]
정답은 하난데 다 말이 너무 많아
목적지도 하난데 가는 발이 너무 많아
도움 받는 건 좋지만 끝에 탈이 너무 많아
정신없이 허무해진 날이 너무 많아
아직 얼마나 더 가야 하는지는 모르지만
산을 내려오는 동시에 또 오르지만
매 순간 선택의 기로에 늘 놓이지만
가장 나 다운 길을 고르지, 많은 이 길들 중에
I ain't here to fight, I ain't here to lose
I'm just here to do my thing
My time just cool off
Tryna love everything, I ain't with that hatin'
Open up my mind and my third eye
My patient no racing man, I just wanna cruise
현실은 쉬어 갈 때쯤 다시 날 떠미는 중
난 어디에도 어울리지 못한 채로
Life goes on and on, 적응조차 못 한 새로움

[Pre-Chorus: 이하이]
I'm just gonna do whatever I want
I just wanna chill whenever I want
듣기 싫은 것들은 다 버려
믿기 싫은 것들은 지워 버려
복잡하게 생각할 필요없이
내키지 않으면 그냥 깊이 묻어 두면 돼
다시 돌아봐도 후회 안남게

[Chorus: 이하이]
'Cause time goes on and on
'Cause time goes on and on
'Cause time goes on and on
'Cause time goes on and on
'Cause time goes on and on

[Verse 2: Dok2]
내가 거품이라면 샴페인 I be rising
Tryna be nice and gentle
Even the spot lights ain't mine
인간이라 어쩔 수 없이
나도 조급할 때가 있어
생각들로 머리가 차있어
복잡할 때면 쉬워하려 노력하지
몸까지 지칠 때면
쉬어가면 오히려 답이 보일 테니
쉽진 않아도 느긋하게 chill
Yes it's gon' be okay, everything will
Kill the negativity, 좋은 생각만 하기
그래, 나도 알아, 어렵지, 좋은 생각만 하긴
좋은 생각과 맘이 나를 좋은 곳으로
데려다주길 바라며 다시 좋은 생각만 하지
아직 멀었단 사실에 익숙해질 수 밖에
간단하게 살고 싶었는데 모든 게 복잡해
Mo' money, mo' problems, 이제 이해 가는 말
Life goes on and on, 난 또 어디로 가는가

[Pre-Chorus: 이하이]
I'm just gonna do whatever I want
I just wanna chill whenever I want
듣기 싫은 것들은 다 버려
믿기 싫은 것들은 지워 버려
복잡하게 생각할 필요없이
내키지 않으면 그냥 깊이 묻어 두면 돼
다시 돌아봐도 후회 안남게

[Chorus: 이하이]
'Cause time goes on and on
'Cause time goes on and on
'Cause time goes on and on
'Cause time goes on and on
'Cause time goes on and on

[Outro: Dok2 & 이하이]
I just wanna rhyme, I just wanna
I just wanna dream, I just wanna sleep good
I just wanna chill, I just wanna
I just wanna go shopping and just eat good
I just wanna fly, I just wanna
I just wanna go somewhere and feel good
I just wanna vibe, I just wanna
I just wanna flow in smooth to ill mood
I just wanna dream, I just wanna sleep good
I just wanna chill, I just wanna feel good","","","","",""
"Wattup (feat. Kim Hyo-Eun)","DOK2","1bDzJeARqyrbeBrtBgzvl1","[Verse 1: Keem Hyo Eun]
Illionaire, Ambition motherfucker, 야
총 모양의 오른 손 motherfucker, 야
난 Dok2 행님과 돈 벌거야
악스홀 털어 버리고 유명 해질래
시작돼 해질 때 해이해질 때
니 여자와도 헤어질 때
헤어질 땐 니 여자 맘도
니 여잔 바로 해시태그 해
김효은 하고 내 사진을 수배
내 pay, 내 ladies 수백

[Verse 2: Dok2]
Who that, who that young king, I thought you knew that
True that, true that 우리 rap엔 없어 주제
New track, new rap, new level, new bread in new bag
Everybody be wondering like how you do that
Seoul city finest chasin' finer things
연예인병 빼곤 가질 건 다 가졌지
나를 이기려거든 다시 태어나길 바래
어떤 rhythm이든 태연하게 타네

[Hook: Dok2 & Keem Hyo Eun]
Let's go
1llionaire (Wattup)
Ambition (Wattup)
우리가 나타나면 손을 높이 모두 뻗어
김효은 (Wattup)
Gonzo (Wattup)
Yeah, 마이크만 있다면 우린 필요 없어 뽀록
Wattup, wattup
Wattup, wattup
Wattup, wattup
Wattup, wattup

[Verse 3: Dok2]
I don't get mad, I get mad money, that's what it is
Just stay blessed, stay fly, 뭘 하든지
난 여유롭게, 더욱 높게, 버릇 없게
니 기분 망쳤다면 미안할 뻔도 안하지
Illionaire, Ambition, 성공은 내 mission
Ballin', 내 미신, 하지않아 개짓은
Young boss, 내 위신, 니들 rap엔 피식
I'm the shit bitch, I don't do ass kissing

[Verse 4: Keem Hyo Eun]
Vision은 여의도 스물넷층 사무실 view
주말을 전국 tour로 마무리 중
내 생각이 맞았던 것 같애 아무래도
돈과 너네 중 누가 누가 뭐래도가
너네도 다른 눈 높이, 마냥 부럽지
마냥 부럽기 뭐 하니 dude 겉만 부 스럽지
부스러기 붙어도 지금 부터는 부 털 시간이야
붓 터는 중

[Verse 5: Dok2 & Keem Hyo Eun]
지금부터는 중지 곧게 펴고 fuck the world
Fuck your feelings, fuck your crew
Fuck your girl, man fuck everybody
지금 내 말이 뭔 뜻인지 잘 모른다면
Man y'ain't 'bout it
나는 오직 돈 앞에서만 예의를 차림
난 돈되는 연락 빼곤 거절 늘 가림
가림 낯을 돈 얘길 하지 않는 니들에겐
내게 새긴 문신처럼 I'mma die a legend

[Hook: Dok2 & Keem Hyo Eun]
1llionaire (Wattup)
Ambition (Wattup)
우리가 나타나면 손을 높이 모두 뻗어
김효은 (Wattup)
Gonzo (Wattup)
마이크만 있다면 우린 필요 없어 뽀록
Wattup, wattup
Wattup, wattup
Wattup, wattup
Wattup, wattup
Let's go
1llionaire (Wattup)
Ambition (Wattup)
우리가 나타나면 손을 높이 모두 뻗어
김효은 (Wattup)
Gonzo (Wattup)
Yeah, 마이크만 있다면 우린 필요 없어 뽀록
Wattup, wattup
Wattup, wattup
Wattup, wattup
Wattup, wattup","","","","",""
"Spirit of Ecstasy","DOK2","0UAyhsJpjGEKPHJtuJkt1I","[Intro]
Jahlil Beats holla at me

[Verse 1]
Jahlil Beats holla at me, 바로 내 귀에다 박어댄 kit
안 사려, 내 식대로 단련된 기능
So automatic who harder than me
I'm bout it let's get it I gotta get wit it
늘 새로운 길이 from Seoul my city
To world wide philly
What it do, Meek Milly
1llionaire we be gettin' millions
한국에선 본 적 없는 그림
아무리 잘난 선생질도 내 앞에선 다 개 드립
Dreams really do come true, 벌써 10년째 I'm provin' it
부처님 앞이 아니라면 난 쉽게 등 안 굽히지
Lets pray, 첫 번째로 내 쩌는 삶을 위해
Lets pray, 두 번째론 내 쩌는 차를 위해
That's cray, 세 번째론 난 뭐든 나를 위해 살 뿐
줏대 없이 니 기분 따위에 흔들릴 내가 아냐
When My Rolls Royce Ghost spirit ecstacy go high
지나가면 나인 줄 알어, man you already know why
난 가방 끈이 좀 짧어, 한계의 뜻을 잘 몰라
날 묻고 싶거든 다이아 박힌 삽 갖고 와, I'm done

[Chorus]
Spirit of ecstacy
You ain't on my level
You ain't ridin' next to me
Spirit of ecstacy
You can't talk you can't call
Can't even text to me
Spirit of ecstacy
You ain't on my level
You ain't ridin' next to me
Spirit of ecstacy
You can't talk you can't call
Can't even text to me

[Verse 2]
딱히 돈을 모으지 않아도 난 쉽게 돈이 쌓이지
난 돈을 좋아하지만 돈은 날 사랑하는 그런 사이지
난 개나 소나 다 하는 짓들만 하며 사는 놈 아이지
If it ain't about that money man, 내는 영 마 파이지
난 캐리어나 쌀게, 넌 니 career 더 쌓아라
내 분위기는 Hanauma Bay, 넌 모래 날리는 Sahara
니가 잘 나가지 않는단 거 딱 너만 빼고는 다 알아
내가 잘나가는 건 한국 넘어 전세계에서도 다 알아
Yeah, bitch I'm the truth, young rich I'm that dude
1llionaire we on one, 가요 shit 안해두
Tell em bitches we here, come fuck it 1llionaire gangstas
항상 지켜온 태도, 절대 안 밀리는 swagger
Rockin' 무지티, 팔목엔 Rose Gold Rollie
다 죽는 소리할 때 맨날 잘 먹고 놀지
열은 받지 않게 I don't get mad I get paper
Shout out to Jahlil Beats, man long live young hustlers

[Bridge]
Leggo we up
We up
We up
We up

[Chorus]
Spirit of ecstacy
You ain't on my level
You ain't ridin' next to me
Spirit of ecstacy
You can't talk you can't call
Can't even text to me huh
Spirit of ecstacy
You ain't on my level
You ain't ridin' next to me
Spirit of ecstacy
You can't talk you can't call
Can't even text to me bitch
Spirit of ecstacy
You ain't on my level
You ain't ridin' next to me
Spirit of ecstacy
You can't talk you can't call
Can't even text to me huh
Spirit of ecstacy
You ain't on my level
You ain't ridin' next to me
Spirit of ecstacy
You can't talk you can't call
Can't even text to me bitch

[Outro]
Mothafuckas just don't understand
They don't even know what the fuck this is about
When we say levels, we ain't talkin' about status
It's about different dimensions
Fuckin' bunch of typical third dimensional shallow ass bitches
That's why they can't see us man
Higher frequency
Tune in or tune the fuck out
Dok2, 1llionaire, let's get it
One","","","","",""
"Money Dance - Bonus Track","DOK2","4iMhoeL5KZGGhEOMxwsNe2","[Round 1: Nunn Nunn]
They say nuns pray to JC
Fuck no
You ain't fuckin' scary
I'm a different Nun(n)
I'll tell your son, ""Fuck you, your mother, and who ya mother marry (Mary).""
Can't prepare for me
Souls, I don't leave without
Exorcisms: mixin' Nun(n) and JC bring the demons out
Let's take him to church! But in here, it's no hope
I wrote these verses in red - this a God you could quote
Let's alter (altar) what you offering - a sacrificial GOAT?
Confession! What you acquires (choir) an ass-whippin' I'll administer (minister) while I beat him to a pulp (Pope)!
Now watch me hustle (Hussle) like Nip' wit' it
You ain't learn from Mac Miller
I seen the addict you were
I thought, ""Take a Lil Peep in the mirror.""
Ain't you concerned?
What you bake, snort, Pop, Smoke - what you prefer?
Hell, take some mo'
Three X's will leave him Juiced, World!
Rest in Peace!
It's a lot of dead rappers
Fake head tapper, lead clapper
That think we (wheat) too white to make a pump a nickel (pumpernickel) rise, I wasn't corn bred (cornbread)
Bastard you lame, what you gain for? Your real vices?
This white rapper ain't B. Rabbit and I don't play, boy (Playboy)
I'm 'bout to make noise
Bang mine
Raise my stock and the morgues; at the same time!
This lame'll die for the games he play
I ain't name flippin' this bitch rapper when I catch a case, see J? (Casey Jay)
These writers got Big Smoke like GTA
He ain't, in recovery or a gangsta, don't believe that
JC pop and peel (poppin' pill), no it's a relapse
You crackhead, junkie
How you on SMACK when you not on Caffeine?
I told him, ""kick rocks"", he said, ""I'm tryin' to get clean.""
Bro if it ain't Tik Tok, we ain't tryin' to watch your Battle Rap Fiend
But I ain't earn this shot, what you believe
But everything I touch burn like Jubilee
Truthfully, you ain't been schooled enough, that's true and see (truancy)
Julian wouldn't play with me if I was Scuba Steve
Now fuck JC, this smoke for sure
You remind me of Aye Verb, not for the bars of course
But you wanted to Murda Loaded, but after the Miss Hustle we ain't gonna see your face no more
Oh, you shootin' pistols huh? I'm shootin' witchu
Talkin' body bitch, the body bitch, you think you official (O'fficial)?
I'm in Pontiac, it's a body bag, my homie found one
We ain't jump in (jumpin') that bitch yet cause we ain't 'round one
Before the round done, you gotta cope wit' it
I just hope you don't overdose from the dopest pen 'til they tellin' you my condolences
Oh you know this is, a 7th inning stretch before you can win it
Know that you gon' strike out, still you racin' to pen it (pennant)
Any Ill Will and you admiring (add Myron) MAC's (Mackk's) I'm on ya block wit' it
Goin' in ya corner this time out like white children
Your addiction, my position, both come with a few perks (percs)
I get it, he knew you first so you get paid more, but what's dude worth?
We don't really like that Math like Tsu Surf
The nerve, of a hater, think he won't get murked for paper
Me and you don't see eye to eye, like you and a third grader
You fuckin' small fry
Pipsqueak
Told you you'd get ya wish bitch and be six feet

Fuck you talkin' 'bout man

[Round 1: JC]
Yo! Ain't this that one dude
That Nunn dude
That one who on every card that he rap he end up stallin' up Smack
That one dude
You know, came up crawling up back out that tournament like he was all in his bag
You know!
That one dude
Had it mapped out
Turn by turn, and still lost on the app
Bitch the only reason, I'm agreeing to kill you
Is cause with something as uncertain as death, I like to plan it
And contrary to lame nigga belief, my presence is quite demanding
But it's the shit that I spend money on from these hits that deals twice the damage
I might replace some of my countertops with part of this bag; I literally take life for granted (granite)
Don't come in this bitch thinkin' we sparring goofball
Niggas come in here thinkin' it's boxin' drills then they all get held up
See when I think of ""box"" and ""drills"", it's only coffins nailed shut
You had to tempt me
Now you get everything 'til the mag' is empty
You know you wasn't even the third option, they asked me plenty
I told 'em, this nigga barely worth a bill; like Savage Fenty
Are you gettin' me? I do this shit lyrically
They can't even duplicate what I do, there's not even Mini-Me's
You gotta be explosive to bring down a building with nothing plain (plane); no conspiracies
But I'm an actual problem
And you asked for the problem
Like all the ass whoopings and shit I done gave out and you had to come by
Shit made me question myself, like, ""Are you that bad of a problem?""
I mean, you do get a lot of wins. You go on the app and just rob 'em
You gotta be some sort of savage or goblin
Some sort of gargoyle...if even on the stats you (statue) a monster
When it comes to being sick, I've made symptoms
L.A. to V.A. all became crippled by y'all same system and I've had you melting since
L.A./V.A. (lava), see y'all been like Pompeii victims
And I've had cruise options, tools poppin'
Takin' somebody like Nunn Nunn, just an easy reason to hit a Target
Now we back to school shoppin'
Niggas ask me why I don't take breaks much
Shit, I guess it's simple
I'm from Michigan, too much time out could be detrimental
Plus, we been past had it locked
When we have our shots we don't rock the room the same, facts or not
We cut different
I'm a blade you a trimmer, it's just the aftershock
But you asked for it, so I got it for ya
Main conversation, dot is on ya
You won't even know who's shootin' like Ah di lawyer
We'll just track him home, crack his bones when we let it sing
I will literally run through all these battlers 'til Smack ain't got shit to stream
And I got shit inside of my walls reserved for the bones y'all leave at every scene
I won't stop 'til all them niggas sittin' there
This cat will comb (catacomb) through everything
'Til I run outta space
Oh you a foam fingered, cheering in the stands type of fan
Yeah, I can tell you one by the face
You play wit' me, that hammer like a good mind, it's one out the waist (not to waste)
And it'll have you talkin' to a dot like, ""Alexa...play...with somebody safe.""
Cause I'm not the one
Fuckin' goofball
I'm not the one, even his backup hit
With an Eagle I'm accurate
And you know the shit usually cook
And y'all know the saying, a bird in the hand could be worth two in the bush
I laid 'em both out
Sideways, like Fridays I'm only here to close out the weak (week)
But you know not to speak
Go ahead, bring ya fam' in (famine), I make sure nobody eat
It's JC
No Christian bars to the reaper
Nothing you do will finna save ya
I'm only doin' them a favor
But you can blame Caffeine
Y'all didn't want me to call a white boy ""trash"" you shouldn't have threw him in the trailer
It's body bags at every battle

[Round 2: Nunn Nunn]
This 'bout to get biblical
They got JC booked, now how that measure up?
Do the math (Matt'), you Mark-ed out, Luke warm, worse than John, dead to us
These Judges, do Numbers, that lead'll bust
You roamin' (Roman) around, actin' like a King, but you gon' exit dust (Exodus)
Now I was, Kirk Franklin, I always showed JC love
Then I got that phone call, now you get ya bitch ass sonned
I ain't done
Fo' Fo'? Wild strong
What bark in his face? Aye, big dawg
I keep a bag, my Hitman, will take your face off (Faceoff)
How you told Babs she got all these bitches Making Da Band and this battle look like a cake walk
This is Christian Mingle, a match for JC
That's a body, bagged on the app for JC
Call Jaz, dispatch for JC
We need IV's like the Horsemen, it's a (w)rap for JC
I'ma walk with JC
Let's have faith as I talk to JC
Let us pray, I'll give ya rooftop Dots, ya cap Elevates
Good thing we on the west, Gotti will get ya wig replaced
You won't see the light ('Lyt) of Day
Think you too cold? I'll turn ya face to a fire place
Annihilate, this hoe dead
I got a .45 and a .22 that hold lead
He 4'5"", he be 2'2"" with no legs
I rolled up, buckin' the nose for a coke head
Shell case, ballistically, thinkin' the way you was de-famed is sickening
Know why no one thinks this plate is interesting?
Cause you're JC, and no one says your name initially!
You give us the same plate and expect bigger plates for you
But you don't create, you recycle, the shit ain't new
You told Nitty, ""the scar will haunt you, like Ray Finkle, with the laces out""
Told Flamez, ""you'll lay sis' (laces) out like Ray Finkle"", that ain't the same to you?
Fuck ya lame excuse, we are bored of you
Surf and Lux think that you are horrible
Pass the torch to who?
Bitch I'ma watch you pass while I torture you
""Okey doke. Nunn gon' kill him.""
""No he won't.""
Sheeit, let this hoe approach, you put a nun (Nunn) in front of JC and caught a holy ghost
Now watch a pro
Smack was lookin' to check, he found it
But it's Mr. Shot Perfect, huh? Doubt it
But I don't criticize, I break forms down, I'm The Accountant
Who countin', on you winning? Dude trippin'
Better have an army and know what to do wit' it
In general, you ain't a soldier, ain't no proof in it
In private, he'll call the officer if there's loot in it (lieutenant)
This is suicide you walkin' in
You ain't catch the soldier scheme cause you from Pontiac, I've been warrin' (Warren) Michigan
Verse two, knock you out, try this shit again
Twork and Drugz, the third gon' compliment
I said, ""Bring me the best, go 'head and lock it in
I could really shoot at a king. I think I'm Little Tim.""
This battle shit? Kinda strange
Every predictions the fuckin' same
If you so much better than me, please explain
How I beat the person that bodied you and made my fuckin' name
I'm appalled with, y'all wit', I'm off this
How you made game stop (GameStop) and raise stock when
Y'all prefer sellin' this old base, soft shit
It's fuckin' borin'
You know what I think's wild?
You'll take your chain off for a pedophile but come in here with no fuckin' performance
It's fuckin' annoyin'
If I smack the shit out you right now, no warnin'
You ain't gon' do shit but what JC does and forgive me for it
Ain't y'all embarrassed?
No, this is what y'all cherish
This clown appearance that don't even sound fearless
These ratchets going live and you'll get fired like Paul Pierce
The fuck you talking to? I'm tired of fake bitches
I'm starting to realize why Arsonal hate midgets
You fucking small fry
Pipsqueak
I told you, you'd get your wish bitch, and be six feet

The fuck you talkin' to man?

[Round 2: JC]
We back at it, we back at it
Nunn Nunn, this shit still Duck Hunt
Been rapping circles around you niggas...duck duck
And y'all niggas be screaming, ""Oh it's a dream to battle JC""
Well wake the fuck up
It's a veteran amongst you
In this ring, I've never been in trouble
But y'all showing a lot of fuckin' fatigue with that schedule in the bubble
I mean, JC vs. Chilla, that happened when I first came
When niggas thought I should chill and I had him drownin' in defeat (da feet)
I'm too cold to ever rest (Everest)
That was then, imagine what I'm amounting (a mountain) in my peak
This is what I'm becomin'
I will flush white like the government comin'
They say, ""You nobody 'til somebody kills you""
Now watch me turn none (Nunn) into somethin'
I'ma send a whole clip through you
But that revolver like a cougar, don't do shit but spin (spend) on dudes
With a full chamber
You know, a name on every bullet, that's six into you (6 N's 2 U's)
Do you get it now? Oh the way I write is like sorcery, you gotta spell it out
The choppers comin', Glocks is dumpin'
I squeeze 'til the clips empty and I'm forced to give it up...I literally stop at nothin'
The shit is crucial
You dyin' in the fight for your dumb ass life, it's gettin' brutal
But you wasn't even supposed to be standin' receiving the bullets I'm sendin' through you
And I guess that's why all you stand ins take me, and the feeling's mutual
Oh it's been goin' for some time
Y'all just been standin' with the rifle waiting for y'all to step over the line
Y'all got catch phrases, special moves, all this shit that can't find a home in our mind
If you need somebody to witness yo' signature, that's where you should know to resign (notary sign)
But nobody tell him nothin'
Cause don't nobody take blood serious, until it's runnin'
Then it get very ugly
A home body could be left stuck on the couch, smokin', like Peggy Bundy
I'm talkin' large biscuits
Car tinted
I heard Nunn Nunn finally took a stand, and was the star witness
That's why we pulled up
Yeah, with a van full of niggas, waiting on the dance reference; and we all dishin' (audition)
I'm hazardous right now
One shot/one kill
I've taken the art of masterin' my rounds
That's why for the cash, I'm addressin' Nunn (a dress in nun) like Ben Affleck in The Town
I get so deep in zones, that yo' death can be eminent
I know you gotta a bigger list of niggas you creepin' on
What you thinkin'? N.O.M.E.?
Summer Madness?
I've cleaned those roads
No headlinin' with Twork, and by the time September land, won't be a single soul
Cause I've killed everything
And I won't miss a beat
But you will, and you'll be social distanced deep
He zigged, tried to zag and got caught lyin' like a line on a polygraph; in the street
I'm talkin' front pages, I dump gauges
All that shit can happen off one statement
Watch ya mouth
It's gonna be way too late for, ""No offense"", when it's none (Nunn) taken
It's too unfair what I do
Especially since I've been so much like Mike lately
And you've been freezing cold since Suge ruined you
I'm talkin' 'Ice, Ice, Baby'
But still, nobody pay him anything, cause he don't make you anything
Y'all bitches experimentin' with this white boy like Jamie Kennedy
But y'all hold y'all breath
Because these niggas been donating their organs for free
And I've been around this bitch for about ten years; fortunately
You remember Cardi B was a ring card girls at one of the battles, of course for a fee
But even she not even more important to the Kulture (culture) than me
Round two

[Round 3: Nunn Nunn]
Now don't you pay him anything
Cause he gon' smoke that shit up...and you don't know the difference
I'm gettin' tired of these battle rap bitches
""It's a dream to battle-"" no it isn't
Talkin' 'bout you'll turn Nunn (none) into somethin'
Motherfucka you'll get ragged (rags) for riches
I ain't playin' witchu
I'm battlin' a fuckin' has-been...say it ain't true
I was for sure you'd get Loaded, I was on that run witchu
I was watchin' as a fan but you ain't have fun, did you?
Soon as you ran into T-Top, poof, lucks (Lux) done witchu
You are a participation trophy
I don't see ya
As an opportunity for me, I don't believe ya
They gotcha back to square one, where they need ya
URL security guard but y'all call it a ""gatekeeper""
And our keys open doors you wasn't able to move
Getting Real sick (Sikh) of you trying to Elevate so Real Rap for you
I'm from an Ave that defines (da Fonz) what makes ya Shine in lieu (Lu) of a Swamp where we talk Geechi
Easy (Eazy) Captain, I don't Roc(k) witchu
It's you on Rum, J (Jey), I got a Don's DNA
The Top to work (Twork) nothin' to prove
You talk through my round? That's when the murder lands (Murdaland)
Got a double M packed (Double Impact), let's make it a 2 on 2
Now open that door bitch like I need from you
Assault and battery, hands and feet on you
House arrest with a bracelet for JC, what would Jesus do?
What I'm pennin' (penance) is good writtens (riddance)
Cookin', like Gucci, don't nobody fuck wit' my kitchen
Now y'all, sit back, listen
To this role, JC actin' like Mel Gibson
Let me say this, if you on 4-6
Chaos would've stole you for that horse shit
Screamin', ""I know!"" but you don't know shit
You think you a battle rap king, and you well off
Bitch you lookin' at the reason they think you fell off
Bitch, the hell wit' ya God Complex
I'll stomp him 'til there's blood in my kicks; Lil' Nas X
You gotta stop this, we don't know who is you
You go to Chucky Cheese and blend in with the kids we don't know who is who
You gon' sit up here and lie, how many times you ain't fuckin' shoot?
Smack gon' say you fucked up with battle like Murda Mook
Now take a look in that mirror you hidin' from
C'mon Julian where'd you get this lyin' from?
Writer's Bloque got dyin' stock, the members tried to run
Cause J (Jey) fucked up the team worse than Island Rum
You fathered what? Someone call him Maury
Could at least say, ""Thanks for beating Loso for me""
Smack should've left yo' ass like Maul and Rory
I finally made it y'all, look, Smack got a gnome (N.O.M.E.) for me
I'm a middle eastern kid, I was raised to shoot
Who in to mask? Us (Damascus)
My guys are (Gaza) outside, they won't play witchu
Give Siri ya (Syria) address, pull up, I could wait (Kuwait)
You know the guns I do buy (Dubai) is real (Israel) when they under ya bay roots (Beirut)
You a fuckin' bar thief, check the bit rate, ain't a clearer review
Them backward 10-4's deserve a 4/10 {gun cocks} and it's the perfect date for you
Ya skills? Below average, so they degrading you
I feel like Quavo, I gotta push this bitch to elevate witchu?
Fuck it, I grab the grip and then take a trip out to Michigan
Pull a pistol and little Julian tremblin'
Entry wound sizzlin', exit wound whistlin'
Knowing I got the baby for JC, it ain't a christenin'
You listening?
You ain't worth respect
You ain't a motherfuckin' man, you a birth defect
You a crackhead that ain't make a purchase yet
I told Smack I was worth a check
The only thing you like in the future is Percocet
Molly Percocet
You fuckin' crackhead, junkie, small fry, pipsqueak
You go out to eat and get crayons and a booster seat
You keep fuckin' with me, you gon' get ya wish bitch and be six feet

Fuck you talkin' to?

[Round 3: JC]
I....am so much better than you at whatever you do
There's no way this match up will ever be undecided
Fuck the violence, I gotta beat my last performance
I'm patient, but I'm just chasin' myself, like Shutter Island
The tre-eight is cookin'
It'll lift him faster than Blake in Brooklyn
And you mighta heard about it
All the cans sprayin', putting nun (Nunn) on a wall and he didn't even get a mural out it
It was devastatin'
But never mind that, let's talk about how what I do is unmatched, on every basis
I bring a special kind of war to (water) marks, it proves I can't be replicated
But I owe you an ass whoopin' for these kinds of moments
I be hearin' that bullshit you be sayin' when you be thinkin' I'm out of focus
""JC must've been perc'd up""
Yup, full of 30's and it's time to show it
Fuck you niggas thought I lived under a bridge? I was trollin'
You thought I missed it, but unfortunately for you, you bought a visit
Thinkin' it's always performance when they talk the slick shit
That's why I win, I'm gon' FED, I want conviction
I hate that angle these lame niggas take wit' me
Like me gettin' thousands to beat y'all senseless is slavery
Do y'all know how much they payin' me?
All I hear from y'all is, ""Your name too big to be takin' me
You too great for me
You shouldn't be on the stage with me.""
Bitch! How 'bout thankin' me

[Nunn Nunn]
I never said that. I never said that

[JC]
Hoe you kidding me? You know where our status at?
How else do you think you can get this close intentionally?
Your name don't even hold their memory
You know how quietly I could get white washed?
They won't even know your history
Bitch I had to come serve ya
So go ahead and talk through a round and gladly get murdered
I'll never put my fuckin' pen down, I even write these battles in cursive
That's elegance, a better pen
And to kill I specialize in a few ways
I'm in my Prime, ask the subscribers
Shit, now you can get this delivery in a few days
With no emotions
I told Smack for this murder I needed it to be done with no feelings
But I asked for a bigger name
I told Smack for this murder I needed it to be done with no fill ins
But y'all niggas shook
I mean y'all niggas think I'm wanderin' but I'm not as lost as you look
It's crazy, when y'all get caught roaming (Rome) with JC and don't get the same results from the book
That's why I win

{Nunn Nunn mouths to the camera, ""I said that""
JC: I said it better
Nunn Nunn: No you didn't

[JC]
That's why I win
And to be honest the money feel better off the muscle
I got an electric slide, I could tap and put a band together with my hustle
This is why they hand you a name
Goofy fuck, I wasn't even a fan when you came
You probably flew your only fan on a plane
Type of guy to write some lies and act like he wasn't forcin' to land, just like when your ancestors came
Don't get me started
This was supposed to be about who the bigger artist
It's not about race
Even though there we're ahead by a bigger margin
You gotta start thinkin' witcha brain
There's a drug pandemic in your community, let me peep you to the game
Since you done already proved you can't keep up in the lane
And Smack gotta keep giving you shots off the arm
Everything you need will (needle) be in vain (vein)
It is over with
Overdose from the dopest pen
Somebody come rope this bitch, my condolences","","","","",""
"In My Whip","DOK2","6ut6L02jr4LZUD9stmb3I2","[Intro]
Groovy Everywhere

[Verse 1: SUPERBEE]
Eco mode로도 여러분의 차를 추월
I pull up in my Masserati
3월은 대학 섭외들이 아주 많으니
Carnival 탈게, 봐, 주말에, ay
갓 장롱에서 면헐 꺼낸
초보운전자의 첫차는 foreign
높은 octane gasoline
주유건을 Italy 엉덩이에 주사 놔
유류값을 고민했다면 디젤 탔겠지 like yuh
비록 Park, Q, 끼 형들 비하면
작은 차일지라도 이건 내 skrt gear고
열심히 번 거야 일하며, yeah
개좁은 주차장과 휠 복원의 연결고리
I really hate it, 이제 거긴 안가, babe
마포대교를 lit 하게 쏴 gas range

[Verse 2: The Quiett]
2 doors, push to start, no keys
오늘도 새 찰 출고 받은 Dok2
1llionaire lifestyle, 너무 높지
내 차가 지나가면 everybody knows me
회색 benzo 이제는 good ol times
그땐 전 재산을 차에 몰빵
My Bentley all white like 호빵
이 차를 샀을 때 hater들은 fucked down
돈을 따라 굴러가 내 바퀸
When I cruise down the streets in my whip
다른 rapper들이 차를 살 수 있도록
영감을 줬지, yeah, that's what we did, huh
우리 모두 시작할 때는 빈손
이젠 매일 다른 Balmain Jeans on
3억짜리 차 that ain't new to me
I’m still goin' up baby

[Pre-Chorus: Jay Park]
In my whip is where go down
Down-down-down
Seoul city we run this town
Town-town-town
Gettin' litty 오늘 밤, 밤-밤-밤
In my car, 너무나 자유롭지 난

[Chorus: Jay Park]
In my whip is where go down
My whip we run this town
My whip we get live
Na-na-na-na-na
In my whip is where go down
My whip we run this town
My whip we get live
Na-na-na-na-na

[Verse 3: Dok2]
In my G 65, no 63
BGM은 항상 Jhene Aiko, 아이고, but I go
언제나 늘 미래에 대한 고민 아닌 고민을 끌어안고
고 속도로 달리는 고속도로 like 부릉
엑셀을 full로 세게 밟고
무지개는 안보 이는 서울이라
찐하게 선팅이 된 창문을 모두 닫고
악스홀 주차장을 향해 달리지
6년 전 처음 택시가 아닌 C200
내 첫차를 끌고 공연 가던 시절이
기억나, 가끔씩, ride with me
눈이 오는 날엔 안전하게 Range Rover
Matte Black, AMG GT, Benz, Roller
Maybach, Ghost Dawn, Ferrari 488
And Mulssane and 귀여운 i3 한대도 있지 부산엔
누가 내 앞길을 막으리
절대 당첨 된 적 없지 lottery
순도 111프로 이건 싸그리 다 rap money
모른다면 입을 닫으시오
여태 몇 대의 차를 산지는 몰라도
난 심심하면 다음 차를 골라 또
다음 주면 London에서 비행기를 타고
주문한 Rolls-Royce 두 대가 온다고
Yes, it's a beautiful life
Havin' beautiful time in my beautiful ride
이건 단지 차가 아닌 꿈이 이뤄지는 proof
작은 booth에서 부터 생긴 magic, poof, whoo
There go the car, there go the crib, yeah, we go far
끝이 안 보이네
인간의 욕심은 포기하지 않은 한
늘 공평하리 저 신은 boss

[Pre-Chorus: Jay Park]
In my whip is where go down
Down-down-down
Seoul city we run this town
Town-town-town
Gettin' litty 오늘 밤, 밤-밤-밤
In my car, 너무나 자유롭지 난

[Chorus: Jay Park]
In my whip is where go down
My whip we run this town
My whip we get live
Na-na-na-na-na
In my whip is where go down
My whip we run this town
My whip we get live
Na-na-na-na-na

[Outro: Dok2]
In my whip, 인천공항을 향해
In my whip, 지방 행사 뛰러 가네
In my whip, 가끔 가사 쓰곤 하네
In my whip, whip, whip, yeah
In my whip, 여친 데려다주러 가네
In my whip, 난 car sex는 잘 안해
In my whip, 맛집 투어하러 함께
In my whip, whip, whip, yeah
In my whip, hip-hop보단 R&B
In my whip, Jhene Aiko, Riri
In my whip, 거울엔 Bahama Breeze
In my whip, whip, whip, yeah
In my whip, valet parking 천 원짜리
In my whip, 술, 담배 따윈 금지
In my whip, can I let my top down
In my whip, whip, whip","","","","",""
"Wattup","DOK2","3Tg15G7FCHKHrxeD7xtgFC","[Verse 1: Keem Hyo Eun]
Illionaire, Ambition motherfucker, 야
총 모양의 오른 손 motherfucker, 야
난 Dok2 행님과 돈 벌거야
악스홀 털어 버리고 유명 해질래
시작돼 해질 때 해이해질 때
니 여자와도 헤어질 때
헤어질 땐 니 여자 맘도
니 여잔 바로 해시태그 해
김효은 하고 내 사진을 수배
내 pay, 내 ladies 수백

[Verse 2: Dok2]
Who that, who that young king, I thought you knew that
True that, true that 우리 rap엔 없어 주제
New track, new rap, new level, new bread in new bag
Everybody be wondering like how you do that
Seoul city finest chasin' finer things
연예인병 빼곤 가질 건 다 가졌지
나를 이기려거든 다시 태어나길 바래
어떤 rhythm이든 태연하게 타네

[Hook: Dok2 & Keem Hyo Eun]
Let's go
1llionaire (Wattup)
Ambition (Wattup)
우리가 나타나면 손을 높이 모두 뻗어
김효은 (Wattup)
Gonzo (Wattup)
Yeah, 마이크만 있다면 우린 필요 없어 뽀록
Wattup, wattup
Wattup, wattup
Wattup, wattup
Wattup, wattup

[Verse 3: Dok2]
I don't get mad, I get mad money, that's what it is
Just stay blessed, stay fly, 뭘 하든지
난 여유롭게, 더욱 높게, 버릇 없게
니 기분 망쳤다면 미안할 뻔도 안하지
Illionaire, Ambition, 성공은 내 mission
Ballin', 내 미신, 하지않아 개짓은
Young boss, 내 위신, 니들 rap엔 피식
I'm the shit bitch, I don't do ass kissing

[Verse 4: Keem Hyo Eun]
Vision은 여의도 스물넷층 사무실 view
주말을 전국 tour로 마무리 중
내 생각이 맞았던 것 같애 아무래도
돈과 너네 중 누가 누가 뭐래도가
너네도 다른 눈 높이, 마냥 부럽지
마냥 부럽기 뭐 하니 dude 겉만 부 스럽지
부스러기 붙어도 지금 부터는 부 털 시간이야
붓 터는 중

[Verse 5: Dok2 & Keem Hyo Eun]
지금부터는 중지 곧게 펴고 fuck the world
Fuck your feelings, fuck your crew
Fuck your girl, man fuck everybody
지금 내 말이 뭔 뜻인지 잘 모른다면
Man y'ain't 'bout it
나는 오직 돈 앞에서만 예의를 차림
난 돈되는 연락 빼곤 거절 늘 가림
가림 낯을 돈 얘길 하지 않는 니들에겐
내게 새긴 문신처럼 I'mma die a legend

[Hook: Dok2 & Keem Hyo Eun]
1llionaire (Wattup)
Ambition (Wattup)
우리가 나타나면 손을 높이 모두 뻗어
김효은 (Wattup)
Gonzo (Wattup)
마이크만 있다면 우린 필요 없어 뽀록
Wattup, wattup
Wattup, wattup
Wattup, wattup
Wattup, wattup
Let's go
1llionaire (Wattup)
Ambition (Wattup)
우리가 나타나면 손을 높이 모두 뻗어
김효은 (Wattup)
Gonzo (Wattup)
Yeah, 마이크만 있다면 우린 필요 없어 뽀록
Wattup, wattup
Wattup, wattup
Wattup, wattup
Wattup, wattup","","","","",""
"My Love (Feat. Jay Park)","DOK2","0esg2yjePEELURCHyFNTLx","[Intro: Dok2]
It's like L-L-L, it's like O-O-O, V-E
내가 느낀 이 느낌
약속이라도 한듯 내가 끌린 이끌림
It's like L-L-L, it's like O-O-O, V-E
내가 느낀 이 느낌
약속이라도 한듯 내가 끌린

[Verse 1: Dok2]
Baby girl come next to me
Just show me your love (No need to rush)
천천히 내게 온기를 전해줘
니 모든 걸 보여줘 내게
오늘도 역시 이 하루는 널 위한 party
You already know, yeah
내게 모든 걸 다 맡겨, 날 믿어
이렇게 행복한데 어찌 감히 how could I leave you
내 품에 안겨, 널 잃어도 돼
마음이 가는 대로 달려
다 잊어도 돼, just follow the leader
그래, 나도 널 필요해 하듯 날 필요해줘
세상에 지친 날 저 푸른 하늘 위로해줘
잘 기록해둬, 내 이름을 니 머릿속 짙게
나와 함께한 매 순간을 니 머릿속 지우개로 지우진 마
이 자리 비우지마
현실이 저울질 해도 꽉 잡어, 기울지마
내가 바람펴도 너는 절대 피우지마
나만 바라봐, 태양처럼 니 곁에 늘 있으니까

[Pre-Chorus: Jay Park]
매일 밤 눈을 감아도
얼굴을 보고 또 봐도
Baby I miss you twenty four seven
Girl you already know
매일밤 눈을 감아도
얼굴을 보고 또 봐도

[Chorus: Dok2 & Jay Park]
Baby girl your my love, my love, my love
Baby girl your my love, my love, my love
Baby girl your my love, my love, my love
Baby girl your my love, my love, my love
Baby girl your my love, my love, my love
Baby girl your my love, my love, my love
Baby girl your my love, my love, my love
Baby girl your my love, my lovе, my love

[Verse 2: Dok2]
낯이 익지도 않았지만
같이 마치 달콤한 연인같이 하나되는 걸 난 봤지
I like it, I like this girl, 난 널 원해
잡은 이 손 놓지 마, 나와 끝까지 걸어
넌 내 favoritе song, 요즘은 너만 불러
문제 있으면 그래 언제든 나만 불러
눌러, 내 번호 365/24
잊지마, 나 빼곤 모두 믿지마
자, 이리 와, let's go
어딜 가? 어딜 봐?
니가 있어야 할 곳은 여기 내 옆이야
같이 걷기만 해도 기분이 좋은 너와 함께라서
어김 없이 난 기운이 오늘도 넘쳐
멈춰, 시간을 잠시
날 떠나지마, 너는 내 유일한 안식처
술은 마시지 않지만 니가 술이라면 난 drunken
하루도 빠짐없이 너에게 만취, that's no doubt

[Bridge: Jay Park]
Oh, 니가 물에 빠지면
내가 바로 널 구해줄게
You know that I got you
There is no one hotter
넌 나만의 사랑

[Pre-Chorus: Jay Park]
매일 밤 눈을 감아도
얼굴을 보고 또 봐도
Baby I miss you twenty four seven
Girl you already know
매일밤 눈을 감아도
얼굴을 보고 또 봐도

[Chorus: Dok2 & Jay Park]
Baby girl your my love, my love, my love
Baby girl your my love, my love, my love
Baby girl your my love, my love, my love
Baby girl your my love, my love, my love
Baby girl your my love, my love, my love
Baby girl your my love, my love, my love
Baby girl your my love, my love, my love
Baby girl your my love, my love, my love","132.025","0.873","0.772","-5.594","0.726"
"Rollercoaster","DOK2","137hF3xAZrB27rBUo5Qx5B","[Intro: Dok2]
When you know you finally here
When I'm here I thought it was done
But I feel like I am just nothing
Well let's do it like still I ain't got shit
Well let's do it like still I ain't got shit
Well let's do it like still I ain't got shit
Well let's do it like still I ain't got shit
Well let's do it like still I ain't got shit
Groovy Everywhere

[Verse 1: Dok2]
어느덧 여느 때와 다를 게 없는 새로운 한해를 여는 겨울
어느 것 하나 없는 것 없이 완벽한 듯
뭐를 더 바랄 건 없지만 원한 건 많아
모두 가진 듯해도 갈증이 가득 채워지지 않은
허전한 마음이 들 때면 내 욕심인가 싶다가도
다 가지지 못한 내가 싫다가 또 조금 있다가 보면 괜찮아지네
내가 어떻든 해는 잘 떴다가 지네
이젠 좀 걷나 싶지만 더 뛰네
가끔은 쉬고 싶지만 현실은 날 떠미네
어린애가 된 듯 투정 부릴 곳도 없는 난 낼 모래 서른
아직 어른이 됨에 부적응이고 싶어서
I gotta restart from the bottom

[Pre-Chorus: 조원선]
어디쯤 온 지는 몰라도
멀린 와있을 줄 알았는데
아직 멀었단 걸 알았을 땐
다시 시작해 첨 그대로 난

[Chorus: 조원선]
다시 시작해 첨 그대로 난
다시 시작해 첨 그대로 난
다시 시작해 첨 그대로 난
다시 시작해 첨 그대로만

[Verse 2: Dok2]
좋은 집에 살아도 내 빌딩은 없네
좋은 차를 끌어도 다 lease라던데
인기는 많아도 상위 chart엔 없대
한 가지 확실한 건 man I came from nothin'
언제부터 좋은 rapper란 게 1위가 몇개
명성 따위로만 쉽게 가치가 적게 매겨지는진 몰라도
그런 잣대로 여태 잘 나가보이기 위해 살지는 않았었네
Tryna be something, tryna be real
Say what you say boy man I'm a be here
내가 가는 이 길, 또 내가 하는 이 일
다른 건 다 필요 없어, 뭐든 gotta be 1ll
그래, 가끔 휘청거려도 괜찮아
나의 차례란 건 다시 돌아, 마치 유행처럼
자릴 지킨 사람만이 let's see what time it is

[Pre-Chorus: 조원선]
어디쯤 온 지는 몰라도
멀린 와있을줄 알았는데
아직 멀었단 걸 알았을 땐
다시 시작해 첨 그대로 난

[Chorus: 조원선]
다시 시작해 첨 그대로 난
다시 시작해 첨 그대로 난
다시 시작해 첨 그대로 난
다시 시작해 첨 그대로만

[Outro: Dok2]
When you know you finally here
When I'm here I thought it was done
But I feel like I am just nothing
Well let's do it like still I ain't got shit
Well let's do it like still I ain't got shit
Well let's do it like still I ain't got shit
Well let's do it like still I ain't got shit
Well let's do it like still I ain't got shit","129.973","0.848","0.887","-6.139","0.702"
"Ambition and Vision (feat. Beenzino, Changmo, Kim Hyo-Eun, Hash Swan & The Quiett)","DOK2","3m91ROhFr6Pzfzwoa4NAMM","[Verse 1: Beenzino]
야망과 앞을 보는 눈
상상만 하던 오늘을 마주한 내 몸에는 소름
소름은 거짓말을 못 하지
Goose bumps don’t lie, goose bumps
졸음도 나를 막지 못했지
잠을 자길 포기했지, 그렇게 여길 오게 됐지, yeah (Yeah)
내 컵 좀 봐, 그 안에 거품 봐, 그건 개네 평판
But I feel so alive, 없어질 수 없어 난
My life is now right now (Groovy, Everywhere)

[Verse 2: CHANGMO]
서울 외곽에서 온 어린 Tony Montana
평생 헌 옷 입은 놈이 비싼 옷이 좀 테나
마치 원래 그랬듯이
우리 어머닌 어린 내게 신사가 되라 그랬고 난 돼 버렸지
멋진 Rolls Royce Phantom 보고 배운 교훈
우린 할 수 있어 서민 형제들
거닐던 거리 물이 첨벙대두 이제 난 피하지 않아
사지, Force One 새 것
10년이 돼 버렸어, 처음 쓴 rhyme이
열아홉에 느꼈어, 난 돈 벌 아이지
10년이 되었고 어느새 난
사장님들과 차 얘길 하는 사이지
난 못 멈춰, 걸어 내 숨
알잖아, 힘들 때 술 얼마나 털어낸 줄
멈출 수 없어, 멈출 수 없어
난 이 순간을 바래왔으니, gutta 탈출

[Verse 3: Keem Hyo Eun]
부딪혀 부서져 버릴 파도가 아닌 바다의 일부
이젠 그 사실을 내 스스로가 느끼는 기분
누가 말해주는 게 아닌 '괘안니', '괘안치'
비바람 견디며 될 거야 이 집안의 지붕
야망을 품은 Illy, 근데 어쩜
호랑이 새끼를 키운 거지, 근데 어쩔
그들도 분명 맘에 들 거야, 이런 내 열정
야, 이런 내 열정 둘 째 치고 아이러니해 먼저
너넨 나를 싫어하지만 나를 닮고 싶어 해
흘러간 여자들은 나를 담고 싶어해
너무 커버린 건지 니 그릇이 작은 건지
난 여전히 배고파, 니 그릇이 작은 거지, right
넌 머릿속 마저 거지, right
생각 함 생각대로 이뤄지는 거지
임마, 거짓말 따윈 no
내 말엔 항상 일리가 있어
가 있어, 옆에 illy

[Verse 4: Hash Swan]
See young boy with neon
내 방을 연기 색으로 칠하는 하얀색의 크레용
떠벌릴 필요 없지 아직 어린 예술가의 시련
Just money, fame, ambition, clear
망원에서 여의도의 studio
흰색에 덧칠하는 유인원
아니면 spray white
누구는 샘 나, fuck your late night
It’s never comin’ back, that’s why I do errtime
I don’t need a fuckin’ comma
Rapper들은 제대로 coma
내 이름은 LED 위에 in concert
시간이 필요해졌어 많이
기억도 못 할 스케쥴 때문에 필요해진 쟈비스
24의 나이쯤엔 new 11 diamonds
다음은 엄마의 apartment
그때 내겐 아마 갤러리아가 feel like 다이소
다 이뤄놔야지 till I inherit Zino’s 카모

[Verse 5: The Quiett]
인생이란 건 언제나 불완전해
오늘도 우린 서 있지 출발점에
여전히 선명하지 목표는
의심하는 자식들에게는 fuck y'all
제대로 벌어, 됐다 싶을 때까지
Ambition Musik 아이들 I make 'em rich
Get ready for tomorrow, 이젠 너희 차례
현실, 돈, 미래, 그런 것들 don’t worry 'bout it
6년째 이어지는 dope함
We the fuckin' greatest of all times
무에서 유, 모두 brand new
너희 자식들에게는 모두 bad news
매년마다 올라 회사 매출
우린 단 한번도 하지 않았지 대출
Young rich and famous so blessed too
Young rich and famous so blessed too

[Verse 6: Dok2]
우린 봤네, 니가 안보이는 일
성공에 눈이 멀어 등도 안돌리던 길
그 높은 언덕은 되었지 Beverly Ills
효은이와 몇 장 박어, 장소는 Beverly Hills
도덕산에서 부터 여섯 명 팔목엔 swiss made
그건 야먕 쩌는 rapper들의 sweepstake
영천영화 한우, no 수입 stake
Single이든 album이든 EP 또는 mixtape
닥치는 대로, 니들 닥칠 때까지
닥치지 못한다면 니들 빡칠 때까지
우린 타협 따윈 안 해, 와서 맞출 때까지
Fuck 'em, 갑질에 지친 미친 시인
We gettin' it, no bitchin', no switchin'
승리의 스위친 늘 빛이 환하게 비치는 중
Young rich and fuckin' famous dope 1ll sick
We got it nonbelievers they been doubted
Welcome to the winners circle
Motherfuckas ain't invited, whoa
Get your 1llionaire signs up
여긴 경치 모든 게 달라, 심지어 산소
상상 속 모든게 현실이 되던 이곳
Bition boys, 꿈이 현실이 되는 이 곡
다르단 이유만으론 틀리단 걸 증명 못해
기준에 맞춰 사는 건 쉽지만 내가 못돼
Seoul city what it doin', what the fuck is up
Ilionaire, ambition let's show em how we do it

[Outro: Dok2]
Ambition and vision
Yeah, we in it for life
Ambition and vision
Yeah, we in it for life","","","","",""
"Miss You","DOK2","64hSJs405N9lgv0RNJRnlE","[Intro: Dok2]
니가 보고 싶어, 만지고 싶어, 느끼고 싶어
니가 보고 싶어, 만지고 싶어, 느끼고 싶어
니가 보고 싶어, 만지고 싶어, 느끼고 싶어
니가 보고 싶어, 만지고 싶어, 느끼고 싶어

[Verse 1: Dok2]
니가 아닌 사람에게 보고 싶단 문자를 보내
허전한 반쪽 짜리 만족 느끼는 나를 보네
니가 좋아하던 노랠 종일 돌려 듣곤 해
슬퍼도 널 느낄 수 있는 유일한 길이라서
아무렇지 않은 듯 지내보려고 노력해
혼자면 밀려오는 그리움은 어쩔 수 없네
니 표정, 니 말투, 난 모든 걸 기억해
니 생각이 날까 쉽게 딴 여잔 만나지 못해
이상형이 뭐냐고 가끔 누가 물어보네
근데 내 머릿속을 스치는 건 니 모습뿐
다시 너와 행복한 순간을 상상하곤 해
마치 이미 일어난 일인 듯 나는 그곳에
혼자 있다 보면 니가 벌써 돌아온 듯해
가슴이 뛰지만 도착해보면 니가 없네
아이폰을 열었다 껐다 하루 종일 반복해
문자를 썼다 지웠다 쉽게 보내진 못해

[Chorus: Junggigo]
내가 없는 곳에서 넌 뭘 하고 있을까
지금의 넌 내가 보고 싶을까
내가 없는 동안 넌 날 잊을까
당장이라도 널 볼 것 같은데
I miss you girl

[Verse 2: Dok2]
요즘 하는 일이 다 잘 돼, 돈도 많이 벌었는데
어릴 때 못 사주던 것들 다 사줄 수 있는데
내가 갖고 싶다던 거 모두 다 가졌는데
옆에 늘 있을 것 같았었던, 니가 없네
어느 누구 부럽지 않은 좋은 차들도 뽑았어
너와 함께 하고 싶은 집으로 이사도 왔어
니가 이쁘다고 할 만한 옷과 신발도 샀어
근데 널 만나러 갈 수 없다는 게
슬프지만 이젠 받아들여야 할 듯 해
Its time to say goodbye, 아직 할 말이 많은데
가까운 듯 해, 이젠 다 온 듯해
아직은 떨어지지 않아 쉽게, 나의 발끝에
남아 있는 것들이 너무 많아
니가 없는 침대에 홀로 남아
이 또한 지나면 추억이겠지 아마
가슴이 쓰리지만 질끈 눈을 감아

[Chorus: Junggigo]
내가 없는 곳에서 넌 뭘 하고 있을까
지금의 넌 내가 보고 싶을까
내가 없는 동안 넌 날 잊을까
당장이라도 널 볼 것 같은데
I miss you girl

[Outro: Dok2]
니가 떠난 후 이제서야 I think I know why
그땐 몰랐던 니 말들도 now think I know why
니가 떠난 후 이제서야 I think I know why
그땐 몰랐던 니 말들도 now think I know why","101.015","0.686","0.592","-6.904","0.397"
"Two Pills","Coogie","6ACWgt6Jab2Pl6KK2Go4o9","[쿠기 ""Two Pills"" 가사]

[Chorus]
APs on my two wrists
한 번에 살 때 둘씩
Vitamin 아침 two pills
작업방에서 숙식
주차장 foreign two whips
안 해 난 충동구입
기도해 다 영원하길
기도해 더 위로 가기를
APs on my two wrists
한 번에 살 때 둘씩
Vitamin 아침 two pills
작업방에서 숙식
주차장 foreign two whips
안 해 난 충동구입
기도해 다 영원하길
기도해 더 위로 가기를

[Verse]
공항에서 입어, new Celine (Celie)
새걸로 다 채워 내 baggage (Baggage)
쓴 거에 몇 배로 더 땡기지
큰돈이 걸려? 난 뭐든 okay지
바로 stage 위로 올라와 내 이름
계단들을 디뎌 소리 내 loudly
날 싫어하던 애도 만들어 fan으로
끝나고 목이 쉬어도 다시 공연에
H2O, 뿌리지 난 on air
Club에 내 노래들이 bumping
Broke boy, 이제 와버려 멀리
이전보다 더 큰 문제들이 내 머리에
When I show, I treat it like my city
내가 싫어도 결국엔 기립
네 비난은 이젠 다 희미
내 앞들은 서서히 fade out, fade out

[Bridge]
이젠 안 봐 내 밑은
돌 던져도 다 미미-eeh
Paris, Tokyo, London
날 불러 준비됐어 이미
딴 감정 굳이 왜 다 느껴
난 오직 희희, ayy
I go geeked, geeked, damn
I go geeked, geeked, damn

[Chorus]
APs on my two wrists
한 번에 살 때 둘씩
Vitamin 아침 two pills
작업방에서 숙식
주차장 foreign two whips
안 해 난 충동구입
기도해 다 영원하길
기도해 더 위로 가기를
APs on my two wrists
한 번에 살 때 둘씩
Vitamin 아침 two pills
작업방에서 숙식
주차장 foreign two whips
안 해 난 충동구입
기도해 다 영원하길
기도해 더 위로 가기를

[Outro]
APs on my two wrists
Vitamin, poppin' two pills
주차장 foreign two whips
안 해 난 충동구입
Everyday, I pray, everyday
Everyday, I pray, everyday","","","","",""
"Alone (Feat. LeeHi)","Coogie","2SSbQoEqPHu6qAgi3pFobY","[쿠기 ""Alone"" ft. 이하이 가사]

[Intro: Lee HI, Coogie]
우리 사인 더 이상 없어 다음은
숨이 차 턱 밑까지 like I'm divin'
홀로 남아도 okay, it's okay
나 홀로 남아도 okay, it's okay (Yeah), hm-hm

[Verse 1: Coogie]
삥 돌려 말하기는 싫어
이런 가사도 난 쓰기 싫어
더는 못해 너가 원하는 거
끝이 왔는데 왜 괴롭혀 수시로
넌 말해 내가 이제 못 미덥대

[Pre-Chorus: Coogie]
몇 번을 되물어 우린 어떡해 뭘 어떡해
Don't bother me 이제는 love ain't a thing
맞추는 것도 내겐 힘겹게
다 괜찮아져 you gon' hold that
왜 붙잡아 손을 못 놓게
우리 사인 답이 없는데
자꾸만 문제를 찾으려고 헤매
Tired of love songs
아무 의미 없어
Tired of love songs
듣기 싫어 꺼줘

[Chorus: Lee Hi]
우리 사인 더 이상 없어 다음은
숨이 차 턱 밑까지 like I'm divin'
홀로 남아도 okay, it's okay (Yeah, yeah, yeah)
나 홀로 남아도 okay, it's okay

[Post-Chorus: Lee Hi]
You keep on drivin' me crazy
You keep on drivin' me crazy
Why you make me say
Hm-hm-hm, hm-hm, hm?
You make me say
Hm-hm-hm, hm-hm, hm

[Verse 2: Coogie]
우리 사인 없어 이 다음에
왜 다그치려고 하는데
아무도 나를 못 판단해
괜찮아 I don't need nobody
하나도 안 남아 미련
나한테만 신경 쓰기도 버거워
쓸데없이 여지를 주기 싫어
더 뒤로 밀어 you know we're done

[Pre-Chorus: Coogie]
Why you trippin' on me?
시간은 가 쉴 틈 없이
내 생각 고칠 리 없으니
나도 내가 못 미덥지
이대로 걍 내비둬
Tired of love songs
의미 없어
Tired of love songs
듣기 싫어 꺼줘

[Bridge: Lee Hi]
더는 싫어 너의 구속
나 들었어 이미 두 손
오해 no way, ya
똑같아 평범한 대화야
좋은 것도 한번 볼 때만
이젠 시간 낭비 no waste, ya
Wake up in your bed, same old thing
Ari said, ""Okay, next""

[Chorus: Lee Hi]
우리 사인 더 이상 없어 다음은 (Ah, baby)
숨이 차 턱 밑까지 like I'm divin'
홀로 남아도 okay, it's okay (Okay, okay, yeah, yeah)
나 홀로 남아도 okay, it's okay

[Post-Chorus: Lee Hi]
You keep on drivin' me crazy (No-no, no, no-no)
You keep on drivin' me crazy (You know, you know, you know)
Why you make me say
Hm-hm-hm, hm-hm, hm?
You make me say
Hm-hm-hm, hm-hm, hm

[Outro: Lee Hi]
You make mе say
You make me say","79.964","0.617","0.523","-7.76","0.0868"
"saimsaim","Coogie","34W9D0vTrfUWatfvCyrrkp","[SUPERBEE, Coogie, D.Ark ""사임사임 (saimsaim)"" 가사]

[Intro: CHANGMO]
디아크는 연변
Coogie는 대전
Ice puff south side
Bee는 마포에

[Chorus: CHANGMO]
We from gutta, 겁나 벌어
그녀처럼 사랑스러워
다섯 살 때부터 버는 법 배웠어
아니 날 때부터 너를 원해 왔어
We from gutta, 겁나 벌어
그녀처럼 사랑스러워
다섯 살 때부터 버는 법 배웠어
아니 날 때부터 너를 원해왔어

[Verse 1: Coogie]
Broke boi got a job, ay, broke boi got a guap, ay
안될 거라고 pipe up, ay, 화초처럼 다 닥쳐, ay
본 적이 없지 난 면접, woo, 본 적이 없지 난 적성, woo
Coo ain’t play lame, woo, new wave, Famous Dex, woo
Imma go do that shit, woo, ATMbiton rich, woo
질투만 받겠지 but I don't give a f about that shit, woo
꼰대 새끼들 시비 걸어, yeah, 걍 직접 전화를 걸어, yeah
Coogie는 new school leader, ay
Coogie는 new school leader
Girl, 넌 모를 걸, 저 촌스런 래퍼들은 걍 싹 다 넣어둘래
You never know, 넌 모를 걸, yeah
나 진짜 한국 힙합, 날 놓치면 반성해, yeah, yeah, yeah, yeah

[Chorus: CHANGMO]
We from gutta, 겁나 벌어
그녀처럼 사랑스러워
다섯 살 때부터 버는 법 배웠어
아니 날 때부터 너를 원해 왔어
We from gutta, 겁나 벌어
그녀처럼 사랑스러워
다섯 살 때부터 버는 법 배웠어
아니 날 때부터 너를 원해왔어

[Verse 2: SUPERBEE]
Quamo Huncho, 내 목엔 사임 1000 뭉치야
옥타곤 클럽남 Swings처럼 내 다이아는 춤춰, ch yeah
I just fucked yo bitch, with my shinin' bust down dick
Huh, 돈 많은 한남, 만렙 졸부 전에는 버카 찍, ch yeah
Maserati 같은 거 타고 pull up on yo block, 쌍라를 키지
Animal's flow, 나는 다치면 동물병원에 가 'cause I'm a beast
Maserati 같은 거 타고 pull up on yo block, 쌍라를 키지
Animal's flow, 나는 다치면 동물병원에 가 'cause I'm a beast
Gucci, Louis, Fendi 바구니에 dunk, 백화점의 슈팅가드 I ball
팀원들 것까지 바구니에 dunk, 2018년 난 Kevin Durant
Oh, man, oh, man, 방금 전만 해도 그지였네
Oh, man, oh, man, 이젠 사임 새 1000장을 세 flex

[Chorus: CHANGMO]
We from gutta, 겁나 벌어
그녀처럼 사랑스러워
다섯 살 때부터 버는 법 배웠어
아니 날 때부터 너를 원해 왔어
We from gutta, 겁나 벌어
그녀처럼 사랑스러워
다섯 살 때부터 버는 법 배웠어
아니 날 때부터 너를 원해왔어

[Verse 3: D.Ark]
We gutta young flow, 다른 래퍼들관 거릴 두지 난, yuh
I don't give a what about a 내 기분은 after 두시 반, yuh
I wanna recognize face, woo, I wanna recognize face, huh
다른 래퍼들 나 땜에, woo, I don't give, umm
Chinese rap what up 칭챙총, 땀나게 쥐어 손엔 microphone
뒤돌아 본 다음 뒤담화도 불가능해, man take dat vibe
Feeling so high, 기분 so fly
기분은 좋은데 괜시리 느껴지는 병신 래퍼들 땜에
Lookin', lookin', switch, yah, cookin', cookin' sushi, yah
Pull it, pull it bang, bang, 'cause I'm modelin', yah
Trendsetter, trendsetter, trendsetter, trend
백 프로, 백 프로, 백 프로, 백
Bitch, I'm young flex go zone, 딴 래퍼들은 집으로 gone

[Chorus: CHANGMO]
We from gutta, 겁나 벌어
그녀처럼 사랑스러워
다섯 살 때부터 버는 법 배웠어
아니 날 때부터 너를 원해 왔어
We from gutta, 겁나 벌어
그녀처럼 사랑스러워
다섯 살 때부터 버는 법 배웠어
아니 날 때부터 너를 원해왔어","","","","",""
"Good Night (Feat. BE'O)","Coogie","7uzmxEjFEAiadiCCXa0bhi","[쿠기 ""Good Night"" ft. BE'O 가사]

[Intro]
GRAY

[Chorus: Coogie (쿠기)]
I think about you, but I won't call back
미안해 요즘 맘처럼 안돼
아직 많이 멀었어, now I got no time to love
너가 떠나려 해도 나는 잡을 수 없어
또 늦을 거 같애 잘 자 good night
내일 얘기해 잘 자 good night
I think about you, but I won't call back
미안해 요즘 맘처럼 안돼
주위를 'round and 'round
Girl, don't wait for me
주위를 'round and 'round
Girl, don't wait for me

[Verse 1: Coogie (쿠기)]
대체 누가 내 뜻을 알아줘 다들 애석해
그럴 의도가 아닌데 맘대로 재해석해
딱 잘라 얘기하면 그거대로 또 재수 없대
설명하는 거보단 차라리 입을 잠글래
내 머린 콤마 콤마, money on mind, yeah, yeah
너뿐만 아냐 신경 쓸게 넘 많아, yeah, yeah
날 괴롭혀 문제, yeah
들이 풀리지 않아
내 주윌 안 떠나고 맴돌아 satellite
난 더 나아간 다음에야 만날 거 같아
너만 괜찮음 옆에 있어도 돼
혼자의 시간이 난 더 필요해
떠나고 싶으면 okay

[Chorus: Coogie (쿠기)]
I think about you, but I won't call back
미안해 요즘 맘처럼 안돼
아직 많이 멀었어, now I got no time to love
너가 떠나려 해도 나는 잡을 수 없어
또 늦을 거 같애 잘 자 good night
내일 얘기해 잘 자 good night
I think about you, but I won't call back
미안해 요즘 맘처럼 안돼

[Verse 2: BE’O]
Yeah, yeah
절대 돌아가지 않아
I don't wanna go back
그때가 내겐 뭣 같아
매일 바랬던 게 love me
니가 불러도 이제 바로 가지
않을 거야 너희 집
나도 할 만큼은 했어
어른스러운 게 좋대서
이렇게 벌려고 했고
너에게 다른 향기가 나도
감기인 척을 또 했었고
Every day was my solo trip
울지 마, ooh, ooh, ooh, ooh
다음에 얘기해
자자 잘 자 good night

[Bridge: Coogie (쿠기)]
이제 내 감정은 더 무뎌져
마주 보기 싫어 머릴 숙여
잘못한 거 없어 왜 울어 넌
But I don't wanna go back

[Chorus: Coogie (쿠기)]
I think about you, but I won't call back
미안해 요즘 맘처럼 안돼
아직 많이 멀었어, now I got no time to love
너가 떠나려 해도 나는 잡을 수 없어
또 늦을 거 같애 잘 자 good night
내일 얘기해 잘 자 good night
I think about you, but I won't call back
미안해 요즘 맘처럼 안돼","145.908","0.498","0.522","-7.247","0.221"
"Right Now (Feat. Crush)","Coogie","4IiSP6seUj7QwhgDgXdS11","[쿠기 ""Right Now"" ft. 크러쉬 가사]

[Intro: GRAY]
GRAY

[Verse 1: Coogie]
찰나의 눈빛에 흔들려 내 맘 (흔들려 내 맘)
시간이 없는데 벌써 late at night (Late at night)
숨을 고른 채 전화기를 집어 (집어)
You're my hype, girl, 니 앞으로 뛰어 (뛰어)
Yeah, I got money, you gon' need it (Need it)
뭐든 말해봐 차 시계 (시계)
단 한 번에 느꼈어 난
널 만나면 더 낼 수 있지 세금도
Pull up, pull up, I'm coming, girl (I'm coming, girl)
풀어 풀어 니 경계를, girl (경계를, girl)
사실 난 접근하지 않아 쉽게
저 멀대들은 머리에 왁스 빼면 시체 (시체)
뭘 그리 고민해, (고민해) 난 지금에 여기에 (여기에)
너 말고 다른 덴 (다른 덴) 눈도 안 가는데 (가는데)
소문들이 날 끌어내리려 하지 매일 (하지 매일)
근데도 날 믿어주면 I'll give you everything (Everything)

[Chorus: Coogie]
지금 (지금) right now (Right now)
왜 그래 자꾸만 흔들리게 해
지금 (지금) right now (Right now)
가만히 있던 날 움직이게 해
간 보는 거 난 재미없어 (없어)
너가 아니면 의미 없어 (없어)
지금 (Right now)
I need you right now

[Post-Chorus: Crush, Coogie]
Woah-oh-oh, woah-oh-oh
Right now
Woah-oh-oh, woah-oh-oh
Right now
간 보는 거 난 재미없어 (Ooh-oh)
너가 아니면 의미 없어 (Ooh-oh)
지금 right now
I need you right now

[Verse 2: Crush]
Yeah, cruisin' in my whip, stars above be our script
너와 함께라면 feels like we're on a moon trip
다들 내게 묻지 얼마나 사랑하는지
바다보다 커 그 안에서 swim
You're so sweet, 달콤한 이 사랑은 never tripped
저 비싼 명품들은 정답이 아니지
너의 내면이 더 빛나 like diamond
Woah-oh-oh, shining
I wish you by my side, oh, yeah
You make me sing it, la-la-la, oh, yeah
밤새 떠오를것같아 난 all day, yeah, yeah, ayy
Ain't no bluff, 한순간도 (Oh, yeah)
넘보지 못하게 got you
손 닿을 수 없게 해 너란 작품을 (Oh, yeah)
아껴줄게 열어줘 너의 마음을, ooh, yeah

[Chorus: Crush]
지금 (지금) right now (Right now)
왜 그래 자꾸만 흔들리게 해
지금 (지금) right now (Right now)
가만히 있던 날 움직이게 해
간 보는 거 난 재미없어 (없어)
너가 아니면 의미 없어 (없어)
지금 (Right now; 지금 right now)
I need you right now

[Post-Chorus: Crush, Coogie]
Woah-oh-oh, woah-oh-oh
Right now
Woah-oh-oh, woah-oh-oh
Right now
간 보는 거 난 재미없어 (Oh-oh)
너가 아니면 의미 없어 (Ooh-oh)
지금 right now
I need you right now","154.97","0.961","0.402","-2.235","0.312"
"muah","Coogie","0AHhkuNuqjFPzMfi72JIxr","[쿠기 ""muah"" 가사]

[Intro]
Yeah, I'm born a star
Yeah, I'm born a star
Yeah, I'm born a star, ah

[Chorus]
머리 어깨 무릎 발 (Head to toe)
Touch it, 옆에, slow it down (Slow it down)
더 원해, baby, want some more, more
내 볼에다 kiss해줘, muah, muah
날 도와줘 이쁜 니 부리로 씻겨 줘
때가 타 있는 내 유리를 지금 더 원해 (I want it)
Baby, want some more more
내 볼에다 kiss해줘, muah, muah

[Verse]
Late night or daytime (Daytime)
일분 일초 외로움 타지 (-움 타지)
Not because of fame, not because of money (Because of money)
고독을 즐긴다니 깨져 골머리 (골머리)
넌 아닌가 봐 수용성이
눈물론 안 지워지네 기억이
날씨가 맑아도 내 맘은 shady (Shady)
해가 떠도 표정엔 그늘 피지
Shawty said, ""I wanna get high"" (Wanna get high)
우리 오늘 처음 봤을지라도
스쳐지나가도 afortunado (Afortunado)
근데 난 아냐 우연 따위는 안 믿는다고, uh-uh-uh
내 돈이 다 떨어져도
유명세가 없어져도
If you wanna roll with me (Wanna roll with me)
If you wanna roll with me

[Chorus]
머리 어깨 무릎 발 (Head to toe)
Touch it, 옆에, slow it down
더 원해, baby, want some more, more
내 볼에다 kiss해줘, muah, muah
날 도와줘 이쁜 니 부리로 씻겨 줘
때가 타 있는 내 유리를 지금 더 원해
Baby, want some more more
내 볼에다 kiss해줘, muah, muah
머리 어깨 무릎 발
Touch it, 옆에, slow it down
더 원해, baby, want some more, more
내 볼에다 kiss해줘, muah, muah
날 도와줘 이쁜 니 부리로 씻겨 줘
때가 타 있는 내 유리를 지금 더 원해
Baby, want some more more
내 볼에다 kiss해줘, muah, muah

[Outro]
Late night or daytime
일초마다 외로움타지
No one knows how I feel
웃고 있어도 참고있지
매일마다 I was so petty (So petty)
얼어있어 녹여줘 해빙 (해빙)
넌 아닌가 봐 수용성이
눈물로 안 지워지네 니 기억이, yuh, uh-uh","","","","",""
"SUZURAN","Coogie","7HvK2FmTNzmABacnideADP","[Hook: Kid Milli]
ATM, Cozyboys, we be rockin, um
Rockin', what? highbrand? nope
Brand 정보 닥쳐, 내 form 바꿔
새끼들 무전치듯이 copy, copy 밖에

[Verse 1: Kid Milli]
Uh, 니가 하는 것 전부 난 이미 했어
Uh, 앨범 하나 혼자서 믹스도 했어
Uh, 새끼들은 능력이 현실에도 딸려
D grade, D grade, D grade
Uh, 불쌍한 바보들의 여잘 안 뺏어
올해부터 다이아몬드 등급을 배워
표현들은 계속 변해, 구체적으로 2D to 4D to VR
Uh, fuck bois 절대, don't know bout that, 절대 nope
지갑 ATM, blow my cash, 너한텐 마술쇼
Represent Indigo, 참가자들 절반이 copy 내 flow
난 된 것 같아 STAX형이, 아들같은 새끼들, 머리에, grrr

[Verse 2: Coogie]
븅신 래퍼 존나 많지, follow 받게 follow 박지
넌 래퍼 아녀, 페북 스타지 (no, no, no)
아니 걍 SNS 스타지 (no, no, no)
Ay, 나 하는거 바라만 보지 너 (skrt, skrt)
래퍼인 척 혀만 놀리지 너 (skrt, skrt)
니 눈앞에 연막탄 뿌려, ay, 우린 지갑 계속 불려, ay
니 사진 표정보다 Cooler, ay, 닌 작업실 알콜만 투여, ay
해봤자 난 관심도 없지, uh, 해봤자 안중에도 없지, oh
나 통하려면 외국 가야돼, ATM 우리는 Airplane
내 지갑은 세계사 위인전, 여기저기 돈 벌어 365, oh
난 찍지 Platinum, Gold, I ain't play no more
Hot line 걸어, phone call, 무배당 내 성공
다가져와 Trap 이든 boom bap, 따라와봤자 다 굼벵이
방아쇠 당겨 다 쏘네, 칙칙 파우 칙칙 바라 붐 뱅, woo
난 우주위 도킹해, making flame
부스트 밟아, 도핑해, 난 Ballin' 해
지구본이 굴리는 머니볼 feel like I'm Billy Beane
난 Eminem 넌 Canibus, 허밍해도 발리지 니 병신 verse
음 소리 When I rap the girls like emm, emm
음소리 When I trap the girls like emm, emm

[Hook: Kid Milli]
ATM, Cozyboys, we be rockin, um
Rockin', what? highbrand? nope
Brand 정보 닥쳐, 내 form 바꿔
새끼들 무전치듯이 copy, copy 밖에

[Verse 3: nafla]
Fat kid wanna be like, fat kid comin to bite
5K got it on ice, 내 곡들 클럽에 pop
내 곡들 클럽에 pop, 돈들 산더미 쌓여
Mixin' up my cotton, smokin' on my pipe
낭비할 실력 가지고 가, 여자는 말리고 가
너와 나 팔리는 차이, 너와 나 안되는 사이
못 알아보면은 Bye, 나에게 잘하면 다야
Geekin outside, 이제는 south side
Hustle till I make, 다 파티할 때 바빠
어디서든 작업, Plane 에서도 못자
Bill Stax palace, 부산에다 주차 ay
My bills paid, ATM 한테 해 투자, what

[Verse 4: Loco]
턱은 치켜들어 눈동잔 내리구 (이렇게)
걸레는 안 물어, 그건 니 얘기구 (ay, yeah)
절대 미간 안찌뿌려 미소를 때리면서
있어 Loco 앞에 ATM makin' cash move, yah
액수는 비공개 난 니가 행복했으면 해
니 직업 술자리 동생 꼭 상쾌환 먹었으면 해
홍대 경제 09에서 강남구청 집돌이에
띵까띵까 놀다만 들어간 이불 밖은 위험해
얼굴은 깨끗해, 붙여봐야 트러블 패치
등에는 AOMG, 바깥엔 카니발이 대기
지하에 호랑이는 여전하게 Vroom, vroom, vroom, vroom
들리겠지 너의 귀에선 꿈, 꿈, 꿈, 꿈
눈 열어, 깨, 깨, 우린 졸업전에 이미 gang, gang
우기랑 소주깠어, 옆엔 박재범과 chain, chain
난 개운해 매일 아침이 새까매져도
틀어 맵핵 보여 니 얼굴이 새빨개졌어","","","","",""
"Justin Bieber (Feat. Jay Park)","Coogie","7lKq1zBuch1xYlwQxs9RdD","[Hook: Coogie]
I know it's wrong but 너가 생각에 안 놓여
아직 너가 내 머리에 붙어 안 떼져
넌 말해 ""래퍼들은 대체 왜 그래?""
넌 말해 ""래퍼들은 대체 왜 그래?
아냐, 난 래퍼 안 해, 걍 pop star가 될래
아냐, pop star 싫어, 걍 부자가 될래
Club에 공연하고 사이다로 flex
Club에 공연하고 친구들과 flex

[Verse 1: Coogie]
진짜 앞이 안보여, 앞이 안 보여
잔상이 남어, 잔상이 남어
뻔한 이별 노랜 안 할랬는데
지금 내가 그걸 할랑말랑해
숨이 안 쉬어져, yeah, 안 쉬어져, yeah
폐가 아퍼, yeah, 폐가 아퍼, yeah
뻔한 이별 노랜 안 할랬는데
지금 내 기분이 말랑말랑해
I'm so gone, gone, gone, yeah
어떻게든 존버해, yeah
아무렇지 않은 척 또 flexin
Mr. porter 택 안 떼고 또 flexin
I'm so gone, gone, gone
어떻게든 지금 존버해
아무렇지 않은 척 또 flexin
Mr. porter 택 안 떼고 또 flexin

[Hook: Coogie]
I know it's wrong but 너가 생각에 안 놓여
아직 너가 내 머리에 붙어 안 떼져
넌 말해 ""래퍼들은 대체 왜 그래?""
넌 말해 ""래퍼들은 대체 왜 그래?
아냐, 난 래퍼 안 해, 걍 pop star가 될래
아냐, pop star 싫어, 걍 부자가 될래
Club에 공연하고 사이다로 flex
Club에 공연하고 친구들과 flex

[Verse 2: Jay Park]
Baby, you've been on my mind
아무렇지 않은 척해도, yeah
I need to see you one more time
밤에 편히 잘 수가 없어, yeah
여기 남았지 홀로
눈 감으면 보여, 너의 예쁜 얼굴
I really love you, 난 정말 바보지
나대로 계속 살지, 아무렇지 않은 척

[Hook: Coogie]
I know its wrong but 너가 생각에 안 놓여
아직 너가 내 머리에 붙어 안 떼져
넌 말해 ""래퍼들은 대체 왜 그래?""
넌 말해 ""래퍼들은 대체 왜 그래?
아냐, 난 래퍼 안 해, 걍 pop star가 될래
아냐, pop star 싫어, 걍 부자가 될래
Club에 공연하고 사이다로 flex
Club에 공연하고 친구들과 flex

[Outro: Coogie]
I'm so gone, gone, gone
Yeah, yeah, yeah, yeah, yeah, yeah","145.05","0.591","0.87","-9.373","0.735"
"1,2,3,4,5","Coogie","0b2uMH3ziqvmdPyyv02FA7","[쿠기 ""1,2,3,4,5"" 가사]

[Chorus]
One, two, three, four, five new pieces
뭐든지 퍼다 줄 수 있지
발음이 어려워 brand 이름
문 앞에 갖다 놨어 지금
Every sec she in my head
됐어 난 긴말 안 해
그냥 옆에 있기만 해
Just call me baby, call me baby
One, two, three, four, five new pieces
뭐든지 퍼다 줄 수 있지
발음이 어려워 brand 이름
문 앞에 갖다 놨어 지금
Every sec she in my head
됐어 난 긴말 안 해
그냥 옆에 있기만 해
Just call me baby, call me baby

[Verse 1]
널 만나고 나서야 숨통이 트이지만
쉬지 않아 how can I be lazy?
골치 아픈 일에 절대 얽매이지
않아 믿어도 돼 문젠 생기지
않아 진짜로 you're my only buddy
우리가 같이 걸을 때 길거릴
빠르면 늦춰줄게 걸음걸이
나랑 있으면 안 해도 돼 맞벌이

[Pre-Chorus]
Okay (Okay), 어떻게든 (어떻게)
끝내고 돌아올게
You in my head (My head) 어제도 (어제)
오늘도 왠종일 매 순간 네 생 (네 생) 각해 (각해)
와있을게 너가 잠에서 다 깨기 (다 깨기) 전에 (전에)
와있을게 덮은 이불 개기전에

[Chorus]
One, two, three, four, five new pieces
뭐든지 퍼다 줄 수 있지
발음이 어려워 brand 이름
문 앞에 갖다 놨어 지금
Every sec she in my head
됐어 난 긴말 안 해
그냥 옆에 있기만 해
Just call me baby, call me baby

[Verse 2]
보고싶음 걸어줘 facetime
근데 이해해 줘 밤 샌다음
내 몰골이 초췌하더라도
괜찮아질 거니까 다음 날
일 때문에 전화를 못 받을 때
네 마음 다 알아 I know you upset
좀만 기다려 이것만 하면 돼
한 시간이면 돼 지금이 last take

[Pre-Chorus]
Okay (Okay), all day (All day)
내 눈은 딴 데 가 있지만
You in my head (My head), all day
Three-sixty-five, 하루도 안 빼고 생 (Ah, 생) 각해 (각해)
내 손은 딴데 가 있지만 you in my head (My head), all day (All day)
일초도 안 빼고 난 네 생각해

[Chorus]
One, two, three, four, five new pieces
뭐든지 퍼다 줄 수 있지
발음이 어려워 브랜드 이름
문 앞에 갖다 놨어 지금
Every sec she in my head
됐어 난 긴말 안 해
그냥 옆에 있기만 해
Just call me baby, call me baby
One, two, three, four, five new pieces
뭐든지 퍼다 줄 수 있지
발음이 어려워 브랜드 이름
문 앞에 갖다 놨어 지금
Every sec she in my head
됐어 난 긴말 안 해
그냥 옆에 있기만 해
Just call me baby, call me baby","185.104","0.696","0.572","-6.394","0.963"
"Good Night (Remix) (Feat. Paul Blanco, CAMO)","Coogie","7oJOO76O5QH4SjFUMrvbon","[쿠기 ""Good Night"" ft. BE'O 가사]

[Intro]
GRAY

[Chorus: Coogie (쿠기)]
I think about you, but I won't call back
미안해 요즘 맘처럼 안돼
아직 많이 멀었어, now I got no time to love
너가 떠나려 해도 나는 잡을 수 없어
또 늦을 거 같애 잘 자 good night
내일 얘기해 잘 자 good night
I think about you, but I won't call back
미안해 요즘 맘처럼 안돼
주위를 'round and 'round
Girl, don't wait for me
주위를 'round and 'round
Girl, don't wait for me

[Verse 1: Coogie (쿠기)]
대체 누가 내 뜻을 알아줘 다들 애석해
그럴 의도가 아닌데 맘대로 재해석해
딱 잘라 얘기하면 그거대로 또 재수 없대
설명하는 거보단 차라리 입을 잠글래
내 머린 콤마 콤마, money on mind, yeah, yeah
너뿐만 아냐 신경 쓸게 넘 많아, yeah, yeah
날 괴롭혀 문제, yeah
들이 풀리지 않아
내 주윌 안 떠나고 맴돌아 satellite
난 더 나아간 다음에야 만날 거 같아
너만 괜찮음 옆에 있어도 돼
혼자의 시간이 난 더 필요해
떠나고 싶으면 okay

[Chorus: Coogie (쿠기)]
I think about you, but I won't call back
미안해 요즘 맘처럼 안돼
아직 많이 멀었어, now I got no time to love
너가 떠나려 해도 나는 잡을 수 없어
또 늦을 거 같애 잘 자 good night
내일 얘기해 잘 자 good night
I think about you, but I won't call back
미안해 요즘 맘처럼 안돼

[Verse 2: BE’O]
Yeah, yeah
절대 돌아가지 않아
I don't wanna go back
그때가 내겐 뭣 같아
매일 바랬던 게 love me
니가 불러도 이제 바로 가지
않을 거야 너희 집
나도 할 만큼은 했어
어른스러운 게 좋대서
이렇게 벌려고 했고
너에게 다른 향기가 나도
감기인 척을 또 했었고
Every day was my solo trip
울지 마, ooh, ooh, ooh, ooh
다음에 얘기해
자자 잘 자 good night

[Bridge: Coogie (쿠기)]
이제 내 감정은 더 무뎌져
마주 보기 싫어 머릴 숙여
잘못한 거 없어 왜 울어 넌
But I don't wanna go back

[Chorus: Coogie (쿠기)]
I think about you, but I won't call back
미안해 요즘 맘처럼 안돼
아직 많이 멀었어, now I got no time to love
너가 떠나려 해도 나는 잡을 수 없어
또 늦을 거 같애 잘 자 good night
내일 얘기해 잘 자 good night
I think about you, but I won't call back
미안해 요즘 맘처럼 안돼","145.908","0.498","0.522","-7.247","0.221"
"아무 말","죠지, 쿠기 (Coogie)","7qDnloxTILmCI4Lmvg6uRE","Korean

설레면 안 된다고 매일
혼내고 타일러도 봤어
어제 내 각오라 해봤자
와르르야 너를 보면

Bae you never know bae you never know
내가 뭔 생각을 하든 너는 절대 모를걸
다른 것은 필요 no yeah we need to talk
다 아는 게 아냐 내 속을 다 털어야겠어

나 오늘은 그냥 냅둬보려고(오늘은 그냥 set me free)
내 의식의 흐름을 따라서(솔직해 지려고)

Talk, talk, talk 이건 아무 말
그치만 다, 다, 다 진짜 진심이야
전부터, 터, 터, 터, 그게 그니까
좋아했어 이렇게나
너랑 있을 때면 나는 진짜로 내가 된 것 같거든
Baby talk, talk, talk 이건 아무 말
Ayo, ayo 그치만 다 진심이야 baby

널 생각하며 웃는 건
이젠 버릇이 되었고
가늠이 안 될 만큼 점점 더
Deep down 더 깊어

Deep down 더 깊어 내 마음 boomin metro
자꾸 눈을 마주쳐 입꼬리는 춤을 춰
그만하자 어물쩡 근데 마주침 숨못셔
모든 것들이 이제 보여 내 눈엔 slow motion

나 오늘은 그냥 냅둬보려고(오늘은 그냥 set me free)
내 마음이 멋대로 가는 걸(솔직해지려고)

Talk, talk, talk 이건 아무 말
그치만 다, 다, 다 진짜 진심이야
전부터, 터, 터, 터, 그게 그니까
좋아했어 이렇게나
너랑 있을 때면 나는 진짜로 내가 된 것 같거든
Baby talk, talk, talk 이건 아무 말
Ayo, ayo 그치만 다 진심이야 baby

놀랐다면 조금은 sorry
이래봬도 이건 내 고백
꽤 즉흥적인 것처럼 보이지만
나 많이 고민했어 thinkin bout you

Real talk real talk
이젠 말해야겠어
나 오늘은 내비둬 생각 안 하고
맘 가는 대로 가야겠어
Real talk real talk
이젠 말해야겠어
나 오늘은 내비둬 생각 안 하고
너에게 말해야겠어

Talk, talk, talk 이건 아무 말
그치만 다, 다, 다 진짜 진심이야
전부터, 터, 터, 터, 그게 그니까
좋아했어(널) 이렇게나(오래전부터)
너랑 있을 때면 나는 (이렇게)
진짜로 내가 된 것 같거든(널 볼때마다 baby)
Baby talk, talk, talk 이건 아무 말
Ayo, ayo 그치만 다 진심이야 baby

Romanized

Seollemyeon an doendago maeil
Honnaego tailleodo bwass-eo
Eoje nae gag-ola haebwassja
Waleuleuya neoleul bomyeon

Bae you never know bae you never know
Naega mwon saeng-gag-eul hadeun neoneun jeoldae moleulgeol
Daleun geos-eun pil-yo no yeah we need to talk
Da aneun ge anya nae sog-eul da teol-eoyagess-eo

Na oneul-eun geunyang naebdwobolyeogo(oneul-eun geunyang set me free)
Nae uisig-ui heuleum-eul ttalaseo(soljighae jilyeogo)

Talk, talk, talk igeon amu mal
Geuchiman da, da, da jinjja jinsim-iya
Jeonbuteo, teo, teo, teo, geuge geunikka
Joh-ahaess-eo ileohgena
Neolang iss-eul ttaemyeon naneun jinjjalo naega doen geos gatgeodeun
Baby talk, talk, talk igeon amu mal
Ayo, ayo geuchiman da jinsim-iya baby

Neol saeng-gaghamyeo usneun geon
Ijen beoleus-i doeeossgo
Ganeum-i an doel mankeum jeomjeom deo
Deep down deo gip-eo

Deep down deo gip-eo nae ma-eum boomin metro
Jakku nun-eul majuchyeo ibkkolineun chum-eul chwo
Geumanhaja eomuljjeong geunde majuchim summos-syeo
Modeun geosdeul-i ije boyeo nae nun-en slow motion

Na oneul-eun geunyang naebdwobolyeogo(oneul-eun geunyang set me free)
Nae ma-eum-i meosdaelo ganeun geol(soljighaejilyeogo)

Talk, talk, talk igeon amu mal
Geuchiman da, da, da jinjja jinsim-iya
Jeonbuteo, teo, teo, teo, geuge geunikka
Joh-ahaess-eo ileohgena
Neolang iss-eul ttaemyeon naneun jinjjalo naega doen geos gatgeodeun
Baby talk, talk, talk igeon amu mal
Ayo, ayo geuchiman da jinsim-iya baby

Nollassdamyeon jogeum-eun sorry
Ilaebwaedo igeon nae gobaeg
Kkwae jeugheungjeog-in geoscheoleom boijiman
Na manh-i gominhaess-eo thinkin bout you

Real talk real talk
Ijen malhaeyagess-eo
Na oneul-eun naebidwo saeng-gag an hago
Mam ganeun daelo gayagess-eo
Real talk real talk
Ijen malhaeyagess-eo
Na oneul-eun naebidwo saeng-gag an hago
Neoege malhaeyagess-eo

Talk, talk, talk igeon amu mal
Geuchiman da, da, da jinjja jinsim-iya
Jeonbuteo, teo, teo, teo geuge geunikka
Joh-ahaess-eo(neol) ileohgena(olaejeonbuteo)
Neolang iss-eul ttaemyeon naneun (ileohge)
Jinjjalo naega doen geos gatgeodeun(neol bolttaemada baby)
Baby talk, talk, talk igeon amu mal
Ayo, ayo geuchiman da jinsim-iya baby","","","","",""
"Right Away (Feat. pH-1)","Coogie","1t73E6zaEr2H8pqwFn2cF6","[Verse 1: Coogie]
딴 남자들 너무 뻔해
비교 말어 난 신선해
약속해 내 손목을 걸게
널 위해서 돈을 벌게
대신 잡아줄게 벌레
눈이 마주치면 헤벌레
밤새 너를 위해 workin'
계속 내 심장은 twerkin'
어젯밤에 네 꿈을 꿨네
다시 꾸려고 불을 껐네
창문에 전망은 선명해
이쁜 옷 신발들을 꺼내
Look at my drip from my walk
I want you to pick up the phone
같이 걸어 다녀 거리를
어깨에 기대줘 머리를, yeah

[Chorus: Coogie]
같이 가자 어디든
너무 높아 이 기분
손을 잡아 Fly away
깍지 껴서 Right away
같이 가자 어디든
너무 높아 이 기분
손을 잡아 Fly away
깍지 껴서 Right away
I need your love, I need your love, yeah, yeah
I need your love, I need your love, yeah, yeah
I need your love, I need your love, yeah, yeah
I need your love, I need your love, yeah, yeah

[Verse 2: pH-1]
You got me up all night
문잘 보내지 good morning
Link도 걸었어 좋은 음악을
뭐든 나누기를 원해
함께할 땐 없어 남은 음식은
집중하고 싶어 우리 대화
없는 시간도 만들어서 여행을
떠나고 싶어 꼭 메고 배낭
You put a spell on me
어떻게 해야 될지를 몰라
잡히던 일도 하나 둘씩 미룬 채로
주위 맛집들을 골라
You and I mean so much to me
I will never leave you alone

[Chorus: pH-1 & Coogie]
같이 가자 어디든
너무 높아 이 기분
손을 잡아 Fly away
깍지 껴서 Right away
같이 가자 어디든
너무 높아 이 기분
손을 잡아 Fly away
깍지 껴서 Right away
I need your love, baby, I need your love
I need your love, baby, I need your love
I need your love, baby, I need your love
I need your love, baby, I need your love
같이 가자 어디든
너무 높아 이 기분
손을 잡아 Fly away
깍지 껴서 Right away
같이 가자 어디든
너무 높아 이 기분
손을 잡아 Fly away
깍지 껴서 Right away
I need your love I need your love, yeah, yeah
I need your love I need your love, yeah, yeah
I need your love I need your love, yeah, yeah
I need your love I need your love, yeah, yeah","93.887","0.715","0.69","-6.6610000000000005","0.6940000000000001"
"Watch Me Ballin'","Coogie","0jMWVoq4ydhCEtc57fGhrS","[Verse 1: Coogie]
I need new whip, I need new crib
이제 노리지 더 넓은 집
내리려 했던 우리 사진, 근데 아직도 못 지웠지, yeah
널 만날 때 보다 더 벌어, 근데도 네게 전활 걸어
너가 먼저 문자로 선을 그었지, 마치 Adidas 바지처럼
Preety girls, 내게 술을 부어, yeah, yeah
근데 every night 너 땜에 내 눈이 부어, yeah, yeah
짭 입던 놈이 rock designer, uh, 나도 보란 듯이 잘 살어, uh
Rolex가 보여 근데 내 손목엔 아직도 니 머리띠 감어, uh
미친 듯이 달려왔네, yeah, from 꺼져 get out of my face
난 돈을 벌고 말고 항상 생각은 똑같애, uh
니 생각이 날 것 같아도 이젠 you know i'm okay
나도 이제 하려고 해, yeah, i'm flexin on my ex

[Pre-Hook: Sik-K]
만남 뒤에는 헤어짐과 이별
네 눈에 보이듯 나는 잘 지내고 있어
내가 널 어떻게 잊어, 야 인연아 야 인연아
난 너가 잘 살길만 아주 잘 살길 빌어

[Hook: Sik-K]
빌어먹을 껀데 너의 callin'
빌어먹을 거라고 watch me ballin'
빌어먹을 껀데 너의 callin'
빌어먹을 거라고 watch me ballin'
빌어먹을 껀데 너의 callin'
빌어먹을 거라고 watch me ballin'
빌어먹을 껀데 너의 callin'
빌어먹을 거라고 watch me ballin'

[Verse 2: Coogie]
멋진 모습 사진 찍어, uh, 멋진 것만 보이고 싶어, uh
돌려보지 내 사진첩, 근데 그 사진에 너가 너무 이뻐, uh
다시 전활 걸지 몰라, uh, 니 고민에 밤을 새 all night, uh
난 이제 잘나가는데 왜 자꾸 니가 머리 속에서 안 나가는데, yeah
새 옷의 택을 또 떼, yeah, 니가 좋아했던 브랜드에, yeah
매장으로 발이 가네, yeah, 그럴 필요가 없는데
근데도 안 창피해, 그냥 내 맘이 너무 choppy해
보란 듯 잘 사는 걸 보여주려 했는데 니 앞에선 못해
I can't flex on my ex, right? huh? huh? huh?

[Pre-Hook: Sik-K]
만남 뒤에는 헤어짐과 이별
네 눈에 보이듯 나는 잘 지내고 있어
내가 널 어떻게 잊어, 야 인연아 야 인연아
난 너가 잘 살길만 아주 잘 살길 빌어

[Hook: Sik-K]
빌어먹을 껀데 너의 callin'
빌어먹을 거라고 watch me ballin'
빌어먹을 껀데 너의 callin'
빌어먹을 거라고 watch me ballin'
빌어먹을 껀데 너의 callin'
빌어먹을 거라고 watch me ballin'
빌어먹을 껀데 너의 callin'
빌어먹을 거라고 watch me ballin'

[Bridge: Coogie]
Watch me ballin', yeah, 빌어먹지 callin', yeah
아직 못 빼겠어 너가 껴준 도금 반지, yeah, yeah
Watch me ballin', yeah, 빌어먹지 callin
I can’t flex on my ex, on my ex
On my ex, on my ex, on my ex, yeah

[Hook: Sik-K]
빌어먹을 껀데 너의 callin'
빌어먹을 거라고 watch me ballin'
빌어먹을 껀데 너의 callin'
빌어먹을 거라고 watch me ballin'
빌어먹을 껀데 너의 callin'
빌어먹을 거라고 watch me ballin'
빌어먹을 껀데 너의 callin'
빌어먹을 거라고 watch me ballin'","","","","",""
"What (Feat. Wonstein)","Coogie","7J0FXQA7ZQiGVD3fKqXTdE","헛소리엔 답 안 하네 뭐
할 말 있음 say it to my face 뭐
난 인정을 다 받아내 뭐
할 말 있음 say it to my face 뭐

내 친구들 다 같이 straight up
눈치 안 보고서 straight up
내 친구들 다 같이 straight up
눈치 안 보고서 straight up

헛소리엔 답 안 하네 뭐
할 말 있음 say it to my face 뭐
난 인정을 다 받아내 뭐
할 말 있음 say it to my face 뭐

내 친구들 다 같이 straight up
눈치 안 보고서 straight up
내 친구들 다 같이 straight up
눈치 안 보고서 straight up
내 친구들 다 같이 straight up

Woo, woo
눈치 주는 건 아냐 amigo 뭐
혼자 뚫고 가지 내 길을 뭐
먼지가 쌓였지 내 귓등 뭐

쟤넨 잔소리만 삼개월 뭐
귓구멍에 지퍼를 채워 뭐
뭘 하든 말든 날 내비둬 뭐
내 fan들을 보고서 배워 뭐

할 말 있음 say it to my face 뭐
난 인정을 다 받아내 뭐
말만 많은 애들은 fake 뭐
안 봐도 다 백이면 백 뭐

할 말 있음 say it to my face 뭐
내 발에는 새로운 checks 뭐
질라처럼 떼 나코탭 뭐
잘라내 내 손 마치 claymore

할 말 많아도 난 대꾸도 안 하지
잡소리들은 뒤로 걍 제꼈을걸
I'ma go hard 난 안 도망가
Getting guap 참견들은 나를 망쳤을걸

추임새 쓴다고 욕먹다가
이제 안 쓰는 래퍼를 찾는 게 안 쉬워
그래도 난 안 미워 내 톤 내 flow
내 몫으로 빌어먹다가 여기까지 이뤄

헛소리엔 답 안 하네 뭐
할 말 있음 say it to my face 뭐
난 인정을 다 받아내 뭐
할 말 있음 say it to my face 뭐

내 친구들 다 같이 straight up
눈치 안 보고서 straight up
내 친구들 다 같이 straight up
눈치 안 보고서 straight up

헛소리엔 답 안 하네 뭐
할 말 있음 say it to my face 뭐
난 인정을 다 받아내 뭐
할 말 있음 say it to my face 뭐

내 친구들 다 같이 straight up
눈치 안 보고서 straight up
내 친구들 다 같이 straight up
눈치 안 보고서 straight up
내 친구들 다 같이

난 알아요
내가 있는 곳 찾아서 듣기 싫은 말만 하는 그 이유를
같은 길을 가다 포기해버린 자신을 볼 때마다 화가 나는 케이스들
난 항상 자랑을 못 했어 어쨌거나 지금은 살아남았어
그때 나는 무얼 하고 있었나 자책하지마 팬들아 (hold on)

듣보 듣보에서 곧 돋보임
웰메이드 popstar Justin Bieber
그중에 아웃풋 누가 제일 유력
달아 내 도메인 뒤에 dot KR
대표해 대표, 시작은 거미줄
Spiderman처럼 far from, far from home
찍어버려 그럼 아이언맨이
누구인지는 말 안 해도

삐끗해도 일어나고 뛰지
내가 뭘 하든 넌 후려치지
Making money 이젠 내겐 easy
근데 돈만이 아냐 내겐 취지

삐끗해도 일어나고 뛰지
가짜 사랑 죄다 뿌리치지
날 놓친 애들 이제 땅을 치지
보다 더 위로 가려고 해

헛소리엔 답 안 하네 뭐
할 말 있음 say it to my face 뭐
난 인정을 다 받아내 뭐
할 말 있음 say it to my face 뭐

내 친구들 다 같이 straight up
눈치 안 보고서 straight up
내 친구들 다 같이 straight up
눈치 안 보고서 straight up

헛소리엔 답 안 하네 뭐
할 말 있음 say it to my face 뭐
난 인정을 다 받아내 뭐
할 말 있음 say it to my face 뭐

내 친구들 다 같이 straight up
눈치 안 보고서 straight up
내 친구들 다 같이 straight up
눈치 안 보고서 straight up
내 친구들 다 같이 straight up","139.995","0.976","0.551","-2.796","0.826"
"Right away (Feat. pH-1)","Coogie","4ZLbxNHTlHeRNQOt6KOfSx","[Verse 1: Coogie]
딴 남자들 너무 뻔해
비교 말어 난 신선해
약속해 내 손목을 걸게
널 위해서 돈을 벌게
대신 잡아줄게 벌레
눈이 마주치면 헤벌레
밤새 너를 위해 workin'
계속 내 심장은 twerkin'
어젯밤에 네 꿈을 꿨네
다시 꾸려고 불을 껐네
창문에 전망은 선명해
이쁜 옷 신발들을 꺼내
Look at my drip from my walk
I want you to pick up the phone
같이 걸어 다녀 거리를
어깨에 기대줘 머리를, yeah

[Chorus: Coogie]
같이 가자 어디든
너무 높아 이 기분
손을 잡아 Fly away
깍지 껴서 Right away
같이 가자 어디든
너무 높아 이 기분
손을 잡아 Fly away
깍지 껴서 Right away
I need your love, I need your love, yeah, yeah
I need your love, I need your love, yeah, yeah
I need your love, I need your love, yeah, yeah
I need your love, I need your love, yeah, yeah

[Verse 2: pH-1]
You got me up all night
문잘 보내지 good morning
Link도 걸었어 좋은 음악을
뭐든 나누기를 원해
함께할 땐 없어 남은 음식은
집중하고 싶어 우리 대화
없는 시간도 만들어서 여행을
떠나고 싶어 꼭 메고 배낭
You put a spell on me
어떻게 해야 될지를 몰라
잡히던 일도 하나 둘씩 미룬 채로
주위 맛집들을 골라
You and I mean so much to me
I will never leave you alone

[Chorus: pH-1 & Coogie]
같이 가자 어디든
너무 높아 이 기분
손을 잡아 Fly away
깍지 껴서 Right away
같이 가자 어디든
너무 높아 이 기분
손을 잡아 Fly away
깍지 껴서 Right away
I need your love, baby, I need your love
I need your love, baby, I need your love
I need your love, baby, I need your love
I need your love, baby, I need your love
같이 가자 어디든
너무 높아 이 기분
손을 잡아 Fly away
깍지 껴서 Right away
같이 가자 어디든
너무 높아 이 기분
손을 잡아 Fly away
깍지 껴서 Right away
I need your love I need your love, yeah, yeah
I need your love I need your love, yeah, yeah
I need your love I need your love, yeah, yeah
I need your love I need your love, yeah, yeah","93.887","0.715","0.69","-6.6610000000000005","0.6940000000000001"
"Life Goes On (Feat. pH-1)","Coogie","7DNT98RushlHadPmT3qaiX","[Chorus: Coogie]
내일이 와도 Life goes on
난 일을 벌여 Make new song
너가 내 옆에 없어도
변하지 않아 Life goes on

내 맘은 추워 Ice so cold
하루가 지나가 벌써
너가 내 옆에 없어도
변하지 않아 Life goes on

(내일이 와도 Life goes on)

[Verse 1: Coogie]
내 첫차는 외제산 Cabriolet
라고 겁도 없이 너무 까불어대
내 Dayjust 놀림감이 되어버렸네
다음 것을 알아보려 디깅 All day

난 20대에 벌고 싶어 몇십억대
집에 짐을 덜어주고 싶어 OK
조금 무거워도 괜찮아 내 어깨
걱정 말어 저지르지 않아 범죄
난 정말로

I don't mind 니네가 한 말들 다
진짜 상관치 않아 I swear to god
꽉 채워 다 태워 뒤에
내겐 제일 귀해 Ma friend ma fam

We so fly slide
미끄러지듯이 진전해 가
So fly like a kite
구름 가르듯이 계속 가

[Chorus: Coogie]
내일이 와도 Life goes on
난 일을 벌여 Make new song
너가 내 옆에 없어도
변하지 않아 Life goes on

내 맘은 추워 Ice so cold
하루가 지나가 벌써
너가 내 옆에 없어도
변하지 않아 Life goes on

내일이 와도 Life goes on

[Verse 2: pH-1]
잠시 멈칫한다 해도
다시 작업하고 Working
헛된 생각날 틈 없이
달리고 또 채찍질을 계속 쳤지

Mo money but no time
자꾸 좁아지는 옷장
그 안에 가득 퍼진 너의 진한 체취가
아직 남아 있어 창문을 또 열지
Understand me

When I tell you I'll be moving on
인연의 끈을 풀고 나서야 난 숨을 쉬어
내 반을 잃었고
내 삶을 다시 얻은 후 나만의 길을 걷네
너와 달리 성공은 내게 손을 건네

So I love her to the death (on god)
도로 가져가 네 Box to the left
너만 쏙 빠진 채
모든 게 똑같애
새로운 날이 코앞에

[Chorus: pH-1]
내일이 와도 Life goes on
난 일을 벌여 Make new song
너가 내 옆에 없어도
변하지 않아 Life goes on

내 맘은 추워 Ice so cold
하루가 지나가 벌써
너가 내 옆에 없어도
변하지 않아 Life goes on

[Chorus: Coogie]
내일이 와도 Life goes on
난 일을 벌여 Make new song
너가 내 옆에 없어도
변하지 않아 Life goes on

내 맘은 추워 Ice so cold
하루가 지나가 벌써
너가 내 옆에 없어도
변하지 않아 Life goes on","79.982","0.49","0.7","-5.187","0.569"
"Wifey (Feat. CHANGMO)","Coogie","4WySvS12puJNmkjvJsQKpA","쿠기 - 와이피 (Feat. 창모) 가사

[Intro: Coogie]
Wifey, wifey, wifey, wifey, wifey, yea
Can't you be my wifey, wifey, wifey, wifey, wifey, yea

[Chorus: Coogie]
Tell me what you want
난 다 줄 수 있어
Tell me what you want
니가 원하는 건 yea
You’re my real love
난 다 줄 수 있어
Tell me what you want
니가 원하는 건 yea
Can't you be my wifey, wifey, wifey, wifey, wifey, yea
Can't you be my wifey, wifey, wifey, wifey, wifey, wifey, yea, yea

[Verse 2: Coogie]
나는 빚을 내서 네게 백을 사줄래
믿어 빨리 좋은데 왜 간을 보려 해
지켜줄게 gang처럼 21 Savage
널 울렸던 남자애들 델꼬와 다 패줄게
빨리 말해 사람 갖다 장난치지 말어 bebe
한 번 봤지만 생각날 것 같아 everyday
밥도 아닌데 왜 자꾸 뜸을 들여 bebe
꽈배기처럼 꼬아서 말하지 마 bebe
사랑 노래 같은 건 난 절대로 안 불렀으
하기 싫어도 넌 결국 부르게 만들었으
You’re my heart break it
You’re my-
You’re my heart break it
빨리 내게 넘어와 내가 선을 넘기 전에

[Chorus: Coogie]
Tell me what you want
난 다 줄 수 있어
Tell me what you want
니가 원하는 건 yea
You’re my real one
난 다 줄 수 있어
Tell me what you want
니가 원하는 건 yea
Can't you be my wifey, wifey, wifey, wifey, wifey, yea
Can't you be my wifey, wifey, wifey, wifey, wifey, yea, yea

[Verse 3: Changmo, Coogie]
Shawty mi amor
Can’t you see I’m a rockstar?
시간만 내줘, 그 창모랑 먹자구 파스타
40짜리 와인, 그건 깨끗한 글라스 안
물론 몰라 그 맛은 나, 음 대외적인
내 이미진 young and rich
허나 본성은 여전히
동네 애, 쌈마이 놈 외제 차 타고 노네
쿠기는 대전, 그럼 이 자식은 어디 애?
내 작은 동네에서, 걷자 들어줄게 니 Hermes
니 블랙 outfit
항상 내가 검은 옷
만 입고 질러댄 건, 너와 연결 돼 있다는 거
다들 나와 있고파해 이유는 특별해 보이기에
나도 너와 있고파 (yea)
내겐 너가 그러한 몸이기에, grrrrr

[Bridge: Coogie]
What you doin' girl
기다릴 시간이 없어
What you doin' girl
다른 눈치 보지 말어
What you doin' girl
Baby shawty mi amor
니 두 손을 내 어깨에 올려
어디든 다 가줄게

[Chorus: Coogie]
Tell me what you want
난 다 줄 수 있어
Tell me what you want
니가 원하는 건 yea
You’re my real one
난 다 줄 수 있어
Tell me what you want
니가 원하는 건 yea
Can't you be my wifey, wifey, wifey, wifey, wifey, yea
Can't you be my wifey, wifey, wifey, wifey, wifey, yea, yea","105.256","0.792","0.611","-5.486","0.851"
"POW (Feat. GRAY)","Coogie","3QpwHZCLi4vPrt2TJ1kurE","[쿠기 ""POW"" feat. 그레이 가사]

[Chorus: Coogie]
Shit is like an AK (Click, clack, boom, pow)
내게 당겨 방아쇠 (Click, clack, boom, pow)
Shootin’ like an AK (Click, clack, boom, pow)
내게 겨눠 가늠쇠 (Click, clack, boom, pow)
Shit is like an AK (Click, clack, boom, pow)
내게 당겨 방아쇠 (Click, clack, boom, pow)
Shootin’ like an AK (Click, clack, boom, pow)
내게 겨눠 가늠쇠 (Click, clack, boom, pow)

[Verse 1: Coogie]
What you want, tell me what you want, yeah
먹어 겁, 방탄 헬멧을 써, umm, yeah
침 흘려, 자꾸 눈이 마주쳐, 왜 이래
자릴 떠, 너랑 떠나려고 해 vacay
노려 왜 이렇게, 눈이 aim 해
Shootin’ AK, 도망 택해 (Few, few)
날씨 check해, 뭐든 예약해, 전화, babe
내 작업실은 여기저기로
너가 먼저 일들은 저 뒤로
말하면 데려갈게 어디던
같이 있자고 둘이 till the dawn
Lil Baby, 뻑가게 해, 넌 Gunna (Like Gunna)
걱정, stress는 모두 덜어 (Ooh, ooh)
문제 삼지 않아, 그냥 썰어 (Ooh, ooh)
신경 쓰기에는 우린 젊어 (Ooh, ooh)
신경을 쓰기엔 너무 쩔어

[Chorus: Coogie]
Shit is like an AK (Click, clack, boom, pow)
내게 당겨 방아쇠 (Click, clack, boom, pow)
Shootin’ like an AK (Click, clack, boom, pow)
내게 겨눠 가늠쇠 (Click, clack, boom, pow)
Shit is like an AK (Click, clack, boom, pow)
내게 당겨 방아쇠 (Click, clack, boom, pow)
Shootin’ like an AK (Click, clack, boom, pow)
내게 겨눠 가늠쇠 (Click, clack, boom, pow)

[Verse 2: GRAY]
White diamonds and yellow gold (Yellow gold)
내 시계보다 그녀는 빛나 더 (빛나 더)
The Margielas on her feet, she's a bomb, 너무 치명적
넌 나를 춤추게 해, 매력이 수백개 (수백개)
내 눈빛이 너를 볼 땐 shootin' like an AK (AK, AK)
가끔 so 무례한 모습마저 cool 해
Bentley 혹은 G63 타고 멀리 가자고 (가자고)
어디로든 달리자, we go (Go)
해변도로 위를 제주도 (제주도)
오늘 내가 니 manager
총알처럼 쏴서 pick up 갈 테니 금방 나와 있어
우린 사랑을 매일 해, always makin' my dayday
넌 내 유일한 vacay, 모든 걸 줄게, take 해
Yeah, we livin' like birfday, 너에 목말라 thirsty
치지 않아도 돼 curtain, 난 널 봐야 되거든

[Chorus: Coogie & GRAY]
Shit is like an AK (Click, clack, boom, pow)
내게 당겨 방아쇠 (Click, clack, boom, pow)
Shootin’ like an AK (Click, clack, boom, pow)
내게 겨눠 가늠쇠 (Click, clack, boom, pow)
Shit is like an AK (Click, clack, boom, pow)
내게 당겨 방아쇠 (Click, clack, boom, pow)
Shootin’ like an AK (Click, clack, boom, pow)
내게 겨눠 가늠쇠 (Click, clack, boom, pow)","130.73","0.931","0.317","-4.808","0.232"
"Shut Up Remix (Feat. Woo, Roh Yun Ha, Kid Milli, Loco)","Coogie","48bqmn7O20Id7P1CvBax13","[쿠기 ""Shut Up Remix"" (ft. 우원재, 노윤하, 키드밀리 & 로꼬) 가사]

[Chorus: Coogie]
(Shut up) Who you playin' with me? You can't tell me shit
(Shut up) 절대 안 해 난 뒤에서 정치질
(Shut up) 입 냄새가 나 해줘 양치질
(Shut up) You can't tell me shit, 너넨 양치기

[Post-Chorus: Coogie, Woo]
Shut up (Shut up)
너도 shut up (Shut up)
그 옆도 shut up (Shut up)
그 뒤에도 shut up (Shut up)
Yeah, why you playin' with me?
Stop scamming, you can't tell me shit
Why you playin' with me?
Stop scamming, you can't tell me shit (Shit)

[Verse 1: Woo]
(Uh) 안되겠어 넌 (Uh) 입에다 달아야겠어 zipper, uh-uh
Bish, shut the fuck up, 혀를 꺾어 시끄러버, uh-uh (Uh, uh, uh, uh, uh, uh, uh)
내 침대는 topper (Oh), 움푹 파인 니 몸이 벌써
하나도 안 그리워 (그리워), 돌아가 고삐리로, huh
(Huh, huh, mm) 돈 벌 새끼 이리로 이미 줄이 길어, I'm verified (Verified)
새끼 머리 좀 컸네 (Uh) 형 저 시다바리 좀 데려가 (데려가)
한철 빈집털이범, 비켜 원래 우리 거야 내려가
뭘 째려봐? (Uh) Duover, bitches, come back to my paradise

[Verse 2: Roh Yun Ha]
(Mm, mm, yuh)
Everybody shut up (Bitch)
Yo, 화초처럼
나보다 못하면 양심에 손 얹고 shut up (Bitch)
돌하르방처럼
그냥 다 닥치라니까 뭘 꼬라보노, why?
애새끼들 로또 하듯 음악해, 글러먹었다고
릴스 좀 엔간히 찍어 진짜로
잘하시면 내가 뭐 아무 말을 말어
크게 하나 더 말어, 완납한 내 세금 아까워
뭐 하러 눈 풀린 척하니 어차피, I'm higher than you (Bitch)
별 지랄해도 넌 못 뜨는 사람 죽 닥치고 살어 (Mm, mm)
새끼들 꼬추 다 짤러
Full of 에스트로겐 에겐남 style로
Rockstar가 되기를 원하지 말로는
까고 있네 너넨 그냥 buffalos (Yeah)
Yeah, blahdi-blah-blah
Show windows, we surround you
쿠형이랑 나랑
Yeah, remix touch the skyline (Mm, mm, mm, mm)
너 자꾸, why you playing with me?
Bro, you never tell me shit, 누군데?
지금 장난치니 너랑 나랑 what the fuck you say

[Chorus: Coogie]
(Shut up) Who you playin' with me? You can't tell me shit
(Shut up) 절대 안 해 난 뒤에서 정치질
(Shut up) 입 냄새가 나 해줘 양치질
(Shut up) You can't tell me shit, 너넨 양치기

[Post-Chorus: Coogie]
Shut up (Shut up)
너도 shut up (Shut up)
그 옆도 shut up (Shut up)
그 뒤에도 shut up (Shut up)
Yeah, why you playin' with me?
Stop scamming, you can't tell me shit
Why you playin' with me?
Stop scamming, you can't tell me shit

[Verse 3: Kid Milli]
(Yeah)
Dang, 다 행동하고 있을 때 넌 테이블 못 떠나 (Wah-wah, wah-wah)
한두 해 휙 휙 지나가면 없어져 넌 stage 위에서 name이
이룬 것들이 많아도 아직 내 top dawgs 결과를 보면 또 작아 보여
씨발 내 세대 artist 다 살아남은 건 진짜 축복 같어
(When I'm running on the track, 탈수 올 때까지 geekin')
저기 감독이라는 놈 내 신발 신음, huh, huh, huh
Pop out clean, like I just hit a lick, 다른 척하는 널 믿었어 결국엔 fib
그건 사람 잘 믿었던 내 lesson fee (닥쳐 넌 남이니까 내게 이제)

[Verse 4: Loco]
(Yeah) 아무리 입 벌려봤자 너무 간지러 내 발바닥만 (Yeah)
제발 좀 써주라 우리 나랏말 올라와 봐야지 저 바닥까지
아마도 그 전에 난 하산하지 결국 닿을일이 없다, I'm sorry
(You better shut up) 무대 뒤 네 방 벽 우상들과 난 나란하지
똑같기 싫어 눈썹 밀어봤어, Labubu shit (Shit)
높은 일상 재미없어서 난 굳이 땅을 구르지
Independent 맨땅에 헤딩하니 튀어 올라와서 구름 위
앵간히 앵간히 에겐 해도 쉴 틈이 없어 내 무릎 위
버렸던 track (버렸던 track) 들을 album에 (들을 album에)
걔네 이해 못 해 불구덩이 내 favorite (내 favorite)
입만 산 친구들은 아직 앵벌이 해 (앵벌이 해)
긍까 닥치지 말고 걍 계속해 (해-해-해-해)

[Chorus: Coogie]
(Shut up) Who you playin' with me? You can't tell me shit
(Shut up) 절대 안 해 난 뒤에서 정치질
(Shut up) 입 냄새가 나 해줘 양치질
(Shut up) You can't tell me shit, 너넨 양치기

[Post-Chorus: Coogie]
Shut up (Shut up)
너도 shut up (Shut up)
그 옆도 shut up (Shut up)
그 뒤에도 shut up (Shut up)
Yeah, why you playin' with me?
Stop scamming, you can't tell me shit
Why you playin' with me?
Stop scamming, you can't tell me shit","","","","",""
"Buck","Coogie","1BCONvj86ada7Wbr7v0irk","[쿠기 ""Buck"" 가사]

[Chorus]
내 시세는 fly 난 안 꺾여
안 내켜 니 스탈 난 못 섞여
I do it everyday getting buck, buck, buck
I do it everyday getting buck, buck, buck
기분 going craze, no Durkio
주제 파악해 알아서 기어
I do it everyday getting buck, buck, buck
I do it everyday getting buck, buck, buck
내 시세는 fly 난 안 꺾여
안 내켜 니 스탈 난 못 섞여
I do it everyday getting buck, buck, buck
I do it everyday getting buck, buck, buck
기분 going craze, no Durkio
주제 파악해 알아서 기어
I do it everyday getting buck, buck, buck
I do it everyday getting buck, buck, buck

[Verse 1]
Please shut up 모르면서 왜 대체 넌 입만 털어
말을 아껴 난 보여줘 계속 runup
필요할 때만 찾는 애 not my type
눈 마주치기만 해도 숨가빠
핑계 뿐인 겁쟁이 don't talk to me
착한 척 그만 너가 제일 속물이지
내 식구는 내 몫까지 빼 big spending
또 몇배로 채워 in a minute

[Verse 2]
Won, dollar, yen, hunnit bands, no kizzy
다들 보여 내 눈에 뱀 안 엮이지
작업 쳐보려 하는 저기 scammers
껴보려 해도 너흰 여기에는 못 끼지
Just stay in your lane
쟨 멋있는 척도 왜 멋없게 해
난 준비해 tour uh 넌 내 옆에
못 와 기왓장 올려 내 어깨 원래
Just stay in your lane, huh

[Chorus]
내 시세는 fly 난 안 꺾여
안 내켜 니 스탈 난 못 섞여
I do it everyday getting buck, buck, buck
I do it everyday getting buck, buck, buck
기분 going crazе, no Durkio
주제 파악해 알아서 기어
I do it everyday getting buck, buck, buck
I do it еveryday getting buck, buck, buck","117.697","0.599","0.725","-9.143","0.764"
"Sober (Feat. Jvcki Wai)","Coogie","4I5g757QtPIpo6TBCJLoLb","[쿠기 ""Sober"" ft. 재키와이 가사]

[Intro: Coogie]
Yuh, uh
Everyday I'm sober, 맨정신으로 누벼
터뜨려 모든 stage, 많이 다르지 난 보법

[Refrain: Coogie]
Huh, yeah, huh, yeah, huh, yeah, huh-huh
Huh, yeah, huh, yeah, huh, yeah, huh-huh
Huh, yeah, huh, yeah, huh, yeah, huh-huh
Huh, yeah, huh, yeah

[Chorus: Coogie]
Yeah, everyday I'm sober, 맨정신으로 누벼
터뜨려 모든 stage, 많이 다르지 난 보법
부산 대전 또 서울 어디든 불러 난 안 가려, uh
물집이 터진데도 계속 뛰네 몸 안 사려, uh

[Verse 1: Coogie]
불러봐 나를 어디든, uh
개의치 않아 거리는, uh
씀씀이가 너무 커진 듯, uh
유지 못해 지금 벌이론
버려 만들다 몇 곡 째
마감일이 나를 떠밀어 보채, uh
입안에 털어 넣어, caffeine
개소리들은 무시로 응답해
물이 흘러 필요해
더 많은 제습기가, okay
살만해졌나 봐
예전보다 게을러가
이제는 가뿐하게 벌어 억
물을 뿌려 목에 벗어 옷
Designer 입어봐도 없지 멋
Fashion trapper들은 살이나 빼 (Uh, uh)

[Chorus: Coogie]
Yeah, everyday I'm sober, 맨정신으로 누벼
터뜨려 모든 stage, 많이 다르지 난 보법
부산 대전 또 서울 어디든 불러 난 안 가려, uh
물집이 터진데도 계속 뛰네 몸 안 사려, uh

[Refrain: Coogie]
Huh, yeah, huh, yeah, huh, yeah, huh-huh
Huh, yeah, huh, yeah, huh, yeah, huh-huh
Huh, yeah, huh, yeah, huh, yeah, huh-huh
Huh, yeah, huh, yeah

[Verse 2: Jvcki Wai]
싫어 맨정신 잊어 할 일은
길어 하루는 넘어가고
미뤄 좆같은 feature
그냥 난 질러 아무 말 써버렸고
미처 못한 말 비춰
음악에 미쳐 살아도 벌어먹고
빌어먹을 two-sеater
타보고 질려 이미 다 팔았다고
Wah, ah
그냥 난 싫어, sober
은퇴는 했어, clubber
부어줘 liquor, pour, pour
괴로운 일 다 덮어
미친 듯이 난 폈어
닫아줘 입은 lockеd up
달아줘 입에 stopper (Ooh)
맨정신이 난 힘들어
아무것도 할 수가 없어
맨정신이 난 제일 싫어
아무도 이해할 수가 없어

[Chorus: Coogie]
Yeah, everyday I'm sober, 맨정신으로 누벼
터뜨려 모든 stage, 많이 다르지 난 보법
부산 대전 또 서울 어디든 불러 난 안 가려, uh
물집이 터진데도 계속 뛰네 몸 안 사려, uh
Yeah, everyday I'm sober, 맨정신으로 누벼
터뜨려 모든 stage, 많이 다르지 난 보법
부산 대전 또 서울 어디든 불러 난 안 가려, uh
물집이 터진데도 계속 뛰네 몸 안 사려, uh","110.164","0.142","0.757","-18.249","0.0383"
"Shut Up (Feat. ZICO)","Coogie","3hOXFLGpLZpWrI8kJdcwmb","[쿠기 ""Shut Up"" ft. 지코 가시]

[Chorus: Coogie]
(Shut up) Who you playin' with me? You can't tell me shit
(Shut up) 절대 안 해 난 뒤에서 정치질
(Shut up) 입 냄새가 나 해줘 양치질
(Shut up) You can't tell me shit, 너넨 양치기

[Post-Chorus: Coogie, ZICO]
Shut up (Shut up)
너도 shut up (Shut up)
그 옆도 shut up (Shut up)
그 뒤에도 shut up (Shut up)
Yeah, why you playin' with me?
Stop scamming, you can't tell me shit
Why you playin' with me?
Stop scamming, you can't tell me shit (Z-I-CO, yeah)

[Verse 1: ZICO]
아, 지코 새끼 저거 재수 쩌네 (재수 쩌네)
한방 먹을 생각하니, PTSD 오네 (SD 오네)
입벌구들 they can't tell me shit, 다 묵비권 해
주디 닫고, 지갑 열어 (Uh, uh), what the 땡전 한 푼 없대? (땡)
넌 했던 말 또 했던 말, 그 pattern 전부 뀄어 나
쟨 괴성 아님 외계어, bring some 용개국어 해설자
걸로 story-telling이 되냐 그냥 개돼지들의 배설이잖아
누가 너한테 견주냐고? 여깄네 목줄을 채워줄 사람
Damn homie, 네 fan은 경청하며 합죽이
Damn homie, 우린 물 머금고 웃참중임
Rolling Stones처럼 유서 깊지 내 메롱질
놀림받고 메타인지 챙겨, kids, K-O-Z

[Verse 2: Coogie]
내 머리 돌아 bulb (Bulb), 말아버려 curl (Curl)
안 들어 남의 말들 하는 소리들은 뻘
쟤넨 센 척만 하고 rap은 왜 이리 못 뱉지?
저기 마초 rapper는 일도 안 돼, sex appeal, woah (Talk shit)
쿠긴 rap master 아니 남친 rap master, woah (Talk shit)
식단 안 짜도 어지간히 욕먹어 (Talk shit)
핑계 댈 시간에 걍 만들지 하나 더 track을
엎어 plan 될 때까지 숨겨 끝엔 내가 끼지 belt를
Damn homie (Okay), 결과 전까지 입 닥치지 난
Damn homie (Damn homie), 근본 팔아도 안 먹히지 (Okay, okay)
꺼져봐 좀 비켜 (비켜), 비벼봤자 못 이겨 (이겨)
Villain인 척들 지겨워 (지겨) 방해하지 마 내 앞길, get it, get it

[Chorus: Coogie, ZICO]
(Shut up) Who you playin' with me? You can't tell me shit
(Shut up) 절대 안 해 난 뒤에서 정치질
(Shut up) 입 냄새가 나 해줘 양치질
(Shut up) You can't tell me shit, 너넨 양치기

[Post-Chorus: Coogie]
Shut up (Shut up)
너도 shut up (Shut up)
그 옆도 shut up (Shut up)
그 뒤에도 shut up (Shut up)
다들 shut up (Shut up)
네 옆도 shut up (Shut up)
그 앞도 shut up (Shut up)
그 뒤에도 shut up (Shut up)
네 옆도 shut up","138.007","0.654","0.837","-5.148","0.292"
"Spaceship","Coogie","46sIBHNOtizWM7g6YQ9xXQ","[쿠기 ”Spaceship” 가시]

[Pre-Chorus]
(Uh) 이제야 배웠네 난 real love
매일 날 넣고 싶은데 너의 머리 뒤에 tattoo로
밤이 낮이 될 때까지 let's dance
너와 있음 모든 걱정들이 잘려나가 싹둑

[Chorus]
I don't care who you are, where you're from, what you did, 진짜로 (진짜로)
Baby, I just really, really want to
I don't care who you are, where you're from, what you did, 진짜로
Baby, I just really, really want to (Want to)
Bae, you saved my life when I fucked up (Fucked up)
너가 날 구원했어 when I turnt up (Turnt up)
바라는 거 없어 너를 가졌는데 뭘 원해? (Yeah)
뭘 원해?

[Verse]
모두 알아 너를 다 you the hottest in the south (In the south)
콧대는 높지만 또 그렇지 못한 싹수 (싹수)
개념이 꽉 찼어 말이 안 통할 리가
무슨 조합이던 간 안 믿어, MBTI
저기 많은 남자들이 엮이려고 머릴 굴려 (머릴 굴려)
진심인척하며 접근하고 눈만 흘겨 (눈만 흘겨)
잘생긴 건 인정해 돈 많은 거 인정해 (Okay)
근데 사지 멀쩡해도 본업이 존못인데
너가 만약 다리가 없다면 등에 이고 (등에 이고)
다녀 어디든 짐들도 짊어지고 (짊어지고)
뭐든 넘겨 나한테 나쁜 것도 not bad (Not bad)
너 때문에 나태 해질 수 없어서 더 더 speed up (Speed up)
잘 돼야 돼 더 지금보다 빨리 speed up (Just speed up)
안 숨겨도 될 자랑스러운 짝으로 (짝으로)
되려고 더 달리지 (달리지)
쉬는 게 어딨어 빨리하고 갈게
Ridin' round city, 몸만 와 준비할게 좋은 집 좋은 차
바빠도 너한테는 넘쳐나지 내 시간 (내 시간)
안 되는 것도 다 되게 하지
외모랑 다르게 난 겁쟁이처럼 안 해
Call me one time, two time, three time, four time
바빠도 너한테는 넘쳐나지 내 시간 (Brr, brr)
어떡하지 말투와 그 입담 뭐든 간
웃음만 나와 구겨진 얼굴에 펴져 미간

[Chorus]
I don't care who you are, where you're from, what you did, 진짜로 (진짜로)
Baby, I just really, really want to
I don't care who you are, where you're from, what you did, 진짜로
Baby, I just really, really want to (Want to)
Bae, you saved my life when I fucked up (Fucked up)
너가 날 구원했어 when I turnt up (Turnt up)
바라는 거 없어 너를 가졌는데 뭘 원해?
뭘 원해? Yeah (What you want?)","177.087","0.47","0.539","-10.013","0.805"
"coogieandme (Feat. lobonabeat!)","Coogie","4DxngXufW4umnIl2GY3PNK","[쿠기 ""쿠기랑 나"" ft. 랍온어비트 가사]

[Intro]
I hear you callin' me
So I'm dancin' back to you, oh, woah

[Chorus: lobonabeat!]
Ayy, 쿠기랑 나 (Yeah), it's going down
우리 등장에 머리 위 잔 입안에 bomb (Bomb)
시간은 까매, we outside, come outside
죽이는 timing, we outside, come outside, 없다고 다음은

[Post-Chorus: lobonabeat!]
We outside-side-side-side-side
We outside-side-side-side-side
We outside-side-side-side-side
We outside-side-side-side-side
We outside-side-side-side-side
We outsidе-side-side-side-sidе
We outside-side-side-side-side
We outside-side-side-side-side

[Verse 1: Coogie]
Yuh, outside, inside (Brr), 다음 주 flight 또 비상 (Brr)
짐 싸다 태준이 형 beat down, 게으른척해도 흘리네 피 땀 (Brr)
내 출신 no 거리 안 해 갱놀이, R&B 불러서 얻어 목걸이
몇 개 몸에 걸치고는 장바구니에 넣고 빼기를 반복하네 몇십 벌
보채지 마 그만 좀 앵겨 내 몫을 챙겨도 못 냄겨
집안에 쌓여있는 베어브릭보다 계좌에 모아 많은 figures
스꺼러 쿠기 우린 sicko' mode shit, 내 team 안 신어 거꾸로 고무신
내 이름 chart에 올려놔 몇 곡씩, 내 공연 보면 다 아사해 아사해

[Chorus: lobonabeat!, Coogie]
Ayy, 쿠기랑 나, it's going down (Let's go)
우리 등장에 머리 위 잔 (Okay, okay) 입안에 bomb (Bomb)
시간은 까매 we outside (We outside), come outside
죽이는 timing, we outside (Okay), come outside (Yuh) 없다고 다음은

[Post-Chorus: lobonabeat!, Coogie]
We outside-side-side-side-side (Outside, outside)
We outside-side-side-side-side (Outside, outside)
We outside-side-side-side-side (Outside, outside)
We outside-side-side-side-side (Outside, outside)
We outside-side-side-side-side (Outside, outside)
We outside-side-side-side-side (We outside, outside)
We outside-side-side-side-side (We outside, outside)
We outside-side-side-side-side (Okay)

[Verse 2: Coogie, lobonabeat!]
쿠기랑 랍, it's going down
만들어 moshpit 흔들어 마을
Rap을 뱉어도 안 흘리지 말
Album을 안내도 더 불리지 값
없어도 봤고 벌어도 봤어
이제 outside 이제야 왔어
Beat에다 그려 내 그림 Picasso
절대 못 나오지 쟤넨 집 가도
따라와봤자 can't catch my body
이제야 처맞다 날려, counter
다시 올려 내 수입 다달이
더 채워 매끼 부시지 상다리 I got it (Uh-uh)
미발매 신발들 on my feet
보란 듯 다 갚았어 엄마 빚
식구 아님 못 줘 몇 마디도
진짜 놈들만 can hang with

[Chorus: Coogie]
쿠기랑 랍 (Ha-ha), it's going down (Huh)
우리 등장에 머리 위 잔 (Uh) 입안에 bomb
시간은 까매 we outside, come outside (Uh)
죽이는 timing, we outside, come outside (Uh), 난 준비해 다음을","","","","",""
"!!!!Lips!!!! (Feat. Woo Won Jae)","Coogie","4XbJxXJci17yWm8WBVj1aS","[쿠기 ""!!!!Lips!!!!"" 가사]

[Verse 1: Coogie]
We just poppin' bottle tonight
왜 그리 도망가려 해? Oh my gosh
Tight 한 허리 더 딱 붙어봐, yeah
밝은 데서 봐도 look so fine, yeah
내 눈은 니 몸 위아래로 racing, yeah
Call me papi but no teriyaki
쟤는 주렁주렁 달려있지 허리에 차 키
근데 그거 말곤 볼품없지, 둘 도 없긴 하나도 없지
Yeah, yeah, yeah

[Pre-Hook: Coogie]
We just poppin' bottle tonight
니 복숭아 위에 수놓고 파, ah, ah
거미줄에 묶여 난 못 도망가, ah
I'm Superman but you're my cryptonite

[Hook: Coogie]
We just popping lips, we popping lips all night long
Popping lips, we popping lips all night long
Popping lips, we popping lips all night long
Popping lips, we popping lips all night long
We popping lips, we popping lips all night long
We popping lips, we popping lips all night long
Popping lips, we popping lips all night long
Popping lips, we popping lips all night long

[Verse 2: 우원재 & Coogie]
Oh my yo, 난 부수고 싶어요
Oh, 나 거짓말은 절대 못 해
난 자유롭고 싶어 나를 가둔 모든 클리셰
또 울타리를 벗어날래, bitch
Oh my, oh my, 랩퍼들은 나빠 난 그 말에 도파민이, yeah
I got a move You got that groove, 성댄 부분 마취 중
아직은 무리 넌 딱 보면 보이지, 니 시선 내 목 밑을 (Brr, brr)
Make me say woo ya, make me say uhm yaaaa
Make me lay 으아, make me say 큰
소리까지 니가 목이 쉰 건 왜일까?
We just poppin' bottle tonight
니 복숭아 위에 수놓고
Stop, 난 나쁜 놈 되기 싫어서 먼저는 못 끝내
니가 끝내 윗집 벨 누르기 전까지는, yeah

[Pre-Hook: Coogie]
We just poppin' bottle tonight
니 복숭아 위에 수놓고 파, ah, ah
거미줄에 묶여 난 못 도망가, ah
I'm Superman but you're my cryptonite

[Hook: Coogie]
We just popping lips, we popping lips all night long
Popping lips, we popping lips all night long
Popping lips, we popping lips all night long
Popping lips, we popping lips all night long
We popping lips, we popping lips all night long
We popping lips, we popping lips all night long
Popping lips, we popping lips all night long
Popping lips, we popping lips all night long","84.51899999999998","0.467","0.569","-9.366","0.6629999999999999"
"Set Go! (Feat. Giriboy, Simon Dominic)","Coogie","6HXigoM9rxAM6WYupzBUQy","[Chorus: Coogie]
Ready set go, ready set go
Ready set go, ready set go
Ready set go, ready set go
Ready set go, ready set go
Ready set go, ready set go
Ready set go, ready set go
Ready set go, ready set go
Ready set go, ready set go

[Verse 1: Coogie]
쿠긴 벌어, okay, 돈을 벌어, okay
일을 벌여, okay, 작업 쩔어, okay
너네 거는 no thanks, 너네 거는 nothing
하던 거 계속해, 하던 거 계속해
매일 바꿔 로케, 필요 없어 교체
필요 없어 로테, fulltime 뛰어도 okay
우리 비전 4K, 절대 안 돼 도태
절대 안 돼 놈팽, 안 생기지 곰팽
갈아타 wavy해, make it rain
내 기분, 온몸 가오가 지배
내 가족들에게 신의 가호가 집에
어제 또 만들어 놓은 작업물도 폐기해
Makin’ cash ATM, 계속 커져 너넨 nothing
절대 나는 될 일 없어 진짜 꼰대
질투 시기보단 사랑을 해 꼼데
두둑이 챙겨 친구들과 in my pocket
Only with my friend

[Chorus: Coogie]
Ready set go, ready set go
Ready set go, ready set go
Ready set go, ready set go
Ready set go, ready set go
Ready set go, ready set go
Ready set go, ready set go
Ready set go, ready set go
Ready set go, ready set go

[Verse 2: 기리보이]
Ready set go, huh, ATM go hard
내 ATM은 go yard, Coogie의 용병
난 계속 지려 용변, 초보들과 송별
넌 개 못하는 초보, 난 못하는 게 초보
난 오리지널 초본, OG의 표본
너는 당해 봉변, 그 담에 널 손절
추석에는 송편, 설날에는 큰절
겨울에는 추워, 내 난로는 듀퐁

[Verse 3: Simon Dominic]
Rollie는 이젠 내게 G-Shock
내 앞에서 감히 네 손목 자랑은 부질없는 짓이야
나는 내가 가진 것들 말고 인생 자체가 좀 비싸
태어나면서부터 난 놈이지
뭐 이건 이미 official
Compressor가 먹힌 아주 타고난 톤과
쉽게 주지 않는 떡밥
자기야, you know I'm talkin' bout
Rap보다 쉬운 건 먹방, 메뉴는 잘난 네 오빠들
아니 좆밥들 다 나름 밥이라 치지만
아무리 먹어도 배고파 늘
왜냠 영양가가 zero, 똑같은 그 맛 다 질려
착하게 살기가 싫어, 본능대로 살자, killer
Level up, iced out, 너무 stylish
검정 무지티에 대충 아무 바지
발엔 Vans Flame python from 정영목
유행이 끝나면 너도 끝, 마치 네 designer 옷
어우, money make me handsome more
배우 같은 외모로 로맨스와 에로 액션 모험

[Chorus: Coogie]
Ready set go, ready set go
Ready set go, ready set go
Ready set go, ready set go
Ready set go, ready set go
Ready set go, ready set go
Ready set go, ready set go
Ready set go, ready set go
Ready set go, ready set go","","","","",""
"GPS","Coogie","7KIsKkHiPhJvFkKmXM8z0c","[Verse 1]
왼 손목이 차가워져 from 빈손
너도  힘들어서 쓰렸었지 빈속
이젠  사줄 수 있어 Louis Vuitton
걷게 할게 얼음 길, 마치 빙속
우린 싸움보단 평화를 더 원해
많은  여자보다 너 하나가 편해
너가  하란 대로 해, 뭐든 져줄게
주름 아니 인생까지 펴줄게

[Pre-Chorus]
매일  널 찾아 everyday
어딜 가든 every where
Even on a rainy day
어딜 가든 네 옆에
매일  널 찾아 everyday
어딜 가든 every where
Even on a rainy day
어딜 가든 네 옆에

[Chorus]
Turn on GPS (Turn on GPS, yeah)
Turn on GPS (Turn on GPS, yeah)
Turn on GPS (Turn on GPS, yeah)
Turn on GPS (Turn on GPS, yeah)
Turn on GPS (Turn on GPS, yeah)
Turn on GPS (Turn on GPS, yeah)
Turn on GPS (Turn on GPS, yeah)
Turn on GPS (Turn on GPS, yeah)
Turn on GPS

[Verse 2]
네 손을 잡아 거릴 걸을 때
길을 잃었다면 수신해
변하지 않아, 봄 또 겨울에
꽃들이 피고 다시 시들 때에도
너만 따라다녀, 나는 내비가 돼
자꾸 도망가는 너는 나비 같애
원하는 걸 다 말해 줄게 네게 everything
홀려버려 네 날갯짓에 너무 비겁해 girl
마치 팅커벨

[Pre-Chorus]
매일 널 찾아 everyday
어딜 가든 every where
Even on a rainy day
어딜 가든 네 옆에
매일 널 찾아 everyday
어딜 가든 every where
Even on a rainy day
어딜 가든 네 옆에

[Chorus]
Turn on GPS (Turn on GPS, yeah)
Turn on GPS (Turn on GPS, yeah)
Turn on GPS (Turn on GPS, yeah)
Turn on GPS (Turn on GPS, yeah)
Turn on GPS (Turn on GPS, yeah)
Turn on GPS (Turn on GPS, yeah)
Turn on GPS (Turn on GPS, yeah)
Turn on GPS (Turn on GPS, yeah)
Turn on GPS","99.972","0.3289999999999999","0.715","-16.916","0.537"
"D.O.D (Feat. Fleeky Bang, Blase)","Coogie","3aMtwIENzRfad7rQIkWXTh","[쿠기 ft. Fleeky Bang & 블라세 ""D.O.D"" 가사]

[Chorus]
Do or die, I'm rappin' all day
내 돈을 옮기려면 필요해 크레인
Me and my squad 세 like 더 락
너넨 말랑말랑해, yeah, 아이클레이
너가 어디에 있든지 상관 안 해
내가 왔다 가면 쳐 yellow tape
Trust nobody like Tray B
King in this shit, I'm big YEL
With my set 난 안 돌아 back
공연장에 나타나 사람들 ""YELLIN""
쇼미 3차도 아닌데
Pussy rapper들 마주치면 뺐어 걔 체인
벌 대로 버는 중 I don't need 100
In the club, I'm with your babe
나를 건들면 I take his life
So 난 밤마다 기도해 God bless

[Verse 1]
Look at me now 올려 벌이
필요 없어 가끔 했던 앵벌이
이젠 안 갈아 재떨이
머리 땋은 애들 춤추게 해 sturdy
딴 대륙으로 going tour
일상인듯이 이제 내게는 수월
눈떠보니 은행에 수억
쓸데없는 거에 절대로 안 부어, okay
Nike 사줬어 for amigo
I ain't go back 안 돌아가 뒤로
걍 한번 썼어 티파니로
공감 못해 넌 don't say ditto
Racks on racks 내 Rick 바지
내 앞에선 다 입 짜져
블라세랑 난 peace out
너무 삐딱해 난 피사

[Verse 2]
Uh, 여전히 삐딱해 나는 피사
쇼미가 끝나 I got no free time
더 거대해져 만가 내 피사체
너넨 미끄러지기만 해 빙판
필요 없대도 너네 칭찬
또 돌아보기엔 늘 tick tock
시간은 가 매번 쪽 잠에
치열하게 움직여 like street fight
Uh, Cartier my fit
수원 출신 사대부 간지
스물넷에 시작해 여까지 왔지
찐따들에겐 내 존재가 반칙
미뤄 축배는
바뻐 돈이 날 보채
허나 하지 않아 범죄는
너흰 내꺼 듣고 디톡스 해

[Verse 3]
구린거 다 디톡스 해
내 앞에서 못 부려 텃세
내 레이더 돌아가 촉수에
너가 꼰대인지 아닌 지 다 검수해
뭐라든 노상관 마치 번뇌
매일이 매치 핏 꾸미네 맵시
그녀는 되고 싶어해 내 색시
터져 내 케미 like 탄산
Pop it Coke 아님 Pepsi
펩시처럼 늘어버려 내 벌이 내 bands
머리가 띵하게 채워 놔 chain
다 fuck it up all day 버릇없게
I talk to takin' 난 매일이 전쟁
난 매일이 전쟁이지
득이 안되는 얘기를 듣기 싫어 cut it out
남들 안 받들어 안 하지
허투루 근데 시간 못 버리지 나

[Chorus]
Do or die, I'm rappin' all day
내 돈을 옮기려면 필요해 크레인
Me and my squad 세 like 더 락
너넨 말랑말랑해 Yeah 아이클레이
너가 어디에 있든지 상관 안 해
내가 왔다 가면 쳐 yellow tape
Trust nobody like Tray B
King in this shit, I'm big YEL
With my set 난 안 돌아 back
공연장에 나타나 사람들 ""YELLIN""
쇼미 3차도 아닌데
Pussy rapper들 마주치면 뺐어 걔 체인
벌 대로 버는 중 I don't need 100
In the club, I'm with your babe
나를 건들면 I take his life
So 난 밤마다 기도해 God bless","","","","",""
"I Made It","Coogie","7flu7AobqtxS77Jatwldhg","[Chorus]
하루빨리 말을 하고 싶어
엄마 봐봐, yeah, I made it
봐봐, yeah, I made it
빨리 말을 하고 싶어
엄마 봐봐, yeah, I made it
봐봐, yeah, I made it (Can I come in)
하루빨리 말을 하고 싶어
엄마 봐봐, yeah, I made it
봐봐, yeah, I made it
하루빨리 말을 하고 싶어
엄마 봐봐, yeah, I made it
봐봐, yeah, I made it

[Verse 1]
분명 순수했었는데 지금 많이 더러워
DJ Khaled 처럼 계속 만들어 Another one
돈을 벌어도 이름 못 남기면 덧없어
I don't give a 음, 남 의견 모두 다 저 뒤로
내 과거들은 faded, 난 이런 걸 매일 해
Yeah, I'm so underrated, 나는 더 필요해
난 안 잡아 컨셉, 기억될래 평생
난 챙겨 돈 또 명예 다 가져야 떠난다고 전해

[Pre-Chorus]
넘어가지 모든 벽
난 누구 앞에서 안 기어
방해들은 모조리 cut
난 지키는 중 우리 거
난 넘어가지 모든 벽
난 누구 앞에서 안 기어
방해들은 모조리 cut
난 지키는 중 우리 거

[Chorus]
하루빨리 말을 하고 싶어
엄마 봐봐, yeah, I made it
봐봐, yeah, I made it
빨리 말을 하고 싶어
엄마 봐봐, yeah, I made it
봐봐, yeah, I made it
하루빨리 말을 하고 싶어
엄마 봐봐, yeah, I made it
봐봐, yeah, I made it
하루빨리 말을 하고 싶어
엄마 봐봐, yeah, I made it
봐봐, yeah, I made it

[Verse 2]
잠을 못 자도 caffeine in my cup
손에 하나 더 흡입하지 puff
한탕 한 뒤에 떠나고 싶은데
못 멈춰 난 이 game
못 멈춰 난 이 race
못 멈춰 난 이 race
난 떠버릴래 모두 가진 후에
내가 원하는 것들 잡은 후에
만들었던 계획은 빠개지네
그래도 다음 판을 짜려고 해
터질 때까지 계속 makin' new song
전화 걸지 마, when I'm in my zone
올리지 시속 계기판이 터질 때까지
내 편들을 태우고 straight up
못 내리지 나는 텐션
헛소리는 무시 계속
아니 잘라 버려 랜선
내 앞에서 말해봐, say something
필요해 오직 내 fan love
매일 살고 있어 최선
긍정만 있으면 최소한

[Pre-Chorus]
난 넘어가지 모든 벽
난 누구 앞에서 안 기어
방해들은 모조리 cut
난 지키는 중 우리 거
난 넘어가지 모든 벽
난 누구 앞에서 안 기어
방해들은 모조리 cut
난 지키는 중 우리 거

[Chorus]
하루빨리 말을 하고 싶어
엄마 봐봐, yeah, I made it
봐봐, yeah, I made it
빨리 말을 하고 싶어
엄마 봐봐, yeah, I made it
봐봐, yeah, I made it
하루빨리 말을 하고 싶어
엄마 봐봐, yeah, I made it
봐봐, yeah, I made it
하루빨리 말을 하고 싶어
엄마 봐봐, yeah, I made it
봐봐, yeah, I made it","91.987","0.625","0.6990000000000001","-5.6579999999999995","0.166"
"ariggari (Feat. oygli)","Coogie","1ZhFi82HgR7ZbrNqL3Vrw5","[쿠기 ""아리까리"" ft. 오이글리 가사]

[Intro: Coogie]
Uh, yeah, uh
And it's 아리까리 해
Yeah, uh
내 눈엔 까르띠에
Yeah, uh, uh, yeah

[Chorus: Coogie]
참 아리까리 해, uh (까리 해), 어제 바지에 (바지에)
얼마를 썼는지 나 기억 안 나, 어떡해? (나 어떡해)
Uh, 내일 생각 안 해 이번 주는 we go cray, yeah (We go cray, yeah)
내일 생각 안 해 이번 주는 we go cray, yeah (We go cray)
참 아리까리 해 어제 바지에 (바지에)
얼마를 썼는지 나 기억 안 나, 어떡해?
Uh, 내일 생각 안 해 이번 주는 we go cray (We go cray, yeah)
내일 생각 안 해 이번 주는 we go cray, yeah

[Verse 1: Coogie]
내 눈엔 까르띠에 십자가 바지에
얼마를 썼는지 나 기억 안 나 어떡해?
두 달에 한 번 나가 새 옷들이 몸에 감겨
철 안 들어 오은영쌤 와도 날 못 가르쳐 (Okay, okay)
공연장 I turn you up (I turn you up), 이쁜이s 거닐어 (거닐어)
I can’t relate dummy dumbs, 가짜랑 못 어울려
또 만들어 새 album (새 album), 옆집 애기 깨울 뻔
벌어도 못 게을러 나 자고 일어나면 running 해
Burning fat, 태워 살 배때지에
안 해 척은 쟤넨 저런 몸으로 왜 사진 올려 Instagram에? (What?)
안치지 난 설레발 말보단 보여 숫자
Poser들은 shut your mouth, 난 웃참하고 기침만

[Chorus: Coogie]
참 아리까리 해, uh, 어제 바지에
얼마를 썼는지 나 기억 안 나, 어떡해?
Uh, 내일 생각 안 해 이번 주는 we go cray, yeah
내일 생각 안 해 이번 주는 we go cray, yeah
참 아리까리 해, uh, 어제 바지에
얼마를 썼는지 나 기억 안 나, 어떡해?
Uh, 내일 생각 안 해 이번 주는 we go cray, yeah
내일 생각 안 해 이번 주는 we go cray, yeah

[Verse 2: oygli]
아리까리 (아리까리), yeah, 기억 안 나지 (기억 안 나지)
그래서 너무 많이 그래서 흘러내린 바지
Uh, 터지는 소리 poppin' (Poppin'), 어둠 실루엣 cocky (Cocky)
Talk my shit, I’m wildin', 새끼들은 puppy, 나는 wolf 강형욱 와도 딱히 (딱히)
불가피해 더는 무리 제길 술이 물 (술이 물)
Ah, shit, 물이 술 쟤네들은 무리수 (무리수)
사랑은 어렵다만 내버려 사단 둘이 있으면, huh
Bitch I'm fittie, 혼자 필요 없는 머릿 수 (머릿 수)
쫓아 멋있어 난 쫓아 멋있으면
그때처럼 빛이 보이는 대로 가지 거의 나방 (Brr)
어쩔 수가 없다 난 이거랑 여기 봐봐
새거 신고 날아가 막 몸에 감아 당연하잖아

[Chorus: Coogie]
참 아리까리 해, uh (까리 해), 어제 바지에 (바지에)
얼마를 썼는지 나 기억 안 나, 어떡해? (나 어떡해)
Uh, 내일 생각 안 해 이번 주는 we go cray, yeah (We go cray, yeah)
내일 생각 안 해 이번 주는 we go cray, yeah (We go cray)
참 아리까리 해, 어제 바지에 (바지에)
얼마를 썼는지 나 기억 안 나, 어떡해?
Uh, 내일 생각 안 해 이번 주는 we go cray (We go cray, yeah)
내일 생각 안 해 이번 주는 we go cray, yeah","","","","",""
"MELODY","ASH ISLAND","6JeleVHUHrdvgiFESE33ZU","[애쉬아일랜드 ""멜로디"" 가사]

[Chorus]
어딘가 들어본 듯한 이 melody (Hey)
떠올라 작은 기억들이 my memories
날 담은 소파는 커, it's too much (Too much)
기억할수록 난 되어만 가 loser (Loser)
어딘가 들어본 듯한 이 melody (Yeah)
떠올라 작은 기억들이 my memories (Ooh)
날 담은 소파는 커, it's too much (Too much)
기억할수록 난 되어만 가 loser (Loser)
I'm a loser

[Verse 1]
난 처음 너의 바램이 되고 싶어 세상을 다 주겠다고 약속을 해
많은 눈들의 착각이 나에겐 혼란이 되어 너만 힘들게 했지
더 잃을 것도 없었는데 날 너와 비교했어
참 나는 못된 사람이 됐고
모든 내 말들은 널 위한 거였단 핑계가 돼
근데 이젠 혼자 살기에는 버거운 집과
혼자 앉아있긴 너무 커 소파
또 다 쓰지도 못하는 돈과 옷
널 데려다줄만한 큰 차
뭐, 다 가져버리고 나서 난
TV에 너와 함께 보던 영화 흘러나오다가
혼잣말, 옆에 없잖아 너가
하루 종일 싸우고 안은 채 잠들어도 좋아
다 괜찮으니 와서 채워주라 이 소파 (Ooh, ooh, ooh)
혼자는 이 공간이 너무 커, 필요해 너가 (Hey, 필요해 너가)

[Chorus]
어딘가 들어본 듯한 이 melody (Hey)
떠올라 작은 기억들이 my memories
날 담은 소파는 커, it's too much (Too much)
기억할수록 난 되어만 가 loser (Loser)
어딘가 들어본 듯한 이 melody (Yeah)
떠올라 작은 기억들이 my memories (Ooh)
날 담은 소파는 커, it's too much (Too much)
기억할수록 난 되어만 가 loser (Loser)
I'm a loser

[Verse 2]
Ooh, 영원할 것 같았던 약속들
손을 잡아주겠다던 너와 나 둘
앞이 안 보일 때 너가 돼준 내 눈
겨울에 함께 봤던 눈 (Hey)
불타올랐지, 아무리 추워도 난 with you (난 with you)
불이 꺼져 재만 남아도 lovin' you (Lovin' you)
라고 말하던 때 그때 그 기억인 듯
아직두 너와 듣던 노래들의 가사들
뻔한듯 했던 그 melody가 익숙하던 예전 그대로
고정돼있던 곡 뻔하던 그 제목
초라해질까 봐 난 말을 못 했어 (필요해 너가)

[Chorus]
어딘가 들어본 듯한 이 melody (Hey)
떠올라 작은 기억들이 my memories
날 담은 소파는 커, it's too much (Too much)
기억할수록 난 되어만 가 loser (Loser)
어딘가 들어본 듯한 이 melody (Yeah)
떠올라 작은 기억들이 my memories (Ooh)
날 담은 소파는 커, it's too much (Too much)
기억할수록 난 되어만 가 loser (Loser)
I'm a loser","84.226","0.466","0.364","-10.524","0.534"
"Nightmare","ASH ISLAND","3uKoBRThCMtgKss90CiXQc","[Chorus]
How are you, I'm bad
난 못 들어 잠에
창문으로 담배
연기를 내뱉어 밤에
참 우울해 당시엔
어젯밤의 nightmare
또 울며 깰까 해서
오늘 잠은 글렀네

[Verse]
하루 종일 텅 빈 거리에서
누군지도 모르는 그 발을 쫓네
가로등 밑 그림자가 나의 손을 잡을 때쯤 말을 건네
빨간 피가 손에, 무슨 일이 있었녜
'잘 모르겠어, 왜?'라 하며 눈물 훔쳐데
날 위로하는 척, 지도 눈물 훔쳐
그딴 건 필요 없어, 그런 말은 진절머리
나도 모르는 내 아픈 얘길 해 악마 놈이
재밌어? 씨발, 이게 더 아파, 니 아는 척이
덕분에 내 꿈의 반은 아픈 기억을 떠올려
더 춥기 전에 빨리 나가길 바래 악몽을
제발 없애줘, 그놈들과 내 아픈 기억
내일 이 악몽을 깰 때쯤에도 난 눈물 흘려

[Interlude]
I know I'm a flirt sometimes, I know I get drunk some nights
I know I get way too high, I just wanna live it up with you
I know that I might be tense, I know when you've had enough
It's just how I show my love, darling, can I live it up with you?

[Chorus]
How are you, I'm bad
난 여전히 잠에 못 들겠어
입김 시린 연길 뱉어 방에
참 우울해 봤지
오늘 밤도 nightmare
또 울며 깼지
내일 밤도 잠은 글렀네","129.984","0.949","0.554","-4.928","0.233"
"Beautiful (Feat. Skinny Brown)","ASH ISLAND","3J6NzKxov6PDE1LC99gXV8","[ASH ISLAND ""Beautiful"" 가사]

[Intro: ASH ISLAND]
Hey

[Chorus: ASH ISLAND]
Baby, it was beautiful
또 하나의 love is gone
Everyone is acting dumb
나라도 웃어볼게 smile
겨울이 가도 봄이 오지
꽃은 졌다가 다시 up
Okay (Okay), okay (Okay)
Nobody's falling down

[Verse 1: ASH ISLAND]
Yeah, I love you everybody, get home safe, gang, gang
너도 좋은 곳에서 편히 쉬길 바래 이젠
너의 향기가 남아서 feeling really bad, bad
공감도 못할 일이었지 when I was 18
비로소 피어날 준비가 된 너라는 꽃은 피었고
모두가 울 때 나는 웃어줄 거야 꼭
내가 받은 게 좀 많어, 넌 모르겠지 아마도
걱정 마, 내가 그 꽃잎으로 남아있어

[Pre-Chorus: ASH ISLAND]
(Hey) 같이 길을 걷자 양쪽엔 하얀 rose
그 뒤를 따라갈게 어디던 너가 가던 곳

[Chorus: ASH ISLAND]
Baby, it was beautiful
또 하나의 love is gone
Everyone is acting dumb
나라도 웃어볼게 smile
겨울이 가도 봄이 오지
꽃은 졌다가 다시 up
Okay (Okay), okay (Okay)
Nobody's falling down

[Verse 2: Skinny Brown]
해가 내리쬐고 바닥에는 white rose
Why everybody's talkin' 'bout the sorrow?
내가 너의 자릴 빛나게 둘게, so hold on
I see you shining like star, oh that's the place you born
No one can replace you
No one can do it like you
짙게 향이 밴 듯이 남아 있어
내 눈엔 너의 흔적들이 다시 보여
찬히 따라가려 해
Baby, I won't hesitate no more
Baby, it's deep in my heart
The flowers bloom in my yard
더 이상 슬프지 않아
너가 여기 있잖아, oh, I

[Bridge: ASH ISLAND]
I will miss you forever in my heart
World is beautiful wherever you are
영원할 거야 너의 마지막도
I will miss you forever in my heart

[Chorus: ASH ISLAND]
Baby, it was beautiful
또 하나의 love is gone
Everyone is acting dumb
나라도 웃어볼게 smile
겨울이 가도 봄이 오지
꽃은 졌다가 다시 up
Okay (Okay), okay (Okay)
Nobody's falling down","100.027","0.717","0.638","-4.722","0.249"
"One More Night (Feat. lIlBOI)","ASH ISLAND","1kZwWtijucTV6LRUrGn51f","[ASH ISLAND ""One More Night"" 가사]

[Intro: ASH ISLAND]
우린 떨어져 shooting star
빛이 쏟아내려 오늘 밤
다시 오지 않을 순간
Let's stay one more night

[Chorus: ASH ISLAND]
One more night
One more night
One more night
Let's stay one more night
One more night
One more night
One more night
Let's stay one more night

[Verse 1: ASH ISLAND]
떨어지고 있어, 밤하늘 유성들처럼 (Hey)
멀어지고 있어, 출발의 반대로 걸어 (Yes sir!)
시간은 우리들의 밤을 도와주긴커녕 (Yeah, yeah, yeah)
더욱이 빠르게 흘러서 남은 숨마저도 조여 wo-wo-wo-woah
그러니 우린 더 wo-wo-wo-woah
같이 있자고 wo-wo-wo-woah
넘어서 내일이라는 door

[Pre-Chorus: ASH ISLAND]
아직 반짝이는 너의 눈을 봐
보단 덜 빛나는 star in the night
시간은 가고 우린 빛을 잃어가
그전에 어서 너의 것을 꺼내 봐
다신 오지 않을 순간
마지막이라 생각하고 쏟아내 버리자 모두다
Stay one more night

[Chorus: ASH ISLAND]
One more night
One more night
One more night
Let's stay one more night
One more night
One more night
One more night
Let's stay one more night

[Verse 2: lIlBOI]
One more night 다음날까지 여길 떠난다면 (Yeah)
Up all night 너의 모습을 전부 다 내게 담어
아주 멀리서 본 우린 keep fallin'
쏟아져 내릴 ocean
Goin' upside-down
얼마나 갈진 모르지만 확실한 건
지금 이 시간이 괴롭기만 한 건 아니지
'Cause I see your eyes full of galaxy
우린 어리지만 영원하길 바라니 이 장면들이
So, let's stay 'til the mornin'
너의 시선을 여기에 둔 채로
아니, 눈을 마주친 채로 나는 너에게 다시 물어
Let's stay one more night

[Chorus: ASH ISLAND]
One more night
One more night
One more night
Let's stay one more night
One more night
One more night
One more night
Let's stay one more night","73.796","0.47","0.548","-9.87","0.797"
"Lonely","ASH ISLAND","5QcIKO1FjIQOWHlDATLV4g","[ASH ISLAND ""Lonely"" 가사]

[Pre-Chorus]
네가 원한 게 이런 거라며 내게 말을 건네
틀린 건 아니라면 아마 또 나를 욕해
보이는 게 다라면 나도 할 말은 없네
틀린 게 아니긴 해 원하면 나를 욕해
조명이 빛나는 거 알아, 왜 그것만 본데
Everything you want is around me, 다른 말은 뭐게
네가 있는 게 난 없네, okay
잘 돌아보면 돈 빼곤 하나 가진 게 없네

[Chorus]
Hey, 도대체 나다운 게 뭐야
Storm is around me, I feel so lonely, lonely
Hey, 도대체 나다운 게 뭐냐고
I'm drowning, I feel so lonely, lonely

[Verse]
질문 하나 할 게 뭘 위해서
지구 위에 존재합니까, 넌?
질문이 애매할 거야 그럼 돈 (돈)
때문이라는 거에 내 손목 걸어
아빠가 말했어, 필요하대 돈 (돈)
그래서 벌었지, 통장 안엔 억 (억)
어려서 그런 건지 난 그래
도저히 좋지만은 않더라고 모든 건 (Wo, wo, wo)
저놈들은 말해, 지껄여 ASH ISLAND (ASH)
잘도 아네, 나 빼고 떠들어 나에 대해
도대체 뭘 아는데, 대체 나다운 게 뭐냐고 시발
그럼 해보던지 좆같게
아마도 너네들이 원한 거 난 못할 거야, 그건 알아둬
난 거짓으로 네게 남아도 진심일 거야, 걸어 모든 걸

[Pre-Chorus]
네가 원한 게 이런 거라며 내게 말을 건네
틀린 건 아니라면 아마 또 나를 욕해
보이는 게 다라면 나도 할 말은 없네
틀린 게 아니긴 해 원하면 나를 욕해
조명이 빛나는 거 알아, 왜 그것만 본데
Everything you want is around me, 다른 말은 뭐게
네가 있는 게 난 없네, okay
잘 돌아보면 돈 빼곤 하나 가진 게 없네

[Chorus]
Hey, 도대체 나다운 게 뭐야
Storm is around me, I feel so lonely, lonely
Hey, 도대체 나다운 게 뭐냐고
I'm drowning, I feel so lonely, lonely

[Bridge]
I feel so lonely, ay, ay, ay
I feel so lonely, ay, ay, ay, ay
I feel so lonely, ay, ay, ay
I feel so lonely, lonely, lonely, lonely

[Interlude]

[Pre-Chorus]
네가 원한 게 이런 거라며 내게 말을 건네 (Ooh)
틀린 건 아니라면 아마 또 나를 욕해 (Ooh)
보이는 게 다라면 나도 할 말은 없네
틀린 게 아니긴 해 원하면 나를 욕해
조명이 빛나는 거 알아, 왜 그것만 본데 (Ooh)
Everything you want is around me, 다른 말은 뭐게 (Ooh)
네가 있는 게 난 없네, okay
잘 돌아보면 돈 빼곤 하나 가진 게 없네

[Chorus]
Hey, 도대체 나다운 게 뭐야
Storm is around me, I feel so lonely, lonely
Hey, 도대체 나다운 게 뭐냐고
I'm drowning, I feel so lonely, lonely","147.965","0.619","0.622","-6.4","0.483"
"WATER (Feat. Car, the garden)","ASH ISLAND","4JgId66CQQw0YnoeMEVvd8","[애쉬 아일랜드 ""물"" ft. 카더가든 가사]

[Verse 1]
""요즘 어때"" 란 한마디도
답하기 두려워서 전화길 뚝
잘 지낸다고 한다면 거짓말
힘들다 하면 유난일까
좀 살 것 같다가도 누군간 떠나가고
""지나가리라 이 또한"" 오늘도 혼잣말로
삼켜내 just breathe it now
Yeah, just keep breathing now

[Pre-Chorus]
결국 다 지나갈 걸 알아
그러니 이 마음 오래 남길 바라
언젠가 다 사라지니까
Nothing lasts forever

[Chorus]
흘러간다 아픈 기억도
스쳐간 마음까지도
Everything just comes and goes
Everything just comes and goes
흘러간다 아픈 기억도
스쳐간 마음까지도
Everything just comes and goes
Everything just comes and goes like water

[Verse 2]
천천히 식어 가는 밤공기
살며시 감싸줬던 온기
아직도 맘 한켠에 번져 있지
그리움만 늘었지
너가 있던 거리 속
가로등이 꺼지면
그림이 되어 남아
원래 그런 것 같아

[Pre-Chorus]
결국 다 지나갈 걸 알아
그러니 이 마음 오래 남길 바라
언젠가 다 사라지니까
Nothing lasts forever

[Chorus]
흘러간다 아픈 기억도
스쳐간 마음까지도
Everything just comes and goes
Everything just comes and goes
흘러간다 아픈 기억도
스쳐간 마음까지도
Everything just comes and goes
Everything just comes and goes like water

[Bridge]
문득 어느 날
익숙한 곳을 걷다 보면
들려오는 바람 소리처럼
왔다가 가겠지
젖은 하늘을 봐
별이 가득한
Stars shine in the rain

[Chorus]
흘러간다 아픈 기억도
스쳐간 마음까지도
Everything just comes and goes
Everything just comes and goes
흘러간다 아픈 기억도
스쳐간 마음까지도
Everything just comes and goes
Everything just comes and goes like water","130.013","0.822","0.528","-5.371","0.363"
"Error (Feat. Loopy)","ASH ISLAND","7IRknQOMvsycACYS1fVGex","[애쉬 아일랜드 ""Error"" ft. 루피 가사]

[Verse 1: ASH ISLAND]
It is hard to say good bye
Baby don't tell me a lie
차라리 말없이 떠나 버리던지
폰을 확인해 난 다시
전활 걸어 오늘 밤
혹시나 너가 나를 기다릴지
Baby, I'm so alone without you girl
고요한 이 밤
Baby, I just want to take you home
I can't get you outta my head

[Chorus: ASH ISLAND]
너가 원한다면 I can change
전화 걸어 I'm fallin' to you
I'm fallin' to you
너가 원한다면 I can wait
Answer me, I'm fallin' to you
I'm fallin' to you, no, woah

[Refrain: ASH ISLAND]
Woah, woah, woah, woah
Woah, woah, woah, woah
Woah, woah, woah, woah
Woah, woah, woah, woah

[Verse 2: Loopy]
난 너의 번호를 누르지도 못해
친구들은 날 대신해 너를 욕해
아주 아주 작은 기대에 기대긴
난 늘 그랬듯이 어리고 모자라지
Keep calling 의미 없이 lost in
지금은 먼 얘기 너한텐
너와 내 시간은 끝
And I say 너만이 흐려 보여 멀리
편안해져 조금씩
집에 오는 그 길 난 홀로 걸어가, ya
Ring, ring, 전화벨이 울려
왜 이제서야 넌 나를 또 흔들어
Oh-oh-oh-oh
Oh-oh-oh-oh
괜찮아, 늘 그랬듯 지금 갈게
Baby, don't worry 'bout it none

[Chorus: ASH ISLAND]
너가 원한다면 I can change
전화 걸어 I'm fallin' to you
I'm fallin' to you
너가 원한다면 I can wait
Answer me, I'm fallin' to you
I'm fallin' to you, no, whoa

[Refrain: ASH ISLAND]
Woah, woah, woah, woah
Woah, woah, woah, woah
Woah, woah, woah, woah
Woah, woah, woah, woah
Woah, woah, woah, woah
Woah, woah, woah, woah
Woah, woah, woah, woah
Woah, woah, woah, woah","116.028","0.749","0.527","-5.774","0.0926"
"Goodbye (Feat. Paul Blanco)","ASH ISLAND","7qlA2Y1zPNnQxUd1BWx19x","[애쉬 아일랜드 ""작별인사"" ft. Paul Blanco 가사]

[Chorus: ASH ISLAND]
영원한 걸 바랬는데 그저 말뿐이더라
말 한마디 하지 않아도 내 생각 알잖아
헤어지자 우리 (헤어지자 우리)
그만하자 우리 (좋았는데 우린)

[Verse 1: ASH ISLAND]
여전히 예쁘더라 날 쳐다보는 눈빛
같이 밥을 먹고 난 뒤
괜히 조금 더 같이 있고 싶어서 늦게 해, 나갈 준비
전부 다 알고 있어 너 봤잖아 내 눈치
Girl, I don't feel the same
너도 알잖아 우리 예전 같지 않네
Oh, 이젠 그만둬야 해
아직 넌 듣고 싶어 하지 않겠지만
이게 최선이었어 goodbye
지금 아님 안 될 거 같아
아쉽지만 우린 여기서
아름다운 작별 인사를 건네

[Chorus: ASH ISLAND]
영원한 걸 바랬는데 그저 말뿐이더라
말 한마디 하지 않아도 내 생각 알잖아
헤어지자 우리 (헤어지자 우리)
그만하자 우리 (좋았는데 우린)

[Verse 2: Paul Blanco]
다신 널 못 볼까 봐
더 세게 널 껴안아 보고 싶었었다만
왠지 모르게 너 앞에서는 freeze 해
역시 너는 아직도 너무 아름다워, baby
숨이 더 이상 안 쉬어질 때
너가 다시 나타나 주길래
But 역시 내가 했던 거 그대로 돌려주네
솔직히 난 그냥 너가 행복했음 해
너가 봤듯이 너 앞엔 더 이상 나답지를 못해
넌 내 것인 적도 없었지만
These are the words in my mind

[Chorus: Paul Blanco]
영원한 걸 바랬는데 그저 말뿐이더라
말 한마디 하지 않아도 내 생각 알잖아
헤어지자 우리 헤어지자 우리
그만하자 우리 좋았잖아 우리","87.159","0.457","0.484","-13.976","0.187"
"OST (Feat. CHANMINA)","ASH ISLAND","0KXdlcZHmCqIfIfRVGRGP2","[애쉬 아일랜드 ""OST"" ft. 챤미나 가사]

[Verse 1: ASH ISLAND]
만약에
시간 괜찮냐라던 네 말에
마침 비었었던 그날에
집에 혼자 남아
잠이나 잤다면 우린 달랐을까
No way (No way)
아무래도 운명인거 같애 (같애)
내 머린 온통 네 생각에 (생각에)
영화 같은 거야
멈춘 시간 속에 너와 나

[Chorus: ASH ISLAND]
작은 조각들의 memories
불러 뻔한 사랑의 melody
그저 우리의 영화를
불러 보는 중이야
주인공이 되어줄래 잠깐
영화 같은 우리의 stories
잊혀 지지 않게 사소한 순간까지 담아
나도 모르게 흥얼거리는
O-S-T

[Verse 2: CHANMINA]
갑자기 약속이 없어졌던 그날
집에도 못가 혼자 멍 때린 그밤
왜 하필 너를 생각했을까
누군가가 장난을 쳤었나
처음 손을 잡아줬던 겨울 (Ha-yeah-yeah-yeah)
너를 떠나가려 했던 여름도
전부 소중해 여기 담을게
멈춘 시간 속에 너와 나

[Chorus: CHANMINA]
작은 조각들의 memories
불러 뻔한 사랑의 melody
그저 우리의 영화를
불러 보는 중이야
주인공이 되어줄래 잠깐
영화 같은 우리의 stories
잊혀 지지 않게 사소한 순간까지 담아
나도 모르게 흥얼거리는
O-S-T

[Bridge: ASH ISLAND, CHANMINA, ASH ISLAND & CHANMINA]
우리 이야기의 마지막에도
손을 꼭 잡아줄래
그렇게 할게 언제나 너의
품에 안겨있을게
생각나니 그 어색했던 밤
맞아 처음 함께했던 날
영화 속 한 장면 같아
멈춘 시간 속에 너와 나

[Chorus: ASH ISLAND, CHANMINA, ASH ISLAND & CHANMINA]
작은 조각들의 memories
불러 뻔한 사랑의 melody
그저 우리의 영화를
불러 보는 중이야
주인공이 되어줄래 잠깐
영화 같은 우리의 stories
잊혀 지지 않게 사소한 순간까지 담아 (담아)
나도 모르게 흥얼거리는
O-S-T","93.037","0.879","0.8009999999999999","-4.848","0.82"
"Because","ASH ISLAND","08xMOoUaMWWlNStVUdBTBC","[ASH ISLAND ""Because"" 가사]

[Chorus]
Because I love you
넌 몰랐겠지만
우리가 끝이 날 것도 알고 있었지만
Still I love you
넌 몰랐겠지만
물론 더 이상 의미 없는 얘기야

[Verse 1]
우린 끝을 향해 가고 있었고
그런 모습마저 아름다웠어
어느새 같이 있는 게 너무 어색해서
돌아서며 말했어 우리 더는 마주하지 말자고
우린 이미 알고 있었잖아
너가 나를 밀고 집을 떠난 날
우린 서로가 왜 그토록
끝까지 애를 썼을까
이런 건 의미 없다는 걸 알아
그리워서 하는 얘기도 아니야
그냥 그냥

[Chorus]
Because I love you
넌 몰랐겠지만
우리가 끝이 날 것도 알고 있었지만
Still I love you
넌 몰랐겠지만
물론 더 이상 의미 없는 얘기야

[Post-Chorus]
Oh oh oh
Oh oh
Oh oh
Oh oh oh oh oh
Oh oh
Oh oh oh
Oh oh

[Verse 2]
난 그 시절 새벽을 노래했고
너는 그날 밤이 되어 춤을 춰
다시 그때로 갈 수 없단 걸
I know oh oh oh oh oh oh oh oh
난 아직 그 시간의 노랠 불러
혹여나 네가 들을까 싶어서
만약 돌아갈 수 있다면 Oh oh oh oh oh oh
너가 원하는 거면 다 좋다고
미안하다 말 한 번 더 할걸
내가 만약 그때 그랬었다면
그렇게 애를 썼을까 과연
이런 건 의미 없다는 걸 알아도
그리워서 하는 게 아닐지라도 Oh oh
그냥 그냥

[Chorus]
Because I love you
넌 몰랐겠지만
우리가 끝이 날 것도 알고 있었지만
Still I love you
넌 몰랐겠지만
물론 더 이상 의미 없는 얘기야","77.997","0.634","0.358","-10.558","0.161"
"OST ( Feat.CHANMINA )","ASH ISLAND","5i2qsnB4cF2j7KdxjhTbzV","[애쉬 아일랜드 ""OST"" ft. 챤미나 가사]

[Verse 1: ASH ISLAND]
만약에
시간 괜찮냐라던 네 말에
마침 비었었던 그날에
집에 혼자 남아
잠이나 잤다면 우린 달랐을까
No way (No way)
아무래도 운명인거 같애 (같애)
내 머린 온통 네 생각에 (생각에)
영화 같은 거야
멈춘 시간 속에 너와 나

[Chorus: ASH ISLAND]
작은 조각들의 memories
불러 뻔한 사랑의 melody
그저 우리의 영화를
불러 보는 중이야
주인공이 되어줄래 잠깐
영화 같은 우리의 stories
잊혀 지지 않게 사소한 순간까지 담아
나도 모르게 흥얼거리는
O-S-T

[Verse 2: CHANMINA]
갑자기 약속이 없어졌던 그날
집에도 못가 혼자 멍 때린 그밤
왜 하필 너를 생각했을까
누군가가 장난을 쳤었나
처음 손을 잡아줬던 겨울 (Ha-yeah-yeah-yeah)
너를 떠나가려 했던 여름도
전부 소중해 여기 담을게
멈춘 시간 속에 너와 나

[Chorus: CHANMINA]
작은 조각들의 memories
불러 뻔한 사랑의 melody
그저 우리의 영화를
불러 보는 중이야
주인공이 되어줄래 잠깐
영화 같은 우리의 stories
잊혀 지지 않게 사소한 순간까지 담아
나도 모르게 흥얼거리는
O-S-T

[Bridge: ASH ISLAND, CHANMINA, ASH ISLAND & CHANMINA]
우리 이야기의 마지막에도
손을 꼭 잡아줄래
그렇게 할게 언제나 너의
품에 안겨있을게
생각나니 그 어색했던 밤
맞아 처음 함께했던 날
영화 속 한 장면 같아
멈춘 시간 속에 너와 나

[Chorus: ASH ISLAND, CHANMINA, ASH ISLAND & CHANMINA]
작은 조각들의 memories
불러 뻔한 사랑의 melody
그저 우리의 영화를
불러 보는 중이야
주인공이 되어줄래 잠깐
영화 같은 우리의 stories
잊혀 지지 않게 사소한 순간까지 담아 (담아)
나도 모르게 흥얼거리는
O-S-T","93.037","0.879","0.8009999999999999","-4.848","0.82"
"Paranoid","ASH ISLAND","2HkLBmbvSYIa9wt51jtGwe","[Chorus]
I'm livin’ in a fuckin paranoid
밤새 나를 지켜 오늘도
잠을 못 자 all night long
나는 혼자 all night long
길을 걸어가다 뒤를 봐
Paranoid, ya, ya, ya, ya, ya
Paranoid, ya, ya, ya, ya, ya
Paranoid, ya, ya, ya, ya, ya
Paranoid, ya, ya, ya, ya, ya

[Verse 1]
별이 보일 때쯤 나는 눈을 감았네
머리까지 이불을 덮어 내가 잘 안 보이게
누군가 내 삶을 뺏아가도 모르기에
거릴 걸을 때는 뒤를 돌아 버릇돼
매일이 난 너무 두려워, 누가 날 죽일 수도
When open ma eyes, 어떤 것도 안 보이는 걸
지금 시간에도 누가 날 겨누고 있어
알지 안 일어날 걸, 하지만 아무도 몰라

[Pre-Chorus]
Oh, please don't talk anymore
멈춰, 머리 안에 소리도
제발 아무나 날 데리러 cuz

[Chorus]
I'm livin’ in a fuckin paranoid
밤새 나를 지켜 오늘도
잠을 못 자 all night long
나는 혼자 all night long
길을 걸어가다 뒤를 봐
Paranoid, ya, ya, ya, ya, ya
Paranoid, ya, ya, ya, ya, ya
Paranoid, ya, ya, ya, ya, ya
Paranoid, ya, ya, ya, ya, ya

[Verse 2]
Yeah, look at my eyes sad
Too many lies there
I'm gonna die, 차라리 더 나아
나를 저 달이 달래, yeah
Oh, I wanna be alone, yeah
또 봤지 내 눈에 고인
피와 똑같은 이 voice
맴돌아, 공기 중에, livin' in a..
Why

[Pre-Chorus]
Oh, please don't talk anymore
멈춰, 머리 안에 소리도
제발 아무나 날 데리러 cuz

[Chorus]
I'm livin' in a fuckin paranoid
밤새 나를 지켜 오늘도
잠을 못 자 all night long
나는 혼자 all night long
길을 걸어가다 뒤를 봐
Paranoid, ya, ya, ya, ya, ya
Paranoid, ya, ya, ya, ya, ya
Paranoid, ya, ya, ya, ya, ya
Paranoid, ya, ya, ya, ya, ya","162.78","0.685","0.423","-9.651","0.328"
"Paranoid","ASH ISLAND","4f3E2bdBCYDvC0otoYcdXg","[Chorus]
I'm livin’ in a fuckin paranoid
밤새 나를 지켜 오늘도
잠을 못 자 all night long
나는 혼자 all night long
길을 걸어가다 뒤를 봐
Paranoid, ya, ya, ya, ya, ya
Paranoid, ya, ya, ya, ya, ya
Paranoid, ya, ya, ya, ya, ya
Paranoid, ya, ya, ya, ya, ya

[Verse 1]
별이 보일 때쯤 나는 눈을 감았네
머리까지 이불을 덮어 내가 잘 안 보이게
누군가 내 삶을 뺏아가도 모르기에
거릴 걸을 때는 뒤를 돌아 버릇돼
매일이 난 너무 두려워, 누가 날 죽일 수도
When open ma eyes, 어떤 것도 안 보이는 걸
지금 시간에도 누가 날 겨누고 있어
알지 안 일어날 걸, 하지만 아무도 몰라

[Pre-Chorus]
Oh, please don't talk anymore
멈춰, 머리 안에 소리도
제발 아무나 날 데리러 cuz

[Chorus]
I'm livin’ in a fuckin paranoid
밤새 나를 지켜 오늘도
잠을 못 자 all night long
나는 혼자 all night long
길을 걸어가다 뒤를 봐
Paranoid, ya, ya, ya, ya, ya
Paranoid, ya, ya, ya, ya, ya
Paranoid, ya, ya, ya, ya, ya
Paranoid, ya, ya, ya, ya, ya

[Verse 2]
Yeah, look at my eyes sad
Too many lies there
I'm gonna die, 차라리 더 나아
나를 저 달이 달래, yeah
Oh, I wanna be alone, yeah
또 봤지 내 눈에 고인
피와 똑같은 이 voice
맴돌아, 공기 중에, livin' in a..
Why

[Pre-Chorus]
Oh, please don't talk anymore
멈춰, 머리 안에 소리도
제발 아무나 날 데리러 cuz

[Chorus]
I'm livin' in a fuckin paranoid
밤새 나를 지켜 오늘도
잠을 못 자 all night long
나는 혼자 all night long
길을 걸어가다 뒤를 봐
Paranoid, ya, ya, ya, ya, ya
Paranoid, ya, ya, ya, ya, ya
Paranoid, ya, ya, ya, ya, ya
Paranoid, ya, ya, ya, ya, ya","162.78","0.685","0.423","-9.651","0.328"
"Over","ASH ISLAND","3y7NPDRKRJx6xTEOXKs7Gu","[ASH ISLAND ""Over"" 가사]

[Intro]
All of my emotion, 너의 몸도
이젠 없어졌으니 버려줘 나의 것도
Our emotion is over
I know it's over (Yeah)

[Verse 1]
Back to the first day, it's the night (It's the night)
내게 걸어와 걸었지 말 (걸었지 말)
We fell in love that's all we got (We got)
But now it's gone that all we have (Hey)
Paranoid is paranoid, you hate that song
내 심장에서 빼내야 되겠어 (Hey)
가만두면 더 아파질 거잖아 넌

[Chorus]
All of my emotion 너의 몸도
이젠 없어졌으니 버려줘 나의 것도
Our emotion is over
I know it's over (I think it's over)
It's over (It's over)
It's over
It's over (It's over)
It's over (I think it's over)
(I think it's over)

[Verse 2]
It's over the moon look like a blur
오늘 저 별과 지는 해도 새로워져
네게 별로였던 노래도 다 버렸고
너의 전부였던 나도 이곳에 버려줘
Kiss of the morning, it's gone I know
귀찮던 고민 이젠 하지 않어
가만두면 더 나빠질 걸 알아 넌

[Chorus]
All of my emotion, 너의 몸도
이젠 없어졌으니 버려줘 나의 것도
Our emotion is over
I know it's over (I think it's over)
It's over (It's over)
It's over
It's over (It's over)
It's over (I think it's over)

[Bridge]
모든 게 다 새로워, alright
어두웠던 새벽과 all night
전부인 줄 알았던 너와
못 고칠 줄 알았던 병까지 (Hey)
놓아버렸어 울리던 전화
적어놓았던 작은 메모장
추억 많았던 내 마지막 장소도 다

[Chorus]
All of my emotion, 너의 몸도
이젠 없어졌으니 버려줘 나의 것도
Our emotion is over
I know it's over (I think it's over)
It's over (It's over)
It's over
It's over (It's over)
It's over (I think it's over)

[Outro]
I think it's over","113.32","0.51","0.371","-8.942","0.147"
"MELODY","ASH ISLAND","259wZqRoiqkrRMosDDnnOX","[애쉬아일랜드 ""멜로디"" 가사]

[Chorus]
어딘가 들어본 듯한 이 melody (Hey)
떠올라 작은 기억들이 my memories
날 담은 소파는 커, it's too much (Too much)
기억할수록 난 되어만 가 loser (Loser)
어딘가 들어본 듯한 이 melody (Yeah)
떠올라 작은 기억들이 my memories (Ooh)
날 담은 소파는 커, it's too much (Too much)
기억할수록 난 되어만 가 loser (Loser)
I'm a loser

[Verse 1]
난 처음 너의 바램이 되고 싶어 세상을 다 주겠다고 약속을 해
많은 눈들의 착각이 나에겐 혼란이 되어 너만 힘들게 했지
더 잃을 것도 없었는데 날 너와 비교했어
참 나는 못된 사람이 됐고
모든 내 말들은 널 위한 거였단 핑계가 돼
근데 이젠 혼자 살기에는 버거운 집과
혼자 앉아있긴 너무 커 소파
또 다 쓰지도 못하는 돈과 옷
널 데려다줄만한 큰 차
뭐, 다 가져버리고 나서 난
TV에 너와 함께 보던 영화 흘러나오다가
혼잣말, 옆에 없잖아 너가
하루 종일 싸우고 안은 채 잠들어도 좋아
다 괜찮으니 와서 채워주라 이 소파 (Ooh, ooh, ooh)
혼자는 이 공간이 너무 커, 필요해 너가 (Hey, 필요해 너가)

[Chorus]
어딘가 들어본 듯한 이 melody (Hey)
떠올라 작은 기억들이 my memories
날 담은 소파는 커, it's too much (Too much)
기억할수록 난 되어만 가 loser (Loser)
어딘가 들어본 듯한 이 melody (Yeah)
떠올라 작은 기억들이 my memories (Ooh)
날 담은 소파는 커, it's too much (Too much)
기억할수록 난 되어만 가 loser (Loser)
I'm a loser

[Verse 2]
Ooh, 영원할 것 같았던 약속들
손을 잡아주겠다던 너와 나 둘
앞이 안 보일 때 너가 돼준 내 눈
겨울에 함께 봤던 눈 (Hey)
불타올랐지, 아무리 추워도 난 with you (난 with you)
불이 꺼져 재만 남아도 lovin' you (Lovin' you)
라고 말하던 때 그때 그 기억인 듯
아직두 너와 듣던 노래들의 가사들
뻔한듯 했던 그 melody가 익숙하던 예전 그대로
고정돼있던 곡 뻔하던 그 제목
초라해질까 봐 난 말을 못 했어 (필요해 너가)

[Chorus]
어딘가 들어본 듯한 이 melody (Hey)
떠올라 작은 기억들이 my memories
날 담은 소파는 커, it's too much (Too much)
기억할수록 난 되어만 가 loser (Loser)
어딘가 들어본 듯한 이 melody (Yeah)
떠올라 작은 기억들이 my memories (Ooh)
날 담은 소파는 커, it's too much (Too much)
기억할수록 난 되어만 가 loser (Loser)
I'm a loser","84.226","0.466","0.364","-10.524","0.534"
"Stay With Me (Feat. Skinny Brown)","ASH ISLAND","4YJlv9lK1EsszlUZ4ekj7I","[애쉬 아일랜드 ""Stay With Me"" ft. 스키니 브라운 가사]

[Chorus: ASH ISLAND]
Baby, I want you to stay
I want you to stay with me tonight
나에겐 익숙한 겨울밤
놓지 않을게
Stay with me tonight
Baby, I want you to stay
I want you to stay with me tonight
나에겐 익숙한 겨울밤
놓지 않을게
Stay with me tonight

[Verse 1: ASH ISLAND]
늘 혼자지네 내 겨울은
친구는 밤하늘의 별들
방 안의 거울은 나를 보지만
비어있네 옆은
But I'm not alone now
걸어왔지 너가
내리는 눈꽃처럼
어디든 달려올게 너의 곁에
So please don't go away, go away
준비가 됐어 나는
너도 그렇다면 해줄래 말을

[Chorus: ASH ISLAND]
Baby, I want you to stay
I want you to stay with me tonight
나에겐 익숙한 겨울밤
놓지 않을게
Stay with me tonight
Baby, I want you to stay
I want you to stay with me tonight
나에겐 익숙한 겨울밤
놓지 않을게
Stay with me tonight

[Post-Chorus: ASH ISLAND]
Du-ru-du, du-ru
Du-ru-du, du-ru
Du-ru-du, du-ru
Stay with me tonight
Du-ru-du, du-ru
Du-ru-du, du-ru
Du-ru-du, du-ru
Stay with me tonight

[Verse 2: Skinny Brown]
Last year I was dumb, facts
어쩜 너가 아니라서 그래
비가 오는 날이 아니어도 돼 (춥게 눈이 오는 날엔 stay)
Just sit here and don't think you are alone
입어 same thing, 들어 same song
You change me, I'ma change yours
계절 지나도 불러 that chorus
주워 담아 these stars and
시간에 담아 like jar
어두워진 이 밤에
우리만은 밝자
Uh, you gotta stay with me
그래왔던 듯이 lay it on me
눈처럼 어깨 위 you are my fantasy
Stay with me

[Chorus: ASH ISLAND]
Baby, I want you to stay
I want you to stay with me tonight
나에겐 익숙한 겨울밤
놓지 않을게
Stay with me tonight
Baby, I want you to stay
I want you to stay with me tonight
나에겐 익숙한 겨울밤
놓지 않을게
Stay with me tonight

[Post-Chorus: ASH ISLAND]
Du-ru-du, du-ru
Du-ru-du, du-ru
Du-ru-du, du-ru
Stay with me tonight
Du-ru-du, du-ru
Du-ru-du, du-ru
Du-ru-du, du-ru
Stay with me tonight","86.997","0.258","0.664","-10.975","0.358"
"Error","ASH ISLAND","4Svb6koSXFaQE1yupLGjMf","[애쉬 아일랜드 ""Error"" ft. 루피 가사]

[Verse 1: ASH ISLAND]
It is hard to say good bye
Baby don't tell me a lie
차라리 말없이 떠나 버리던지
폰을 확인해 난 다시
전활 걸어 오늘 밤
혹시나 너가 나를 기다릴지
Baby, I'm so alone without you girl
고요한 이 밤
Baby, I just want to take you home
I can't get you outta my head

[Chorus: ASH ISLAND]
너가 원한다면 I can change
전화 걸어 I'm fallin' to you
I'm fallin' to you
너가 원한다면 I can wait
Answer me, I'm fallin' to you
I'm fallin' to you, no, woah

[Refrain: ASH ISLAND]
Woah, woah, woah, woah
Woah, woah, woah, woah
Woah, woah, woah, woah
Woah, woah, woah, woah

[Verse 2: Loopy]
난 너의 번호를 누르지도 못해
친구들은 날 대신해 너를 욕해
아주 아주 작은 기대에 기대긴
난 늘 그랬듯이 어리고 모자라지
Keep calling 의미 없이 lost in
지금은 먼 얘기 너한텐
너와 내 시간은 끝
And I say 너만이 흐려 보여 멀리
편안해져 조금씩
집에 오는 그 길 난 홀로 걸어가, ya
Ring, ring, 전화벨이 울려
왜 이제서야 넌 나를 또 흔들어
Oh-oh-oh-oh
Oh-oh-oh-oh
괜찮아, 늘 그랬듯 지금 갈게
Baby, don't worry 'bout it none

[Chorus: ASH ISLAND]
너가 원한다면 I can change
전화 걸어 I'm fallin' to you
I'm fallin' to you
너가 원한다면 I can wait
Answer me, I'm fallin' to you
I'm fallin' to you, no, whoa

[Refrain: ASH ISLAND]
Woah, woah, woah, woah
Woah, woah, woah, woah
Woah, woah, woah, woah
Woah, woah, woah, woah
Woah, woah, woah, woah
Woah, woah, woah, woah
Woah, woah, woah, woah
Woah, woah, woah, woah","116.028","0.749","0.527","-5.774","0.0926"
"I remember","ASH ISLAND","3uXTRQ41tZ7xwGJ1NnKnUC","기억하니 그 방
너가 내게 온 날
잊을 수 없지 그날 밤
비가 내 머릴 적신 채
너의 눈이 내 손끝에 닿았을 때
You know what? I remember that day
하루도 빠짐없이
기다렸어 Yes I am
너는 잊게 된다 해도
내가 남겨둘게
Yeah I remember that
기다렸어 Yes I am
너는 잊게 된다 해도
내가 남겨둘게
Yeah I remember that day
비가 조금 오는 이른 밤
우리 둘이 얘길 Up all night
말이 통하진 않았지만
왠지 사랑을 알 거 같던 날
너는 진심을 얘기했고
우리 마음만은 깊게 통했어
다 말하지 않아도 돼
기억할게 네가 웃을 때를
그날의 시간을 가둘래
이렇게 남겨둘게
너무 아름다웠어 우리
모르겠어
바보 같은 사랑이 된다 해도 난
너에게 말해야겠어
마음이 넘치도록
기다렸어 Yes I am
너는 잊게 된다 해도
내가 남겨둘게
Yeah I remember that
기다렸어 Yes I am
너는 잊게 된다 해도
내가 남겨둘게
Yeah I remember that day
이건 너와 나 우리 둘만의 비밀 같은 얘기
우리는 반지를 맞춘 다음 서로에게 다짐했지
네가 처음 울었을 때
그 장면을 못 잊을 거 같애
잘 왔어 내게 혹시 지치거나 힘들 땐
기다릴게 Yes I am
너는 잊게 된다 해도
내가 남겨둘게
Yeah I remember that
기다릴게 Yes i am
너는 잊게 된다 해도
내가 남겨둘게
Yeah I remember that day
Ooh ooh woah
Ooh ooh woah
내가 남겨둘게
Yeah I remember that
Ooh ooh woah
Ooh ooh woah
내가 남겨둘게
Yeah I remember that day
I remember that
I remember that
I remember that day","109.964","0.641","0.559","-9.4","0.0376"
"Play","ASH ISLAND","12FGJeMWeTVRjK31NIUIMQ","[애쉬아일랜드 ""PLAY"" 가사]

[Chorus]
혼자였어 나 처음엔 말야
모두 다 아는 사실이야 맞아
기다리면 올 거야 별이 Your Night
우린 아마 Fly high

[Post-Chorus]
I know You know
때론 벽에 막혀 홀로 서 있더라도
I know You know
너는 벽을 다시 넘어설 거야

[Verse]
누구나 그렇듯 너도 벽을 홀로 마주한 채
벽이 무너지길 바라며 서 있던 거 같애
누구나 그렇다고 마냥 기다리기만 할래
나라면 조금씩이라도 벽을 올라갈래
안 늦었어 왜 포기하려 그래
뭐가 그렇게 해 다 똑같애
나도 매일 별이 보이네 힘들어서
이젠 너도 저기 있네 계속 버티래
그러더라 그럼 결국에 끝은 보인 데

[Pre-Chorus]
너의 꿈이 밟히지 않게
길은 혼자서 밝혀 가길
우리들의 춤이 달에 닿게
닿게 할게 계속 난 Play

[Chorus]
혼자였어 나 처음엔 말야
모두 다 아는 사실이야 맞아
기다리면 올 거야 별이 Your Night
우린 아마 Fly high

[Post-Chorus]
I know You know
때론 벽에 막혀 홀로 서 있더라도
I know You know
너는 벽을 다시 넘어설 거야

[Bridge]
방안에 갇혀있었던
그 시간 속
그 시간들이
지금 빛을 내고 있어
어둠에서 나오기도
싫어했던
그런 내가 지금
너의 눈앞에 있어
계속 난 Play

[Chorus]
혼자였어 나 처음엔 말야
모두 다 아는 사실이야 맞아
기다리면 올 거야 별이 Your Night
우린 아마 Fly high

[Post-Chorus]
I know You know
때론 벽에 막혀 홀로 서 있더라도
I know You know
너는 벽을 다시 넘어설 거야","101.944","0.798","0.52","-5.498","0.168"
"Black Rose","ASH ISLAND","2EEp1hfwhP3yvPhZzFCZSw","[Chorus]
Wish it was a bad trip
Wish it was a movie
다 꿈이였음 좋겠지만서도, yeah lately
I cannot let it go (Cannot let it go)
I cannot let it go, woah, woah
A black rose in my heart
타버린 사랑
변해버린 나
With my broken heart
A black rose in your heart
타버린 사랑
변해버린 너
까맣게 타들어 가버린 rose

[Verse 1]
꼭 쥐고 싶었지 난
""나를 다치게 해도 괜찮아 I'll be fine""
지금은 타버리고 재밖에 안 남았지 그 말들
돌리고 싶어도 이미 지난 시간들
아직도 잠을 못 자
여전히 허전한 내 sofa
아름다웠었던 꽃 한 송이
아파도 놓진 말자
다신 하지 못할 여러 약속들까지
함께 타들어 가버렸네 우리의 불같이

[Chorus]
Wish it was a bad trip
Wish it was a movie
다 꿈이였음 좋겠지만서도, yeah lately
I cannot let it go (Cannot let it go)
I cannot let it go, woah, woah
A black rose in my heart
타버린 사랑
변해버린 나
With my broken heart
A black rose in your heart
타버린 사랑
변해버린 너
까맣게 타들어 가버린 rose

[Verse 2]
여전히 내 옷장
한켠에는 너가
후회를 했어 사실 난
하루도 빠짐없이 모든 날
손 하나를 흔들지 못해서 못 한 goodbye
바보 같앴지 너를 보내면서 했었던 그 말
지금이라도 돌아와 준담 혹시
We'll be lovin' all night 'til the mornin'
잘 가 고맙단 말
말하지 못했어
넌 안 들리겠지만
I miss you

[Chorus]
Wish it was a bad trip
Wish it was a movie
다 꿈이였음 좋겠지만서도, yeah lately
I cannot let it go (Cannot let it go)
I cannot let it go, woah, woah
A black rose in my heart
타버린 사랑
변해버린 나
With my broken heart
A black rosе in your heart
타버린 사랑
변해버린 너
까맣게 타들어 가버린","122.003","0.683","0.739","-9.303","0.495"
"Grand Prix (Feat. Beenzino)","ASH ISLAND","0iZnSbdHxlNTnfXGno29l9","[ASH ISLAND ""그랑프리"" 가사]

[Chorus: ASH ISLAND]
I got money in my pocket, 이게 생각보다 thick (Thick)
걸음걸인 마치 펭귄 바진 내려가지 lit (Lit)
X ordinary outfit, yeah, this is how it is (Oh-ooh)
Yeah, 불꽃 튀게 speed fast, 올라타지 whip
Faster, this is how we speed (Let's go)
Faster, this is how we speed (Skrr, skrr)
Faster, this is how we speed
Faster, this is how we speed

[Verse 1: ASH ISLAND]
내가 하는 얘기 잘 알아듣고 잘 배우는 놈의 속도는 fast (Hey)
그 숫자는 몇천이니 몇억이니 배우는 놈의 몫이니 yeah
저 예술의 정답은 X, 내 다리 위 X, 내 Hennessy's X
ASH's X ordinary M to M, that's always on back (Ooh, ooh)
날아갈래 저 위로, 이 album이 곧 내 무덤이고
내 앞에 안개는 안 걷히더라도 내 이름은 앞에 적히죠
나의 식구 Ambition이고, 내 crew P-A-BLO이죠
신념이 곧 걸음걸이고 주행거리 2 million kilo (Oh, oh)
편하게 일하는 새끼, 살만한 새끼, 빛나냐 내 길
그러면서도 바쁜 개새끼, 돈 좀 벌어도 쪽 팔일 없는 내 길
바진 내려 아직 마치 펭귄, 꺾지 않는 내 고집일 테니
절대 하지 않아 beggin' (그럼에도 baby, I'm the fastest)

[Chorus: ASH ISLAND]
I got money in my pocket, 이게 생각보다 thick (Thick)
걸음걸인 마치 펭귄 바진 내려가지 lit (Lit)
X ordinary outfit, yeah, this is how it is (Oh-ooh)
Yeah, 불꽃 튀게 speed fast, 올라타지 whip
Faster, this is how we speed (Let's go)
Faster, this is how we speed (Skrr, skrr)
Faster, this is how we speed
Faster, this is how we speed

[Verse 2: Beenzino]
먼지한테 내 차 키를 주고 난 택시 아저씨 백미러 속
기사님 bumping Mr. Trot, 내 귀는 더욱 빠르게 Spotify
VPN이 귀찮긴 해도 더 좋은 취향을 찾는 팁
또 하나는 Apple 계정을 미국 걸 써야지, I'm paranoid as fuck
Embarrassed though 내가 도와준 곡의 beat가 또 표절
또 내 인맥의 네트워크는 골목길처럼 존나 좁혀져
오토바이 gang은 인도에 서울은 다 속도전
난 너무 느긋해서 문제지, 마치 Latino처럼 ay
Dime qué pasó, ay, 시간을 다 써 ay
내 테크트리는 너한텐 틀린 게 맞소
그러니 난 조언을 아끼고
에어팟 안 떨어지게 꽉 뀌고
새끼들 자랑에 코로 방귀 뀌어
ASH야, 형 지금 다 왔어 어디로 가야 돼?

[Chorus: ASH ISLAND]
I got money in my pocket, 이게 생각보다 thick (Thick)
걸음걸인 마치 펭귄 바진 내려가지 lit (Lit)
X ordinary outfit, yeah, this is how it is (Oh-ooh)
Yeah, 불꽃 튀게 speed fast, 올라타지 whip
Faster, this is how we speed (Let's go)
Faster, this is how we speed (Skrr, skrr)
Faster, this is how we speed
Faster, this is how we speed","","","","",""
"Smoking Roses (Feat. Leellamarz)","ASH ISLAND","0YkTM9b4mvcatJYyMTpKuv","[Chorus]
네 생각이 피어올라
화려한 장미꽃같이
서로 아플지도 몰라
하지만 사랑해 볼까 해
나만의 생각은 아니길
알잖아 이젠 마지막이니
결국엔 불타 없어질까 저 담배 연기처럼
Smoke, smoke, smoke
Yeah, we smoking them roses
Smoke, smoke, smoke
Yeah, we smoking them roses
Smoke, smoke, smoke
Yeah, we smoking them roses
네 생각이 피어올라
Yeah, we smoking them roses

[Verse 1]
넌 마지막이라고 말을 해
근데 어떡해, 난 계속 생각나는데
창문에 비친 너의 모습을 보면
너와 함께 있던 장면이 보여
우리 같이 했던 날들과
함께 웃었던 그 시간 다
되감기 버튼이 없다는 것도 알지만
Baby, got nothin' to say, no more
널 아직 못 잊었어
사랑이라고 말해 이런 걸
너도 같은 맘이니?
활짝 핀 장미처럼 날 반겨줘
여태 그래 왔던 거처럼 날 안아줘
나의 상처가 생각 안 나도록

[Chorus]
네 생각이 피어올라
화려한 장미꽃같이
서로 아플지도 몰라
하지만 사랑해 볼까 해
나만의 생각은 아니길
알잖아 이젠 마지막이니
결국엔 불타 없어질까 저 담배 연기처럼
Smoke, smoke, smoke
Yeah, we smoking them roses
Smoke, smoke, smoke
Yeah, we smoking them roses
Smoke, smoke, smoke
Yeah, we smoking them roses
네 생각이 피어올라
Yeah, we smoking them roses

[Verse 2]
Baby, don't say it last time
마지막이라는 말을 하기에는 빠르잖아
자기야 don't waste time
우리 사랑을 시간은 기다려주지 않아
아마 눈 깜빡 한 사이에 달아나
돌아오지 않을 거야 내 말을 들어봐
I'm smoking all these roses 갈아서 말아
널 부르고 있잖아
자기야 잠깐만
뒤돌아보면 내가 있을 거야 어디 있던 지
두려워 마 그냥 나를 믿고 번지
사랑한다는 말과 진심을 담은 편지
그런 걸로는 부족해 담을 수조차 없지
You know this
너에게 미쳤다는 걸
Baby, teach me how to love

[Chorus]
네 생각이 피어올라
화려한 장미꽃같이
서로 아플지도 몰라
하지만 사랑해 볼까 해
나만의 생각은 아니길
알잖아 이젠 마지막이니
결국엔 불타 없어질까 저 담배 연기처럼
Smoke, smoke, smoke
Yeah, we smoking them roses
Smoke, smoke, smoke
Yeah, we smoking them roses
Smoke, smoke, smoke
Yeah, we smoking them roses
네 생각이 피어올라
Yeah, we smoking them roses

[Outro]
Smoke
없어질까 저 담배 연기
Smoke
Yeah, we smoking them roses
Smoke
없어질까 저 담배 연기
Yeah, we smoking them roses","","","","",""
"Last Moments","ASH ISLAND","5vmhBfZnhfvAZb5hJIbKfa","[애쉬 아일랜드 ""시간은 왜 앞으로만 가"" 가사]

[Intro]
Oh-woah-oh, oh-woah
앞으로만 가
Oh-woah-oh, oh-woah-oh
앞으로만 가
Oh-woah-oh, oh-woah
Oh-woah-oh, oh-woah
앞으로만 가

[Verse 1]
어제 누가 나에게 그러지 말라고 얘기해줬으면 좋았는데
화가 가득 나 있는 나의 말투는 무섭기만 해
난 여전히 알고 있어 사랑은 여전히 이곳에
애써 숨기려는 네 모습에서 우린 끝이라는 걸 말해
눈물이 나는 건 무엇 때문일까
멈추지 않는 연결음 때문인가
전화 그만할게 너 힘드니까
내가 미안해 감성적이라

[Pre-Chorus]
세상이 돌아, 나 어지러워
도대체 어떻게 널 잊어
여행을 갈래 나 어제로
비겁하지만

[Chorus]
하루만 더 시간을 줘 아직 정리가 안됐어
난 추억을 씻겨내며, 약속 시간을 피해 도망가
딱 하루만 더 이해해 줘 생각보다 어려워서
근데 궁금한 게 있어 왜 시간은 앞으로 만가

[Post-Chorus]
Oh-woah-oh, oh-woah
앞으로만 가
Oh-woah-oh, oh-woah-oh
앞으로만 가

[Verse 2]
눈을 찡그리는 너에게 다가가서 안겨도 될까
비도 내리고 있네, 네 기분을 말해주는 날씨
안개는 또 이렇게 네 얼굴을 가리는 걸까
깨지 않으려는 내 모습에서 이건 꿈이라는 걸 말해
아침에 눈을 뜬 내가 미웠어
아직 너 없는 내가 너무 괴로워서
넘어갔네 또 의미 없는 하루로

[Pre-Chorus]
세상이 돌아, 나 어지러워
도대체 어떻게 널 잊어
여행을 갈래 나 어제로
비겁하지만

[Chorus]
하루만 더 시간을 줘 아직 정리가 안됐어
난 추억을 씻겨내며, 약속 시간을 피해 도망가
딱 하루만 더 이해해 줘 생각보다 어려워서
근데 궁금한 게 있어 왜 시간은 앞으로 만가

[Outro]
Oh-woah-oh, oh-woah
앞으로만 가
Oh-woah-oh, oh-woah-oh
앞으로만 가
Oh-woah-oh, oh-woah
Oh-woah-oh, oh-woah
앞으로만 가","67.447","0.4270000000000001","0.1989999999999999","-13.826","0.0425"
"It’s Okay (Feat. ZICO)","ASH ISLAND","1rIxqNylFsRslfo8lRcWJ6","[애쉬 아일랜드 ""괜찮아 "" ft. 지코 가사]

[Chorus: ASH ISLAND]
그러지 마, 다가오지 마
넌 완벽하니까, baby
내가 없이도 괜찮아
빨리 날 떠나가
서로 아파지기만 하잖아
내가 없이도 괜찮아

[Verse 1: ASH ISLAND]
사람들은 말을 하지, 조금 어렵게
이러니 저러니 사랑은 다 덧없대
I don't mind, 너란 사람을 보고 있으니
괜히 사랑을 다 알 것 같은 거 있지 (Yeah)
이젠 바보가 된 거 같애
내 마음이랑 다르게 답해
얼음이 되지, 너 앞에선
완벽해, 아무리 생각해도
그러니 난, 너라는 사람에 비하면 초라하니까
상처가 될 거야, 도망가, 돌아보지 마
괜찮으니까 (Hey, hey)
너란 사람을 만나
뭐가 사랑인지 알았으니까
너와 있던 시간은 행복했어
진심이야, 난 그걸로 됐어

[Chorus: ASH ISLAND]
그러지 마, 다가오지 마
넌 완벽하니까, baby
내가 없이도 괜찮아
빨리 날 떠나가
서로 아파지기만 하잖아
내가 없이도 괜찮아

[Verse 2: ZICO]
이 끔찍한 존재로부터
도망 나와, 널 지켜주렴
폭풍처럼 와닿았지만
그저 한때의 흔들림
색 바랜 그림, 소리 없는 울림
흔적쯤으로 남겨지면 만족해 (Ayy)
꿈속에서 멀찍이 바라볼게
삼켜 왔던 말이 턱밑까지 막 차올라
떠나가, 아니, 떠나가지 마
괜찮아, 사실 전부 거짓말
속일수록 탄로 나는 일
그게 사랑이잖아
우린 이미 늦어버렸나 봐
I can't hold on to you, ooh-ooh, ooh-ooh, ooh-ooh
이제 진짜 안녕

[Chorus: ASH ISLAND]
그러지 마, 다가오지 마
넌 완벽하니까, baby
내가 없이도 괜찮아
빨리 날 떠나가
서로 아파지기만 하잖아
내가 없이도 괜찮아

[Bridge: ASH ISLAND]
괜찮지 않아, 사실 전부 다 거짓말
전부 나에게 말해 줘, you'll be fine
너 없는 내 이야긴 모두 빈말
어렵지만, 이런 난 괜찮지 않아
I'm not fine
넌 나에 비해 화려하잖아
떠나가도 돼, 넌
내가 없이도 괜찮아

[Chorus: ASH ISLAND]
그러지 마, 다가오지 마
넌 완벽하니까, baby
내가 없이도 괜찮아
빨리 날 떠나가
서로 아파지기만 하잖아
내가 없이도 괜찮아","105.031","0.7609999999999999","0.563","-8.805","0.433"
"Empty Head","ASH ISLAND","2mPR6yNoDn0IN8vqtz1Yrx","[Pre-Chorus]
I drunk again I feel like empty head
Maybe I'm alcoholic, ay yeah
미쳐버려가네, 안돼 이젠
I'm drownin’ wit ma, yeah

[Chorus]
I drunk again I feel like empty head
Maybe I'm alcoholic, ay yeah
미쳐버려가네, 안돼 이젠
I'm drownin’ wit ma empty head, yeah ay
I feel like empty head
Maybe I'm alcoholic, ay yeah
미쳐버려가네, 안돼 이젠
I'm drownin’ wit ma empty head, yeah ay
Still in my empty head

[Verse 1]
3 A.M. in the morning, 아직 깨있네
독한 술이 흘러 몸에, 난 집에 있네
귀를 막아도 난 들려 지겹게 이젠
술 없인 안와 내일이, 비워 머린 깨져있네
다 그랬듯이 술이 맘을 채웠데
빌어먹을 소음 나는 술로 게워네
이게 약이 아니라면 I need a medicine
And I'm in my head again

[Pre-Chorus]
I drunk again I feel like empty head
Maybe I'm alcoholic, ay yeah
미쳐버려가네, 안돼 이젠
I'm drownin’ wit ma, yeah

[Chorus]
I drunk again I feel like empty head
Maybe I'm alcoholic, ay yeah
미쳐버려가네, 안돼 이젠
I'm drownin’ wit ma empty head, yeah ay
I feel like empty head
Maybe I'm alcoholic, ay yeah
미쳐버려가네, 안돼 이젠
I'm drownin’ wit ma empty head, yeah ay
Still in my empty head

[Verse 2]
내일 난 아마도 기억을 못 하겠지
그걸 알아도 못 하겠어, 날 막아줘, whoa
너라도 알아줘, 나아지질 않아
난 내려가도 넌 따라와줘 날

[Chorus]
I drunk again I feel like empty head
Maybe I'm alcoholic, ay yeah
미쳐버려가네, 안돼 이젠
I'm drownin’ wit ma empty head, yeah ay
I feel like empty head
Maybe I'm alcoholic, ay yeah
미쳐버려가네, 안돼 이젠
I'm drownin’ wit ma empty head, yeah ay
Still in my empty head

[Outro]
Cold drink, cold night
Still drunken, all night
머릿속에 혼자, still in my empty head
Cold drink, cold night
Still drunken, all night
여기에 혼자, still in my empty head","116.673","0.611","0.774","-12.338","0.895"
"WONDER","ASH ISLAND","3nW7zEVZamOeAYnWp5LqVh","[애쉬 아일랜드 ""WONDER"" 가사]

[Intro]
Hey, hey
Ooh-ooh-ooh
(I was just thinking 'bout you, thinking 'bout you lately)
Ooh-ooh-ooh
(But all the things I wonder, all the things I wonder is you)

[Verse 1]
You are like a fire
네 눈빛이 잊혀지질 않아서
너와 난 도대체 우연이 뭐길래
왜 다른 사람들 같이 만나지를 못해
I'm just sayin bout love
나의 생각도 들어보지도 않은 채로 가지 넌
I will say no more
화가 나다가도 너의 눈으로 내 심장을 녹이지 넌
I don't know why 하필 우리는 왜
만났을까 그 많은 사람 속에서
You got me drivin' crazy
I don't fuckin' care, 일단 먼저 우리 집으로 갈래

[Chorus]
Drivin', drivin', drivin', drivin' too fast
널 당장 잡으라고 말해 in my head
별생각이 들어 way home
But all the things I wonder
All the things I wonder is you
Drivin', drivin', drivin', drivin' too fast
널 당장 잡으라고 말해 in my head
별생각이 들어 way home
But all the things I wonder
All the things I wonder is you

[Verse 2]
우리 만남은 연기 같아
차가운 방향으로 가니까
Shall we walk outside (No, no girl)
거짓말 아까 너도 날 쳐다봤잖아
I don't wanna waste time
I copped a new car
태워줄게 원하면 내 손을 잡아
다 내게 맡겨 해가 뜨기 전까지
'Cause I don't wanna waste time
안 해도 돼 생각 damn
어차피 넌 내가 아니어도 괜찮다는 말은 왜
You got me drivin crazy
I don't fuckin' care, 일단 먼저 우리 집으로 갈래

[Chorus]
Drivin', drivin', drivin', drivin' too fast
널 당장 잡으라고 말해 in my head
별생각이 들어 way home
But all the things I wonder
All the things I wondеr is you
Drivin', drivin', drivin', drivin' too fast
널 당장 잡으라고 말해 in my head
별생각이 들어 way home
But all the things I wondеr
All the things I wonder is you

[Outro]
Ooh-ooh-ooh
(I was just thinking 'bout you, thinking 'bout you lately)
Ooh-ooh-ooh
(But all the things I wonder, all the things I wonder is you)","155.008","0.985","0.449","-2.508","0.296"
"MIDNIGHT SKY","ASH ISLAND","2edpFQH2dVevhKbJyRQPLi","[애쉬 아일랜드 ""MIDNIGHT SKY"" 가사]

[Intro]
Woah-oh
Woah, yeah

[Verse 1]
일어나
버릇같이
너에게 온 연락을 봐
근처에 있는 것 같아
익숙해진 걸까 나
But the truth is you're not on this side
I miss you bad, you're on my mind
전화를 또 걸어본다
한 번 보러 가볼까

[Pre-Chorus]
마음 떨린 채로 걸린 신호 소리에 또 고민
I don't know, 이제는 더 이상 돌이킬 순 없기에
And you told me
""Can you come close by my side""

[Chorus]
Midnight sky
Flyin' to your side
지금 너를 보러 가려는 중이야
곧 너에게 닿아
너도 기다릴까
I don't care
A thousand miles, a thousand times
Midnight sky
Look up at the stars
시간이 꼭 멈춰버린 거 같아
Need you right now
너도 이 맘일까
I don't care, a thousand miles
Flyin' to you
Flyin' to you
Flyin'  to you

[Verse 2]
도착할 거 같아 아침까진
밤은 길고 여긴 마치
Lost in your galaxy (Ooh)
Way to see my destiny (Ooh, yeah)
It's true, I miss you every night
Every second, every time
전화가 걸려 온다
Maybe this time, I'll see your eyes

[Pre-Chorus]
마음 떨린 채로 오는 신호 소리에 또 설렘
I don't know, 이제는 더 이상 돌이킬 순 없기에
And I told you
""Can I come close to your side""

[Chorus]
Midnight sky
Flyin' to your side
지금 너를 보러 가려는 중이야
곧 너에게 닿아
너도 기다릴까
I don't care
A thousand miles, a thousand times
Midnight sky
Look up at the stars
시간이 꼭 멈춰버린 거 같아
Need you right now
너도 이 맘일까
I don't care, a thousand miles
Flyin' to you

[Bridge]
I'm tired of FaceTime calls
I wanna see your face, not your phone
If you say okay, I'll run to you
Run to you
Run to you
보고 싶은 만큼 날
기다려 딱 하루만
I'm running out of time, tonight

[Chorus]
Midnight sky
Look up at the stars
시간이 꼭 멈춰버린 거 같아
Need you right now
너도 이 맘일까
I don't care, a thousand miles
Flyin' to you","109.976","0.805","0.6990000000000001","-5.535","0.2319999999999999"
"LOV3 (Feat. Bryan Chase, Okasian)","Sik-K","1QC4Ztt2GlFWpdSMLwt5ol","[식케이 & Lil Moshpit ""LOV3"" (ft. Bryan Chase & 오케이션) 가사]

[Pre-Chorus: Sik-K]
Yeah, 또다시 보여줘야 돼
바쁘게 모아 my time (My time)
French yogo로 맞담해 (Light it up)
Gang sign 없이 outside
퍼뜨려 L-O-V-E (Burn it)
증오들은 rest in peace
내 속은 모르는 게 bliss (Bliss)
그녀에게 마지막 kiss

[Chorus: Sik-K]
Baby gonna know, I got the feels
High as fuck, you know I need something real
High as fuck, you know I need something real
High as fuck, you know I need something real

[Verse 1: Sik-K]
Stop 혐오 핑계도 안 만들래 건모 Kim
해고당한대도 keepin' it real with my youngsters
안 아껴 눈에는 눈이고, 사랑엔 사랑
다 잘 먹고 살길 바람 내 바람
마음 다 주고서 혼자 아파함
그래도 티 내면 좆밥 같잖아
I need it 정말 필요하다고 사랑이
She told me ""Let's pop a Hannah Montana shit""
She told me ""적어도 솔직해지잖아""
""처음이 어렵지 또 이해되잖아""
Peace 찍어봐 (Peace 찍어봐)
Geekin' up, high
Whatever makes you feel good
I'm gon' love, love, love

[Chorus: Sik-K, Bryan Chase]
Baby gonna know, I got the feels
High as fuck, you know I need something real
High as fuck, you know I need something real
High as fuck, you know I need something real
I don't think they really be hearing me
I don't think they really get the energy (Yeah)
Fuck 'em all, yeah, just pardon me
I don't think they could really do nothing to me (Ayy)
I don't think I never ever heard of you
Your name rang not even a little bit (Ayy)
To everybody who praying down on me
I don't think you could really get rid of me

[Verse 2: Bryan Chase]
Burning up time
Burnin' my tires, I'ma burn that
Feel a new vibe, just zonin'
In a new ride, I'm rollin'
Green in my bag, I just blow it (Blow it)
O's in my bank account doublin'
Ready to pop off bubble (Yeah)
Know what I'm sayin' (Yeah)
Feeling real blessed here
Back and I'm counting new racks
Took a little break and I'm better (Yeah)
Counting up blues in a stack (Yeah, yeah)
Damn, mhm, stay up and I roll up
Baby, I stay up like a rodeo, uh
(Stay up)

[Chorus: Sik-K, Bryan Chase]
Baby gonna know, I got the feels
High as fuck, you know I need something real
High as fuck, you know I need something real
High as fuck, you know I need something real
I don't think they really be hearing me
I don't think they really get the energy (Yeah)
Fuck 'em all, yeah, just pardon me
I don't think they could really do nothing to me (Ayy)
I don't think I never ever heard of you
Your name rang not even a little bit (Yeah)
To everybody who praying down on me
I don't think you could really get rid of me (Ayy)

[Verse 3: Okasian]
Mhm, okay, we back, let’s get this styling tho
In the same fit, can't style me tho
Fuck a handout can't hold your door
Mhm, no way (No way)
우리 길이 달라도
그런 거지 그냥 keep smiling tho
내가 느껴져?
니 무거운 자존심 태워버려
그러다가 넌 영원히 차가워져
그녀는 맘에 든대 내 aura
요즘엔 별의별 게 다 중요해 버려
누가 누굴 채점해 사라져
누가 누굴 cancel해 사라져
겁쟁이들이 만든 규칙 우린 안 따라줘
니 말대로 니 삶이 영화라면 나는 라면 끓여 그냥 TV 보네
똑같은 고통을 느끼지만 이젠 있는 경치를 그대로 보네
내 싸움 대신 싸워 주지만 친구
난 아직 필요하니까 이 상처
깊게 들이마셔 단전
난 아직 노리지 후반에 반전, mhm

[Pre-Chorus: Sik-K]
또 다시 보여줘야 돼
바쁘게 모아 my time (My time)
French yogo로 맞담해 (Light it up)
Gang sign 없이 outside
퍼뜨려 L-O-V-E (Burn it)
증오들은 rest in peace
내 속은 모르는 게 bliss (Bliss)
그녀에게 마지막 kiss

[Chorus: Sik-K, Bryan Chase]
Baby gonna know, I got the feels
High as fuck, you know I need something real
High as fuck, you know I need something real
High as fuck, you know I need something real
I don't think they really be hearing me
I don't think they really get the energy (Yeah)
Fuck 'em all, yeah, just pardon me
I don't think they could really do nothing to me (Ayy)
I don't think I never ever heard of you
Your name rang not even a little bit (Yeah)
To everybody who praying down on me
I don't think you could really get rid of me (Ayy)","","","","",""
"PUBLIC ENEMIES (Feat. OSUN, Iyaan, Jeffrey White, Raf Sandou)","Sik-K","6TUuxnabfrlNbFi0FJSz5G","[식케이 & 릴모쉬핏 ""PUBLIC ENEMIES"" ft. 권오선,  아이얀, 제프리 화이트, 라프산두 가사]

[Verse 1: OSUN]
Uh, yeah, yeah
돈 채워, 마음 비워
긴장 풀어, 밑으로 기어
생각했던 거보다 쉽네
삼만 불러, 딜 하나 띄워
What you got, I got fever
Run that shit up, 내 뒤에 neo
Fake-ass, tryna hop on that Beamer
내 새끼들 빼고 안 줘
후려쳐봐 나머지
줘도 안 먹어, 네 집 개 줘
난 떡 하나 주면 안 잡아먹지
담배 피우던 시절은 버려
잘나가는 알라도
뱀새끼 걸렸다가 족쳐
바짓가랑이 찢길라 해도

[Chorus: OSUN]
네 말은 씹어, just turned DND on, DND on
I got five stripes on my Adidas, on my Adidas
거쳐가는 과정 필요해, I need that Brita
말고 구시대의 leader, 내가 leader
아무나 말고 팔방미녀, 되도록 미녀가 좋아
Tryna fight with demons, fighting with demons
백날 우려먹고 지겨워, 이제 지겨워
장단 따지기도 싫어, 내가 더 싫어, 도망치듯이

[Verse 2: Iyaan]
Yeah, 소원을 빌었지 어릴 적
We smoking time like we always young
평생을 어릴 것처럼 굴었어
우린 집 앞 mart에서
사곤 했어 폴라포랑 빵
외상값은 give a toss to my mom
Vice City Tommy처럼
Reset해 처음처럼 나의 life, what
Steroid rage 올 거 같아
너의 face, 가려 늦기 전에 (Yeah)
나 좀 도와달라고 물었지
그에 대한 너의 대답은, mm-mm
내 야망을 cannot understand
일점오년 동안 dopamine detox
Yeah, I got no label on my table
털어 먼지, oh-oh

[Verse 3: Jeffrey White]
She tryna keep airplane mode, huh
Shawty still wanna play more, huh
Party gon' wild for the night
Dеstroy this thing up like a claymore, huh
Babe knows what's hеr asset
Why you see me with the same set?
Can't even see where's the stains at?
Already on the freakin' next thing
Next thing, next stage
We on a POV van then
Hold that sit up, living like vacay, still laid back
Tied up with a session cascade
왜 이렇게 다 작업을 할라 들어?
짜식들 작업을 할라 들어
제발 좀 그만 좀 달라붙어
못 놀 거면 그대로 나가주렴

[Chorus: OSUN]
네 말은 씹어, just turned DND on, DND on
I got five stripes on my Adidas, on my Adidas
거쳐가는 과정 필요해, I need that Brita
말고 구시대의 leader, 내가 leader
아무나 말고 팔방미녀, 되도록 미녀가 좋아
Tryna fight with demons, fighting with demons
백날 우려먹고 지겨워, 이제 지겨워
장단 따지기도 싫어, 내가 더 싫어, 도망치듯이

[Verse 4: Raf Sandou]
(Squad) Huh, huh, yuh
Ice, I put OKA on my chain
Mister Buster 하나만 패
Bling, I kissed it, I do my dance, bass go bang like (Bang)
Ayy, 난 가져와 all of that purple baguettes
빵에 넌 들어가 like that baguette
I do what I want, 나는 절대 안 빼
내 fashion 아니야 from Korea, babe
Huh, huh, huh
Straight to Japan (Woah)
Yo, yuh, yo
I say back it again
Pullupboi gon' turn 찍었어 HENZ
Pullupboi gon' turn 찢었어 bass (Alright)
Okay, my fit lookin' too fresh
Huh, boy, check out my swag

[Bridge: Raf Sandou]
Yeah, yeah, check out my swag now (What)
I said, check out my swag now (Check)
이리 와봐, baby, check out my swag now (Swag)
I said, check the freak out my swag now

[Refrain: Sik-K, Wuuslime, ZICO, Roh Yun Ha, *CHANGMO*]
Huh, huh, huh, huh, 밑바닥까지 떨어져도
Huh, huh, huh, 나는 꿈도 있고 crew도 있네
Huh, huh, huh, 얼굴 사장들과 차원이 달라
Huh, huh, huh, we go stupid, we go fuck it up, and
Huh, huh, huh, 일류니깐 크게 웃어 we go
Ha, ha, ha, *할 땐 함께 해 십대 때부터 산업
Cartel shit*, 승리의 축배를 들어, we go
Shot, shot, shot, shot, we go
Shall we go? Shall we go, go?

[Outro]
Fuck-fuck-fuck, yeah-yeah
(Fuck-fuck-fuck, yeah-yeah)
Fuck, fuck-fuck-fuck, yeah-yeah
(Fuck-fuck-fuck, yeah-yeah) Motherfucker
Motherfucker
Motherfucker
Motherfucker, yeah
Fucking motherfucker (Peace out)
Fuck-fuck-fuck, yeah-yeah (Peace out)
(Fuck-fuck-fuck, yeah-yeah) Motherfucker
Motherfucker
Motherfucker
Motherfucker, yeah
Fucking motherfucker (Peace out)","156.436","0.612","0.623","-8.698","0.374"
"PUBLIC ENEMY (Feat. Roh Yun Ha, Wuuslime)","Sik-K","0k4IMjv3mF9LlphfeG8ZjA","[식케이 & 릴모쉬핏 ""PUBLIC ENEMY"" ft. 노윤하 & Wuuslime 가사]

[Verse 1: Sik-K]
Thank god, 나는 역시 너무 talented
Fuck your fan club, 내 fan들은 안 해 갈라치기
안 통해 땡깡, 아주 어려, 매 널 지켜봐도 너는 될까
말까 한 수준인데 또 얕은수를 생각
야생이라던 네 친구들은 돌고래인가 봐?
Trapper인 양 왼쪽 어깨에만 둘러멘 가방
Huh, 안에 들어있는 건 보조배터리잖아
십만 원밖에 안 들은 체크카드, 괜찮아 brother, uh, ah

[Chorus: Sik-K]
Huh, huh, huh, huh, 밑바닥까지 떨어져도
Huh, huh, huh, 나는 꿈도 있고 crew도 있네
Huh, huh, huh, day zeroes 들은 여전히 옆에
Huh, huh, huh, we go stupid, we go fuck it up, and
Huh, huh, huh, 일류니깐 크게 웃어, we go
Ha, ha, ha, 노래나 만들고 불러, we go
La, la, la, 승리의 축배를 들어, we go
Shot, shot, shot, shot, we go
Shall we go? Shall we go, go?

[Verse 2: Roh Yun Ha]
Yo, 씬이 어쩌고 또 저쩌고
몸으로 흐름을 체감해 거꾸로
너희들이 쳐 놓은 벽 넘어 난 파쿠르
이 지랄 만들어 놓은 새끼들 데리고 와 내 앞으로
별 도움 안 돼 네 shout out
더 막 대해도 되겠어 함부로
나 더 이상 눈 안 깔아
네가 올려다봐야지, everybody type of us
(Oh) Still by my side, Wuuslime
꼬레아노 South side
허락 안 해 반말, huh (Yuh), uh
여기서 돈 버는 거 간단해
우리 하는 것들 반만 해봐 봐
That your prime time

[Verse 3: Wuuslime]
#Backinstyle, I'ma gon' smoke you up
이거 아니야 shisha
이십사시간 잠은 뒤져서나
자고 내 시간은 비싸
I put my life on the line
살다 보니 가려 이 사람 저 사람
다 보여 얘는 bitch boy type
쟤는 pussy boy type 잘 가려 해서 가려해 식사
유재하 peace of mind
Bounce back 기적 같아, I feel blessed
신경 쓰지 말고 네 것 잘 팔아
무서워 늦바람 와리가리 too much
맞아 talk is cheap 그 입 닫아
밤바리, two-seat undercover
철없게 안 해 이런 자랑
정말로 난 신경도 안 써
이 바닥 I'm out of your sight, 이거 봐봐

[Chorus: Wuuslime, Roh Yun Ha]
Huh, huh, huh, huh, 밑바닥까지 떨어져도
Huh, huh, huh, 나는 꿈도 있고 crew도 있네
Huh, huh, huh, day zeroes들은 여전히 옆에
Huh, huh, huh, wе go stupid, we go fuck it up, and
Huh, huh, huh, 일류니깐 크게 웃어, we go
Ha, ha, ha, 노래나 만들고 불러, we go
La, la, la, 승리의 축배를 들어, wе go
Shot, shot, shot
Shall we go? Shall we go, go?

[Outro]
Fuck-fuck-fuck, yeah-yeah
(Fuck-fuck-fuck, yeah-yeah)
Fuck, fuck-fuck-fuck, yeah-yeah
(Fuck-fuck-fuck, yeah-yeah) Motherfucker
Motherfucker
Motherfucker
Motherfucker, yeah
Fucking motherfucker (Peace out)
Fuck-fuck-fuck, yeah-yeah (Peace out)
(Fuck-fuck-fuck, yeah-yeah) Motherfucker
Motherfucker
Motherfucker
Motherfucker, yeah
Fucking motherfucker (Peace out)","150.018","0.968","0.576","-2.078","0.261"
"PUBLIC ENEMY (Feat. Roh Yun Ha, Wuuslime)","Sik-K","1ANgzrRNt6ppWJlk8KNkQL","[식케이 & 릴모쉬핏 ""PUBLIC ENEMY"" ft. 노윤하 & Wuuslime 가사]

[Verse 1: Sik-K]
Thank god, 나는 역시 너무 talented
Fuck your fan club, 내 fan들은 안 해 갈라치기
안 통해 땡깡, 아주 어려, 매 널 지켜봐도 너는 될까
말까 한 수준인데 또 얕은수를 생각
야생이라던 네 친구들은 돌고래인가 봐?
Trapper인 양 왼쪽 어깨에만 둘러멘 가방
Huh, 안에 들어있는 건 보조배터리잖아
십만 원밖에 안 들은 체크카드, 괜찮아 brother, uh, ah

[Chorus: Sik-K]
Huh, huh, huh, huh, 밑바닥까지 떨어져도
Huh, huh, huh, 나는 꿈도 있고 crew도 있네
Huh, huh, huh, day zeroes 들은 여전히 옆에
Huh, huh, huh, we go stupid, we go fuck it up, and
Huh, huh, huh, 일류니깐 크게 웃어, we go
Ha, ha, ha, 노래나 만들고 불러, we go
La, la, la, 승리의 축배를 들어, we go
Shot, shot, shot, shot, we go
Shall we go? Shall we go, go?

[Verse 2: Roh Yun Ha]
Yo, 씬이 어쩌고 또 저쩌고
몸으로 흐름을 체감해 거꾸로
너희들이 쳐 놓은 벽 넘어 난 파쿠르
이 지랄 만들어 놓은 새끼들 데리고 와 내 앞으로
별 도움 안 돼 네 shout out
더 막 대해도 되겠어 함부로
나 더 이상 눈 안 깔아
네가 올려다봐야지, everybody type of us
(Oh) Still by my side, Wuuslime
꼬레아노 South side
허락 안 해 반말, huh (Yuh), uh
여기서 돈 버는 거 간단해
우리 하는 것들 반만 해봐 봐
That your prime time

[Verse 3: Wuuslime]
#Backinstyle, I'ma gon' smoke you up
이거 아니야 shisha
이십사시간 잠은 뒤져서나
자고 내 시간은 비싸
I put my life on the line
살다 보니 가려 이 사람 저 사람
다 보여 얘는 bitch boy type
쟤는 pussy boy type 잘 가려 해서 가려해 식사
유재하 peace of mind
Bounce back 기적 같아, I feel blessed
신경 쓰지 말고 네 것 잘 팔아
무서워 늦바람 와리가리 too much
맞아 talk is cheap 그 입 닫아
밤바리, two-seat undercover
철없게 안 해 이런 자랑
정말로 난 신경도 안 써
이 바닥 I'm out of your sight, 이거 봐봐

[Chorus: Wuuslime, Roh Yun Ha]
Huh, huh, huh, huh, 밑바닥까지 떨어져도
Huh, huh, huh, 나는 꿈도 있고 crew도 있네
Huh, huh, huh, day zeroes들은 여전히 옆에
Huh, huh, huh, wе go stupid, we go fuck it up, and
Huh, huh, huh, 일류니깐 크게 웃어, we go
Ha, ha, ha, 노래나 만들고 불러, we go
La, la, la, 승리의 축배를 들어, wе go
Shot, shot, shot
Shall we go? Shall we go, go?

[Outro]
Fuck-fuck-fuck, yeah-yeah
(Fuck-fuck-fuck, yeah-yeah)
Fuck, fuck-fuck-fuck, yeah-yeah
(Fuck-fuck-fuck, yeah-yeah) Motherfucker
Motherfucker
Motherfucker
Motherfucker, yeah
Fucking motherfucker (Peace out)
Fuck-fuck-fuck, yeah-yeah (Peace out)
(Fuck-fuck-fuck, yeah-yeah) Motherfucker
Motherfucker
Motherfucker
Motherfucker, yeah
Fucking motherfucker (Peace out)","150.018","0.968","0.576","-2.078","0.261"
"STAY on FIRE (feat. DEAN)","Sik-K","0VGeaj4sDq9UnwzSxiVgkZ","[식케이 ""STAY on FIRE"" ft. 딘 가사]

[Verse 1: Sik-K]
It's five in the morning, I'm up
난 보내 부끄러운 표정의 emojis
넌 못 꺾는 걸 알지 내 고집
넌 보내 부끄러운 표정의 emojis
난 솔직하게 다 털어놓지
서로 바쁘니까 그냥 혹시
자는 시간은 겹칠 수도 있지
민망함으로 떡칠일 수도 있지 (Yeah)
부끄러운 듯해져 공기는 더워져 (Hot)
넌 돌고 돌지 이 녀석 저 녀석한테 (Ha)
이 집 저 집, 이 방 화장실에, 저 방 침대 위
영역 표시로 더럽혀
Ayo, pineapple pussy, yeah, 너무 많아 즙 juice
Pineapple pussy, 너무 달아 그게 끝
오랜만이야 떨어져 꿀
오랜만이야 안 꺼져 불

[Chorus: Sik-K]
Stay on fire, on some crazy shit
Gotta make you believe me
No kizzy (Hey)
Let's stay on fire, on some crazy shit
Gotta make you believe me
No kizzy

[Verse 2: DEAN]
좀 과하게 달라붙은 white tee (Ayy)
네 초록빛 스토리는 내 private hobby
별 말은 안 해 though, I like it (Shh)
나는 남겨 ID를, 넌 내 muse, 나의 idea
수많은 가능성 show me right here (Right here)
더 야하게 너답게 my dear (My dear)
그다음엔 말해, I need you right here
내 안에 fantasy를 자극시켜
I can't stay cool
You know that I can't hate you (Hate)
When you're naked for me

[Chorus: DEAN, DEAN & Sik-K]
She's on fire, on some crazy shit (On some crazy shit)
Just make me believe
Make me believe you
Let's stay on fire, on some crazy shit (On some crazy shit)
Then I'll make you believe me
No kizzy

[Outro: Sik-K]
Let's stay on fire, on some crazy shit
Gotta make you believe me
Hey","","","","",""
"MADE IN KCOREA (1TAKEBAR)","Sik-K","1LvUX3Sok90BMZdBPGHDIS","[식케이 & 릴모쉬핏 ""MADE IN KCOREA (1TAKEBAR)"" 가사]

[Intro]
Yeah, yeah

[Verse]
We make it look easy, 니 차례야 brother
We proud of what we did 얼마나 더 잘해야
닫아줄래? 니 뚫린 입과 자의식 과잉
넌 찾아봐 rehab or clinic or Moshpit and Sik
Lesson을 줄 수 있을지도?
니 음악 해결 못해 Metro Boomin도
난 너가 얼마나 구린놈인지 그건
시작도 안했지 내가 입뻥끗하면 너는 외워야 하지
에반스 매듭을 묶는 방법
고통스럽지 않게 죽는 방법
눈물이 안 나와도 우는 방법을
Trap을 시작해야 할지도?
소개해 줄게 GGM Lil Dragon, he quit it though
Leellamarz 소개해 줄게 과외를 받던가 해
We know how to write hit songs
너무 바빠, 오빠 너무 나빠, she call me a bad boy
안 바쁜 그녀에게 문자해 잘 먹고 잘 살아 널 차단했어
I break up with 골빈 bitches, yeah
I break up with 쫌생이 bitches, yeah
고마움 모르는 youngins, uh
바랄게 섬망을 겪기를, yeah, it's up
난 죽었었지만 I came back to life
KC 단 한 명도 안 돌아섰고
YELOWS MOB still feels like we twenties
Keep the party lit again 맛탱이 가게
What's happenin' my gang?
I'm sagging my pants
Swaggin' out daily
Swang no Swae Lee
소풍은 LV show로
말해줘봤자 you don't get it though
딴따라 삐에로 위기를 기회로
내 적은 chit chatters 만들어 시체로
내 자서전 제목, 전화위복이고
내 사전엔 없어, 실패론
가볍게 힘 빼고 펜 들어, 김세동, Mr. Independent
씬을 심폐소생, bring back them golden era
휘민식 콤보는 참이슬 terra
Eleven years, thirty one now, no 베라
Shit is Alpha 그리고 Omega
내 legacy, heritage 흠집 못 낼 거야
딱 가져와 내 눈앞에 니 homage
Jay Park에게 돌려
우린 Jay Park 빼곤 안 모셔
We never outshine him
한 번 식구는 영원히 식구기에
우리는 여전히 같이 뛸 준비해
성공은 함께 나누고 뒤풀이해
평생 그럴 것 같아 내 기분이 그래
Fuck a rap beef, it's all love now, uh, yeah
Fuck a rap beef, it's all love now, uh, yeah
Fuck a rap beef, it's all love now

[Outro]
또 약간 좀 새로운 친구들에게
기회를 주고 그래야겠다 해가지고
'또 다른 label을 차리자'라고 이제 생각을 했죠
이런 친구들을 이렇게 도와 주면서
이렇게 끌어 올려야 뭔가 다 같이 이렇게 잘 되고
다 같이 판을 키울 수 있어서 지금 이렇게 하는 거지
뭐 돈이나 이런 유명세나 이런 건 진짜로 한 순간에 사라질 수도 있는 거라가지고
긍정적인 영향을, 영감 줬던 사람으로 남고 싶죠","","","","",""
"PLAYER (feat. Crush)","Sik-K","0aKxRmN8Dv6KAWuYwLbKim","[식케이 ""PLAYER"" ft. 크러쉬 가사]

[Intro]
Hmm, yeah
Baby, woah, woah, woah, woah, woah
Baby, woah, woah, woah, woah, woah

[Verse 1]
왜 폰만 만져?
다 보여 고민하고 있는 거 이 바보야
나라면 뭐 하냐면서 뭐 한 번, 두 번, 세 번쯤은
두드리겠지 계속 또
무르익겠지, like 100도?
물음표는 어느새 zero
넌 이젠 알겠니 좀?

[Chorus]
I'm not a player
I'm not a player
I'm not a player
I'm not a player
I'm not a player
I'm not a player
I'm not a player
I'm not a player

[Verse 2]
Um
밤은 너무 시끄러워
별의 별의 별의 말들이 돌아 네게 소문을 내러 와
의심은 해로워
I ain't playin' no more
너만 알고 싶은 게 있음
내게로 와
내가 위험해 보여? 다칠까 봐?
그래 한때는 막살았지만, 이젠 아냐
책임질 게 많은 것은 죄가 아냐

[Chorus]
I'm not a player
I'm not a player
I'm not a player
I'm not a player
I'm not a player
I'm not a player
I'm not a player
I'm not a player

[Outro]
I'm not playing with you
I'm not playing with you
Baby, don't play with me
Don't play with me","170.02","0.839","0.617","-5.192","0.846"
"K-FLIP","Sik-K","4uWSHrerTTNjDoDSYl2jyv","[식케이 & 릴모쉬핏 ""K-FLIP"" 가사]

[Chorus]
Uh, uh, uh, ah-ha
Uh, uh, uh, ah-ha

[Verse 1]
Rat and snitch (Rat and snitch)
정리는 했고 이제 brand new day, ah-ha
Back on my shit (Back on my shit)
돌려놔 cycle, brodie where you at? Ah-ha
할 말이 가득해 많아도
안 떠들어대는 게 나의 theme, yeah
내 눈이 감길 때까지도
안 잊어 아버지의 가르침, yeah
Uh, 죽거나 살거나
모 아니면 도, so I need some more, yeah
하거나 말거나
No 아니면 go, so I gotta go, yeah
뒤지거나 타거나, my motto
니들이 뭐 뭐라고
씨불여도, huh
너랑 내가 발을 딛고 서 있는 땅이 같은
지구여도, huh
다른 language, 다른 level
못 알아들어먹지

[Chorus]
Uh, uh, uh, ah-ha
You know what the fuck is going on

[Verse 2]
백마디씩 말해줘 봐야 뭐해? 난 행동으로 해 (Yeah)
백마디씩 말해봐야 뭐해? 난 album으로 해 (Yeah)
발음 안 해 알아서 알아들어 mumbling으로 해 (Yeah)
듣기 싫음 듣지 마 강요 안 해 누가 들으랬어? (Yeah)
Since twenty-sixteen, since twenty-sixteen, yeah (Yeah)
언젠지는 몰라 되어 있었지 OG, yeah (Yeah)
호소를 왜 해? 난 그딴 거 없이, yeah (Yeah)
너만 인정 못하는 G.O.A.T, yeah
항상 말보단 action, I gotta get going
보이는 곳으로 움직여 두 발이 가는 대로
Hater, hater, 이젠 말하지 다르네 보법
경찰서가 아님 난 절대 안 쓰네 소설

[Outro]
어른이 돼도 feel young
아기 동자 아니면
God level 산신령
전시 안의 symbol
너희 감 다 뒤졌어
Moshpit, 6MAFIA
Go high without reefer
KC in AREA","","","","",""
"PUBLIC ENEMY REMIX (Feat. CHANGMO, ZICO)","Sik-K","6NDEfaIJXAdCG21UHujFUp","[식케이 & Lil Moshpit ""PUBLIC ENEMY REMIX"" (ft. 창모 & ZICO) 가사]

[Verse 1: CHANGMO]
펜스 안 유령 새끼 퇴치할라 챙겨왔어 Mescal
이 판 대표는 개 쪽팔려 와자디의 게시가
나에겐 없어 사이버 감수성을 챙길 세심함
그냥 갖다 들이대면 넌 답해 ""오빠, 네, 씨발""
나는 내일 내 죽음 둔 것처럼 살아 매 순간
Cowboy boots에 Levi's jean, 말 살해해 만든 leather jacket
오퍼스 원을 따, 내 삶 몰라 홍대 친목 rapper 따윈
내 아이들, 너거보다 잘 알아 내꺼 듣고 Sche 샀지
헤헤헤, Moshpit, don't stop
멍멍멍, 개새끼들 아주 밥 달라고, 멍멍멍
Featuring? 계약금 박어 최소 천점오
물론 Moshpit과 K는 무료, nighty-four 피
할 땐 함께 해, 십대 때부터 산업 카르텔 shit
새끼들이 다 커서 먹어 적폐 한자리씩
어떻게 내 삶은 이렇게나 fantasy인지?
따라와, 그냥 살아간다 적같이
우린 세상한테 간다 씨발 좆같이 (Uh-huh)

[Verse 2: ZICO]
(Z-I-CO)
빛 좋은 씨빠빠리 strapped up with the drip from head to toe
빈티지 Levi's, 십자가 땜빵 덧대 with Chrome
Ayy, gotta get dough, 사지 멀쩡해 너가 파묘해도
차차 내 복수를 실행하지 지옥 길에서 meet and greet 하러 go
줄만 잘 탈 줄 알지, 형편없어 모든 line이
팬 하나 못 달구면서 흉내 내네 fine dining
No more lies, no more tryin', 오늘 영단어는 impossible
Go, go, go, bite deep like a carnivore
(KC, AT, FANXY, keep going)
Huh, huh, huh, 얼굴 사장들과 차원이 달라
Knock, knock, knock 옆집 자식들 새판을 깔아
Wop, wop, wop, 넌 제자리잖아 Kendrick step을
밟아봤자, 님아 그 강을 건너지 마오
차이나 보폭이 난 멀리 봐 like 몽골인
감다뒤들 못 느끼는 사이 우리 넷은 이미 홍콩임
Fuck the fair play, 난 대놓고 선수 쳐
넌 huh, huh, huh, 헐떡이네 Doechii처럼

[Verse 3: Sik-K]
Huh, huh, huh, huh, 밑바닥까지 떨어져도
Huh, huh, huh, 나는 꿈도 있고 crew도 있네
Huh, huh, huh, day zero들은 여전히 옆에
Huh, huh, huh, we go stupid, we go fuck it up and
Ha, ha, ha, 일류니깐 크게 웃어 we go
Ha, ha, ha, 노래나 만들고 불러 we go
La, la, la, 승리의 축배를 들어 we go
Shot, shot, shot, shot, we go
Shall we go?
Shall we go, go","","","","",""
"NEW ANTHEM (Feat. PENOMECO)","Sik-K","2CTXMnufDSeYiuQfpIfQtp","[식케이 & 릴모쉬핏 ""NEW ANTHEM"" ft. 페노메코 가사]

[Intro: Sik-K]
K-K-K-K-K-K, K-K-K-K-C
K-K-K-K-K-K, K-K-K-K-C

[Verse 1: Sik-K]
I need an anthem
I need another banger, huh
Whatever gets you through the nights, John Lennon, huh
It's alright, it's alright, 낭비 못해 한 시간도
아마 A.K.A 시한부 어딨냐고 내 빗자루
쓸어 담아 new money, new money, new money
New bitch, new bitch, new bitch, new bitch
Who's this? New friends? 저리 꺼져
S-I-K 어림없어 day one 번호표 집어서 뒤로 줄을 서
난 day zero부터
Like Tablo, Mithra, Tukutz
Like Dynamic Duo
뼈를 묻어 studio
내 허슬에는 Loophole 없어
있다면 묶어
Bang, banger, banger
Need another anthem now

[Sample: Tablo]
Supreme T mix Martin with Malcolm
Add a little kimchi
내 열 번째 앨범 it's out
때론 smart 때론 바보처럼
Like coke and rum, mix it up
You know the outcome

[Chorus: Sik-K]
New bitch
Huh, now
Need another anthem
Huh, now
Need another anthem

[Verse 2: PENOMECO]
Huh, man, I'm gon' push it on the side and I've been stacking like magic
내놔 cash로 장난 안 까, 필요해 지게 차 key
딴 년이랑 깍지 끼고 find new bitch, bitch, bitch
골로 보내자고 내 방식 권민식이 식이 식이
Put 'em in leash, huh
Give me that cheese, huh
난 굴러봤지, huh
So give me that leash, huh
Man, I'm gon' push it, I'm gon' fire, 불타 죽어도 안 돌아가
Such a pussy, I ain't gon' lie, 여긴 나 없인 안 돌아가
Put 'em in leash, huh
Party lit, huh
넌 물로 봤지, huh
You better not chase, huh
Man, I'm gon' push it, I'm gon' fire, 불타 죽어도 안 돌아가
Such a pussy, I ain't gon' lie, 여긴 나 없인 안 돌아가
Put 'em in leash

[Sample]
Throw your hands in the air now
한국 힙합이 새로 태어날
날이 바로 오늘 say yeah, now
여기서 질문, 지금 누가 살아남아 있어?

[Chorus: Sik-K]
New bitch
Now
Need another anthem
Huh, now
Need another anthem","","","","",""
"LALALA (Snitch Club)","Sik-K","4F8e1uEGDoefb784hyp6Et","[식케이 & 릴모쉬핏 ""LALALA (Snitch Club)"" 가사]

[Chorus]
La, la-la, la-la, la-la-la-la
La, la-la, la-la, la-la-la-la
La, la-la, la-la, la-la-la-la
La, la-la, la-la, la-la-la-la
La, la-la, la-la, la-la-la-la
La, la-la, la-la, la-la-la-la
La, la-la, la-la, la-la-la-la
La, la-la, la-la, la-la-la-la

[Verse 1]
윗도리는 Margiela, Thug Club 절대 안 입어 (안 입어)
하남자로 만들어버리는 suck my dick, panty는 burn it up (Burn it up)
좆같은 기분 팔-이-오 (팔-이-오), 광복된 것처럼 흔들어
코 그만 훔쳐 약사들 앞에서 대답해, 이 병신이 뜸 들여
눈치 없는 새끼, 귀여운 새끼, 지겨운 새끼, 겁쟁이
Bitch 새끼, snitch 새끼, thug 인 척하는 영민이 새끼
없지 애미, 멋쟁이, 여자 패지 마치 지 애비
Authentic한 내 친구들과 이제 볼일 없겠지

[Verse 2]
Michael Jaejoon Kim with me, 우린 물어봐, who are you?
마지막이야 나가 뒤지기 싫으면 권지율도
No friends in this industry의 진짜 뜻을
너가 알 때쯤 날 찾아와 꿇겠지 무릎을

[Verse 3]
No, no, 맨입으로 안 돼
예의 바르게 suck my dick
GOAT호소인 새끼 결국 뒤졌잖아, don't fuck with Sik
알잖아 6MAFIA 난 끝까지 가, you already know
어차피 마지막에는 흥얼대고 있겠지
내가 you already know

[Chorus]
La, la-la, la-la, la-la-la-la
La, la-la, la-la, la-la-la-la
La, la-la, la-la, la-la-la-la
La, la-la, la-la, la-la-la-la

[Refrain]
Fuckin' up that snitch club, snitch club, snitch club
Fuckin' up that snitch club, snitch club, snitch club
Fuckin' up that snitch club, snitch club, snitch club
Fuckin' up that snitch club, snitch club, snitch club
Fuckin' up that snitch club, snitch club, snitch club
Fuckin' up that snitch club, snitch club, snitch club
Fuckin' up that snitch club, snitch club, snitch club
Fuckin' up that snitch club, snitch club, snitch club
(La-la-la-la)

[Chorus]
La, la-la, la-la, la-la-la-la
La, la-la, la-la, la-la-la-la
La, la-la, la-la, la-la-la-la
La, la-la, la-la, la-la-la-la","92.488","0.924","0.629","-1.136","0.105"
"LALALA (Snitch Club)","Sik-K","0KSRooB5KakgVrZm1ymQ9x","[식케이 & 릴모쉬핏 ""LALALA (Snitch Club)"" 가사]

[Chorus]
La, la-la, la-la, la-la-la-la
La, la-la, la-la, la-la-la-la
La, la-la, la-la, la-la-la-la
La, la-la, la-la, la-la-la-la
La, la-la, la-la, la-la-la-la
La, la-la, la-la, la-la-la-la
La, la-la, la-la, la-la-la-la
La, la-la, la-la, la-la-la-la

[Verse 1]
윗도리는 Margiela, Thug Club 절대 안 입어 (안 입어)
하남자로 만들어버리는 suck my dick, panty는 burn it up (Burn it up)
좆같은 기분 팔-이-오 (팔-이-오), 광복된 것처럼 흔들어
코 그만 훔쳐 약사들 앞에서 대답해, 이 병신이 뜸 들여
눈치 없는 새끼, 귀여운 새끼, 지겨운 새끼, 겁쟁이
Bitch 새끼, snitch 새끼, thug 인 척하는 영민이 새끼
없지 애미, 멋쟁이, 여자 패지 마치 지 애비
Authentic한 내 친구들과 이제 볼일 없겠지

[Verse 2]
Michael Jaejoon Kim with me, 우린 물어봐, who are you?
마지막이야 나가 뒤지기 싫으면 권지율도
No friends in this industry의 진짜 뜻을
너가 알 때쯤 날 찾아와 꿇겠지 무릎을

[Verse 3]
No, no, 맨입으로 안 돼
예의 바르게 suck my dick
GOAT호소인 새끼 결국 뒤졌잖아, don't fuck with Sik
알잖아 6MAFIA 난 끝까지 가, you already know
어차피 마지막에는 흥얼대고 있겠지
내가 you already know

[Chorus]
La, la-la, la-la, la-la-la-la
La, la-la, la-la, la-la-la-la
La, la-la, la-la, la-la-la-la
La, la-la, la-la, la-la-la-la

[Refrain]
Fuckin' up that snitch club, snitch club, snitch club
Fuckin' up that snitch club, snitch club, snitch club
Fuckin' up that snitch club, snitch club, snitch club
Fuckin' up that snitch club, snitch club, snitch club
Fuckin' up that snitch club, snitch club, snitch club
Fuckin' up that snitch club, snitch club, snitch club
Fuckin' up that snitch club, snitch club, snitch club
Fuckin' up that snitch club, snitch club, snitch club
(La-la-la-la)

[Chorus]
La, la-la, la-la, la-la-la-la
La, la-la, la-la, la-la-la-la
La, la-la, la-la, la-la-la-la
La, la-la, la-la, la-la-la-la","92.488","0.924","0.629","-1.136","0.105"
"KC2 (Feat. JMIN, HAON)","Sik-K","2t6RzQ2oHrCs6kir5Br70X","[식케이 & 릴모쉬핏 ""KC2"" (ft. JMIN & 김하온) 가사]

[Intro: JMIN]
KC
Thro-thro-throwing up that KC
Thro-thro-throwing up that KC
Thro-thro-throwing up that KC
KC

[Chorus: JMIN]
Tip her like a strippa
Watch my racks they getting bigga
KC, yeah, we too official
I'm a real sauce drippa
Screaming KC
Throwing up that KC
KC
Thro-thro-throwing up that KC
Thro-thro-throwing up that KC
Thro-thro-throwing up that KC

[Verse 1: HAON]
Throwin' up, throwin' up
When the bass drop
You know what the fuck is goin’ on
Got the cash out million을 꺼내 챙긴 다음에는
Sinning with my European hoes
누군가는 passed out 아니야 패싸움
다 픽픽 쓰러진다고 해
Soon as it get started
나를 test 하지 마
너넨 배신
And I don’t know how to do that
Yeah, I got a list
오늘 밤에
Who wanna be my babe?
I put a lil baddie on the table
And she tryna kiss my face
My shit is on fleek, don't leak
Let's get lit
Turn your TV off
You know what I'm on

[Chorus: JMIN]
Tip her like a strippa
Watch my racks they getting bigga
KC, yeah, we too official
I’m a real sauce drippa
Screaming KC
Throwing up that KC
KC
Thro-thro-throwing up that KC
Thro-thro-throwing up that KC
Thro-thro-throwing up that KC

[Verse 2: JMIN]
Racks on racks
Your bitch she like my drip
Yeah, she like my dick
Said she wanna take a lil' trip
Just to get a lick
Get that dough
Never fold
I can’t fuck with rat hoes
Acting like y'all trapping, y'all ain't trapping, y'all some pussy ho's
Bitch I'm cutthroat
Bitch we cutthroat
Getting cheese like a rat but I ain't never told (On God)
How you claiming that you thug but tell on your bro
Screaming fuck the world, it's just me versus me I do my thang

[Chorus: JMIN]
Tip her like a strippa
Watch my racks they getting bigga
KC, yeah, we too official
I'm a real sauce drippa
Screaming KC
Throwing up that KC
KC
Thro-thro-throwing up that KC
Thro-thro-throwing up that KC
Thro-thro-throwing up that KC

[Verse 3: Sik-K]
나오잖아 자세 우 셋, 좌 셋
가오 잡아 안 빼 죽기엔 팔팔하네
I beat the case let me beat 'em up
And I'm beat 'em up again
한시름 놓았을 때
기습하지 너가 또 왔을 때는
분위기 싸해진 뒤지
넌 못 들고 다녀 네 face
생각 못 하지 debate
너 때문에 내 도파민이 지체해
Go listen Dopamine Giselle
네 얘긴 nobody cares
너희들 죽을 때까지
난 존재해 일어날 때 누울 때까지 KC

[Outro: JMIN]
KC
Thro-thro-throwing up that KC
Thro-thro-throwing up that KC
Thro-thro-throwing up that KC","","","","",""
"K-FLIP","Sik-K","6wJYCMGEvXtbNYTs7ovL72","[식케이 & 릴모쉬핏 ""K-FLIP"" 가사]

[Chorus]
Uh, uh, uh, ah-ha
Uh, uh, uh, ah-ha

[Verse 1]
Rat and snitch (Rat and snitch)
정리는 했고 이제 brand new day, ah-ha
Back on my shit (Back on my shit)
돌려놔 cycle, brodie where you at? Ah-ha
할 말이 가득해 많아도
안 떠들어대는 게 나의 theme, yeah
내 눈이 감길 때까지도
안 잊어 아버지의 가르침, yeah
Uh, 죽거나 살거나
모 아니면 도, so I need some more, yeah
하거나 말거나
No 아니면 go, so I gotta go, yeah
뒤지거나 타거나, my motto
니들이 뭐 뭐라고
씨불여도, huh
너랑 내가 발을 딛고 서 있는 땅이 같은
지구여도, huh
다른 language, 다른 level
못 알아들어먹지

[Chorus]
Uh, uh, uh, ah-ha
You know what the fuck is going on

[Verse 2]
백마디씩 말해줘 봐야 뭐해? 난 행동으로 해 (Yeah)
백마디씩 말해봐야 뭐해? 난 album으로 해 (Yeah)
발음 안 해 알아서 알아들어 mumbling으로 해 (Yeah)
듣기 싫음 듣지 마 강요 안 해 누가 들으랬어? (Yeah)
Since twenty-sixteen, since twenty-sixteen, yeah (Yeah)
언젠지는 몰라 되어 있었지 OG, yeah (Yeah)
호소를 왜 해? 난 그딴 거 없이, yeah (Yeah)
너만 인정 못하는 G.O.A.T, yeah
항상 말보단 action, I gotta get going
보이는 곳으로 움직여 두 발이 가는 대로
Hater, hater, 이젠 말하지 다르네 보법
경찰서가 아님 난 절대 안 쓰네 소설

[Outro]
어른이 돼도 feel young
아기 동자 아니면
God level 산신령
전시 안의 symbol
너희 감 다 뒤졌어
Moshpit, 6MAFIA
Go high without reefer
KC in AREA","","","","",""
"KC2 (Feat. JMIN, HAON)","Sik-K","7zgHEl7FKvSYoinueRFl1H","[식케이 & 릴모쉬핏 ""KC2"" (ft. JMIN & 김하온) 가사]

[Intro: JMIN]
KC
Thro-thro-throwing up that KC
Thro-thro-throwing up that KC
Thro-thro-throwing up that KC
KC

[Chorus: JMIN]
Tip her like a strippa
Watch my racks they getting bigga
KC, yeah, we too official
I'm a real sauce drippa
Screaming KC
Throwing up that KC
KC
Thro-thro-throwing up that KC
Thro-thro-throwing up that KC
Thro-thro-throwing up that KC

[Verse 1: HAON]
Throwin' up, throwin' up
When the bass drop
You know what the fuck is goin’ on
Got the cash out million을 꺼내 챙긴 다음에는
Sinning with my European hoes
누군가는 passed out 아니야 패싸움
다 픽픽 쓰러진다고 해
Soon as it get started
나를 test 하지 마
너넨 배신
And I don’t know how to do that
Yeah, I got a list
오늘 밤에
Who wanna be my babe?
I put a lil baddie on the table
And she tryna kiss my face
My shit is on fleek, don't leak
Let's get lit
Turn your TV off
You know what I'm on

[Chorus: JMIN]
Tip her like a strippa
Watch my racks they getting bigga
KC, yeah, we too official
I’m a real sauce drippa
Screaming KC
Throwing up that KC
KC
Thro-thro-throwing up that KC
Thro-thro-throwing up that KC
Thro-thro-throwing up that KC

[Verse 2: JMIN]
Racks on racks
Your bitch she like my drip
Yeah, she like my dick
Said she wanna take a lil' trip
Just to get a lick
Get that dough
Never fold
I can’t fuck with rat hoes
Acting like y'all trapping, y'all ain't trapping, y'all some pussy ho's
Bitch I'm cutthroat
Bitch we cutthroat
Getting cheese like a rat but I ain't never told (On God)
How you claiming that you thug but tell on your bro
Screaming fuck the world, it's just me versus me I do my thang

[Chorus: JMIN]
Tip her like a strippa
Watch my racks they getting bigga
KC, yeah, we too official
I'm a real sauce drippa
Screaming KC
Throwing up that KC
KC
Thro-thro-throwing up that KC
Thro-thro-throwing up that KC
Thro-thro-throwing up that KC

[Verse 3: Sik-K]
나오잖아 자세 우 셋, 좌 셋
가오 잡아 안 빼 죽기엔 팔팔하네
I beat the case let me beat 'em up
And I'm beat 'em up again
한시름 놓았을 때
기습하지 너가 또 왔을 때는
분위기 싸해진 뒤지
넌 못 들고 다녀 네 face
생각 못 하지 debate
너 때문에 내 도파민이 지체해
Go listen Dopamine Giselle
네 얘긴 nobody cares
너희들 죽을 때까지
난 존재해 일어날 때 누울 때까지 KC

[Outro: JMIN]
KC
Thro-thro-throwing up that KC
Thro-thro-throwing up that KC
Thro-thro-throwing up that KC","","","","",""
"STAY on FIRE (feat. DEAN)","Sik-K","6PpxPJyQYHGeiUCYy6jF02","[식케이 ""STAY on FIRE"" ft. 딘 가사]

[Verse 1: Sik-K]
It's five in the morning, I'm up
난 보내 부끄러운 표정의 emojis
넌 못 꺾는 걸 알지 내 고집
넌 보내 부끄러운 표정의 emojis
난 솔직하게 다 털어놓지
서로 바쁘니까 그냥 혹시
자는 시간은 겹칠 수도 있지
민망함으로 떡칠일 수도 있지 (Yeah)
부끄러운 듯해져 공기는 더워져 (Hot)
넌 돌고 돌지 이 녀석 저 녀석한테 (Ha)
이 집 저 집, 이 방 화장실에, 저 방 침대 위
영역 표시로 더럽혀
Ayo, pineapple pussy, yeah, 너무 많아 즙 juice
Pineapple pussy, 너무 달아 그게 끝
오랜만이야 떨어져 꿀
오랜만이야 안 꺼져 불

[Chorus: Sik-K]
Stay on fire, on some crazy shit
Gotta make you believe me
No kizzy (Hey)
Let's stay on fire, on some crazy shit
Gotta make you believe me
No kizzy

[Verse 2: DEAN]
좀 과하게 달라붙은 white tee (Ayy)
네 초록빛 스토리는 내 private hobby
별 말은 안 해 though, I like it (Shh)
나는 남겨 ID를, 넌 내 muse, 나의 idea
수많은 가능성 show me right here (Right here)
더 야하게 너답게 my dear (My dear)
그다음엔 말해, I need you right here
내 안에 fantasy를 자극시켜
I can't stay cool
You know that I can't hate you (Hate)
When you're naked for me

[Chorus: DEAN, DEAN & Sik-K]
She's on fire, on some crazy shit (On some crazy shit)
Just make me believe
Make me believe you
Let's stay on fire, on some crazy shit (On some crazy shit)
Then I'll make you believe me
No kizzy

[Outro: Sik-K]
Let's stay on fire, on some crazy shit
Gotta make you believe me
Hey","","","","",""
"party (SHUT DOWN)","Sik-K","1ihIXI2MVklmJdPvIUxExZ","[식케이 ""R.I.P (Rest In Party)"" 가사]

[Intro: MOON]
Can I Come In

[Hook]
집어치워 하얀 꽃다발-발-발-발
왜 여기 까지와서 왈-왈-왈-왈대
초대 받은 사람들만 왔다 가
You know It’s goin’ down, down, down
You know It’s goin’ down, down
시간은 멈춰있잖아 나한테
다들 같이 RIP to myself
Let me Rest In Party 끝날 때쯤

[Verse 1]
If I die tomorrow, 식장은 party로 바꿔
너무 울지마, 눈물까지 가지고 가면
조금 빨리 잊혀질걸 알어
하지만 tho I’m gone
난 음악 속에서 여전히 살어, hey
우리 엄마 아빤 싸우지도 않고
두 번 다시 사랑 앞에 까불지도 않고
나는 그냥 누워 쉴래 그 땐
즐길 수 있을거 같아
눈 감고서야 good day

[Hook]
집어치워 하얀 꽃다발-발-발-발
왜 여기 까지와서 왈-왈-왈-왈대
초대 받은 사람들만 왔다 가
You know It’s goin’ down, down, down
You know It’s goin’ down, down
시간은 멈춰있잖아 나한테
다들 같이 RIP to myself
Let me Rest In Party 끝날 때쯤

[Verse 2]
멍청이들아 왜 울먹거려
Just grab another bottle
니네 아직 덜 먹어서그래
전 여친은 부르지마, 지옥갈거같아
날 더 미워할걸 아마
불효자가 되서 눈을 감아
이틀동안 내 앨범 순서대로 straight
계속 돌려줘, 계속 틀어, 더 크게
Yeah, 내가 누운 관 뚜껑을 덮을 땐
돈다발을 가득 채워줘, Goyard duffel bag에

[Hook]
집어치워 하얀 꽃다발-발-발-발
왜 여기 까지와서 왈-왈-왈-왈대
초대 받은 사람들만 왔다 가
You know It’s goin’ down, down, down
You know It’s goin’ down, down
시간은 멈춰있잖아 나한테
다들 같이 RIP to myself
Let me Rest In Party 끝날 때쯤

[Bridge]
부어 liquor, 죽어줘 나대신 마시고
부어 liquor, 죽어줘 나대신 마시고
부어 liquor, 죽어줘 나대신 마시고
부어 liquor, 죽어줘 나대신 마시고
부어 liquor, 죽어줘 나대신 마시고
부어 liquor, 죽어줘 나대신 마시고

[Hook]
집어치워 하얀 꽃다발-발-발-발
왜 여기 까지와서 왈-왈-왈-왈대
초대 받은 사람들만 왔다 가
You know It’s goin’ down, down, down
You know It’s goin’ down, down
시간은 멈춰있잖아 나한테
다들 같이 RIP to myself
Let me Rest In Party 끝날 때쯤","97.013","0.799","0.829","-5.389","0.471"
"SELF HATE (Feat. HOMIES)","Sik-K","4GygGjJVRBtPfLFTjitvao","[식케이 & 릴모쉬핏 ""SELF HATE"" ft. 호미들 가사]

[Chorus]
Yeah, 내 맘은 폐허
고자극의 Ampere
미움조차도 옆에
그리움조차도 옆에
두고서 사랑을 줘
감춰 속상함은 burn
나만 잘하라는 법 매일 아차하는 걸

[Verse 1]
기억하고 있다가도 잊어 까먹기도 하고
이천만 원이 없기도 하고
슬픈 생각 속에 갇혀 가끔은 그냥 살아
그래도 싫지는 않아, 그래도 싫지는 않아
두려움의 실체를 알아

[Verse 2]
Whenever I'm feelin' low
더 높게 날아 더 곱게 가러
Talk that power 폐로 spin, 폐로 spin
Nosebleed, nosebleed, nosebleed
Nosebleed, nosebleed
Bleeding, oh, I'm bleeding
아프니까 느껴
살아있음을 더
가는데 순서 없어
난 눈 감아줄 거야
죽음이 제 발로 찾아온대도 안 숨어
흐느껴 oh, I'm bleeding, oh, I'm bleeding adrenaline
Clean up my system
다시 만난 세계맛 나
Xan, she’s my ex
스미마셍 Yeah, I still live in sin

[Chorus]
Yeah, 내 맘은 폐허
고자극의 Ampere
미움조차도 옆에
그리움조차도 옆에
두고서 사랑을 줘
감춰 속상함은 burn
나만 잘하라는 법 매일 아차하는 걸

[Verse 3]
피차일반 don't talk to me
씹다 뱉는 껌 for me
나는 나를 깎아가며 위
아름다운 구렁텅이
난 항상 토해내고 검은 피
내가 버는 돈은 원해 clean
아마 누군가의 wannabe
가끔은 나도 도움받길
Go four, fixe, six, seven 더 원해 mission
얼음이 붙어 깔아 더 vision
깝치는 새끼는 바로 뒤져
자기 일도 못 해 사람이셔
우리 삶은 dramatic
Bon appétit
내가 어떻게 잊어 개거지 시절
그 자식이 날 보면 바로 기절

[Verse 4]
만들어 길
뒤로는 못 가 다시
가슴이 미어
내 눈물을 엮어 산 clip
우린 모아 idea
거의 엑조디아
나는 또 어디야?
꿈이랑 현실 사이야
Please don't talk to me
I got two carats in my ear
Yuh, 키워 힘
Rollie wrist timeless
Yuh, okay 더 흘려 피
Pain은 날 아껴 더 흘려 피
하늘 높이
갈 거야 난 저 하늘 높이

[Chorus]
Yeah, 내 맘은 폐허
고자극의 Ampere
미움조차도 옆에
그리움조차도 옆에
두고서 사랑을 줘
감춰 속상함은 burn
나만 잘하라는 법 매일 아차하는 걸

[Verse 5]
날 바라보는 놈
그건 또 다른 내 몸
내가 무서웠지
남은 아니었어
Don't trust nobody
내가 나부터 믿고 해야
남도 믿을 수 있을 텐데 for sure
열등했던 사내 이제는 많이 배부르니
눈이 높아졌어 fuck your avеrage
아직 내 눈에 심장 red like pеpperoni
아직 못다 한 숙제들도 해버리지","","","","",""
"M.I.A (feat. HAON, JMIN)","Sik-K","0kkWU02BFaQXlEkaxY2DPD","[식케이 ""MIA"" ft. 하온, JMIN 가사]

[Intro: Sik-K,  HAON]
간 보지 말아 이만하면
넌 이미 말 끊었겠지, 내가 이상하면?
But girl I know you fuck with me too
Shawty you know you my go-to

[Chorus: JMIN, Sik-K]
(Yeah)
You got me speechless, don't know what to say
Your time is precious, let's not even wait
I could show you in a thousand ways
For you shawty I go M.I.A
여기 bitch 다 저리 가라 그래
여기 bitch 다 저리 가라 그래
여기 bitch 다 저리 가라 그래
여기 bitch 다 저리 가라 그래

[Verse 1: Sik-K]
정답이 뭐야? I'm wondering
정답이 있는 거야? 털려, 어이
그때부터 너도 내가 좋았는지
Mingle, 찰싹, sex
그 후에는 뭐 내 욕하든지?
내기해 분명 넌 나한테 아무 얘기해
Like 밥이나 먹자고 연락해
생각하고 있겠지 넌 나의 나체를
Woo, woo, woo

[Chorus: JMIN, Sik-K]
You got me speechless, don't know what to say
Your time is precious, let's not even wait
I could show you in a thousand ways
For you shawty I go M.I.A
여기 bitch 다 저리 가라 그래
여기 bitch 다 저리 가라 그래
여기 bitch 다 저리 가라 그래
여기 bitch 다 저리 가라 그래

[Verse 2: HAON]
너의 전화, 놀러 오란 말에
빈손으로 가긴 뭐해서 사 온 Ferrero Rocher
너의 고맙다는 말은 번개 같았고
바로 본론으로 넘어가길 원해
이럴 거면 영화는 왜 틀어놓은 건데?
You got me speechless
네 테두리 안에 난 딱 맞아떨어지네
그녀는 너무 잘해 Tetris
돌리는 솜씨가 허리와 동기화 되어있지, 너와 나의 케미스트리
New memory 기록해 매일 밤
속으론 언제나 counting 3
최선을 다해 resisting
For you I can go M.I.A
Ok girl, you made me saying that
난 무시를 못 해 네가 가면을 벗어던질 땐
Is it alright? 너도 원한다는 걸 알아 babe

[Chorus: JMIN, Sik-K]
You got me speechless, don't know what to say
Your time is precious, let's not even wait
I could show you in a thousand ways
For you shawty I go M.I.A
여기 bitch 다 저리 가라 그래
여기 bitch 다 저리 가라 그래
여기 bitch 다 저리 가라 그래
여기 bitch 다 저리 가라 그래
You got me speechless, don't know what to say
Your time is precious, let's not even wait
I could show you in a thousand ways
For you shawty I go M.I.A
여기 bitch 다 저리 가라 그래
여기 bitch 다 저리 가라 그래
여기 bitch 다 저리 가라 그래
여기 bitch 다 저리 가라 그래
You got me speechless, don’t know what to say
Your time is precious, let’s not even wait
I could show you in a thousand ways
For you shawty I go M.I.A","84.912","0.685","0.534","-6.082","0.445"
"DARLING","Sik-K","67Nn0OgNZ31s7iEx9UmpEO","[식케이 ""달링"" ft. 크러쉬 가사]

[Refrain: Sik-K]
우리 둘이 너무 멀대
처음 들어보는 소린데
참 어려워 연애
찾지 않아도 보인뎄는댔지만
내 짝, 내 애인, 내 darling
내 짝, 내 애인, 내 darling
제발 제발 꼭 찾길
내 짝, 내 애인, 내 darling

[Verse 1: Sik-K]
하나, 둘, 셋, 또 넷
Timing을 자꾸 뭘 세
오늘 밤이 아니어도 돼
네가 딴 사람과 밖이어도 돼
날이 아니잖아 오늘만
가만히 있을게, 그럼 중간은
가있을 테니까, see you then
아무 이유 없이 내가 미울 땐
Tell me why you sad
And tell me why you bad
I am with it I can fix it
더 친해지길 바래
너도 시간 되면 미리 말해

[Chorus: Sik-K]
Darling where you at 집이니
아님 darling won't you think meeting with me
Let's crawling, get wildin'
My darling, my darling, 연락바래
Darling where you at 집이니
아님 darling won't you think meeting with me
Let's crawling, get wildin'
My darling, my darling

[Refrain: Sik-K]
우리 둘이 너무 멀대
처음 들어보는 소린데
참 어려워 연애
찾지 않아도 보인뎄는댔지만
내 짝, 내 애인, 내 darling
내 짝, 내 애인, 내 darling
제발 제발 꼭 찾길
내 짝, 내 애인, 내 darling

[Verse 2: Crush]
You know we made for each other
Gotta be worth it
The way you touch
하루 수백 번도 널 찾아
Truly I'm falling in love
한 번도 빠져본 적 없던 것처럼
Don't give a fuck what they say, 넌 내 집이니까
같이 있을 땐 want you to stay, 시간이 미우니까
사랑 노래만 하루 종일 듣고 싶으니까
So that's why I wanna call you my

[Chorus: Sik-K]
Darling where you at 집이니
아님 darling won't you think meeting with me
Let's crawling, get wildin'
My darling, my darling, 연락바래
Darling where you at 집이니
아님 darling won't you think meeting with me
Let's crawling, get wildin'
My darling, my darling

[Verse 3: Sik-K]
Tho' you workin' 9 to 5
뾰루퉁해, 내 말투만
그런 거야, it's alright
Good night, babe
어딘가에 있을까
만약 있다면 지금 난
많아 하고 싶은 말
Tonight

[Chorus: Sik-K]
Darling where you at 집이니
아님 darling won't you think meeting with me
Let's crawling, get wildin'
My darling, my darling, 연락바래
Darling","96.06","0.686","0.71","-4.926","0.483"
"iffy (Prod. GroovyRoom)","Sik-K","4q9JLlC3HIhN4CDC6KlpYK","[Intro]
Groovy Everywhere

[Verse 1: Sik-K]
Hit my line, yeah
눈더미같이 쌓인 일들은 Himalaya
난 얼마나 더 많이 또 일을 해야
사람들은 잊지 않을까
내 이름 세 글자를 덕분에 우린
하루 두 번의 아침 해를 봐 늘
다 집어 쳐 오늘 밤 we party
난 다 미뤘어 오랜만에 we mobbin'
계획을 바꿀래 갑자기
Yeah, bottles' poppin'
내 새로운 노래가 rockin' on the speaker
사진 찍고 싶어
Yeah, just take a picture
Yeah, yeah, yeah, yeah
Feelin' all this liquor, drinkin' all this liquor
Yeah, yeah, yeah
Yeah, yeah, yeah, yeah
한 방울 방울 방울도 남기지 말고
오늘 밤을 밤을 밤을 넌 아끼지마
너가 데려온 친구들 전부 세워놓고
음악 볼륨을 키워 더
천장을 뚫어버릴 정도로

[Pre-Chorus: Sik-K]
술 잔을 들어 in the air
음악을 크게 틀어 in the air
Tonight we ain't got no limit, baby
내일 내가 살아있을지도 iffy, iffy, yeah

[Chorus: Sik-K]
Iffy, iffy, yeah, yeah
Iffy, iffy, yeah
Iffy, iffy, yeah, yeah
Iffy, iffy, yeah
Iffy, iffy, yeah, yeah
Iffy, iffy, yeah
Iffy, iffy, yeah, yeah
Iffy, iffy, yeah

[Verse 2: pH-1]
Poppin' tags for tonight, yeah
Meet up extra early, get it started, yeah
올 거면 미리 내게 말을 해
I don't recognize your friend's face
소개시켜줘 나랑 놀게
원하면 함께 chillin'
내 폰은 백 퍼센트 전화해 tonight
Yeah, I'm finna represent, we H1GHR 음악
오늘 파티엔 멋진 옷들로만
몸에 걸친 상태로 오면 돼
Take pics for instagram
Lookin' like them 절친 (Snap, snap)
Snap, snap, ooh, snap, snap, ooh
맘에 든 애를 뺀 (Ayy)
Snap, snap, ooh, snap, snap
나머진 태그 안 해도 돼
잊어봐 내일은 싹 다 뒤로 미뤄 내
싹 다 뒤로 미뤄 내 싹 다 뒤로 미뤄야 눈앞을 즐기지
오늘은 놀 거야 미친 듯이
하루만 허락해
We down for the night, ooh
Bass bumpin' right, ooh
I done lost count, ooh
We don't rap alike, nah
We don't flex alike, nah

[Pre-Chorus: Sik-K]
술 잔을 들어 in the air
음악을 크게 틀어 in the air
Tonight we ain't got no limit, baby
내일 내가 살아있을지도 iffy, iffy, yeah

[Chorus: Sik-K]
Iffy, iffy, yeah, yeah
Iffy, iffy, yeah
Iffy, iffy, yeah, yeah
Iffy, iffy, yeah
Iffy, iffy, yeah, yeah
Iffy, iffy, yeah
Iffy, iffy, yeah, yeah
Iffy, iffy, yeah

[Verse 3: Jay Park]
Yeah, yeah, uh
내 옆엔 기분 좋은 사람 기분 좋은 vibes, yeah
난 요트를 타고 있어 기분 좋은 life, yeah
어디 어디 갈까 오늘 오늘밤, yeah
도착지는 space, see me in the stars, yeah
난 연락이 와 전화가 와
내 목소리 듣고 싶대, eh
내 party로 와 술자리 있다고
받은 수 많은 초대, ayy
But I'd rather be with you
우리 둘이 먹는 술
취하면 훨씬 느낌 좋아 좋아
음악 틀어 make the mood
Ayy, we take it H1GHR every day
큰 목걸이 하나 하는 거 보다는 19개
하나에 500만원이면
Yeah, 한번 계산해
500만원 x 19
That means I'm getting paid, yeah
Riding everyday, yeah
손을 모아 pray, yeah, yeah
나름 겸손해, yeah, 난 너무 감사해, yeah
민식아 준원아 빵 터질 필요 없어
꾸준히만 하면 돼
Yeah, let's get it","86.984","0.7709999999999999","0.858","-4.934","0.589"
"NAMSAN TOWER (feat. LEY)","Sik-K","3dRU1VMQ1VQgeh6JkuHIal","[식케이 ""NAMSAN TOWER"" ft. 래이 가사]

[Pre-Chorus: Sik-K]
Late night, baby
You only do this at late
Now, it's 3 a.m
But party never over in my place
Get your shit, let’s dip (Yeah)
Let's party at the crib
내가 찾아줄게
너의 dream and fantasy

[Chorus: Sik-K]
Sexy hour
My dick's up, Namsan Tower
Ash로 만들어 flower
Hyatt에서 hot shower (Hyatt에서 hot shower)
Sexy hour
My dick’s up, Namsan Tower
Ash로 만들어 flower
Hyatt에서 hot shower

[Verse 1: LEY]
긴 생머리, 검은데님바지
향기들은 너를 왜곡시켜 놔
그걸 아는 듯이 눈을 흘겨 막
관심 없는 척 다리 꼬지 마
I cannot be your friend
그저 선택 같은 vibe
꼭 맛을 봐야 아니?
이젠 눈치로 좀 알지? (Yeah)
Get your shit and dip
꽤 조심해 난 깊어 (꽤 조심해 난 깊어)
빠져 she like a ship
할뻔했어 tip her
Take it off, take it off
She a stripper
Take it off

[Pre-Chorus: Sik-K]
Late night, baby
You only do this at late
Now, it's 3 a.m
But party never over in my place
Get your shit, let's dip (Yеah)
Let's party at the crib
내가 찾아줄게
너의 dream and fantasy

[Chorus: Sik-K]
Sеxy hour
My dick's up, Namsan Tower
Ash로 만들어 flower
Hyatt에서 hot shower (Hyatt에서 hot shower)
Sexy hour
My dick's up, Namsan Tower
Ash로 만들어 flower (Smoking)
Hyatt에서 hot shower

[Verse 2: Sik-K]
Smooth 하잖아 like Hibiki
스물하나야, 이십이 아니면
스물셋, no MJ
어리다고 느껴지지도 않잖아
Ain't no baby face
무슨 일을 하길래 이렇게 잘해?
대학생이래
무슨 약을 때리는 거야
내가 만난 Gen Z 다 왜 이래?
안 벗고 있을 땐 설레이고 싶대
다 벗고 있을 땐 걸레이고 싶대
또 먹고 싶을 땐 먹히고 싶대
떡칠 때 [?] 피고 싶대
Onlyfans 필요있냬
온 김에 video찍게
Phone 이리 내 that's what she said
That’s what she said

[Pre-Chorus: Sik-K]
Late night, baby
You only do this at late
Now, it’s 3 a.m
But party never over in my place
Get your shit, let's dip (Yeah)
Let’s party at the crib
내가 찾아줄게
너의 dream and fantasy

[Chorus: Sik-K]
Sexy hour
My dick's up, Namsan Tower
Ash로 만들어 flower
Hyatt에서 hot shower (Hyatt에서 hot shower)
Sexy hour
My dick's up, Namsan Tower
Ash로 만들어 flower (Smoking)
Hyatt에서 hot shower","","","","",""
"2AM in ITW","Sik-K","7it0Qk3NS9nB5mYeAPXQk3","[식케이 ""2AM in ITW"" 사]

[Chorus]
지금 자는 게 아니라면
나중에 자기로 하면 돼, 왜 안 돼?
너도 맘이 없는 게 아니라면
머뭇대지 않아도 돼, 아닌 척해야 해? 왜?

[Verse 1]
빗속으로 밟아 Porsche 페달
빗속으로 밟아 911
과속으로 한 장 남기겠군
내 번호판이 찍히든
Don't give a fuck, I'm speedin'
넌 노려 내 심장, 도려내려고 내 심장을, 돌아 내 집 밖을 두어 바퀴 spinnin'
You be like fuck this city, Seoul city
Baby 참아, 가라앉혀
지금 힘 빼지 마
따먹긴 뭘, 그건 농담
If you got no any plan tonight, 나에겐 더 좋은 idea
할 말이 없으면 어떡하나, 벌써 걱정은 말아
얼굴 보고 떠들다 네가 신호를 줘 I'm watching

[Chorus]
지금 자는 게 아니라면
나중에 자기로 하면 돼, 왜 안 돼?
너도 맘이 없는 게 아니라면
머뭇대지 않아도 돼, 아닌 척해야 해? 왜?

[Verse 2]
It's 2AM, 안 늦었다는 걸 알아
넌 부지런한 척하지만
몇 시간이 됐니 일어난 지? Baby
ETA? Baby, baby
한남오거리, I'm like O'Malley
빈틈을 노려, ETA?
너도 보고 싶다고 말해
맞춰서 오고 있다고 말해
너도 기다린다고 말해
내 집 앞이라고 말해
어떻게 기억해 냈네 내 주소?
미안해 먼저 들어가 있으라고 말 못 해서
찬물 끼얹는 소리와 물기 없는 소리, 건조한 건 말뿐이잖아
우린 이 대화만 셀 수 없었지, good sex 였었지
이 대화만 나누고 나서 break up and make up

[Chorus]
지금 자는 게 아니라면
나중에 자기로 하면 돼, 왜 안 돼?
너도 맘이 없는 게 아니라면
머뭇대지 않아도 돼, baby, baby, baby, baby","","","","",""
"Rendezvous","Sik-K","4Z2mXXSzuCDEHZtFGmy0X5","Bittersweet
Acquired is the taste
So in control
Don’t let it slip away
Away
Away
Away

Youre allowed
(Honestly)
To let your guard down
(It ain’t hard to see)
Am I allowed
(Everything)
To weigh you down?
(Weigh you down)

Your such a drug
Oh darling what you do
I couldn’t call it love
But it puts me in the mood

We made a rendezvous
Met up on the otherside
Where the winners play to lose
But only for one night

Eyes so steady
Nice and steady
Oooh
Nice and steady
Interstelly
Ooooh
Nice and steady
Nights so heavy
Ooohh

Sucking your lip
Bit down
Now your feeling me

We came for one thing
Ride on a one way

Countdown
T minus
10
9
8
7
6
5
4
3
2
1
Go

Bittersweet
Acquired is the taste
Losing control
Just let it slip away
Away
Away
Away","115.836","0.178","0.533","-17.779","0.2"
"TOXICK","Sik-K","58usw15bgarns0kTKmNP9U","[식케이 ""TOXICK"" 사]

[Verse 1]
Baby 원래 그런 건가?
있다가 또 없다
쉬웠다 어렵다가
어른스러웠다
가끔 어렸다가 여기다가 저기다가
이겼다가 졌다 입었다 벗었다가
좋아져 어쩌다가
또 완전 더럽다가
손목 한 번 걸었다가
각서를 적었다가
찢어발겨 버렸다가
너랑 난 열받아
우리들은 버릇 나와
싸우고선 다른 사람
나쁘게 말하면 바람
안 하잖아, 감 놔라 배 놔라
잘 살아
그러다가 찾잖아?
네가 날 더 잘 알잖아?
내가 널 더 잘 알잖아?
I know what you want, mm
하루이틀 아니니까
Uh, 나쁜 습관이지만 우리 무슨 말이 필요해? Yeah
뜨겁진 않지만 yeah, 또 쉽게는 식진 않아
Toxic 하다 toxic 해 이젠, yeah

[Chorus]
You are my favorite, baby
맘 때문이겠지?
돌고 돌고 돌아
나도 몰라 아파도 좋아 네가
난 널 아끼나 봐
여전히 뛰잖아
내 심장 박박박동
(두근두근두근두근)

[Verse 2]
Baby 여태 그랬었네
질질 끌고서 어째저째
오긴 왔네 또 몇 번째인지
대체 좋았었던 때 있긴 했었나?
넌 했던 말 또 뱉어
그만할 때를 몰라 I stay low now
쩔어, 내로남불에 노답 forever
지겨워지기도 지겨운데 안 끝내
속아주기도 지쳐 가짜 눈물에
물어봤어 친구들도 다 그렇대
그거 오래 봐서 그래
그때 크게 싸웠을 때 yeah, 끝이라는 말들 지켜야 했지, yeah
새벽에 연락들은 씹어야 했지
네 body 누구 거냐니깐 ""네 거야"" 랬지
넌 진짜 야했지, 이렇게 예뻤나 했지

[Chorus]
역시 you are my favorite, baby
맘 때문이겠지?
돌고 돌고 돌아
나도 몰라 아파도 좋아 네가
난 널 아끼나 봐
여전히 뛰잖아
내 심장 박박박동
(두근두근두근)","","","","",""
"NAMSAN TOWER (feat. LEY)","Sik-K","1DfQw1Y8gpDDeqkOGMIAVY","[식케이 ""NAMSAN TOWER"" ft. 래이 가사]

[Pre-Chorus: Sik-K]
Late night, baby
You only do this at late
Now, it's 3 a.m
But party never over in my place
Get your shit, let’s dip (Yeah)
Let's party at the crib
내가 찾아줄게
너의 dream and fantasy

[Chorus: Sik-K]
Sexy hour
My dick's up, Namsan Tower
Ash로 만들어 flower
Hyatt에서 hot shower (Hyatt에서 hot shower)
Sexy hour
My dick’s up, Namsan Tower
Ash로 만들어 flower
Hyatt에서 hot shower

[Verse 1: LEY]
긴 생머리, 검은데님바지
향기들은 너를 왜곡시켜 놔
그걸 아는 듯이 눈을 흘겨 막
관심 없는 척 다리 꼬지 마
I cannot be your friend
그저 선택 같은 vibe
꼭 맛을 봐야 아니?
이젠 눈치로 좀 알지? (Yeah)
Get your shit and dip
꽤 조심해 난 깊어 (꽤 조심해 난 깊어)
빠져 she like a ship
할뻔했어 tip her
Take it off, take it off
She a stripper
Take it off

[Pre-Chorus: Sik-K]
Late night, baby
You only do this at late
Now, it's 3 a.m
But party never over in my place
Get your shit, let's dip (Yеah)
Let's party at the crib
내가 찾아줄게
너의 dream and fantasy

[Chorus: Sik-K]
Sеxy hour
My dick's up, Namsan Tower
Ash로 만들어 flower
Hyatt에서 hot shower (Hyatt에서 hot shower)
Sexy hour
My dick's up, Namsan Tower
Ash로 만들어 flower (Smoking)
Hyatt에서 hot shower

[Verse 2: Sik-K]
Smooth 하잖아 like Hibiki
스물하나야, 이십이 아니면
스물셋, no MJ
어리다고 느껴지지도 않잖아
Ain't no baby face
무슨 일을 하길래 이렇게 잘해?
대학생이래
무슨 약을 때리는 거야
내가 만난 Gen Z 다 왜 이래?
안 벗고 있을 땐 설레이고 싶대
다 벗고 있을 땐 걸레이고 싶대
또 먹고 싶을 땐 먹히고 싶대
떡칠 때 [?] 피고 싶대
Onlyfans 필요있냬
온 김에 video찍게
Phone 이리 내 that's what she said
That’s what she said

[Pre-Chorus: Sik-K]
Late night, baby
You only do this at late
Now, it’s 3 a.m
But party never over in my place
Get your shit, let's dip (Yeah)
Let’s party at the crib
내가 찾아줄게
너의 dream and fantasy

[Chorus: Sik-K]
Sexy hour
My dick's up, Namsan Tower
Ash로 만들어 flower
Hyatt에서 hot shower (Hyatt에서 hot shower)
Sexy hour
My dick's up, Namsan Tower
Ash로 만들어 flower (Smoking)
Hyatt에서 hot shower","","","","",""
"THAT IS ME","Sik-K","1ONMoaiwOkcSgFOEGu6MXs","[식케이 ""THAT IS ME"" 사]

[Verse 1]
네가 옷을 고르는 법, that is me
너는 모르는척하지만 girl, that is me
목요일에 가는 club, that is me
거긴 나의 go-to spot이었다는 걸 까먹었니? That is me
내 이름 없이 turn up, that is me
테이블 없이 turn up, that is me
네가 추고 있는 춤, that is me
네 친구들이랑 엉덩이 흔들고 있는 그 노래, that is me
You didn't know it

[Chorus]
Don't stop, throw that ass
긁히지 마, 어차피 DJ won't stop
들키지 마, 내 생각 나는 걸
아쉬워 말아
Just take a shot and get faded
내가 안 들릴 때까지 (Throw that ass)
Don't stop, throw that don't-don't stop, throw that (Ass) (Throw that ass)
Don't stop, throw that don't-don't stop, throw that  (Ass) (Throw that ass)
Don't stop, throw that don't-don't stop (Throw that ass)
Don't stop, throw that don't-don't stop (Throw that bounce)

[Verse 2]
Color of your nails, that is me
너의 ponytail, that is me
아마 머물러 있겠지 나의 taste에
지금 네 걸음걸이, 액세서리 that is me
Your CC, Birkin bags, that is me
Between love and hate, that is me
더 picky해진 네 눈, that is me
ChatGPT it, like who made you? Me

[Chorus]
Don't stop, throw that ass
긁히지 마, 어차피 DJ won't stop
들키지 마, 내 생각 나는 걸
아쉬워 말아
Just take a shot and get faded
내가 안 들릴 때까지 (Throw that ass)
Don't stop, throw that don't-don't stop, throw that (Ass) (Throw that ass)
Don't stop, throw that don't-don't stop, throw that (Ass) (Throw that ass)
Don't stop, throw that don't-don't stop (Throw that ass)
Don't stop, throw that don't-don't stop (Throw that bounce)

[Verse 3]
안 봐도 video
넌 지금 잘한단 소리 듣고 있겠지? 네 머리를 꽉 쥐고 있는 그 새끼한테
짝짓기도 시작하기 전에 끝내버리는 법, shit that I told ya, I made you
다 보인다 보여, my lessons still played you
0이었지, 너의 value
그걸 난 포장해 줬던 거지, 'cause I cared for you
그냥 더 컸을 뿐이지, 내 마음 씀씀이가
한 번 절었을 뿐이지, 넌 다르다 믿었으니까
원래 거기다가 내 입술 안 맞춰, unless it's Fiji
But I also gave you a head
진심이었던 날 버려, 네 못된 버릇 대신 and you said
“실수야 실수, 정말 딱 한 번 그랬어, 미안해, 잘할게“
미안하기는 뭐가? 더 잘할 거라고 네가? Shut up, 그냥 꺼져
Let your new boyfriend keep playin' my nеw shit
Ay 만들어주지 뭐 대충, 그 분위기
까짓거 나한테 어렵겠니?
네 기분만 더럽겠지?
Karma don't miss
So don't stop, throw that ass
I won't stop, won't stop
네 말투, that is me
네 tattoo, that is me
How you throw that ass on him, that is me
That is mе","","","","",""
"BETTER","Sik-K","3VOQmwJWqFysoX5mig7sQb","[식케이 ""BETTER"" 가사]

[Verse 1]
도미노같이 쓰러지겠어
피하라고 말해 머리에선
내 감정은 죽여 널 위해서
거울 속에 나랑 적이 됐어
상처를 주려고 했겠니?
내 전부를 주는데 baby
널 아끼기만 하는데
난 왜 망치기만 하는데 baby

[Chorus]
(Girl) I'll do better
(Girl) I'll do better
더 잘해볼게
내가 너 원하는 대로
(Girl) I'll do better
(Girl) I'll do better
I wanna give you the best of me
Promise you I'll do better
I'll do better
I'll do better
I wanna give you the best of me
Promise you I'll do better
I'll do better (Yeah)
I'll do better (Yeah)
I wanna give you the best of me
Promise you I'll do better (Promise I'll do)

[Verse 2]
난 또 폼이 안 나, 넌 귀찮아해
자꾸 간다 그래 뻑하면
이해가 안 가, 방금 전까지
좋았지 않아?
트집 잡아, 이제 척하면
나도 알아
이해한다 안 한다
이게 맞나, 안 맞나?

[Chorus]
(Girl) I'll do better
(Girl) I'll do better
더 잘해볼게
내가 너 원하는 대로
(Girl) I'll do better
(Girl) I'll do better
I wanna give you the best of me
Promise you I'll do better
I'll do better (Baby, I'll do better)
I'll do better (Baby, I'll do)
I wanna give you the best of me (Wanna give you the)
Promise you I'll do better (Promise I'll do)
I'll do better (Baby, I'll do better)
I'll do better (Baby, I'll do)
I wanna give you the best of me (Wanna give you the)
Promise you I'll do better (Promise I'll do)
Baby, I'll do better
Baby, I'll do better
Baby, I'll do better
Promise you I'll do","104.988","0.187","0.662","-9.003","0.233"
"TRAP (feat. Jimmy Paige)","Sik-K","2BJzz3Zfl6pPXYksd7I01C","[식케이 ""TRAP"" ft. 지미페이지 가사]

[Chorus: Sik-K]
자신감 brother, maybe it’s a trap
성공할 수 있는지에
할 수 있다면 기준이
넌 뭔지 말해줘 다음번에
Brother, money, it’s a trap
월세보다 비싼 pants
알고 싶어졌지 질러
A/C 키고 걸친 친칠라
Success, it’s a trap
Rolex, it’s a trap
Bottega, it’s a trap
Owens, it’s a trap
G-Wag, it’s a trap
네 친구, it’s a trap
네 식구, it’s a trap
I feel you, it’s a trap

[Verse 1: Sik-K]
내 상태 gotta call 911, 대신 whip a 911
뭘 또 하고 싶을지 알 리가 있나
내가 마흔이 되면
이 루틴에 중독이 된 지 오래인가
아직 마흔이 되려면 10년
인생은 한 번이 맞냐고 정말?
I think it’s a twice time
You should come and try mine
알 거 같아 아니 알아버리고 있는 거 같아
돈이 예술을
예술이 숫자랑 있는 거 같아
Illuminati에서 나한테 곧 연락해
“자리 비는 거 같아”
라고 할 거 같아
망상 it’s a trap
상상 it’s a trap
실현시킬 수 있는지 제발 말해줘 다음번에
Brother 허세 it’s a trap
너의 어제 it’s a trap
실수했다면 네 가면 제발 벗어줘
Don’t blame on 네 여자친구
너가 지켜야지 너의 명분
이라면 난 너랑 친구 못 해 먹어
'Cause 내 친구들은 다 달고 다니지 pepper
넌 친구들이랑 체념하고 말해야 알지
랩퍼인지도
네 인지도

[Chorus: Sik-K]
It’s a trap
네 crew it’s a trap
신이면 지킬 수 있는지?
제발 말해줘 다음번에
Amen, it’s a trap
108배 it’s a trap
꼰대 할배 he a trap
But he don’t know what is trap
Success, it’s a trap
Rolex, it’s a trap
Bottega, it’s a trap
Owens, it’s a trap
G-Wag, it’s a trap
네 친구, it’s a trap
네 식구, it’s a trap
I feel you, it’s a trap
Success, it’s a trap
Rolex, it’s a trap
Bottega, it’s a trap
Owens, it’s a trap
G-Wag, it’s a trap
네 친구, it’s a trap
네 식구, it’s a trap
I feel you, it’s a trap

[Verse 2: Jimmy Paige]
This rap shit, it’s a trap
My rhyme scheme, it’s on crack
My lines be hittin' so hard
They geekin' out loud, it’s ear cocaine
보낼 때 얘네 이름 없게 해
짭새들은 됐거든 올빼미
If the gas turn into a case, then
I'ma blow it up like fuckin' propane
나는 너의 눈물이 매주 묵주를 적시는 걸 알아
기대 말아 don’t pray
I’m too stonеd like a body from Pompeii
따버렸어 환갑 지난 Dom Peri
Tryna play that gamе then better be on table
모두 한 번쯤은 받아 똥패, 손 떼
Don’t place no bet, all them
선택 in your hands
Patek, it’s the best
Hi-Tech in a stack
걔 하체 them shits on clap
Nah, she all natural that don‘t train
All these dollar signs and ’em guala’s mine
Never let them be on my tail
In the trap, we all trapped
아냐 서로 미워할 때가

[Chorus: Jimmy Paige]
신촌길 it‘s a trap
신천지 it’s a trap
누구도 지킬 수 있는지
절대 말 못해 단번에
Amen, it’s a trap
108배 it’s a trap
약국 할배 he a trap
But he don’t know what is trap
Success, it’s a trap
Rolex, it’s a trap
Bottega, it’s a trap
Owens, it’s a trap
G-Wag, it’s a trap
네 친구, it’s a trap
네 식구, it’s a trap
I feel you, it’s a trap
Success, it’s a trap
Rolex, it’s a trap
Bottega, it’s a trap
Owens, it’s a trap
G-Wag, it’s a trap
네 친구, it’s a trap
네 식구, it’s a trap
I feel you, it’s a trap
I feel you, it’s a trap
I feel you, it’s a trap","116.991","0.839","0.791","-2.887","0.349"
"SUPERBEEWHY (Prod. by BewhY)","SUPERBEE","7K35gNl1ANbPHJGBt3mrpb","[Intro: SUPERBEE]
Ima rap till i die, 영원히, 그거 하나뿐 나의 소원은
어느날 내가 죽는다면 전설로 남을까 난 여기?
되고파 저 하늘의 별이, 상처투성이던 내 story
이제는 맑기를 원해, 내 뜻이 너에게 닿기를 원해
The rap legend

[Verse 1: SUPERBEE]
Ayy, SUPERBEEWHY, SUPERBEEWHY
우린 우성인자, 가짜들의 무덤위야
Shout out to C Jamm, 기다려 johnny's rhyme
열 두마디 bars안에 내 flow는 tsunami야
나 여전히 saucin', 어린 멋진 부자지 young
내 다이아는 frozen, 니껀 녹아 분하지 넌
Ayy, 노란 머리 양아치, 영원하게 내려 비
Quamo team 우리 재산을 합침 대부업을 하겠지
빚 없이 모여 빛이, 재벌 집 딸 폰에 ring해도 rich bee
직진 go, risky, PSP같이 I got this game, 손아귀에 있지
Quamo gang, gang, 사임 사임 sweepin'
니 여자 지문은 DM, DM, 우린 읽씹
우승 안해도 내 prob은 아니지, 여기서 진 건 재도전뿐이니
흉이 져도 아름다워 burn it, 난 이미 legendary Iconic
죽음 rocksta라고 난 영원해, 또 그때서야 오네 내 인정은
왜 이 시대는 저열해? yo, yo, yo, yo
오늘 내가 죽음 공휴일이요, yo, yo
Yeah, i said yo, yo, yo, yo
오늘 내가 져도 나는 이겨, yo, yo, yo

[Hook: SUPERBEE]
Hol' up, we'll make you dance, 우리 어제도 미래
수퍼비와 our zone, 영원히 비 내려
억부터 조, 모든 영들은 내 빛 돼
억부터 조, 모든 영들은 내 빛 돼
수퍼비와 zone에, 수퍼비와 zone에
수퍼비와 zone에, you can't enter my zone
수퍼비와 zone에, 수퍼비와 zone에
수퍼비와 zone에, you can't enter my zone

[Verse 2: BewhY]
Umm, SUPERBEEWHY가, SUPERBEEWHY가
SUPERBEE와 주거니 받거니한 나의 열 두마디 bars
궁금하지 나의 친 부모님과 류성민한테 받은 too many rhymes
82 거리 안의 우두머리가 돈과 명예
두마리 다 잡은 유명인사이기 전에
우리는 하나님의 피부를 가진
자랑스런 대한의 기둥 이 땅 가운데 국민이다 임마, oh
아직도 따라가는 저기 핫바지와는
많이 달라 구분이 아니고 구별이라는걸 나를 본 넌 주검이야
Original Gimchi, 우리 지폐는 ‘Won’, means 이미 이김 이지
우리 이름이 길이 길이 이 길 위 새겨 지리
이건 천국에서 내린 노래
이건 승리와 나의 삶의 romance
내 영혼에 박아져 있는 romans
16, 19’ 나의 팀과 외치는 광야의 고백
너의 시대를 지배할 준비가 되어가는 내 작품
살아있는 신화가 되어지는 우리들이야
너가 보는 것은 Deja Vu

[Hook: SUPERBEE]
Hol' up, we'll make you dance, 우리 어제도 미래
수퍼비와 our zone, 영원히 비 내려
억부터 조, 모든 영들은 내 빛 돼 (shine)
억부터 조, 모든 영들은 내 빛 돼 (shine)
수퍼비와 zone에 (pull up, pull up, pull up, skrrr)
수퍼비와 zone에, 수퍼비와 zone에
You can't enter my zone
수퍼비와 Zone에 (pull up pull up pull up skrrr)
수퍼비와 zone에, 수퍼비와 zone에
You can't enter my zone

[Bridge: SUPERBEE & BewhY]
Burn it, 난 이미 legendary Iconic
죽음 rockstar라고 난 영원해
또 그때서야 오네 내 인정에
왜 이 시대는 저열해?
노래, 이건 승리와 나의 삶의 romance
내 영혼에 박아져있는 romans
16, 19, 나의 팀과 외치는 고백

[Hook: SUPERBEE]
Hol' up, we'll make you dance, 우리 어제도 미래
수퍼비와 our zone, 영원히 비 내려
억부터 조, 모든 영들은 내 빛 돼
억부터 조, 모든 영들은 내 빛 돼
수퍼비와 zone에, 수퍼비와 zone에
수퍼비와 zone에, you can't enter my zone
수퍼비와 zone에, 수퍼비와 zone에
수퍼비와 zone에, you can't enter my zone에","","","","",""
"Shark In a Pool","SUPERBEE","14AP18uwzXhd4Cs8DRn0ia","[Produced by GIRIBOY]
G, R, Boy


[Verse 1: Superbee]
내가 초등학교도 들어가기도 전에
매주에 평일 한 번은 아빠의 손에
잡혀서 동네 목욕탕에 갔었어
아빠의 때수건은 정말 아팠어
근데 그것보다 더 무서웠던 건
바로 다름 아닌 상어 여섯 살 때 나는
냉탕에 상어가 살 거라고 믿었다고
Uh, 고추가 물릴 수도 있겠다 생각했었네
근데 내 또래 꼬마애들은
내 말을 믿어주지 않았어 애석해
걔네는 잘만 놀았고 게다가
몇몇은 물안경까지 차고 와서
Play to chill 했지만 난
어딘가 숨어있을 상어에 can't see
난 그저 온탕에 있었지
뜨거운 10분이 지나고서 나면
때가 불고 날 부르는 아빠의 손짓
목욕탕 내 얼굴은 침울 침울 가면
실은 상어를 무서워하지 않았던
걔네가 속으론 부러웠던 것 같애
참 순수했었네 난, 나도 놀고 싶었지 냉탕에서


[Hook: Superbee]
냉탕에 상어가 살거라 믿었지
나도 알아 색기야 그딴 건 없지
물론 망태할범도 안 믿어 병신
상어보다 내 모습이 더 무섭지

백상아리 청상아리
난 무서워서 놀때 가만히
백상아리 청상아리
난 무서웠어 목욕탕 안이


[Verse 2:Superbee]
이젠 그 어떠한 목욕탕을 가도
냉탕에 상어 따윈 조또 없단 걸 알어
이거 들으면 주엽동 거긴 가지 말어
난 탕에다 쉬하죠
또 내 요즘 소원 한 가진
투명 Skill 쓰고 여탕 들어가기
대걸레 머리, 전자담배랑 마일드 세븐을
동시에 피는 멍청이
비열하게 날 unfair 먹인 걔네는
차 사고가 나길 저주해 영원히
랩퍼들을 하도 씹어대
MC 파손 죄로 힙합감옥가면 어쩌지
뭐 어쩌긴 어쩌긴 어째 인마
폭망하고 멸망해 한국힙합
이 따위 말 밖에 못 줘 난 사악해
상어가 이제 없거든 냉탕엔


[Verse 3: Black Nut]
냉탕 앞에서 좁은 어깨를 펴지
내 두 다리 사이엔 겁대가리 없는 dolphin
조금 물리면 어때 난 안 물러서
안 무서워 이제 나도 너무 커서
어른이 됐어, 더 이상 아냐 멍청인
동경했던 랩퍼들을 실제로 보니 랩보단
내가 먼저 느낀 건 정인처럼
다들 대가리 속엔 그저 정치
이제 좀 이해 돼, Swings 형의 말
한국힙합 그냥 정치판
내 혀는 안 갖다 박아 니 똥꼬에
니 옆에 그녀 리즈시절처럼 넌 그저 old boy
머리 굴리지 마 넌 B-boy가 아냐
Rapper지 제발해 니 할 일 좀
머시론을 줄게 내게 덤비면
니들이 볼 건 피임, 그것뿐일 걸 (bitches)


[Hook: Superbee]
냉탕에 상어가 살거라 믿었지
나도 알아 색기야 그딴 건 없지
물론 망태할범도 안 믿어 병신
상어보다 내 모습이 더 무섭지

백상아리 청상아리
난 무서워서 놀때 가만히
백상아리 청상아리
난 무서웠어 목욕탕 안이


[Outro: Superbee]
백상아리 청상아리
난 무서워서 놀때 가만히
백상아리 청상아리
난 무서웠어 목욕탕 안이","","","","",""
"+82 Bars","SUPERBEE","2J5fF0d4ePNQfPRIS1LGJU","Hangul

[Intro]
Shout-out to GimciHillGang
Shout-out to Ghood Life
그리고 rapper보다
Hip-hop을 더 잘 아는 내 fan들
우린 엄청 부자 될 거야
Rap Legend, let's get it

[Verse]
+82 bars, 찢어 니 verse
나는 rap 전설, 한국 hip-hop 다시 건설, whoo
Wanna battle me, you better be flatterin' me
우린 너무 달라 level이, yuh
가짜 친구들 끼리 끼리
Frenemy ship, 나는 못 끼지, 배 멀미, shhh
니들 눈엔 너무 재섭지, 축제 시즌까지 해적질
Huh, I'm gonna be a legend
이제야 끝낸 기분야 1회전, ouu
얘넨 1, 2년은 걸린대, 고작 그 album을 위해서
I mean like what?
재능도 없지, 그냥 퍼 놀지, rapper라 치기도 뭐해
날 따라 잡을람 더해, back mirror에서 봐 너넬
Look, 2017 띠는 벌띠
Gucci, Supreme Bee back pack을 멘 채 날아 멀리
나는 몰라 범윌 2G, 3G, 4G, 다음은 OG, hoo
난 알아 벌 일, 왜냐면 이건 벌 일
또한 천재들의 원리, 24 내 머리속에 흘러, 전기, 윽
Walkin' in Seoul like a Ross
Don't tryna flex on me, yuh
난 니네 수입을 다 알아여, 척보면 X O 지요
I think they get no money, 앵벌이 or 엥 벌이야
그게 사실이면 공연장엔 왜 없지? hmm
다음 차는 drop top, 말도 걸지말어 나는 바빠
가짜들은 hop out my car, 밀린 돈이나 갚아
I'ma go hard 너는 go home
이 짓 빼곤 안들어 보험
나는 필요가 없어 로션
예의 발라, that's f'sho
수영, 수영, 수영 money ocean
Gettin' cheeze for my emotion
크게 웃어, 웃어, I'm happy
그렇다고 왜 니가 bad feels
Ha-ha-ha, I'm a new species, 내가 넘 밉지?
그래도 쉬쉬, 조용히 있지
왜냠 너도 알거든 rap으론 안돼 GG, yeah
Imagine over image, 난 그림 그려 넌 CG
혼자 집에서 배터리 갈아끼지
모두 다 기계들이니, yuh
Ghood life how I live, we rock the show 바위, hhh
너는 눌려 가위, hhh, 또 이겨 like Khaled, ouu
I was naive, yeah, 그때 술자리에
가지 않았담 너흴 respect 했을까 아직? 퉤
I just go, go get it, 너희완 달라 너무 나의 길이
영원히 나의 뒤지
여리 소심히 이 몸의 실패를 염원할 뿐이니, whoo
난 널 몰라, 진짜 하나두, 사실 알 필요두 없구
I've come a long way, 신촌 geek에서 5만원 모아갖구
공연했던 시절이, ayy, 물론 이 얘긴 과거지, ouu
나는 안해 감성팔이, yeah, 안해본게 알바니, yeah
Sky's the limit like BIG
앞 길이 아직 많이 남았지
난 안 취하지, 오직 취하지
Get, get, get it, get, 바삐
비탈길도 날 피하지
목걸이, 팔찌, 반지 모두 빙하기
815에 일장기처럼 hunnid motherfuckers you D-I-E
Uh, I'm a rap legend
과부화가 걸려 터진 potential
주역이 돼 24 넌 내 패널
하라구 못하는 rap이나 계속, hahaha
한번에 2장의 album
전설이 될려면 내 행보를 베껴
Wakey, wakey wack MC's 깨워, 아니 다시 재워
이불을 줘, 아니 뺏어, yeah
2-1같이 always I'm ill, yuh
I keep it 100 save'em Benjamins
Hoo, 날 욕해도 원해 내가 되길
왜냐면 내 차는 Maserati, 너넨 Lacetti, damn
참 경쟁자도 없구만, 다들 꼴이 체
그 짧은 돈과 인기에 한병만에 취해
멍청이 fan은 믿어 가짜 money swag, 가래를 퉤
백명이 넘어가는 애들 copy my flow
목엔 Cubic diamonds, 스뎅 chain차고 flex 타령
그럴바엔 벗어, 그냥 시원하게
그게 뭐라고 척까지 하고 다녀?
우린 100억짜리 빌딩을 짓자고
꿈만 있으면 할 수가 있다고
야망을 공유하던 친구는 이미 만족을 해버렸구
말뿐인 포부였다고, damn
혼자가 됐어 이젠, 세제로 눈을 씻어도 where, uh
내 몸에 지폐향 flavor, I'm a true playa slayer
언급도 싫지만 haters
'er'붙어 그것도 직업이라매요
일같지도 않은 일이네요, 숨쉬는 기계여
Yuh, 내가 이기는 모습이 너무 싫어 너넨
날 끌어내려 니네 열등감을 지우려해
허나 내가 붙잡을 수도 없이 높이 날아감
딴 세계 사람이니깐 하곤 경쟁을 놓지
그때 아마 넌 날 사랑할걸
Bill Gates보단 내 삶이 밉듯이
현대판 노예, 니 족쇄는 키보드 줄이지
Huh, 난 이걸 걍 재미삼아 했는데 지금 날 보니
완전 새로운 유전자를 갖고서
Rap을 위해 태어났었나봐, hhh
현실엔 상대가 없어 눈감아
허나 멈춘다면 죽음이야 난
Josh와 Mark의 야망
우리가 한 얘긴 New York 빌딩보다 커질거야 아마, ay
우리 부모님은 hustlers, 나는 많았어 용돈
이런 얘길 숨겨야 너희들 지지를 받겠지만요
Fuck you all
이건 another get it, another get it
내 딸이, 내 아들이
다이아 수저지, I mean it, ay
Plus mothafuckin' 연예인, ay
Shout-out to GimciHillGang
우린 brudah, 사업안에
Till we rich gang, gang, hoo
Shout-out to Ghood Life Crew
우린 family, 사업안에
Till we take this +82, +82, bang

Romanization

Jagnyeon nae 2baeui beol-i
Meon 2nyeondwi naneun eodi
Cut it cut it cut it homiedeuldo ballin
With my money
Geolil geonimyeon-eun eolin aedeul son-e pon-i
Chalkag chalkag chalkag ay son-eul daemyeon
Block'em block'em block'em hoo
I'm not rookie or newbie
Nan jeonseol-i doel kkumkkuji
Gucci louis v
Yaegileul anhaedu jigab-en manh-a ttubi
I'm not proving
I'm just grooving on this
Prima vista beat bitch
Hibhab almyeon take this nae jeong-gyu 1jib
Oooo hangug-e yeol-il-i
Na bakk-e eobs-eo nae ttam-eun oelowo
Geunde naneun ajig an baebulleo
31cheung-eseo hangang-eul bwa
Nan motherfuckers
Geunde i gibungwa gomin-eul
Eojji nideul-i ihaeleul hyeo
Ouu club-ui thotties
Eod-eun geon nangbi rhymeina jjaji hoo
Banghwang-eul jamsi
Muneojyeossda il-eonaseo dasi hoo
Geuttae nan al-assji
Nan ganghan salam-i aniljido ajig hoo
Geulaedo jeonseol-eun dwae hoooo
Hoooo as i go up
Everything looks blurred blurred
Jongyeonghadeon laepeodeul-eun jul-eo jul-eo
Gyaenega geuleolsulog don-eun bul-eo bul-eo
Hoooo as i go up
Everything looks blurred blurred
Jongyeonghadeon laepeodeul-eun jul-eo jul-eo
Gyaenega geuleolsulog don-eun bul-eo bul-eo
I am the motherfuckin choego ya
Da al-a neonedo ya
Gojag geugeo beon geol gasalo sseudani
Yamangdo eobsnedeul huh
R.I.P 2 Pac
2juman-e mandeun aelbeom-i
Geu all eyez on me
Ijjeum nae jasin-e dasi banseong
I aelbeom jag-eob-e handal-eul sseoss-euni
Oooo deo bunbalhaeyagess-eo heum
I saekkideul-eun gyang eum
Nae gasajaelyoil ppun
Sajingi lobos-iji poo
Sseulsseulhi naholloseo balb-a pedal
On this highway
Gah damn
Ouu club-ui thotties
Eod-eun geon nangbi rhymeina jjaji hoo
Banghwang-eul jamsi
Muneojyeossda il-eonaseo dasi hoo
Geuttae nan al-assji
Nan ganghan salam-i aniljido ajig hoo
Geulaedo jeonseol-eun dwae hoooo
Hoooo as i go up
Everything looks blurred blurred
Jongyeonghadeon laepeodeul-eun jul-eo jul-eo
Gyaenega geuleolsulog don-eun bul-eo bul-eo
Hoooo as i go up
Everything looks blurred blurred
Jongyeonghadeon laepeodeul-eun jul-eo jul-eo
Gyaenega geuleolsulog don-eun bul-eo bul-eo
Jeongjag neohuideul-eun moleuji yea
Neohuil kkal-aboneun i neukkim yea
Jasigdeul sinnassji jideulkkili yea
Ulineun bujaya jigeughi yea
Laebhaneun millionaire boys hey
Sambaegman-won jjali toys hey
Waenmanhan yeojan nal joh-ahae damn
Ajummadeuldo nal joh-ahae ay
Jeonsegyee yeonghyang-eul kkichyeo ay
Neon naega eodilo twilji woo
Gamdo mos jabgessji bitch wo
Baby come fuck with a rich uh
Illy ambition
Ulin wanbyeoghan hanhaeleul bonaess-eo
Yeogiseo eotteohge uh
Deo jalhagessna sipjiman
Gyang ap-eulo ganeun geoji
Like fuck it then
Jigeum ni gibun-eun eottae
Naega gyang jal beoneun nom-i anin
Jeonseol-i doeeoganeun geol bolttae
I pyeong-ihan jasigdeul teum-eseo
Bichnaneun jonjaega doendaneun geon
Na-ege geudaji eolyeoun il-eun anya
Like shit ain nuthin
Rap legend","","","","",""
"Pass the Rhyme (feat. Changmo, Dok2)","SUPERBEE","6j7LH26zch6rK1qxkuTZhb","Hangul

[Verse 1: CHANGMO]
난 쪼개 hi-hat처럼 너네 하이틴
Rapper들을 보며 ""Bro, 삽질해라, 화이팅""
Underground Rockstar here
너가 미국 sightseeing 할 때
난 tour 하였지, with illibition my team
My gang, yeah, my squad, fan 귀 독점 나의 숙원
애들 귀엔 오직 나이스한 음악
Rhyme이 이빠이 풀로 들어가야해
니 clan은 거 안 부합해
나의 수압에 눌려 나온 니 장 내 간식 kit kat

[Verse 2: SUPERBEE]
뒤엘 조심해, I go boom, boom
겨낭해서 click, clack, bang
안 갖혀 클리셰, 작은 손 가득 cream색
난 굴러가는 돌 뒤에 굴러가는 돌, 모든 돌 뽑아 뿌리채
Dickheads are afraid of me, I'm motherfuckin' 핀셋
직행 티켓을 잡아 전날에 또 pick pack
홈런을 쳐 cricket, 그래, 내가 사기케
너넨 아마추어 같으니 가서 골라 type beat

[Verse 3: CHANGMO]
리민, 그리고 my mate BEE는
천을 사임 세종 한장인듯 써대는 놈들
가짜 사이 진짜 배기
너넨 못 봐, 나의 패, 우리 패, 또 우리 fam 패배
덕소 GD 옆엔 승리뿐야, rat-tat-tat (Brrrrr)
Yeah, brother mans not hot, I just make the crowd hot
더기리 덕소놈의 카드 Amex Platinum I wont stop until
I get the black one, 난 selfmade의 상징
Oh, 저거 살까, 저거 벤테이가 맞지 (Skrrrrr)

[Verse 4: SUPERBEE]
내가 맞았지 (Heu)
이 나라 hip-hop의 미래를 두 어깨에 짊어졌어 like 멜빵바지 (Heu)
I go fuckin' legend, 창모는 기타없는 rockstar
니 rap은 기타 부수는 퍼포먼스보다 창피하지
우린 모두 platinum card를 치직
너도 할 수 있어, 다만 League of legend 얘기지
귀로 듣는 음악엔 you better microphone check
메세지는 그 다음, cuz a microphone is ain't 책, bitch

[Verse 5: CHANGMO]
내 옛 집은 비닐하우스, 빛이 없던 반지하
그 후 덕소리 집 다운 집
Im so busy now, 회사 차가 집이 아닌가 분간이 안가
허나 확실히 말할 수 있는 건 난 rich
그리고 star 친구 훈기가 태워준 foreign car
배기음 classic 음악인듯 부릉 연주하고 난 후 parking
Bling, 우리가 누리는 삶
멋진 rhyme들이 없음 못누렸다네
We from the concrete

[Verse 6: SUPERBEE]
Concrete, 이 아스팔트 위 기어는 D, I never R
대부분 B급, 못돼 BEE급, 이 바닥의 problem, ay
We livin' Ghood, Bition은 full, 더 넓은 vision을 품어
믹테 시절을 추억, 믹테 시절은 추워 like my Cuban, ay
Makin' history, 미스터리한 작업량
통장 안엔 빗소리 나, all we do is victory, ay
인벤토리에 모이네 big money, yeah
어디에 있나 또 내 벌이, yeah, uh

[Verse 7: Dok2]
SUPERBEE, 창모 and Gonzo
Beat가 날 또 부르네, vato que paso
언제든 불러, 늘 vamos, yeah
Illiy, Ambition, Ghood Life, 굳이 뭘 나눠
사이 좋게 쓸어 담어, 인생은 충분히 달어
Rap legend, mic 하나 무대 위 killa
Flow iller, 불 질러 버려 rap skill로
절대 구린 짓은 안해, 지키는 태도와 steelo
절대 일로 생각않지, 즐기며 0에서 mill로
만들어 버려, keepin it thoro
쫌 가다 뽀록나지 않는 mic skill, one hunnit, 나를 걸어
Boom bap이든 trap이든, rap이면 smackin em
내 일 처럼 하지 한번 나는 내키면
애끼면 뭐해, one mothafuckin life
That I'm livin, 이미 모두 걸어 버린 한
후회 없이 오늘도 앞으로 위로 가기 위해
Got my Third eye open, 여기 니들 바로 위에

Romanization

Nan jjogae haihaescheoleom neone haitin
Laepeodeul-eul bomyeo bro
Sabjilhaela hwaiting
Underground Rockstar here
Neoga migug sightseeing
Halttae nan tueo hayeossji
With illibition my team
My gang yeah my squad
Paen gwi dogjeom naui sug-won
Aedeul gwien ojig naiseuhan eum-ag
Rhymei ippai pullo
Deul-eogayahae ni clan-eun geo an buhabhae
Naui suab-e nullyeo naon
Ni jang nae gansig kit kat

Dwiel josimhae i go boom boom
Gyeonanghaeseo Click Clack Bang
An gajhyeo keullisye jag-eun son gadeug Creamsaeg
Nan gulleoganeun doldwie gulleoganeun dol
Modeun dol ppob-a ppulichae
Dickheads are afraid of me
Im motherfuckin pinses
Jighaengtikes-eul jab-a
Jeonnal-e tto Pick Pack
Homleon-eul chyeo cricket geulae naega sagike
Neonen amachueo gat-euni
Gaseo golla type beat

Limin geuligo my mate
BEEneun cheon-eul saim sejong
Hanjang-indeus sseodaeneun nomdeul
Gajja sai jinjja baegi
Neonen mosbwa naui pae uli pae
Tto uli fam paebae
Deogso GD yeop-en seunglippun-ya
Rat tat tat brrrrr
Yeah brother mans not hot
I just make the crowd hot
Deogili deogsonom-ui kadeu
Amex Platinum I wont stop until
I get the black one nan selfmade-ui sangjing
O jeogeo salkka jeogeo benteiga maj-ji Skrrrrr

Naega maj-assji heu
I nala hibhab-ui milaeleul du eokkaee
Jilm-eojyeoss-eo like melppangbaji heu
I go fuckin legend
Changmoneun gita-eobsneun rockstar
Ni rap-eun gita busuneun
Peopomeonseuboda changpihaji
Ulin modu peullaetineom kadeuleul chijig
Neodo hal su iss-eo daman
League of legend yaegiji
Gwilo deudneun eum-ag-en
U better microphone check
Mesejineun geu da-eum
Cuz a microphone is aint chaeg bitch

Nae yes jib-eun binilhauseu bich-i
Eobsdeon banjiha geu hu deogsoli jib daun jib
Im so busy now hoesa chaga jib-i aninga
Bungan-i anga heona
Hwagsilhi malhalsu-issneun geon nan rich
Geuligo star chingu
Hungiga taewojun foreign car
Baegieum keullaesig eum-ag-indeus buleung
Yeonju hago nanhu parking
Bling uliga nulineun salm meosjin laimdeul-i
Eobs-eum mosnulyeossdane we from the concrete

Concrete i aseupalteuwi
Gieoneun D i never R
Daebubun Bgeub mosdwae BEEgeub
I badag-ui problem ay
We livin ghood bition-eun full
Deo neolb-eun bijyeon-eul pum-eo
Migte sijeol-eul chueog
Migte sijeol-eun chuwo like my cuban ay
Makin history
Miseuteolihan jag-eoblyang tongjang-an-en bis-soli na
All we do is victory ay
Inbentolie moine big money yeah
Eodie issna tto nae beol-i yeah uh

SUPERBEE Changmo and gonzo
Biteuga nal tto
Buleune vato que paso
Eonjedeun bulleo neul vamos yeah
Illi embisyeon ghood life gud-i mwol nanwo
Sai johge sseul-eo dam-eo insaeng-eun chungbunhi dal-eo
Rap legend mic hana mudae wi killa
Flow iller bul jilleo beolyeo laeb seukillo
Jeoldae gulinjis-eun anhae
Jikineun taedo wa steelo
Jeoldae illo saeng-gag-anhji jeulgimyeo
0eseo milllo
Mandeul-eo beolyeo keepin it thoro
Jjom gada ppolog
Naji anhneun mic skill one hunnit
Naleul geol-eo
Boom bap ideun trap ideun
Laeb-imyeon smackin em
Nae il cheoleom haji hanbeon naneun naekimyeon
Aekkimyeon mwohae one motha fuckin life
That im livin imi modu geol-eo beolin han
Huhoe eobs-i oneuldo
Ap-eulo wilo gagiwihae
Got my Third eye open
Yeogi nideul balo wie","","","","",""
"Trouble Child (Full Ver.) (Full Version)","SUPERBEE","4hru8jF2LrRpPaLri7fOAz","[Intro: SUPERBEE & Uneducated Kid]
Yng & Rich
Okay, okay, yuh

[Hook: Uneducated Kid & SUPERBEE]
솔직히 우리가 웬만한 어른들보다 더 대단해 (박수)
세상의 이치를 깨달아 버렸어 20대 초반에 (Socrates)
질서도 안 지킨 놈들이 이제는 질서를 세우네 (Illuminati)
이제와 생각해 보니까 공부 안하길 참 잘했네 (hahaha)
Yng & Rich (Yng & Rich)
We get the bag (We get the bag)
공부는 안 했지만 난 넘 기특해 (똑똑해)
Yng & Rich (Yng & Rich)
We get the bag (We get the bag)
전교 1등도 날 보면 기겁해 (기겁해)

[Verse 1: SUPERBEE]
Ay, ay
나도 한때는 고등래퍼였지, 공부와는 멀었어 거리, ay
그땐 도서관에서 비트박슬 연습하다 쫓겨났었지, damn
잠꼬대도 나는 랩으로 해, 자고 일어나면 앨범이 돼
난 마이크가 없어서 PC방 가서
헤드셋에 내 노래를 녹음했어, 친구들 날 놀려댔어
교장선생님 훈화말씀때도 못참고 랩을 뱉어댔어
모두 날 꼴통이랬어, but 현재 난 rich as fuck
일진들 내가 혼냈어, gangster rap을 통해서, yeah, yeah

[Verse 2: Uneducated Kid]
나는 네 여자를 뺏어, 그것도 네 집 앞에서
너 그렇게 살다간 큰일 날 거라고 말했어 어른들께서
지랄하네, suck my dick (dick)
Now I'm gettin fuckin rich (rich)
I got diamonds on my wrist (bling)
여자들은 말하지, ""멋있어 Uneducated Kid!""
학교를 안 가도 취직을 했어 (hey)
공부 대신에 잔머리를 썼어 (hey)
결국에 내가 너보다 돈 벌어
결국에 내가 세상을 다 바꿔
Uneducated, SUPERBEE
우리는 새로운 서태지
Uneducated, SUPERBEE
래퍼들 우리를 겁내지

[Verse 3: SUPERBEE]
내 Flow는 Tsunami
Yng & Rich we got it check, check, check
Trap부터 Ratchet 또 Backpack
병신들 get back, I get 100 hunnid
매입해 강남에 건물 100채
랩에서는 심하게 내 돈을 자랑하고 좋은 일에 써버리네
내가 미래, 미래, 미래, 나는 니네 머리 위에
난 영리해서 영리해
실행하고 진행, 니네가 어찌 천재를 이해
더 떠버려 Air balloon보다 높히, uh
Gucci 옷이 내 outfit, 현찰을 pop it, pop pa-ra pop it
날 소개하지, 난 니 여친 전 남친, uh
은행원이 날 보고 떠네, 돈을 다 인출해 버렸더니
빵원도 안 남아 여기 ATM, 동네 주민들이 나를 욕해
""아니 수퍼비 이 시발 새끼가 돈을 다 뽑아갔다니깐""

[Verse 4: Uneducated Kid]
I don’t study anymore, feelin like I'm animal
차에 타, 여자애들 다 여섯 명 데리고
Live fast die slow, 내 인생 내 맘대로
살 거니까 꼰대 새끼들은 전부 꺼지고
나는 돈 벌어 무인도에서도
난 필요하면 사람 먹어 식인종
돈만 보면 침을 흘려 코모도
도마뱀인 줄 알았대 나보고, yeah
Fuck my school and fuck my teachers too
니네가 쓸데없는 지식 공부할 때 우린 몸으로 느끼는 중
시간은 금 (시간은 금)
우린 결국 (우린 결국)
시간을 조금이나마 아껴보려
상대성 이론 연구하는 중 (Einstein)

[Hook: Uneducated Kid & SUPERBEE]
솔직히 우리가 웬만한 어른들보다 더 대단해 (박수)
세상의 이치를 깨달아 버렸어 20대 초반에 (Socrates)
질서도 안 지킨 놈들이 이제는 질서를 세우네 (Illuminati)
이제와 생각해 보니까 공부 안하길 참 잘했네 (hahaha)
Yng & Rich (Yng & Rich)
We get the bag (We get the bag)
공부는 안 했지만 난 넘 기특해 (똑똑해)
Yng & Rich (Yng & Rich)
We get the bag (We get the bag)
전교 1등도 날 보면 기겁해 (기겁해)","97.691","0.322","0.605","-13.261","0.597"
"Heu ! - Full Version","SUPERBEE","3CHHW06gWZIZcrdYMaiNPb","[Round 1: Nu Jerzey Twork & Rum Nitty]
Congratulations to Tay and all his stats
You really showed us how far we can take this shit in rap
I mean, you really raised this shit up, facts
You had your 50th battle right here on this stage
They gave you a cake, the fans were praising you for that
And then you came back to make this same Area 51, so you know I got The Alien for that!

[Rum Nitty]
{Speaks alien language}

[Twork]
He said, ""I'm back haters.""

[Rum Nitty]
{Speaks alien language}

[Twork]
He said, ""I ain't doin' no more SMACK favors.""

[Rum Nitty]
{Speaks alien language}

[Twork]
What?

[Rum Nitty]
{Speaks alien language}

[Twork]
Can' raisin'

[Rum Nitty]
{Speaks alien language}

[Twork]
Huh?

[Rum Nitty]
{Speaks alien language}

[Twork]
I'm not saying that shit bro

[Rum Nitty]
{Speaks alien language}

[Twork]
""Tay Roc's a man chaser""

[Rum Nitty]
{Speaks alien language}

[Twork]
Huh?

[Rum Nitty]
{Speaks alien language}

[Twork]
Bro I'm already tellin' 'em what you sayin'
We'll talk about the trans later (translator)

[Rum Nitty]
Toss the mask, put on the hat
We gon' speak later about how this nigga Marcus act
But for now, first things first
Off the Bat!

[Twork]
Larkin clap
MAC dumpin'

[Rum Nitty]
Nigga they was just tryin' to give you two to five years
You better chill before you go back and do that number

[Twork]
I'm goin' back, fuck it

[Rum Nitty]
Nigga I just had to take yo' place in the tourney when you got locked up so it wouldn't be lack luster

[Twork]
Fuck it, they done let a Young Thug outta jail

[Rum Nitty]
Where the first place you goin'?

[Twork]
To SMACK gunner (Gunna)

[Rum Nitty]
Grab somethin'

[Twork]
Five hundred yards back from him

[Rum Nitty]
I don't care how Far Roc away (Rockaway), KILL HIM, and the nigga that Stack Bundles
I'm strapped cousin
Clip on the K extended
Pull up to where Bay be (baby) crib is
Hop out, like Pinkie from the limo and spray relentless

[Twork]
I'ma hop out the passenger side, raise a Smith &
.50, with a hair trigger; Jada Pinkett

[Rum Nitty]
Y'all think this nigga Tay a demon?

[Twork]
He must be pullin' some kind of prank
We watched Glueazy slap weed out yo' hand

[Rum Nitty]
That shit flew up and got stuck, we thought it stayed

[Twork]
Still waitin' on that Chronic to drop

[Rum Nitty]
Like Dr. Dre

[Twork]
Cock the K

[Rum Nitty]
Nah, somethin' more personal for Marcus fate

[Twork]
Alright, choke him out until he cough and faint
Tie a shirt around a nigga neck, he look like Carlton Banks

[Rum Nitty]
Then it's off to Tay
Soon as he fall, he gettin' kicked all in rage

[Twork]
Then I'ma stomp his face

[Rum Nitty]
Two feet over the edge wood (Edgewood) nigga

[Twork]
He finna walk the plank

[Rum Nitty]
Then one mo' stomp is all it takes, endure torment

[Twork]
But another stomp will force fate is more torture

[Rum Nitty]
Put yo' shoe on him

[Twork]
Put yo' Nike on him

[Rum Nitty]
Let's join Forces

{They bring it back}

[Rum Nitty]
But another stomp is all it take, it's more torment

[Twork]
Put yo' Nike on him

[Rum Nitty]
Put yo' Nike on him

[Twork]
Let's join Forces

[Rum Nitty]
Use my style on him

[Twork]
Use your style on him

[Both]
Let's join forces!

[Twork]
Off the rip
Believe he dyin'
Clean sweep, 3-peat, I got the cheat sheet rhymin'
They say, ""The Alien be sittin' on bars-
(Like E.T. ridin'!)
You'se a backpacker
Gun Bar King
Phst!
Gun Line King in my last chapter
How to reach a spot you can't get to, it's a back scratcher
Outside the lead clap ya
Put the 'burban in reverse when I slide back
You gonna be the first person I put down, it's an emergency contact
Get to swervin' and ride back
'Bout to wreck the Chevy
Drill music, turn the nob up, it looks like I'm Etch-A-Sketching
Off the top, I don't even know why they call you ""Roc"" (rock), your shit never heavy
All ""That's light"" make me sick, I got epilepsy

[Rum Nitty]
I shook his pride!
Like that nigga Twork comin'
Nigga look alive
He died with his-
(Eyes wide open, nigga look alive)
Drive-by SKEEEEERT
Out the Honda Civic, get to squeezin' bangers
It's a chopper on a seat just hatin'
That's an automatic in his hatch back, like an incubator
Soon as I see ya neighbor, he get choked violent
Hands around his neck, 'til he goes silent
I don't care what just happened
Tell 'em, ""Do what you usually do. And don't fight it.""
Bro dyin'
Vision gettin' dark and goin' lightheaded (light head-ed), he a coal miner
You don't want no problem
Nigga be hella fake actin'

[Twork]
This nigga Tay Roc be actin' like he got some better things crackin'
Nigga you battled Slade, called him a ""snitch"" and still lost
Smack, why do you even set up these matches?
He's supposed to have the tops spot, y'all got your star battlin' rats, I ain't never seen that shit
And Geechi be actin' tough with his homies
I'll slap his pals, leave the Nuts stunned if they ever bring action

[Rum Nitty]
I'll make the Cave evac', stab the bats
Y'all gon' sit back and let these things happen
You was supposed to go to war with Raw'
You was supposed to see Ward and draw
Y'all niggas be doin' everything backwards

[Twork]
Hold on, you gotta slow down
Cause we just did some shit that they ain't never seen happen
Cause I said ""tops"" ""spot"", ""star"" ""rats"", ""slap"" ""pals"", ""stun"" ""nuts"", I really just did everything backwards

[Rum Nitty]
I did ""Cave"" ""evac"", ""stab"" ""bats"", ""Raw"" ""war"", ""draw"" ""Ward""

[Both]
We really just did everything backwards!

[Twork]
Beretta raise at
Sig' blam'

[Rum Nitty]
Leg shot

[Twork]
Limb damage

[Rum Nitty]
Metal rod

[Twork]
Implanted

[Rum Nitty]
Bro' sure (brochure)

[Twork]
And get a pamphlet

[Rum Nitty]
But if this able (disable)

[Twork]
Big campus

[Rum Nitty]
Nursing home

[Twork]
Crip mansion!
Y'all be havin' Crip mansions?

[Rum Nitty]
We gonna barge in y'all event

[Twork]
Hit the party while it's lit

[Rum Nitty]
Pullin' up to the shindig

[Twork]
It's an archeologist
Get to sparkin' all the Crips

[Rum Nitty]
Dumpin' out a Colt

[Twork]
That nigga L.I. gonna need E.M.T.'s yelling ""Clear!""

[Rum Nitty]
But they can't get nothin' out a pulse

[Twork]
They tryin' to bring The Mayor back

[Rum Nitty]
They gonna need 100,000 volts (votes)
I never hung around this joke
Why you was on Top bed, hangin' over the goddamn edge?
I mean that kinda confirm, when Mook brought up your ""secret lover"" and you was out there tryin' to get -

[Twork]
Aye! Aye! Aye!
Listen bro, he ain't never have no proof of that
That was somethin' he should not have said

[Rum Nitty]
Aight, when Murda Mook your ""imaginary friend""
You probably called him after like, ""I hope you Drop Dead Fred!""

[Twork]
Are you out yo' goddamn head?
You'se a straight fraud
I wanted to kill you at the Faceoff and rip yo' face off

[Rum Nitty]
That's supposed to be yo' family, why you actin' like you hate dawg?

[Twork]
This nigga Tay soft
Talkin' 'bout, ""You my brother. I can't watch you die.""
Well bitch I'm Ray Charles!
K spark! Put a squeeze on the TEC

[Rum Nitty]
That was disrespectful
Ray Charles?

[Twork]
He ain't seen nothin' yet

[Rum Nitty]
My heat up next, give bro his issue
Loaded pistol
Bullet go through tissue
Machete twirl!

[Twork]
Yoshimitsu

[Rum Nitty]
You got no potential
Why you keep pullin' the same moves in ya rhymes?
Gotti be like-

[Twork]
""Nigga we got Geechi Gotti versus...Nigga why you be gettin' confused in ya lines?
When you was out here chokin', refusin' to shine
I was winnin' Champion Of The Year, a few of them times
Aye Roc don't worry, if your belt don't work, you can use one of mine
Is this fool out his mind?
I know it hurt now just to see
You was supposed to be the muscle, but it only worked out just for me
Leg shot, codeword 'lap dance'""

[Rum Nitty]
What that mean?

[Twork]
""Twork (twerk) down to his knees...and when it's real.....""

[Rum Nitty]
I can imitate yo' style in a breeze
Cause this nigga need the gas
And he can't complete his task unless he got that AMG attached

[Twork]
That nigga Roc be like-

[Rum Nitty]
""If I swing this bat his teeth get cracked
Chinese food, in hot grease where I'ma leave this cat
(Fuck these niggas! He's a fucking idiot! Look at him!!)
Fuck these niggas, they only came to see me and Geechi rap
My bitch, cheered for me, had a Nina clap
As long as I'm on a team with Smack
You can't copy 'R.E.S.P.E.C.T.', that's an Aretha track
(You! You! He's a fucking idiot! You! You! He's a fucking idiot! He's a fuckin' idiot!)
You are a URL plant, and they believe in that
'Til I let it fly in a plant mouth, that's a Venus trap""

[Twork]
He gon' to land a hot line, start it from the top, so the fans can repeat his raps
He stole that shit from Surf, nigga he ain't even the king of that

[Rum Nitty]
You mean to tell me that AMG is rented?

[Twork]
That's why he always gotta bring it back!

[Rum Nitty]
But we can do that shit easy, facts
But a lot sharper

[Twork]
URL top artists
They say my name and get equity in exchange; stock market
You see all them fans up in them stands? Nigga I brought 'em
Still feel like I work in a cubical, I'm box office
Now nigga, stop talkin'
We watched Glueazy smack out ya- ooow
He would've died horribly
Would've smoked that fat ass white boy; Bob Marley
Revolver, only aimin' at live targets

[Rum Nitty]
He said his Drac' (Drake) ain't nothin' to Josh with

[Twork]
That's when a bitch got a spin off that; iCarly

[Rum Nitty]
Shotgun, I'll call it
Whatchu gonna get to drop Marcus?

[Twork]
Sniper rifle, bolt action; Yacht party

[Rum Nitty]
It get A LOT darker
Double drum on the chop' sparkin'
I'm on 99 and still kickin', I feel like Bob Barker
I'll let one ring right in the kisser like The Godfather
Hide behind that tree, I'll take the bark from that bitch, like a shock collar

[Twork]
Nigga you'se a weirdo
Nigga you'se a sucka
Nigga you'se a Gobstopper
Nigga you'se a snitch
Nigga you went for Criminal Justice, you'se a crime stopper
Nigga you'se a snitch
Nigga you was up here throwin' coins with Chess, you'se a dime dropper
Nigga you've been a bitch
Nigga you'se a hypocrite
Talkin' 'bout what he did, but Brizz but now you on his cock rocket
Marcus? You look like your name Dewayne, you wanna Roc(k) Johnson

[Rum Nitty]
You?! You be inside closets, you gonna forever be stuck
Nigga you sharp, you a knife, we can already tell how you cut
Nigga you a fruit
Nigga you a J2, got a little zest to your punch
Dante? You look like your name Daphne, you and Fred ain't never gon' split up
Beretta lift up
TECs and Llamas

[Twork]
TECs and Llamas
Nah, fuck that fuck that, stretch his patna
Left'll rock him
Knuckle sandwich; Jeffrey Dahmer
Chop a leg!
Jersey!

[Round 1: Geechi Gotti]
Aye, what them niggas said?
""Ward"" ""draw"", ""Raw"" ""war""
I don't even know why y'all fuck with these suckas
These niggas did everything backwards, they get to die in front of each other

[Tay Roc]
Every Fuccin' Gun Title nigga! You know the vibes
Ayo, we seen monsters (Monstars) before

[Geechi Gotti]
Nigga we used to this

[Roc]
Twork you my blood

[Geechi Gotti]
And cuz you my Crip

[Roc]
Why we doin' this?

[Geechi Gotti]
This nigga called yo' phone said he wanted to war and you just switched?

[Roc]
Bruh, tell him like you told him before

[Geechi Gotti]
Nigga you'se a bitch!

[Tay]
Ruthless shit
Ya noggin' cracked

[Geechi Gotti]
Medulla split

[Tay]
Hammer bang, it do the Sami Zayn Helluva Kick

[Geechi Gotti]
Aye ludicrous, in the ocean we gon' toss the Ruger clip

[Tay]
And the cops gotta fish out the can' like tuna fish
Takin' this shit? You gonna have to regret it

[Geechi Gotti]
Aye, we ain't even gotta be intricate

[Tay Roc]
We can say simple shit and actually sell it

[Geechi Gotti]
Like this'll take him out the game

[Tay Roc]
I'ma clap 'til I melt it

[Geechi Gotti]
Jersey got all his equipment

[Tay]
He just missin' the strap to his helmet
The .40 smoke

[Geechi Gotti]
Twork got shot in his mouth befo' he spoke

[Tay]
I'll bang the gat, your egg get cracked

[Geechi Gotti]
It start pourin' yoke

[Tay Roc]
Nitty, you're a Virgo?

[Geechi Gotti]
The gun a Taurus

[Tay]
Nigga you don't want no smoke
I can see your death through a lens

[Geechi Gotti]
Nigga this a horoscope (horror scope)

[Tay]
Ain't shit sweet nigga!

[Geechi Gotti]
Why you think this a fuckin' joke?

[Tay]
It ring, flash, and bang

[Geechi Gotti]
Like lightening and thunder bolts
Y'all gonna see these clown in the sewer

[Tay]
Like, ""Do you wanna float?""
I empty the whole can' on Nitty

[Geechi Gotti]
Now he a Rum and Coke
Aye

[Tay]
Finally

[Geechi Gotti]
This nigga finally stopped chokin' in battles, you big lame

[Tay]
I mean, you're on a roll

[Geechi Gotti]
But you're just havin' a brief streak

[Tay]
You're a shit stain
My clip bang
Should I hit this Blood nigga or Crip, gang?

[Geechi Gotti]
Shit, he ain't from my hood, it Insane in his Membrane

[Tay]
I'll leave him in pain

[Geechi Gotti]
Twork got caught in traffic, made him switch lanes

[Tay]
Crashed the car, woke up with a Doctor

[Geechi Gotti]
That shit's Strange

[Tay]
I'll pull somethin' heavy outta the pockets, my wrist sprain

[Geechi Gotti]
You should've pulled something lighter outta the pocket

[Tay]
It's a Bic flame

[Geechi Gotti]
Ain't shit changed
Y'all facin' the face of the kings of N.O.M.E

[Tay]
We already beat y'all two niggas on this stage alone

[Geechi Gotti]
Let cuz get in the way his brains get blown

[Tay]
And the Blood splash Rum in the face

[Geechi Gotti]
Look like a drink was thrown

[Tay]
I'll break ya bones, you won't make it home
On the scene the cops found his fucked up boots

[Geechi Gotti]
It was a Danger Zone

[Tay]
Engrave ya stone, I'll put a hole in ya bitch
You can literally walk through ya miss (mist)

[Geechi Gotti]
Like when you spray cologne

[Tay]
Get ya thoughts evicted

[Geechi Gotti]
A vacant dome

[Tay]
Nina singin' when I drive by

[Geechi Gotti]
Oh it's her favorite song

[Tay]
I'ma make it none, won't none of y'all take the throne

[Geechi Gotti]
These niggas are Expendables

[Tay]
And both of y'all graves get placed alone (Stallone)

[Geechi Gotti]
I'll blaze ya dome
Nigga ya face finna look a mess

[Tay]
Morticians in the morgue doin' they jobs so you can look ya best

[Geechi Gotti]
A 100 round drum, nigga this'll push ya chest

[Tay]
And this'll get rid of Nu Jerzey (New Jersey) whole team

[Geechi Gotti]
Now they the Brooklyn Nets

[Tay]
You fuckin' doomed

[Geechi Gotti]
Street sweeper, this ain't a fuckin' broom

[Tay]
Get me mad, I'll start trippin' BAD

[Geechi Gotti]
Like he ate a bunch of shrooms
I'll lift it up and boom

[Tay]
Wreckless shit, my bitch bought me a crescent clip, it's my honey moon (honeymoon)

[Geechi Gotti]
I'm a fuckin' goon
A K, got no safety but the button zoom

[Tay]
I'll clap it, you'll get sent to an attic, the upper room

[Geechi Gotti]
Keep beefin' wit' me, you know them headshots gonna be comin' soon

[Tay]
And like Meech and T, you go to a tomb from the wound
Think Tay'll bluff

[Geechi Gotti]
Hawking him Hawk him 'til the blade is stuck

[Tay]
Nah, Rottweiler with a bulldog, I'm tryin' to make a mutt

[Geechi Gotti]
Get pistol whip him, his forehead get stapled up
The scar look like they piece roaches together to make a blunt

[Tay]
Aye cuz I'll raise the trunk

[Geechi Gotti]
Wave the pump

[Tay]
The gauge'll dump

[Geechi Gotti]
Spray shit up

[Tay]
To find where you at

[Geechi Gotti]
It might take a month

[Tay]
The body smell like a spraying skunk

[Geechi Gotti]
You can't fake the funk

[Tay]
I'ma tell the judge I ain't take that shot of Rum

[Geechi Gotti]
We was fakin' drunk

[Tay]
When it's real

[Both]
You can tell

[Tay]
You can see it in they eyes

[Geechi]
See if you can make niggas believe them lies

[Round 2: Nu Jerzey Twork & Rum Nitty]
[Rum Nitty]
Beforehand, we knew finding matchups for this team would be hectic
That was a gift and a curse
I mean at first, even Roc and Geechi rejected

[Twork]
Facts

[Rum Nitty]
I tried to make it more enticing
Like, I might even just text him
Like, ""Look bro. Twork ain't really even gonna be rappin'
It's just gon' be me in the second
He ain't even been preppin'
We really should've stayed on teams
Between you and me, I regret it.""

[Twork]
What'd he say?

[Rum Nitty]
This nigga Geechi just read it

[Twork]
Shit!
Alright, I'ma call Roc

[Rum Nitty]
BOOP. Leave me a message

[Twork]
Fuck
Beasley was stressin'
Chico was hectic
They called Fonz and Ave
They talkin' they gerbil just died, give them a chance to breathe for a second
They called Loso and Saga
They talkin' they gon' be in jail, they even put it on Jesus in Heaven
Talkin' 'bout they was 'Locked Up'
They even told Smack that, like Akon

[Both]
'Nobody Wanna See Us Together'?

[Rum Nitty]
We got heat for whoever

[Twork]
We got heat for whoever
Bury god body
Find a plot and dig away

[Rum Nitty]
You left my baby Hustle rotting for years
My little stink

[Twork]
Grip a K

[Rum Nitty]
Throw the PG Killers in the city lake

[Twork]
I got the perfect place for DNA to Get Money & Drink Water

[Rum Nitty]
Where's that?

[Twork]
A river bank!

[Rum Nitty]
I unload a clip on Tay
Black and silver on the .40 that's a sip and paint

[Twork]
Touch Rum I (eye) brush up on you, that's a sip and paint

[Rum Nitty]
Nah, you gon' wind (wine) up all on the canvas, that's a sip and paint

[Twork]
When we pour liquor out at his mural, that's a sip and paint
Mini K, get to dumpin' a lot of shots, get to dump from the side of plot

[Rum Nitty]
His brother just stopped and watched
If you still thinkin' it's static after seein' Tay in the casket

[Twork]
You must be dumb as a box of Roc(k)s

[Rum Nitty]
Cock the Glock, light the Sig' (cig')

[Twork]
Your name Marcus Fantroy Jr

[Rum Nitty]
That should tell y'all what kind of life he live

[Twork]
I'll pop junior in the back of his head
That's on my wife and kids

[Rum Nitty]
Y'all know what time it is?

[Twork]
Payback
Long sleeves over the gang tats

[Rum Nitty]
Ski mask cover a faceoff, better than JayBlac

[Twork]
Find out where he stay at
Drive down

[Rum Nitty]
White Audi

[Twork]
$9,000 for the right bounty, clean house

[Rum Nitty]
Everything get wiped out it

[Twork]
Stabbin' all his siblings

[Rum Nitty]
Clappin' Marcus sister

[Twork]
Mike Lawry
Gun smack the life out him
He get dizzy and then he fall
I'm talkin' chrome slap him; Joe Jackson
Whipped 'til he seein' stars

[Rum Nitty]
I'ma do Geechi raw, give him a few lumps
Leave Every Fuccin' Title drippin'

[Twork]
That shit givin' me goosebumps

[Rum Nitty]
Who tough? You a straight coward
I ain't even gotta think 'bout it
You gonna make me put a Title on this semi; it's a Mayflower

[Twork]
When you said, that ""AR Twork"", I wanted to shoot your brains out him

[Rum Nitty]
Nigga that was Surf

[Twork]
Same shit, just a different Title, he the Great Value

[Rum Nitty]
You ain't 'bout it, you gonna get a busted chin

[Twork]
Then get snuffed again

[Rum Nitty]
He got knocked out in Hotlanta
And woke up to a gust of (Augusta) Wind

[Twork]
Tucked him in

[Rum Nitty]
Sleep in silence
Nigga get a Godly hook like CeCe Winan

[Twork]
Nah, nah, nah, nah Blood
Roc(k) on a buckle like BB Simon

[Rum Nitty]
Nigga I knew what word I meant
I'll take cuz neck, crack it, turn the shit

[Twork]
Nah Blood, ""brack"" it (bracket) like a tournament

[Rum Nitty]
Nah cuz, kick cack 'fore I invite the C's

[Twork]
Nah Blood, Bic back like a lighter leash

[Rum Nitty]
You tryna fight with me?!

[Twork]
Nigga I will pistol whip you 'til it's broke
You actin' bold about that

[Rum Nitty]
I'll go around your neck until you choke
You just got told about that

[Twork]
But wait bro, but we can both do this style of rap, safe as told

[Rum Nitty]
Bloods and Crips? B's and C's?

[Twork]
Be combined, bring 'em close

[Rum Nitty]
Aight, aight, aight, black Cadillac

[Twork]
A blue Civic

[Rum Nitty]
At Bay crib

[Twork]
Or Bat Cave

[Rum Nitty]
Blazin' Colts

[Twork]
But be careful it's a bunch cops

[Rum Nitty]
With they badges covered in basic clothes

[Twork]
The boys comin' buildin' cases

[Rum Nitty]
By council, no breakin' codes

[Twork]
Call bond company

[Rum Nitty]
Bring cash

[Twork]
Or bail a check (Belichick) like Brady coach

[Twork]
Seize brain control

[Rum Nitty]
Battered crucial

[Twork]
Busted

[Rum Nitty]
Cere-

[Twork]
-bellum

[Rum Nitty]
Bad contusion

[Twork]
Big cleaver

[Rum Nitty]
Blade carver

[Twork]
Boxcutter

[Rum Nitty]
Bandicoot him

[Twork]
Your boy croaked?

[Rum Nitty]
Throw his body in the creek below current

[Both]
Then go back canoeing

[Rum Nitty]
He gon' be bait caught for the brook carp

[Twork]
Bass, cod

[Both]
Barracuda

[Twork]
.9 millimeter bullets, bash his [?]

[Rum Nitty]
Expand on impact

[Twork]
Take a trip through the human body

[Rum Nitty]
The Magic School bus
Y'all niggas be actin' too tough

[Twork]
Ya hardly mere threats
If it's really smoke, I'll kidnap ya children

[Rum Nitty]
Amber alert, it 'bout to get that alarm in there text

[Twork]
I'm talkin' pistol whip the son, hit the daughter head next

[Rum Nitty]
If it's up to that point

[Twork]
You gon' need an Ice Cube on both of them kids

[Rum Nitty]
So nigga, Are We There Yet?
You're gonna have to give your daughter bed rest, the shit deep

[Twork]
She gonna wake up with amnesia after about six weeks

[Rum Nitty]
She don't even remember this pipsqueak

[Twork]
He wakin' up over her bed screamin' his slogan, ""IT'S ME!""
It's been months since he heard his kid speak

[Rum Nitty]
Sadly that's what stemmed from me
She got internal brain damage from the stem from me

[Twork]
She gotta get home schooled for her chances of remembering

[Rum Nitty]
Activity text books with the answers at the end of it?

[Twork]
Turn her home into a Schoolhouse Roc(k)

[Rum Nitty]
And we can teach her about antonyms and synonyms

[Twork]
It's bittersweet, hit the kid in the dome

[Rum Nitty]
That was only two antonyms

[Twork]
I know cause I'm already sendin' 'em off

[Rum Nitty]
That's really a loss
Nina squeezin'

[Twork]
Keep releasin'
Headshot, Geechi leakin'

[Rum Nitty]
Shit flyin' from outta the cornrow; Jeepers Creepers

[Twork]
Jersey

[Round 2: Tay Roc & Geechi Gotti]

[Tay Roc]
Follow what orders?
We make the rules and break the rules
Y'all wanna end up another dead rapper?

[Geechi Gotti]
I just got off for breakin' Newz

[Tay]
Y'all can't act like y'all ain't scared when we raisin' tools

[Geechi Gotti]
But y'all might fall for it on this stage like April Fools

[Tay]
Nigga make a move

[Geechi Gotti]
I gunshot, bang Jeruz

[Tay]
Something in his stomach hangin' out the kid turn him to kangaroos

[Geechi Gotti]
Bullets might hit his shoulder, you gon' see his body spin and twirl

[Tay]
And get sent to the afterlife with God [?]

[Geechi Gotti]
Y'all right, he is an alien

[Tay]
Why's that?

[Geechi Gotti]
Cause he's outta this world

[Tay Roc]
Right, we just copped some new guns that we have to try out

[Geechi Gotti]
The bullets will hit his spine and his back will fly out

[Tay Roc]
Chest get Cave'd in so much that bats could fly out

[Geechi Gotti]
The way we left them kids laid (Kyd Slade), the rats could climb out

[Tay Roc]
Aye Twork, you don't know where my mind at

[Geechi Gotti]
Pistol whip will leave his eye black

[Tay Roc]
Put the strap 'cross his forehead, it's an eye patch

[Geechi Gotti]
AK, no safety with the side latch

[Tay Roc]
I'ma chop the Rooster head off, it's a prize catch when the .9 clap

[Geechi Gotti]
Government issue, this a special model

[Tay Roc]
Point at Nitty

[Geechi Gotti]
Aim and tap Rum, it's time to bless the bottle

[Tay Roc]
Or spin his block, hangin' out of an Eldorado
Double barrell

[Geechi Gotti]
Look like a belt buckle

[Both]
Ferragamo

[Tay Roc]
If I shoot once, I'm not gonna stop

[Geechi Gotti]
Headshot after headshot his top gonna pop

[Tay Roc]
Hey cuz I thought you said I could use that Lil' Uzi

[Geechi Gotti]
But I 'Wanna Rock'

[Tay Roc]
Aye, fuckin' wit' Twork gonna be the reason your head got a shell in there

[Geechi Gotti]
Man I'm talkin' the shit I move wit' silent nigga, Metal Gear

[Tay Roc]
Let me know when I'm free to Wave the Shotgun

[Geechi Gotti]
Let pellets there

[Tay Roc]
I'ma bury Nitty right next to Jersey (Jerzey)

[Geechi Gotti]
He talkin' Delaware

[Tay Roc]
I ain't never scared

[Geechi Gotti]
Me neither, I'm on timin' bruh

[Tay Roc]
This stick light up like PS5 remotes

[Geechi Gotti]
I'ma grab you by the back of the head and put a fifth in his mouth

[Tay Roc]
Look like he tryin' to drive a boat

[Geechi Gotti]
It's gonna be scriptures for these niggas, the church readin'

[Tay Roc]
Play with me, my bitch come out of her purse squeezin'

[Geechi Gotti]
Like that kid in Superbad who got that lap dance

[Tay Roc]
Yeah, Twork (twerk) bleedin'
Why the fuck wasn't your seatbelt ""Strapped In"" with ya stupid ass

[Geechi Gotti]
I bet he get PTSD every time his computer crash

[Tay Roc]
I let a Ruger blast, get ya shit peeled

[Geechi Gotti]
Them niggas seen you constantly chokin' in battles and was actin' like it wasn't a big deal

[Tay Roc]
Like they was tryin' to protect his loss

[Geechi Gotti]
Oh that's why he went through a win(d) shield

[Tay Roc]
Aye cuz we'll do Twork nasty

[Geechi Gotti]
Canadian bacon

[Tay Roc]
Hooked up to IV's

[Geechi Gotti]
Mama gonna have to pray that he make it

[Tay Roc]
I'll catch Rum solo and feed him shells

[Geechi Gotti]
Alien ate it (alienated)

[Tay Roc]
I'll leave the bitch bomb slaughtered

[Geechi Gotti]
I wasn't even tryin' to off her

[Tay Roc]
Headshot Twork, his brains land on his bitch

[Geechi Gotti]
All the Alien seen was somethin' flyin' sauce her (saucer)

[Tay Roc]
I'ma air him when I'm dumpin'
Then the ambulance is comin'

[Geechi Gotti]
Standin' over Nitty with the light flashin'

[Tay Roc]
It's an Alien abduction
Fuck him
Soon as you see him, just off him

[Geechi Gotti]
I ain't gotta use the heater and spark

[Tay Roc]
I can slice his throat watch him bleed when he talkin'

[Geechi Gotti]
Like to take a chunk from his Adam's Apple

[Tay Roc]
Like Eve in the Garden?

[Geechi Gotti]
Yo Twork, you need to know this gang bangin' really come with a lot
Twelve years old I was runnin' my block, duckin' them cops
Aye this nigga Nitty switched sides, I don't know if we brothers or not
I'ma put your blood on Tay and make it Rum on the Roc(k)s

[Tay Roc]
They gave you the Champion Of The Year belt over me, and it got me amped
It's 'bout time me and you rematch, cause you not the champ
I told Smack, for the camera, I'ma keep it peaceful, but I just can't
I can't even keep the piece off camera; Ja Morant

[Geechi Gotti]
Aye, why don't you use the muhfuckin' Judge of that [?] if cuz try you?

[Tay Roc]
I got a .38, .50 and shotgun for your Blood rivals

[Geechi Gotti]
I mean Twork get hit with the AK or the SK

[Tay Roc]
Nah, Nitty get the AR

[Geechi Gotti]
What about the .357, the .9

[Tay Roc]
Nigga that's every fuckin' Gun Title
Go

[Round 3: Nu Jerzey Twork & Rum Nitty]
[Twork] That last round you just spit, made me want to slash ya throat out
Talkin' 'bout my accident, you said you was my brother, you had opened doors for me
AND NOW I GOTTA CRASH AT YOUR HOUSE!
And you? You wanna join in with him? Now you dyin' 'bout it
The only reason I crashed into a tree was because Geechi was hidin' behind it

[Rum Nitty]
You gon' make me make them killers swing through
Always puttin' something on Nutty Blocc Crip, until that M-16 shoot
And they covering the story on Channel 11
Just puttin' somethin' on N.B.C.2 (too)
""We're here live reporting from NBC News
Where a group of friends and the Nutty Blocc family mourn after they lose a Crip
I'm gonna pass it off to Nu Jerez for this more exclusive tip.""

[Twork]
""Ah yeah we're out here at the crime scene, currently we have no fugitives
Forensics say they found 34 Marcus Fantroy in a blue abyss
He'll be truly missed
Friends and friends and family say he was alive studying Criminal Justice and went to school for this
But unfortunately he died studyin' Oceanography in a school of fish
Nigga you'se a bitch!

[Rum Nitty]
Nina [?] I adore it
Never gave me slack
Always had my back
And stuck with me through some of the wildest moments
I think creepin' with this side piece for so long, I think it's time to put a Title on it

[Twork]
Sayōnara

[Rum Nitty]
Soon as I see Roc, I'ma start lettin' lead of Twork

[Twork]
I'ma gun butt Geechi 'til his head all hurt
I can whip Bay shit around all day, like Baby Boy

[Rum Nitty]
I just gotta drop a vet off first

[Twork]
We gonna give these niggas Hell on Earth

[Rum Nitty]
When you started up your league, we all recognized ya move
Never doubted you
But you actin' like you ain't use the same format that everybody do
Nigga I can pull up to The Riot, I got hella Compton goons
Bloods, Crips, whoever I tell, they slidin' through
If my boys in blue stomp you out like Rodney King, then I can start L.A. Riot 2 (too)
Beretta by his roof
[?] ten of 'em

[Twork]
Nah, fuck that, arm, arm, leg, hit all ligaments

[Rum Nitty]
Spine shot, paralyze a Nutt' from the neck down, it's a bald chin

[Twork]
This the shit that y'all did to him
I don't know why  y'all gave him this big clout, this nigga's overrated
Nigga battled Pat Stay and he bitched out
Calicoe pushed him all over the stage and he didn't get wild
Nigga just pulled out paperwork for Kyd Slade and it went south
If y'all think this nigga battle 50 battlers and won, then y'all doin' a miscount

[Rum Nitty]
I don't know how he made it to his 50 First (51st) Date

[Twork]
How many times I gotta keep takin' this bitch out?
Get to breakin' this bitch down, grab him close

[Rum Nitty]
Snap his nose

[Twork]
Smash his skull

[Rum Nitty]
Break his neck

[Twork]
Crash and roll

[Rum Nitty]
Snap an arm, snap and fold

[Twork]
Shattered bones
Shit poppin' outta place everywhere, shit look like Whack-A-Mole
Y'all got average hoes
I should know cause I had ya hoe
I took Coffee and put cream in, I'm not your average Joe

[Rum Nitty]
Aye Roc don't laugh and joke like nigga ain't crack ya hoe
For a battle she'll probably give top to Smack like a pack of smokes

[Twork]
He'd probably have a stroke

[Rum Nitty]
With ya bitch ass
Caution's suction is like a vacuum cleaner, and this facts
Felt like I had a whole Hoover on my head, like Crip Mac

[Twork]
She really fuckin' did that?

[Rum Nitty]
She really did that

[Twork]
Shit I want some too, this supposed to be Double Impact
You think you some fuckin' big mack?

[Rum Nitty]
I heard you treat the ladies well

[Twork]
I heard you had some Hustle back in the day

[Rum Nitty]
I made a sale
But I heard NuNu (New New) Neck off the chain

[Twork]
ATL!
That's just a bad scheme, hell nah

[Rum Nitty]
I really mean this
I'm tryin' to put a title on Caution wet ass pussy; the pink slip

[Twork]
That nigga steamin'

[Rum Nitty]
What you gonna almost fight?
He gon' get mad, he don't mean shit

[Twork]
Nigga got mad when Rum Nitty tapped his pocket
I'll tap his pocket so hard it'll leave him a scheme print
Machine lift, up the Ruger, don't make any sudden movements
Shootin' shit up for me is therapy, and I'll send a couple through it

[Rum Nitty]
Knife out, this shit is bad news, I hate to cut it to you
Show you how to install a wall, let me run you through it

[Twork]
You know it's real when you see it in his eyes
'Til I pluck his pupils, to read his raps you gotta feel through the line
He's like ""fuck this music""

[Rum Nitty]
Nah, piss test, fill to the line like a drug abuser

[Twork]
Nah, nah, nah, Shaq out, Phil to the line, that's a substitution

[Rum Nitty]
You in hot water you gotta feel to the line, like a cup of noodles

[Twork]
The fuckin' truest
Nobody ever did what the fuck I'm doin'
The gasoline wit' it, Roc(k) wit' it, I was subbin', groovin'
The hoodie down, jumpin' over Suge, I was the one to do it
The father of it, I stayed away from drugs (Drugz) cause I'm above influence
The real champ, if I never ever choked, I'd be undisputed
I'm still an American Idol, I just Ruben stu-stu-stuttered (Studdard) through it

[Rum Nitty]
I'm the reason niggas rap how they rap, I got a 100 students
GOAT shit, when it come to these bars I'm the greatest one to do it
Every line I punch with conviction, that's undisputed
Soon as they try to bring up Conceited

[Twork]
Cut the music
And you? You be home when there's beef
Let's keep it real, I was there that night
I had the .9 out, you was hidin' out

[Rum Nitty]
That's his oldest enemy

[Twork]
Bro you can't show bro no sympathy
Whether Blood, Crip, Piru, we don't condone that in these streets, nigga know your history
If this was Jersey you would've got kicked out of The Garden

[Rum Nitty]
Like Adam and Eve

[Twork]
You wasn't supposed to go nowhere near that tree
Y'all know this nigga sweet
What y'all pumpin' him up for?
""COTY three time champ. Put him on Rushmore.""
'Til I grip the Sig', hit the crib
Bust in with blunt force
""You got championships in here?
Well I ain't got none and I want yours.""
They gave this nigga three rings, he should've put one on the front door!

[Rum Nitty]
Aye what happened to that hat low?
All in his face, the old Roc
[?], that's four burners, the stove top
Tell this hoe ""stop""
When Blackface ran down on you, you was lookin' so shocked
You jumped ship, held the door, like the Titanic, you really went against the code (cold) Roc(k)
You'se a hoe Roc!
And you made it known, when your chain got stole, when you played ya bro
The way you did the game was cold
When Brizz got jumped, the only thing you did

[Twork]
Hold the door (Hodor)

[Rum Nitty]
The Game of Thrones!

Goodnight

[Round 3: Tay Roc & Geechi Gotti]
[Geechi Gotti]
You wanna talk about how you pulled out a gun and I was by the tree, is bro stupid?
Both of all gang bangers
Y'all know the first major violation? Pullin' out a gun and don't use it
Nigga you'se a bitch
And matter of fact, y'all talkin' 'bout hoes y'all done fucked with Smack
This nigga braggin' on Coffee, when every nigga wake up to that
What's up with that?
You up here tellin' niggas business?
Yeah we know you fucked with Ebony
But from the looks of things, you ain't had Hustle in a minute
Nigga, you finished
These dudes failed
And we ain't gotta talk about all the niggas that NuNu nailed (Nellz)
Nigga let's get straight to it
Aye, how come these niggas don't wanna let us just be great?

[Tay Roc]
Right, why don't y'all just give us our flowers
And my last 50 URL battles was a piece of cake
I'll leak ya face
With Christians, Blood has his kicks down

[Geechi Gotti]
[?]
Permanently in his shit like a Knicks game

[Tay Roc]
Nah fuck that
Stomped out in Christians 'til the blood splat
Run in ya crib, I'll Spike the dog and The Rugrats
I does that
Something attach to the arm like a drug patch
I'll pull somethin' ugly from the boot, we bringin' Lugz back

[Geechi Gotti]
Nigga the snub clap
Everything get took off Jerzey

[Tay Roc]
Eight in his back now he's an Aaron Rogers football jersey

[Geechi Gotti]
Yeah you heard me, I ain't just talkin'
Put a price on his head, let a nigga who want the check come off it
That's a bag for Jerzey (jersey) like a nigga just bought it

[Tay Roc]
Nah cuz let's spark it
I'ma aim here

[Geechi Gotti]
And I'ma aim here

[Tay Roc]
Sticks on both sides of his head?

[Geechi Gotti]
He look like a reindeer but the gang here
I'll have his mouth on the ground 'til they curb his teeth
Grab the Desert and squeeze the Eagle 'til the bird release

[Tay Roc]
I'll tape a bomb in his mouth, it'll burst his cheek
Pull the pin, make him swallow a grenade, he on Burbon Street
I could've pulled up where y'all was practicin' at, disturbed the peace
Wave and you'll see (sea) shells, I'll send you to Mrytle Beach

[Geechi Gotti]
Nigga 30 piece, it's a photo bomb, nigga gon' pop in yo' frame
I'm talkin' two beams: red light/green light, it ain't that Stop & Go game

[Tay Roc]
Y'all gon' rob who? You don't wanna get shot for those chain
Turn him to bones in a box, you'll be a Domino's game

[Geechi Gotti]
Ayo Twork, that car crash, is really fucked up
That was one of the biggest moments
But teachin' roadside safety is really important
I'm disrespectful, I'll take that plate out ya head and feed ya kids dinner on it

[Tay Roc]
Ayo cuz, I got a sicker moment
I'll break his whole face
Slide on that plate like we tryin' to make it to home base
Revolver, loaded shells that leave no trace
It was too much for Rum to bear, it was a cold case
You want a fade 'til you get hit with a fuckin' blade
Left with a 100 stitches, Jerzey (jersey) got custom made
Rest in peace
Your next birthday you will never see
You gon' die the youngest you ever been, but the oldest you'll ever be
Ratchet's will lift
Think Men In Black when I'm flashin' the shit
Let's see if The Alien head grow back after this
You was on Instagram with a baby deer, happy as shit
We ain't know if you was saving it or capture the shit
He had it in his car, how did it actually fit?
I don't know, but this shotgun will have more bucks than the back of ya whip
I'm mad as a bitch
Clappin' the shit when the .4 rise
Scope on it, my vision bad, that's a sight for sore eyes
Destroy lives, strapped with something husky
Snow sled
Up in it, start blowin' it like a coke head
Y'all both dead
Bullets out the chrome spread
Give ya dome led
Or beat him 'til the handle breaks, it's a moped
I'll pull up on a random Wednesday with The Thing, I'm Gomez
Then point at The Alien top like the Conehead
I slide with straps
Roll the window down, the .9'll clap
The switch make it rattle at the end, it's a Diamondback
He gon' end up somewhere they can't find him at
Kidnapped him, kept The Alien in the basement, Roger that
Better watch ya back
For this Piru nigga I cock the MAC
I left the kid cold and flew (flu) like Dimetapp
Make me hurt you in this place
Pull this .30 off my waist
Snap like Thanos and have The Alien purple in the face
Murder was the case
Aye Twork, turn down that volume ya voice makes
Or you gon' get pistol whipped 'til the joint breaks
For no reason, ya dome leakin'
You'll get left with a [?] face
One button light up ya ceilin', it's a Rolls Royce Wraith
I'm tryin' to hurt whatever the gun touches
Hit an organ inside his chest make none function
Y'all think I give a fuck about Rum punches?
When the gun I got difficult to control, it's Rum-bunctious
Hollow tips out this machine peel
Have you hooked up to tubes, sippin' a shake protein meal
Take you and y'all kids to a cliff, I'll make the scene real
I'll let everybody go, it's a Caffeine deal
Please chill, I'm just givin' Jeroz advice
I'll use a knife
Like ""Happy birthday!"" You get the hugest slice
I'll do you trife
For Rum I'ma use a rif'
I'll come to where The Alien at and leave no form of human life
I will crack this nigga Twork head plate with a right banger
And I will show up to his house with the plate like a white neighbor
I might spray ya
Red and green, bright lasers
Beam on The Alien, it ain't Yoda with the lightsaber
I said this shotgun hit you, you gon' need relief

[Geechi Gotti]
I'll be back Roc! I'll be back Roc. Don't worry 'bout it. You got it
[Tay Roc]
He had me worried for a second. I ain't gonna stunt
[Geechi Gotti]
I'll be back Smack
[Tay Roc]
I thought you was leavin' me. Eazy did nigga

[Tay Roc]
Shotgun hit you, you gon' need relief
Lead bangin', ya head hangin': Jesus piece
Jeez Louise, stand over The Alien, squeezin' heat
I'll give him extra to rest he'll (extraterrestrial) be in a deeper sleep

[Geechi Gotti]
Aye man I bleed the streets
The gun black but the bullets bronze like Jesus feet
Nigga we don't need to beef
Fuck y'all rap name, I just came to let the chopper blam
The first time I shot it, I was wishin' I had got a stand
That shit threw my shoulder outta place
I wasn't able to shoot that gun or the 'Dox (Gunorthodox) again
Fuck a friend
Don't ever have me around no snitches
I'm from the hood, all I know is extendos and switches
I'm talkin' rap changed my life, got me to the riches
Before Eazy ever had a card, Smack came and took me out The Trenches
But mind ya business cause y'all niggas say big words like ""oxymoron""
I'm not gonna lie
An oxymoron to me, is seein' a nigga die on a live
Ya mama gonna cry
Ya kids gonna be in funeral attire
Silence, so the bullets hum like music from a choir
Is you a user or a buyer?
You gotta know the difference
Sit 'em both down in front of the Judge, they co-defendants
I'm so relentless, I'll click it and pull it
I'm with the shit to the fullest
I'll tell ya bitch, ""Here go a gun. You suck it or I'm finna to pull it.""
I'll have that bitch sniff so much gunpowder she could spit out a bullet
See I was coolin' on Crip Street
In the trap, servin' them big sheets
Befo' rap I fell in love with the ki's (Keys) like Swizz Beatz
Big heat, don't make me spray ladders
Let me find out y'all niggas is sellin' work
I'ma kill you, then rob you for the cake after
He died with like a quarter left, he Hank Gathers
I can't fathom havin' words with these niggas
When y'all know at 13 I jumped off the curb to squeeze triggers
You niggas know what the fuck I do in the streets
Why y'all actin' like I won't have a doctor checkin' for pulses while I'm still lookin' for the nerve of these niggas
Are y'all niggas still breathin'?
I'll have y'all in that forever sleep
I'm from the streets, I done did shit y'all ain't never seen
Twork, you ever seen the closest nigga to you die?
It's a first time for everything
The metal ring
Y'all can't do none to me
Yeah you got bars but you lack conviction like a hung jury
Twork, you like my son, you really like my son to me
If you would've moved how we moved you probably would've been gettin' paid better
But this nigga right here stayed on Smack's scene and be gettin' slayed forever
Yo Smack, but check this out though
Let me talk to you, for real for real
Cause I'm a general my nigga, I'm not a soldier
It's cool y'all be blockin' battles, but y'all gotta learn how to block some of these pedophiles out the culture

[Smack]
Pedophiles?

[Tay Roc]
There's a lot of 'em

[Geechi Gotti]
And all these sucka weird ass snitch niggas out the culture too
If niggas knew better, they'd do better
Niggas mad at Eazy cause he got out his contract, he was too clever
Y'all still tryin' to figure what to do with that cease and desist newsletter
That's like askin', who nicer: Eazy or Surf?
Nigga, Tsu (sue) better
If y'all pay attention to this shit you can see the slave
Every Fuccin' Gun Title nigga

[Both] Free the Wave!","","","","",""
"Uck (Prod. by CHANGMO)","SUPERBEE","7x7SVFDFIjZj4QBrC3VgiA","[Intro: CHANGMO]
Uh, uh, uh, uh, 억

[Hook: SUPERBEE & CHANGMO]
억이 있는데 너한텐 못했어
내가 벌려 했던 1원만큼 보다도
이제 넌 없는데, 그때 잘할 걸 했어
내가 벌고 있는 1억만큼 보다 더
Haha, 요즘 너무 바빠
게다가 요즘 TV에도 나와 (벌어)
Baby, baby, bye, bye
후회는 못해 차마 (no, no, no, no)
손에 억 싫어 두 손 원해 right now

[Bridge: CHANGMO & SUPERBEE]
She said oh my god (she said oh my god)
그녀 떠난 날 (그녀 떠난 날)
돈 버느라 기념일도 까먹었잖아
더는 못봐 널 (연락도 안하고 왜 이래?)

[Verse 1: SUPERBEE & CHANGMO]
Yeah, 내 손목엔 오데마 시계, 약속 안 늦어 다신
사랑보다도 돈이 절실했던 거야, 그때 나 실은
나 이제 벌었어 사임, 잘할 자신 있어 다시 널 본다면
다 이뤘지만 허전함은, yeah, ay, yeah
근데 이젠 너를 못 부를듯하네, babe
기념일 대신에 돈을 세 이젠, 영혼 버린 듯 일만을 매일 해
무료로 들어가 많은 클럽, 눈이 커다래져 나를 봄
잘생겼다며 거짓말해, 너도 그 말은 한 번도 안 했는데
그래서 난 그런 말 안 믿어, 그대가 안 했으니까
그렇담 그런 거지 뭐, 그리 나 너를 못 지워
500 넘어 내 목걸이는, 월에 못 벌어두 천이구
허나 내 머릿속 서리는 한 그림은 3평 월세 안 껴안은 둘

[Hook: SUPERBEE & CHANGMO]
억이 있는데 너한텐 못했어
내가 벌려 했던 1원만큼 보다도
이제 넌 없는데, 그때 잘할 걸 했어
내가 벌고 있는 1억만큼 보다 더
Haha, 요즘 너무 바빠
게다가 요즘 TV에도 나와 (벌어)
Baby, baby, bye, bye
후회는 못해 차마 (no, no, no, no)
손에 억 싫어 두 손 원해 right now

[Verse 2: SUPERBEE]
(Ay, bee!), ouu, yeah, i'm addicted to the cash, ouu
Yeah, i'm addicted to the cash, ouu
연애는 uneducated, 버는 건 천재, 미안해 baby, ouu
매드홀릭, 아레나, 버닝선, 페이스
매드홀릭, 아레나, 버닝선, 페이스
불토에 pull up, pull up 해도 너 같은 앤 no one, 돌아와 baby, ouu
Gucci bag, Louis bag, Fendi bag, Chanel bag, Birkin bag
다 줄게, i'm moneybagg
멋진 벼락부자 얘도 너가 없어 그지 같애 꼴
매일 밤 돈을 세다 잠에 들지만 꿈에 너가 나타나 잠 깨, uh
눈물이 흘러 매일, yeah, 마치 내 목에 icey (ice)
드디어 내 벌이는 억이야, 우리 매일 가던 롯데리아
단품 말고 살 수 있어 세트 100개
근데 너가 없이 무슨 소용이야, ya, ya, ya
(무슨 소용이야, uh, huck, uh, uh, uh, uh, 억)

[Hook: SUPERBEE & CHANGMO]
억이 있는데 너한텐 못했어
내가 벌려 했던 1원만큼 보다도
이제 넌 없는데, 그때 잘할 걸 했어
내가 벌고 있는 1억만큼 보다 더
Haha, 요즘 너무 바빠
게다가 요즘 TV에도 나와 (벌어)
Baby, baby, bye, bye
후회는 못해 차마 (no, no, no, no)
손에 억 싫어 두 손 원해 right now

[Outro: CHANGMO]
Ya, ya, ya, ya, uh, huck
Uh, uh, uh, uh, 억","0.0","0.251","0.0","6.106","0.0"
"Maserati & Porsche","SUPERBEE","5xwNaujAkASxtGewYNlXLZ","[Hook: CHANGMO]
Maserati & 검은 Porsche
너네 둘 어떤 거를 고를래?
Young 사임 사임 gang gang for the win
Bee와 난 태워줄 여자를 원해
Maserati & 검은 Porsche
너네 둘 어떤 거를 고를래?

[Verse 1: CHANGMO]
Bee, 달을 꺼낸 밤
Bee, 일요일 공연 이후 5일만
우린 쇼가 끝이나두 오래봐
끼리 끼리 끼리 노니까
Selfmade Orange
내가 생로랑이면 balmain
얜 Maserati frog는 본인 fact
여자들은 우릴 보네
하지만 우릴 모르는 앨 원해
술 no 귀가는 내 손으로
공영에 차 놓고 소프로
입장료는 음원료로
훈기 어디 갔나 고개 돌려
Oh, 옆에 그댄 누구신가요
나를 벌레처럼 보시네
샷 하나 기기, 훈기는 말려
난 씹고서 말해 이놈 아나요
그녀 답은 ‘니니’ Yes

[Hook: CHANGMO]
Maserati & 검은 Porsche
너네 둘 어떤 거를 고를래
Young 사임 사임
Gang Gang for the win
Bee와 난 태워줄 여자를 원해
Maserati & 검은 Porsche
너네 둘 어떤 거를 고를래
Young 사임 사임
Gang Gang for the win
Young 사임 사임
Gang Gang for the win
Maserati & 검은 Porsche
너네 둘 어떤 거를 고를래
Young 사임 사임
Gang Gang for the win
Bee와 난 태워줄 여자를 원해
Maserati & 검은 Porsche
너네 둘 어떤 거를 고를래

[Verse 2: SUPERBEE]
Maserati & 검은 Porsche
White maserati & black porsche
최고 속도로 고속도로 swrv 해
우린 vvip, pull up 클럽에
이쁜이 pretty들 원해 맞 팔로잉
그러다 feel이 마주친 그녈
힘으로 끌고 가는 That 버 버커루 진
나는 말해 손을 놓으시지
그러자 놈 캥거루처럼
튀어 튀어 쏜살같이
Yeh 나 입은 발망 보고 놀라 째꼈겠지
청바지 한 장에
100만원은 흔치않지
넌 나에게 반해
떼버렸어 클럽 팔찌
당장 널 태워 떠날 거야
Maserati
Skooo skooo bee는
마포 도화동
내 옆 동네 망원동의
창모도 picked up a girl
Masi & porsche
어떤 차를 부를래
Skooo skooo 기분은
Elevate 밟아
액셀러레이터
Young & Rich life
사임 사임 money getter
From gutta
우린 타지 않아 bus subway

[Hook: CHANGMO]
Maserati & 검은 Porsche
너네 둘 어떤 거를 고를래
Young 사임 사임
Gang Gang for the win
Bee와 난 태워줄 여자를 원해
Maserati & 검은 Porsche
너네 둘 어떤 거를 고를래
Young 사임 사임
Gang Gang for the win
Young 사임 사임
Gang Gang for the win
Maserati & 검은 Porsche
너네 둘 어떤 거를 고를래
Young 사임 사임
Gang Gang for the win
Bee와 난 태워줄 여자를 원해
Maserati & 검은 Porsche
너네 둘 어떤 거를 고를래","","","","",""
"Selfmade Orange 2 (feat. Changmo, Paul Blanco)","SUPERBEE","0smz2ZvEX16BtxdrhMc1Ur","[Verse 1: SUPERBEE]
아스팔트 밑에서 고급 오피스텔 꼭대기
Yeah, that's what I say
Geek House에서 7 figures paid
실화일 뿐 이 얘긴 need no flex
천민이 왕이 되는 story
고무 밴드 Casio 손목이
억대로 얼어버려 버린 얘기
몇 백의 outfit, 고급차와 window tinting
그렇다고 날 부러워하거나 특히 미워하거나
또 질투할 필요는 없어, 말어
그리 아름답지 않아 이 rapper의 삶
딱 내가 누리는 것 만큼의 미움을 받어
그래도 누구 비위를 맞출 바엔 자살을
가짜로 웃어주는 내 얼굴은 못봐 넌
Rap star는 그래, 니가 예의가 없다면
Rap star는 그래, don't wear fake diamonds, what
몇가지 초심은 잃었지만 한번 와 봐 내 위치에 좀
You should be moi
Heavy weight, 거물 대어 큰 형들을 dissed
그러고도 here, 그때 나이 21, what
삐끗하면 좆돼던 드라마
니가 아는 누가 이리 살았어
계단없는 지하에서 올라와
지붕 위의 legend로 남아

[Chorus: Paul Blanco]
Selfmade, 내 얘기란 말야
Scar Face, 내 인생일 줄이야
Top of the world, 나는 못 나가
God knows
I’m a Selfmade Orange
I’m a Selfmade Orange

[Verse 2: SUPERBEE]
Yo, yo, yo, yo, 내 놈은 star
1위 chart bition boy
우린 전부 0에서 million
기블리 S Q4 to G63 AMG
고졸 학벌 orange gang squad
비강남 출신놈 재력이 물씬
그래도 소를 쌈장에 찍어 이 boy
자녹게 뉴비에서 legend를 뚫지
높이 왔어도 아직 나는 위가 보여
I pop a tags Prada, Cartier, Margiela
바지 pocket에는 사임 check mozzarella
VS 파편이 내 팔을 죄 얼어, 젠장
아스팔트에서 난 Top됐어, who’s better
내 인생은 쉬워
음주운전, 마약사고만 없음 되는 level
전설이 될 내 이름
Selfmade Orange, 실화가 된 이 드라마
Selfmade Orange, 실제로 난 살아
Yeah, 무덤까지 가져가 내 돈
Yeah, 장롱을 지어 내 관 속에도
Yeah, 보석을 부어 내 송장에도
Yeah, 죽도록 간지가 나도록
Yeah, yeah, I’m finally rich
Finally famous I got’em
Auto-tune 없는 rap은 안 팔린대도
몇십억이네 내 삶은

[Chorus: Paul Blanco]
Selfmade, 내 얘기란 말야
Scar Face, 내 인생일 줄이야
Top of the world, 나는 못 나가
God knows
I’m a Selfmade Orange
I’m a Selfmade Orange

[Verse 3: CHANGMO]
Yo, yo, yo, yo
Kurt Angle처럼 적 발목을 꺽듯이 모두 꺾어
I’m that motherfucker
Yeah, 되본적없지 난 anal sucker
예의랑 헷갈리는 새끼들 많어, yeah
이 돈의 양이 새끼 부티
다 내주지 않어, 부티란건 말야
집 size, 잔고, 바지 티와 잠옷
게다 식기 자가용 죄다
포함하고 교양이란게 필요해 새꺄
그 부티 가진놈이 여있네 새꺄
2년전 Selfmade Orange
오, 이젠 남양주가 경의마저 표해 새꺄
난 잊어버릴듯해 리가 어딘지
아래 기간보다 부자삶이 더 길지
아까 찾아봤거든 소득 퍼센티지
아주 상위더라 셀메오도 어제 일
한번입고 버려둔 새퍼런 Dior
굳이 길단을 입어, 내 얼굴이 상표잖나
내 유명센 다른 celeb과 사진을 마구
박음으로 생긴게 아냐, 걍 life style
어그로 시비 마저 털지 못하게 높으신
몸이지만 다르게 또 겸손한 정신
저 기생충 박사장에 맘이 가 더

[Chorus: Paul Blanco]
Selfmade, 내 얘기란 말야
Scar Face, 내 인생일 줄이야
Top of the world, 나는 못 나가
God knows
I’m a Selfmade Orange
I’m a Selfmade Orange","","","","",""
"SHINHAN BANK","SUPERBEE","2y1XhbGZwx85rLpPH12ZGn","[Hook : SUPERBEE & twlv]
넌 세상 혼자사는 이쁜이
널 꼬시려고 찾아 인출기
신한은행에
넌 세상 혼자사는 이쁜이
널 꼬시려고 찾는데 닫았대 인출기
Girl u know?
아름다워 너무나
아름다워 너무나
아름다워 너무나
Wow wow wow wow
아름다워 너무나
아름다워 너무나
아름다워 너무나
Wow wow wow wow

[Verse 1 : SUPERBEE]
(Bee bee)
Ayy 사실 비틀즈도 여잘 꼬실려고
노래를 불렀었던 거래
나랑 갈까 Mall에?
근처 ATM에 가서 예금인출 HEY
넌 내가 찾아다닌 이쁜이
난 어린 Flexer this century
난 서울의 소년 Lil tay
Nice to meet u (안녕하세요?)
곰인형 선물은 초등학교때도 안했어 나는
이제 꽤 많은 Guap을 모았지 나는
타임스퀘어로 가 Ppaw ppaw ppaw
Reload reload
총알을 장전해 신권
니가 원하는 걸 고르면
LOUIS VUITTON산 총으로 쏴 쏴 쏴
니 매력이 내 지갑을 열게해
내 체인을 부숴 커플링을 10개
넌 내가 반한 이쁜이
이런 설렘은 처음 It's real for me

[Hook : twlv]
Yeah aaa 넌 세상 혼자사는 이쁜이
널 꼬시려고 찾아 인출기
신한은행에
넌 세상 혼자사는 이쁜이
널 꼬시려고 찾는데 닫았대 인출기
Girl u know?
아름다워 너무나
아름다워 너무나
아름다워 너무나
Wow wow wow wow
아름다워 너무나
아름다워 너무나
아름다워 너무나
Wow wow wow wow

[Verse 2 : twlv]
Pretty girl 이뻐 이번 생에
처음야 이건 기적 왜이리
이쁜거야 너의 후광때문에
지금 선크림이 필요해
널 꼬시려면 지금 내 유일한 자랑
돈이 필요해
지갑이 터질 때까지
뽑아 없어도 생활비
돈벼락 맞은 애같이
내 온몸에 사임당을 도배하지
넌 혹시 봤니 내 차키?
우리 아빠차 FERRARI
차량 내부가 개간지
자연스럽게 넌 내 옆에 탔지 (부릉부릉)
우린 강변북로 질주해
목적지는 없어 일단 내가 리드해
이대로 을왕리가자 회 사줄게 맛집 알아
안전벨트를 꽉 잡아 스포츠 모드로 간다

[Hook : SUPERBEE & twlv]
넌 세상 혼자사는 이쁜이
널 꼬시려고 찾아 인출기
신한은행에
넌 세상 혼자사는 이쁜이
널 꼬시려고 찾는데 닫았대 인출기
Girl u know?
아름다워 너무나
아름다워 너무나
아름다워 너무나
Wow wow wow wow
아름다워 너무나
아름다워 너무나
아름다워 너무나
Wow wow wow wow","","","","",""
"5 Gawd","SUPERBEE","2U4LQtlVGtTx9ZAKPEY2Dn","Hangul

Pussy boi
앉아서 쉬누는 거 거 거 거
봤어 니 그거 cut, cut, cut
Young money, old money
All money
영원히 get buck, buck, buck
Buck, buck, bucks

너가 날 믿음
I'm a gawd gawd gawd gawd
게임 불감증 환자처럼
난 게임을 엎어 엎어 엎어 엎어 엎어
면보다 종이는
불어 불어, 퍼 부어 부어 부어

Ay, 다 몰라도 이건 알아둬
Ay, no 그냥 알아서 알아둬
Aye, aye, aye, aye
Pow! pow! pow! pow!
걔랑 날 비교?
Suck a cock, cock, cock
전설로 죽어 like papa
사람이 개소리를 해
Blah, blah, blah, blah
나는 Hip-Hop, 너는 pop
세댈 따지다니 웬
I-pod? i-pod? i-pod?

Ay, 다른 말로 다른 말을 해 닌
Ay, 왜 농구장에서 맨땅에 헤딩
Ay, 백번을 처 말해도 u won't get it
Ay, 그래서 못가져 y'all can't get it
Ay, 꼬마 나뭇가지 보듯 너흴 꺾어 꺾어 꺾어
그리고는 실수한듯 umm
어쩌면 내가 켠 이 텍스트는 범법법
내 한마디에 여럿이 찔리구

Aye, tv 나가기 싫으면
안나가면 되지
무슨 말이 그리 많아, 얘
난 피해준거 없고
Tv 욕하다가 tv 나가려는
병신이나 가서 잡아, 얘

또 tv 나왔다가
Tv 안 나갔던 척은
무슨 트렌드야
가짜 흉내를 팔어? 얘
이건 절대 니 얘기는 아냐 huh?
찔렸다면 니 얘기는 맞아 huh?

Bih, bih, bih, bih
I just wanna be me
멋있지 않은 건 mc지, uh
내가 원함 그건 내꺼야
바로 Pick, Pick, Pick
Young boy make a killin, uh

첫 mic는 마미한테 빌린 돈
야망이 훔쳐봐 이제 billion도
400은 친구가 내게 밀린 돈
천천히 갚아
I got 1 million, bruh
이건 나의 project
꿈이 펴 내 팔레트
이상한 기분 발렛은
My bread gets longer like baguette
다음 level, i'll be Another Legend
내가 끼면 니 삶은 외전
신이 줬어 너무 다른 talent
신이 듣고있어 이 음악을 계속","","","","",""
"5 Gawd 2 (Warrior Flow)","SUPERBEE","5yB2tFz4SnmSBnRZYwi6Tz","5 gawd
Yng & Rich
Hey
ㅗ 2020 pandemic I don't care it
쿨하게 내 2억의 Tax 내 세율은 40% (40)
내 어릴 적 꿈의 연봉이
내 세가 돼 20대 무게는 1톤임
Turnin' (Turn in) curvin' (Curv in)
AMG 튜닝 배기음 총소리 (Do do do)
(Carbine)
이제 난 전국이 아는 Rap Rich
But 호미들 거리 (꺼내)
Big S/O my brother Uneducated
얘는 바꿨어 여길
약 얘기 ㅗ Police all the rookies 클리셰
인스타 밈도 왜 다들 안 따라한 척이지
Shinnin' (Shinnin') 크리링 (크리링)
비명을 질러 내 Diamond는 Bli ling (Bli ling)
현찰이 다 안들어가서
더는 못 껴입을수도 아미릴 (Amiri)
늘 1억은 벌고있었지
언제였더라 그땐 내 폰이 3g
이젠 0이 9개는 붙어야
자극이 와 내 미랜 Diddy
Adidas 3선 그은 츄리닝
발에는 Swoosh 팔에는 Fiji
뉴욕에서 왔어 이 Drip Drip
생각한 적 없어 Boss 아닌 삶
Mercedes Rider singing la la la
Supreme boxer 밑엔 생로랑
쓰레기에서 귀족으로 금나라처럼 마침내
(I'm a warrior warrior warrior)
전쟁하듯 살아 Everyday
(I'm a warrior warrior warrior)
I come back every season 매년 매해
(I'm a warrior warrior warrior)
여전히 답이 없어 이 동네엔
Ehh ehh ehh
I got patek on my Wrist (Wrist)
달 내는 건보료는 100 top payer
상위 1%의 Chief (Ch chief)
롯데월드는 못 갔지만 롯데캐슬이
내 강동에 집 (Dayum)
자랑이 심하대
근데 난 남몰래 기부도 했어 U ㅇ (U ㅇ)
But 티를 안 내는게 Drip Drip
So I don't I don't give a ㅗ About
These muthaㅗas bull shit on me
내 새로산 Benz
트렁크는 소총도 들어갈듯해 M16
여긴 아무도 못 믿지
귀를 의심해야 Believe in
공을 패스해 In my bank account
Like 전성기 시절의 Pippen woah
Heu 에서 말했지 I'm on da god level
내 기분 마치 잭 스패로우
All my water go splashin
2002 캐리비안 베이 Shit
Fakе shit 하는 애새끼들 듣고서
느끼지 죄의식
I can put u in a casket if ya saying shit
생각한 적 없어 Boss 아닌 삶
Mercedеs Rider singing la la la
Supreme boxer 밑엔 생로랑
쓰레기에서 귀족으로 금나라처럼 마침내
(I'm a warrior warrior warrior)
전쟁하듯 살아 Everyday
(I'm a warrior warrior warrior)
I come back every season 매년 매해
(I'm a warrior warrior warrior)
여전히 답이 없어 이 동네엔
Ehh ehh ehh","","","","",""
"Wanna","SUPERBEE","7BKt9GKyWzJI9FkgnFJjfZ","[Chorus]
Wanna see my pencil?
Wanna see my pencil?
Wanna see my pencil?
Wanna see my pencil?

[Verse 1]
Hey daddy, wanna see my pencil?
I stick it in my nose until it hits the middle
It's yellow, it's special, it tastes like a pretzel
I hit it on my head to make this instrumental
I'm mental, I'm crazy, diaper like a baby
Who's the Easter Bunny? You know that it's my daddy
My rhymes are freakin' hot, you weren't even ready
I got my jammies on, I'm ready for bed-y

[Chorus]
Wanna see my pencil?
Wanna see my pencil?
Wanna see my pencil?
Wanna see my pencil?
Wanna see my pencil?
Wanna see my pencil?
Wanna see my pencil?
Wanna see my pencil?
Wanna see my pencil?
Wanna see my pencil?
Wanna see my pencil?
Do you wanna see my pencil?

[Bridge]
Cat piano solo
Oh-oh-oh-oh-oh-oh
Uh-uh-uh-uh-uh-uh
Uh-uh-uh-uh-uh-uh

[Verse 2]
Back on the track, these hoes I smack
These haters can't kill me, you know that's a fact
My diaper I pat, my piano is a cat
I see a can of green beans, I hit it with a bat
Always wear my helmet, don't have to ride a bike
These bullies wanna try me? You know we're gonna fight
People say they hate me, but they can take a hike
I just schooled these haters, now let me drop the mic

[Chorus]
Wanna see my pencil?
Wanna see my pencil?
Wanna see my pencil?
Wanna see my pencil?
Wanna see my pencil?
Wanna see my pencil?
Wanna see my pencil?
Wanna see my pencil?
Wanna see my pencil?
Wanna see my pencil?
Wanna see my pencil?
Do you know you wanna see my pencil?","145.187","0.931","0.456","-11.906","0.8590000000000001"
"U (feat. Oxynova, Royal 44)","SUPERBEE","162GeV7HFg7uWs3TK29VYo","[수퍼비 ""U"" (ft. 옥시노바 & Royal 44) 가사]

[Intro]
Yo, yo, yo, what's up world?
You are now rocking with the freshest, the cleanest
The richest motherfucker out the South, you dig?
This one is for that one-of-one
Yeah, c’mon, c'mon, c'mon

[Pre-Chorus]
Yeah , 우리는 싸웠지 every morning
하지만 해가 지면 다시 loving
돌고 돌아오는 우리 사이클
밖에서 보면 너무 해로웠던 사이
But if it’s you 나는 몰라
그냥 모른 척할래
다시 태어나서 세상을 걸어도
The one for me is just always gon' be you

[Chorus]
You, you, you
Just always gon' be you
You, you, you
It's always gon' be you
현실이랑 멀을 수록
꿈의 의미가 있대
그 어떤 일이 와도 난 안 바뀌어
It's always gon be

[Verse 1]
내 앨범 제목이 love 그리고 rap and life
된 건 because of you 우주를 도는 satellite
처럼 I tripped 질리지도 않아 day and night
Think of her, 매일 나 아직까지도 damn, why?
그냥 나 혼자 살래 I don't love, that's fucked
차라리 쿨했어 돈만 밝혔던 내가
친구 몇도 I kicked them
클럽 꽁테이블 혹은 대출 they wishin’

[Verse 2]
Uh 누가 묻네, 무슨 기분이야 돈 있음
궁금해서 [?] 피워볼까 걍 고민중
갑자기 그게 무슨 말이냐 해
최고의 답변이었는데 they’re missin'
Oxy는 현실이랑 멀수록 가진 꿈이 의미가 있대
이제 그 꿈 난 없지만 좋았던 기억은 언제나
Yeah, the one for me is just always gon’ be you

[Chorus]
You, you, you
Just always gon' be you
You, you, you
It's always gon' be you
현실이랑 멀을 수록
꿈의 의미가 있대
그 어떤 일이 와도 난 안 바뀌어
It’s always gon' be

[Post-Chorus]
Girl, I miss you, oh, oh, oh
시간이 지나도, oh-oh, oh
Oh, oh, oh
다시 태어나도, oh, oh, oh
널 원해, 난 많이, 아주 마니 마니
심심하면 전화해, baby, 가자 한강까지
너도 이미 알고 있잖아 이런 건 오직 나만이
넌 아무 말도 못 했다가 집 갈 때 생각 또 많이 하지

[Verse 3]
하루 종일 너 생각만 돼, 이건 병이야
돌고 돌고 돌고 돌아 결국 또 제자리야
어딜 가든 대접받잖아 이제 이게 내 자리야
근데 만약 너가 딴 남자 곁에? 그럼 씨발년이야
널 처음 보자마자 네게 fallin'
When I'm with you, I don't need molly
Baby, I'm just get that money
안 되면 전부 내 탓 해
사랑을 안 믿어 그게 나의 complex
너가 먼저 열어주면 나도 열어줄게

[Chorus]
Gonna be you, you, you, you
Just always gon' be you
You, you, you
It's always gon' be you

[Outro]
Two years hoping I'm the one to be
One time, put all your trust in me
Can't lie, girl, there's no other way
One for me is just always gonna be you, oh, oh-oh, oh
It's always gonna be, oh, oh, ah, ah-ah, ah-ah, oh-oh
Go ahead, just put your trust in me
If not us, then who is meant to be?
Oh girl, you so beautiful
When it comes to us, it's always gonna be","132.945","0.841","0.572","-5.571","0.595"
"GolfWang (Prod. by twlv)","SUPERBEE","2eaHqSVFG9n1a6VfEsXLmw","[Intro]
I need you

[Pre-Chorus: twlv]
요즘 나 골프 치러 다녀, 명품 골프 의류를 입고
매일 홀인원을 치네 (타이거 우즈 박세리)
카트를 타고 잔디 위를 달려, 귀족들의 스포츠를 즐겨
매일 홀인원을 치네 (타이거 우즈 박세리)

[Chorus: SUPERBEE]
Swing, swing, you can call me 골프왕
Swing, swing, you can call me 골프왕
Swing, swing, you can call me 골프왕
Oh, oh, oh, 골프왕
Swing, swing, you can call me 골프왕
Swing, swing, you can call me 골프왕
Swing, swing, you can call me 골프왕
Oh, oh, oh, woo, whoa

[Verse 1: SUPERBEE]
You can call me 골프왕
But we never wearin (Golf-Wang, Golf-Wang)
어린놈이 골프 치러 필드에 (필드에)
디자이너 의류들을 입어 no fake (but you a fake)
이 골프장 캐디가 내가 멋있대 (사귀재)
Swing, swing, 너네가 당구장에서 짜장면을 시킬 때
난 홀인원을 쳐 버려 (쳐 버려)
상류층이지만 바지를 더 내려 (더 내려)
Backyard에 몰래 돈을 숨겨, 디그다 (dig that)
난 위풍당당하게 골프채를 잡어
Full swing을 때려 빡친 너네 아빠처럼
내가 돈을 움직이면 그 은행은 닫어
귀족처럼 골프 카트를 타고서는 skrrr up
Swing, swing, you can call me 골프왕
왼손에는 Rolex, Audemar는 내 오른팔 (양팔)
우린 지금 대한 골프 협회에 가입해
주민등록증을 연맹에다 제출해

[Pre-Chorus: twlv]
요즘 나 골프 치러 다녀, 명품 골프 의류를 입고
매일 홀인원을 치네 (타이거 우즈 박세리)
카트를 타고 잔디 위를 달려, 귀족들의 스포츠를 즐겨
매일 홀인원을 치네 (타이거 우즈 박세리)

[Chorus: SUPERBEE]
Swing, swing, you can call me 골프왕
Swing, swing, you can call me 골프왕
Swing, swing, you can call me 골프왕
Oh, oh, oh, 골프왕
Swing, swing, you can call me 골프왕
Swing, swing, you can call me 골프왕
Swing, swing, you can call me 골프왕
Oh, oh, oh, woo, whoa, 골프왕

[Verse 2: Uneducated Kid]
나 이제 돈을 많이 벌어 갖고 골프 쳐
너넨 이제 나한테 말도 못 붙여
Whoa, woo, whoa, woo
Whoa, woo, whoa, oh (you can call me 골프왕)
사람들은 움직여 바삐
근데 골프 치고 자빠졌어 우린
My life's going crazy (crazy, you can call me 골프왕)
4번 아이언 좀 줘 봐
내가 시범 한번 보여줄 테니까
Yng & Rich 우린 평생 돈을 쫓아 (쫓아)
우린 하루에 세 시간 밖에 못 자 (못 자)
내가 골프장에 가는 이유 하나 밖에 없어
사업 얘기해야 돼서 (얘기해야 돼서)
검은 정장 입은 사람들이 사과 상잘 들고 와
뒷돈을 뜯어냈어 (뒷돈을 뜯어냈어)

[Bridge: twlv]
Uh, uh, 필드 위에서는 안 부러워 Messi
Uh, uh, 골프장에서 나는 제일 섹시
나이스 샷, 나이스 샷, 나이스 샷, 수퍼비 Nice Shot
나이스 샷, 나이스 샷, 나이스 샷, 언에듀 Nice Shot
나이스 샷, 나이스 샷, 나이스 샷, 트웰브 Nice Shot
나이스 샷, 나이스 샷, 나이스 샷, you can call me 골프왕

[Chorus: SUPERBEE & twlv]
Swing, swing, you can call me 골프왕
Swing, swing, you can call me 골프왕
Swing, swing, you can call me 골프왕
Oh, oh, oh, 골프왕
Swing, swing, you can call me 골프왕
Swing, swing, you can call me 골프왕
Swing, swing, you can call me 골프왕
Oh, oh, oh, woo, whoa, 골프왕
You can call me 골프왕","","","","",""
"Rap Legend","SUPERBEE","20gYPcxAb3R8aZH5hUdl3e","Hangul

I'm on the Legend Lv
I'm on the Legend Lv
I'm on the Legend Lv
I'm on the Legend Lv

I'm on the Legend Lv
지금 누가 H.O.T
전설로 써져서 박혀
난 도서관 책꽂이
번 적 없어 그저 날
원하는거지 세종이
또 난 여자로 여자 꼬셔
사임당 색종이

Hoo if you dissing me
넌 털린다에 다 걸어
작두에 내 팔 걷어
넌 목소릴 성형해야 할 거거든
Hoo 적들도 내 편으로 폼을 바꿨거든
Hoo 널 너무 높이샀어 rival도 아니었거든
Damn 이제 더이상 hip-hop은 없지 여기엔
Damn 이 씬의 전첸 hashtag의 삶을 원해
Damn 사실 10명만 랩 하고 있지 여기엔
그 중에 내가 최고인 걸 알아버렸던 어제
I ain't no fucking rockstar no trapper
I am legendary
좆까 이 마세라리
용을 타고 니네 정수리 윌
날라다녀 불을 뿜어 motherfucker
Fakey chain까지 훔쳐 달려 숨어
Motherfucker yeah
Yuh 정규 1집 다음은 2집
난 rap game을 살려
영원히 안부는 묻지마
난 지존하며 살어 yuh
명품 얘길 하네 지랄하네
I know u broke as motherfuckin'
구두쇠 ass motherfucker yeah

I'm on the Legend Lv
I'm on the Legend Lv
I'm on the Legend Lv
I'm on the Legend Lv

I'm on the Legend Lv
지금 누가 H.O.T
전설로 써져서 박혀
난 도서관 책꽂이
번 적 없어 그저 날
원하는거지 세종이
또 난 여자로 여자 꼬셔
사임당 색종이

Hoo 반 1억 짜리 시계를 차고
현재 시각을 폰으로 확인해
내 시간은 진짜 금
Cocky in my veins 치워 그 무례한 척은
오, 고작 그거밖에 난 82개는 되거든
So get down yo mother fuckers
내 로봇청소기보다 더
멍청한 애들이나 빨아 니 hocus-pocus
시카고 불스 져지가 필요해 난 바로
나 ballin 할땐 마이클 조던 같거든요
Shut da fuck up 해 쳐들어 이 rap
시대를 초월했어 이미
열등감을 심지 니 삐친 마음속 깊히
Just feel my illness
Sick한걸 내 기침, 발열, 질식
Like heu! 야망이
내 집주소 잊지 않고 있지
Hoo! 내가 mic을 내려야
왕관이 떨어져 바닥에
내가 flow를 멈추면 마르지 한강이 yeah
나같은 앨 처음봐서 놀래 hip-hop이 huh
Rap이 교회라면 하나님

I'm on the Legend Lv
I'm on the Legend Lv
I'm on the Legend Lv
I'm on the Legend Lv

I'm on the Legend Lv
지금 누가 H.O.T
전설로 써져서 박혀 난
도서관 책꽂이
번 적 없어 그저 날
원하는거지 세종이
또 난 여자로 여자 꼬셔
사임당 색종이

Romanization

I'm on the Legend Lv
I'm on the Legend Lv
I'm on the Legend Lv
I'm on the Legend Lv

I'm on the Legend Lv
Jigeum nuga H.O.T
Jeonseollo sseojyeoseo baghyeo
Nan doseogwan chaegkkoj-i
Beon jeog eobs-eo geujeo nal
Wonhaneungeoji sejong-i
Tto nan yeojalo yeoja kkosyeo
Saimdang saegjong-i

Hoo if you dissing me
Neon teollinda-e da geol-eo
Jagdue nae pal geod-eo
Neon mogsolil seonghyeonghaeya hal geogeodeun
Hoo jeogdeuldo nae pyeon-eulo pom-eul bakkwossgeodeun
Hoo neol neomu nop-isass-eo rivaldo anieossgeodeun
Damn ije deoisang hip-hop-eun eobsji yeogien
Damn i ssin-ui jeonchen hashtag-ui salm-eul wonhae
Damn sasil 10myeongman laeb hago issji yeogien
Geu jung-e naega choegoin geol al-abeolyeossdeon eoje
I ain't no fucking rockstar no trapper
I am legendary
Jojkka i maselali
Yong-eul tago nine jeongsuli wil
Nalladanyeo bul-eul ppum-eo motherfucker
Fakey chainkkaji humchyeo dallyeo sum-eo
Motherfucker yeah
Yuh jeong-gyu 1jib da-eum-eun 2jib
Nan rap gameeul sallyeo
Yeong-wonhi anbuneun mudjima
Nan jijonhamyeo sal-eo yuh
Myeongpum yaegil hane jilalhane
I know u broke as motherfuckin'
Gudusoe ass motherfucker yeah

I'm on the Legend Lv
I'm on the Legend Lv
I'm on the Legend Lv
I'm on the Legend Lv

I'm on the Legend Lv
Jigeum nuga H.O.T
Jeonseollo sseojyeoseo baghyeo
Nan doseogwan chaegkkoj-i
Beon jeog eobs-eo geujeo nal
Wonhaneungeoji sejong-i
Tto nan yeojalo yeoja kkosyeo
Saimdang saegjong-i

Hoo ban 1eog jjali sigyeleul chago
Hyeonjae sigag-eul pon-eulo hwag-inhae
Nae sigan-eun jinjja geum
Cocky in my veins chiwo geu mulyehan cheog-eun
O, gojag geugeobakk-e nan 82gaeneun doegeodeun
So get down yo mother fuckers
Nae loboscheongsogiboda deo
Meongcheonghan aedeul-ina ppal-a ni hocus-pocus
Sikago bulseu jyeojiga pil-yohae nan balo
Na ballin halttaen maikeul jodeon gatgeodeun-yo
Shut da fuck up hae chyeodeul-eo i rap
Sidaeleul chowolhaess-eo imi
Yeoldeung-gam-eul simji ni ppichin ma-eumsog giphi
Just feel my illness
Sickhangeol nae gichim, bal-yeol, jilsig
Like heu! yamang-i
Nae jibjuso ij-ji anhgo issji
Hoo! naega miceul naelyeoya
Wang-gwan-i tteol-eojyeo badag-e
Naega flowleul meomchumyeon maleuji hangang-i yeah
Nagat-eun ael cheoeumbwaseo nollae hip-hop-i huh
Rap-i gyohoelamyeon hananim

I'm on the Legend Lv
I'm on the Legend Lv
I'm on the Legend Lv
I'm on the Legend Lv

I'm on the Legend Lv
Jigeum nuga H.O.T
Jeonseollo sseojyeoseo baghyeo nan
Doseogwan chaegkkoj-i
Beon jeog eobs-eo geujeo nal
Wonhaneungeoji sejong-i
Tto nan yeojalo yeoja kkosyeo
Saimdang saegjong-i","192.263","0.797","0.382","-7.318","0.484"
"Mirror (feat. JUSTHIS)","SUPERBEE","3dm7z08f9vgO4bN3kjCoXJ","[Verse 1: SUPERBEE]
대마초는 안 피지만
피웠으면 내가 제일 비싼 걸 피지 (비싼 걸 피지)
Only I fuck with foreign jewelers
내가 찬 얼음은 fiji (얼음은 fiji)
구린 걸 구리다 말했더니
왕따가 된 느낌이 (왕따 된 느낌이)
기분이 드럽다가도
또 위로를 해줘 내 수입이, 들켜 니 시기
VVS, VVS, diamonds
손목을 감어 honeycomb flower
They gon panic me shine harder
새끼들 모두 다 bitch 음악하고
이쯤에 rapper는 몇이나 남어
I don’t know why I don’t get it
I don’t know why
I don’t know why they keep bitchin’
짜식들 돌려 까는게 재미인데, ah man
이젠 그것도 너무 시시
Goyard buckle을 차곤 LV 매장을 통째로 사
One damn minute (Let’s get it)
심지어 그림자도 못 밟아
내가 있는 곳에 오지못해 니넨 (Bitch)
돈 얘기 없는 가사도 내 기준엔
Hip-hop 아니지, y’all lamest lames
수술대 의사보다 내 이성은 날카로워
On cartier frameless glass, huh
니꺼는 Stainless steel (Steel)
우리집 부엌에 Lock&Lock 냄비처럼 (Ha-ha-ha-ha)
근데 그걸 넌 목에 거니
언니들이 싫어해 y’all ain’t shit (You ain’t shit)
Ooh, Ice on me real
그게 홍대랑 내가 악수를 할 수 없는 일
난 야마를 지키지, 그거 외로워
때론 홀로 game을 지키는 꼬락서니니, ya heard

[Chorus: SUPERBEE]
I am your mirror
I am your mirror, I am your mirror (Mirror bitch)
And ice on me real
난 니가 성공한 version, 그래서 넌 미워
I am your mirror
I am your mirror, I am your mirror (Mirror bitch)
Man who’s the real
돈냄샐 숨길 뿐, 우린 다 같은 놈이야

[Verse 2: JUSTHIS]
난 걸쳐 Raf Simons archive
얘네 입어 여자한테나 잘 보이려고
근데 깔 상도 박살
그걸 어케 타 가기는 하냐, huh
수위조절 줘 강아지한테
개 돼지들이 맛 봐, 날 씹고 뜯고 즐기지
But I'm cool with that meme shit
누군 억 목에 감아도 아무도 관심 하나 안 줘
돈 써 푸는데 알바도
간장에 절인 암게 배딱지 갈라서
알에다가 밥 비벼먹는 삼시세끼인
내가 할 소린 배부른 소리 like 트림 (트림)
다들 돈을 위해 죽을 듯 살지만
돈을 위해 죽을 수 있냐고 물으면 아무도
쥐 죽은 듯이 조용해지는 서울특별city
근데 잘 먹고 잘 사는 snitches
그래서 외로운 내가 더 행복
Oh, your whip foreign? my chick foreign
그냥 무지티가 아냐, bitch it's Rick Owens
강 윗 쪽 놈 보러 언니들이 강 밑 쪽서 skirt skirt, whoa
구멍동서라니 아우야, I'm never sour
I'm just smokin' somethin' much louder
난 뱉어 걸고 내 아들과 딸들
물론 방금 걔넨 뱉었지, 얘가 삼킬려다 말구
엄마 걱정 마, it's all lie
친구들한텐 장난까냐, no lie
년들한텐 가서 알려 다른 년들한테
민국이 민순이들한테는
이런 나라도 어차피 사랑해줄 거잖아
네 거울이라, whoa

[Chorus: SUPERBEE]
I am your mirror
I am your mirror, I am your mirror (Mirror bitch)
And ice on me real
난 니가 성공한 version, 그래서 넌 미워
I am your mirror
I am your mirror, I am your mirror (Mirror bitch)
Man who’s the real
돈냄샐 숨길 뿐, 우린 다 같은 놈이야

[Verse 3: SUPERBEE]
I’m on a whole another level (Level)
Y&R gang 니 두배로 do better, yeah (Gang)
Yellow Versace robe를 걸치지
난 Tutankhamen king
No.1 내 numero
생각해보면 이 game은 나를
더 negative하게 만들어 이 시발
내 모든 의도가 뻔한 돈 얘기로 바뀔 땐
떠나고 싶었었지 난
Listener들에 큰 실망
고인돌적인 사고력과 감정에 휩싸여
마치 타짜 영화를 보고
김윤석을 길에서 본다면 손가락질 할
연약한 발라드 타입의 bitch
자칭 hip-hop fan, yo none of that shit
넌 이 문화의 암 병폐 sick
What da suck is y’all saying, 떠나길 이 scean
Goddamn, goddamn, goddamn (Goddamn)
나 1TYM 전성기처럼 뜨거 hotdamn (Hotdamn)
내가 rap을 할땐 만지지 말어 다 데여
가격 묻지마 my wrist (No, no)
닌 못 사, 하던대로 지르콘이나 박어
핏이 나 넌 그게 딱 damn (Lol)
Fuck them, 내 모조품들이 경례도 안해줘
난 서운한 상태야 (Ha-ha ha)

[Outro]
Yng & Rich, 영원히 gettin that money (Woah)
잊지마 여긴 한국
소득대비 수입차 명품 구입율 1위 (Woah)
Money man money man money man
Yng & Rich, 영원히 gettin that money (Woah)
잊지마 여긴 한국
나는 이 땅의 자화상, 너의 거울임을","127.03","0.916","0.517","-3.831","0.471"
"Air DotheQ 3 (feat. Dok2, myunDo, keemhyoeun, The Quiett)","SUPERBEE","354eLEqGQCcchthwCIJApe","[Verse 1: Dok2]
It's the return of the 공중도덕
이젠 myunDo, SUPERBEE, 효은인 돈 좀 벌어
물이 올라 들어오면 우린 노를 저어
널 빡치게 만드는 일엔 항상 늘 도를 넘어
Boom bap에 boom짜도 모르는 놈들 뜬 구름 잡지
굼 뜨는 rap, 요즘 trap 너무 뻔하다는 둥
뻔데기 앞에 주름 잡는 시늉하다 눈 뜨면 사라져
We ain't got no oh room for you
Whom you think you fuckin' with
벌써 몇개 남지 않았네 내 bucket list
Ilionaire, Ambition, Ghood Life, we fuckin' lit
살아 숨을 쉬는 한 모든 룰은 다 어기지
오늘도 mic 앞에선 내 자센 반듯해
녹음을 너무 많이 해 마이큰 또 고장 난듯해
Ooooh, always spit fire with that hot shit
Rest in peace Prodigy Mobb Deep

[Verse 2: myunDo]
Yeah, yeah, 1년 만에 back again
이번엔 효은이 형까지 합세해 더 세졌네
It's Air Do the Q 3, 하늘 높이 나는 기분
If ya don't know me, 혹여나 어디 가서
Hip-hop 듣는다 하지마, yah
귀 촌스러운 놈들이 내가 볼 땐 반 이상
허구한 날 취향은 무슨 취향, 수준들이 떨어져
근데 그걸 취존해달라 하네, 하나도 멋없어
MyunDo, gon go and 베어 like 무사시
With my razor sharp flow, 이건 수라의 길
내가 최고가 되기 전에는 안 끝나지
So I gotta get goin
하루 빨리라도 you nah mean
Yeah, we livin dat Ghood Life
Sky ain't our limit, 더 높이 올라
위치로 말해, gimchis we invincible
키스는 커녕 발바닥 조차 안 보일지도

[Verse 3: SUPERBEE]
I rep that +82, 한국인 내 82ude
이제 팬티두 안 걸친 백지두
5000의 착장, Day-Date II
41mm I'm as happy as can be hip-hop의 힘이 나
Don't believe me, just watch my watch
체험해 파악해 의미
Ouu, 이 나라 행복지수 높히는 애국자가 누구? Hoo
전화기 자동차는 Amumu처럼 울어 불 나, brrrrrhhh
Huh, 넌 안 그래, 난 더 더 원해
종일 펄펄 끓어, 야망은 불어
공중도덕 3번째 Illy, Ambition & two GHood Lifia
낮과 밤, 안이나 밖이나 party야, hey
날 featuring 시키려거든 verse 100번은 엎어 둬
안 그럼 니 album은 내 차지야, uhmmm
니 rap이 기계라면 PMP, 난 iPhone 8
해서 아무도 널 찾지 않어
연예인 못돼, 넌 길거리 사진 봇이지
다 띠벙이 쓋하고 있을 때 내 음악이나 더 내

[Verse 4: Keem Hyo Eun]
기억을 그때로 거슬러
난 지금 너무나도 컸어
근데 여전히 졸라 어려 내 꿈은
나를 무시하던 놈들에게 되 물음
배 부른 소릴 가끔씩 해
밉상 이미지 달고 졸라 시크해
누가 누가 우리처럼 돈을 벌어 쉽게?
비싼 허리 졸라 매기 위해 산 Gucci 벨트
쉬지 않고 일을 해 잔고는 쌓여가고 결국 일을 내
도덕산 정상에서부터 Illionaire, Ambtion GHood Life
우릴 막어 누가?
누가 되는 파리같은 자식들
그냥 내 삶의 관객으로 살기를
Who's hot, who's not, 어서 확인을
공중도덕 3 이게 마지막이 아님을

[Verse 5: The Quiett]
Flowsik, 효은, myunDo, SUPEBEE
카메라 앞에서 맺어진 super team
알잖아 이 현실에선 all we do is win
TV 밖으로 나오자마자 무너진
Rapper들이 한둘이 아냐, 내가 말했듯이
진짜 경쟁은 여기 있지, 반드시
Eyday I'm strugglin, 자신과 싸우듯이
Young winners in the house, 문을 잠그지
Young winners in the house, money over bullshit
주차할 때 빼곤 우린 하지 않아 후진
111% rap money, 딴 거 할 필요 없지 굳이
가는 곳 마다 0이 뒤에 붙지, ay
Shit is like all star weekend, ay
다들 뱉고 있지 쩌는 sixteen, ay
꿈을 손에 잡으러 가 직진
Team 도덕 we on motherfuckin' fire

Romanization

Its the return of the
Gongjung dodeog
Ijen myeondo supeobi hyoeun-in don jom beol-eo
Mul-i olla deul-eoomyeon ulin noleul jeoeo
Neol ppagchige mandeuneun il-en
Hangsang neul doleul neom-eo
Bumbaeb-e bum jjado moleuneun nomdeul
Tteun guleum jabji
Gum tteuneun laeb yojeum teulaeb
Neomu ppeonhadaneun dung
Ppeondegi ap-e juleum jabneun sinyunghada
Nun tteumyeon salajyeo
We aint got no oh room for u
Whom u think u fuckin with
Beolsseo myeochgae namji anh-assne
Nae bucket list
Ilionaire ambition ghood life
We fuckin lit
Sal-a sum-eul swineun han
Modeun lul-eun da eogiji
Oneuldo mic ap-eseon
Nae jasen bandeushae
Nog-eum-eul neomu manh-i hae
Maikeun tto gojang nandeushae
Ooooh always spit fire
With that hot shit
Rest in peace
Prodigy mobb deep
Yeah yeah
1nyeon man-e back again
Ibeon-en hyoeun-i hyeongkkaji
Habsehae deo sejyeossne
It's Air Do the Q 3
Haneul nop-i naneun gibun
If ya don't know me
Hog-yeona eodi gaseo
Hibhab deudneunda hajima
Gwi chonseuleoun nomdeul-i
Naega bol ttaen ban isang
Heoguhannal chwihyang-eun museun chwihyang
Sujundeul-i tteol-eojyeo
Geunde geugeol chwijonhaedalla hane
Hanado meos-eobs-eo
MyunDo gon go
And beeo like musasi
With my razor sharp flow
Igeon sulaui gil
Naega choegoga doegi jeon-eneun an kkeutnaji
So I gotta get goin
Halu ppallilado
You nah mean
Yeah we livin dat ghood life
Sky ain't our limit
Deo nop-i olla
Wichilo malhae
Gimchis we invincible
Kiseuneunkeonyeong
Balbadagjocha an boiljido
I rep that +82
Hangug-in nae 82ude
Ije paentidu an geolchin baegjidu
5000ui chagjang Day-Date II
41mm I'm as happy as can be
Hip-Hop-ui him-i na
Don't believe me
Just watch my watch
Cheheomhae paaghae uimi
Ouu i nala haengbogjisu
Nophineun aegugjaga nugu hoo
Jeonhwagi jadongchaneun Amumucheoleom
Ul-eo bul na brrrrr hhh
Huh neon an geulae nan deo deo wonhae
Jong-il peolpeol kkeulh-eo yamang-eun bul-eo
Gongjungdodeog 3beonjjae
Illy ambition & two gHood Lifia
Najgwa bam an-ina
Bakk-ina patiya Hey
Nal featuring sikilyeogeodeun
Beolseu 100beon-eun eop-eo dwo
An geuleom ni aelbeom-eun nae chajiya
Uhmmm
Ni laeb-i gigyelamyeon PMP
Nan iPhone 8 haeseo
Amudo neol chaj-ji anh-eo
Yeon-yein mosdwae
Neon gilgeoli sajin bos-iji
Da ttibeong-i sswishago iss-eul ttae
Nae eum-ag-ina deo nae
Gieog-eul geu ttaelo geoseulleo
Nan jigeum neomunado keoss-eo
Geunde yeojeonhi jolla eolyeo nae kkum-eun
Naleul musihadeon nomdeul-ege doe mul-eum
Bae buleun solil gakkeumssig hae
Mibsang imiji dalgo jolla sikeuhae
Nuga nuga ulicheoleom don-eul beol-eo swibge
Bissan heoli jolla maegi wihae san
Gujji belteu
Swiji anhgo il-eul hae jangoneun ssah-yeogago
Gyeolgug il-eul nae
Dodeogsan jeongsang-eseobuteo
Illionaire ambtion ghood life
Ulil mag-eo nuga
Nuga doeneun paligat-eun jasigdeul
Geunyang nae salm-ui gwangaeg-eulo salgileul
Who's hot who's not
Eoseo hwag-in-eul
Gongjungdodeog 3 ige majimag-i anim-eul
Flowsik hyoeun
Myeondo Superbee
Kamela ap-eseo maej-eojin
Super team
Aljanh-a i hyeonsil-eseon
All we do is win
TV bakk-eulo naojamaja muneojin
Laepeodeul-i handul-i anya
Naega malhaessdeus-i
Jinjja gyeongjaeng-eun yeogi issji bandeusi
Eyday i'm strugglin
Jasingwa ssaudeus-i
Young winners in the house
Mun-eul jamgeuji
Young winners in the house
Money over bullshit
Juchahal ttae ppaegon
Ulin haji anh-a hujin
111% rap money
Ttan geo hal pil-yo eobsji gud-i
Ganeun gos mada 0i dwie butji ay
Shit is like all star weekend ay
Dadeul baetgo issji jjeoneun
Sixteen ay
Kkum-eul son-e jab-euleo ga jigjin
Team dodeog
We on motherfuckin' fire","","","","",""
"C.E.O Freestyle","SUPERBEE","1FwCFwqDmkhq0jrQo7phSn","[Verse 1: SUPERBEE]
I'm a boss, 난 법인사업자, money be chasin
Me water dancin, If I want it then I cop it
내 flow는 인간이 못 베껴, 없는 내 copycat
Kawasaki처럼 I vroom, 머릿속은 세속 땜에 어둠
Audemars Piguet 내 손목에 룬, 신사임당 손녀를 꼬시는 중
집현전에서 I'm flexin, 세종을 뵙지, 내 Rap에 추시지 춤
돈을 색출, 돈을 색출, 잘난 척을 녹음해서 수출
What you know bout it, wait, hol'up
I don't fuck with lame, uh
Yng & Rich we came up, 건달처럼 gang up
국힙 전체가 우리 자작극, 하이에나
국힙 전체가 우리 자작극, 하이에나
Umm, Hook은 없어, I'm straight up
Umm, 스물여섯 Young anna
Umm, 뭔 말이 많아, 돈 내놔
Umm, umm, umm, umm
Umm, 난 나쁜 버전의 TakeOne
Umm, 내 머리엔 흑색이념
Umm, 내 돈의 영원을 빌어
Umm, umm, umm, umm, umm

[Interlude: SUPERBEE & Uneducated Kid]
Umm, umm, umm, umm, umm
Umm, umm, umm, umm, umm
Umm, umm, umm, umm, hey!

[Verse 2: Uneducated Kid]
나는 죄책감을 못 느껴
소심한 너네는 집에서 흐느껴, what
너네는 우리를 못 웃겨
우리는 돈 얘기 아니면 안 웃어, huh
난 진짜 아무도 안 무서워
왜냐면 조직이 내 뒤를 봐줘서, yeah
우리는 진짜로 전문적
돈 버는 거에 있어서는 전문적, umm
아무도 믿지 마, 남 똥꼬 빨지 마
쪽팔린 짓 절대 하지 마, umm
진짜로 너네가 스스로 최고라
생각을 해야 돼 어딜 가든
만약 내가 미팅 하러 갈 땐
거만히 행동해 누가 됐든
그래서 말실수 몇 번 좀 했지만
괜찮아 결과는 결국 이득
내 인생 진짜로 scarface
내 책상 위에는 bands on bands
Call me Montana but baby face
니네 돈 나는 꼭 뺏어내
성공을 위해서 걸었어 risk
넌 절대 못하지 겁쟁이
너는 날 위해서 every week
일하다 결국엔 허리 disk","","","","",""
"Summer!","SUPERBEE","3HiAtpwg9qkgiPHJSdnHHF","[Intro]
Uh uh
Dingo Freestyle
Okay Woah

[Chorus]
해변으로 가자 바닷바람 타고
샤넬 수영복을 사줄게
스트레스는 날려 지갑은 놔둬
슬리퍼만 신고 나올래
네가 원하는 거
지금 나한테 다 있잖아 Oh baby
네가 꿈꾸는 거
내가 이뤄줄 수 있잖아 Hmm maybe

[Post-Chorus]
Uh uh uh uh uh baby
I can make your dreams come true
Uh uh uh uh uh baby
I can make your dreams come

[Verse 1]
피서지로 가자 Skrrrr 써
Prada Bucket 날씨가 너무 더운데
이런 날은 저
시원한 바다에 퐁 하고
빠지고 파 너랑 동해에
Baby I can make your dreams come true
파노라마 선루프를 열어 이뻐 구름이
모닥불을 피워 Like cast away
옆에 있어 매일 바비큐 파티에 맥주
모든 Stress는 Dead
널 백수로 만들어 버릴래 Babe
Got you all iced out 코끼리만 한 웨딩링
너랑 살 저택을 매입해
선물로 줄 수도 New porsche ah ah

[Verse 2]
오늘이 월요일이면
사표 쓰고 그냥 Follow me
차를 타고 떠나버리자 이 복잡한 도시를
걱정 마 Baby you know
That I'm yng&rich yeah
모히또에 가서 몰디브를 그냥 Sip 해
말하기만 해봐 Baby 난 너의 지니
모두 가질 수 있어 이 카드는 No limit
머리부터 발끝까지 전부다 Louis V
이젠 더 이상 안 맞춰도 돼
그 새끼들 비위 Yeah
파도 소리에 눈을 뜨면
내가 해물 라면을 끓여줄게
옆에 타기만 해 나 너네 집 앞이야
저 바다가 우릴 기다리니

[Chorus]
해변으로 가자 바닷바람 타고
샤넬 수영복을 사줄게
스트레스는 날려 지갑은 놔둬
슬리퍼만 신고 나올래
네가 원하는 거
지금 나한테 다 있잖아 Oh baby
네가 꿈꾸는 거
내가 이뤄줄 수 있잖아 Hmm maybe

[Post-Chorus]
Uh uh uh uh uh baby
I can make your dreams come true
Uh uh uh uh uh baby
I can make your dreams come

[Verse 3]
Uh baby 거짓말이 아냐
난 너랑 가고 싶어 Paradise
나 이제 지쳤어 For one night
돈 걱정은 하지 마 My money's right
내 차는 2인석 다른 여자는 못 앉혀
I just need real love
해변으로 달려 내 차는 뚜껑이 열려
24살인데 이런 놈이 어딨어?
Baby I'm so fly 아아 안 해도 돼 멋진 척
시속 200으로 밟어 I'm a speed racer
Oh 오늘 밤에 우린 찾을 거야 보물섬 Yeah

[Verse 4: Yuzion]
우린 여길 벗어나
아무도 없는 곳으로 빨리 떠나자
난 꿈을 그려 너와
Okay 이미 준비됐어 난
You can ride with me
Okay baby Lets chill
Don't care about nothing
누가 뭐라 말하던지
Don't kill my vibe
I can feel so great
You can rock with us
Let's meet up
이젠 놀러다녀 매일 (Let's go)

[Chorus]
해변으로 가자 바닷바람 타고
샤넬 수영복을 사줄게
스트레스는 날려 지갑은 놔둬
슬리퍼만 신고 나올래
네가 원하는 거
지금 나한테 다 있잖아 Oh baby
네가 꿈꾸는 거
내가 이뤄줄 수 있잖아 Hmm maybe

[Post-Chorus]
Uh uh uh uh uh baby
I can make your dreams come true
Uh uh uh uh uh baby
I can make your dreams come","85.005","0.453","0.717","-9.394","0.483"
"Beverly 1lls","SUPERBEE","3ZG1icQpqYAFJUpDN0KjwO","[Hook: SUPERBEE & myunDo]
Yeah, I'm at the top so high
Welcome to Beverly Hills
맑은 공기, 다른 시야
다 Welcome to Beverly Hills
Beverly Hills, Beverly Hills
모두 다 welcome to Beverly Hills
Beverly Hills, Beverly Hills
모두 다 welcome to Beverly Hills
Yeah, I’m at the top so high
Welcome to Beverly Hills
맑은 공기, 다른 시야
다 welcome to Beverly Hills
Beverly Hills, Beverly Hills
모두 다 welcome to Beverly Hills
Beverly Hills, Beverly Hills
모두 다 welcome to Beverly Hills

[Verse 1: SUPERBEE]
Yeah, I'm at the top so high, Beverly Hills
미국 예선 봤던 게 어제 일 같은데 어느새 Top 10
물론 우승밖에 생각을 난 안 해
창창해 내 앞이 'cause illionaire got me
모든 Loop을 죽여 EDM까지
열폭종자들의 눈깔은 Hopsin
다 닥치, 난 비행기로 부산을 가지
Whooo, 여긴 Rapper가 예술가인 척하는 Hollywood
내 iPhone 메모지에 네 쓰레기 가사는 comic book
그건 이미 중학교 미술 시간에 I’ve been there
때려치우고 Original Gimchi
내 인스타그램이나 Follow 해
Weak ass, ayy

[Verse 2: myunDo]
Everywhere I go, whatever I do
Them gimchis be jealous of me
And my crew
Illimuthafuckinaire gang
We just havin' some fun
근데 또 태클을 거네 자꾸
I'm tired of these mofos
Fuck all you, gimchis
다시 한 번 말해줄게 너네 위치
우린 펜트하우스 너넨 반지하
너넨 조기 축구 우리는 A매치 뛰어
Lit, lit, lit, lit, no rollin', no smokin'
We just light this shit up like
심심한 부잣집 Kid
돈다발 갖고 불장난하듯이
Eighty two, we 'bout that life
Livin' the way we like
Makin' positive vibe
Everything feels just right

[Hook: SUPERBEE & myunDo]
Yeah, I’m at the top so high
Welcome to Beverly Hills
맑은 공기, 다른 시야
다 Welcome to Beverly Hills
Beverly Hills, Beverly Hills
모두 다 welcome to Beverly Hills
Beverly Hills, Beverly Hills
모두 다 welcome to Beverly Hills
Yeah, I’m at the top so high
Welcome to Beverly Hills
맑은 공기, 다른 시야
다 welcome to Beverly Hills
Beverly Hills, Beverly Hills
모두 다 welcome to Beverly Hills
Beverly Hills, Beverly Hills
모두 다 welcome to Beverly Hills

[Verse 3: SUPERBEE]
Welcome to Beverly Hills
다 내 Village로 와, 난 너네 배를 불리지
I go straight ballin' shit like 로날두의 페널티 킥
판을 갈아 like Wegun의 Spin
10 더하기 1 뭔지 알면 너도 내 패거리지, 나의 에너진 Ill
내게 머리카락 보일라, 래퍼들은 머리를 밀어서 대머리지, whoo
대걸레 머리, you ain’t got it fuck errbody
내 색깔이 뭔지를 아직까지 모르겠다면
병원 가봐, 색맹이야 넌
Aye, 누가 날 막아? 체온계도 녹아
너무 뜨거워, Fire, Fire
인간으로 태어났지만 저 태양의 질투를 받아

[Verse 4: myunDo]
Fire, fire, myunDo en fuego
Can't nobody fuck up my mood
We goin' higher no retire
잘 맞춰진 주파수
내 Positivity가 거슬린다면
Just deal with it god
내 옆엔 RGB 있으니까
섞으면 White 전능해지지 난 Whoo
Now I'm at the top of Beverly Hills
Coloring things however I like
매번 하는 얘기지만
Ambition in my veins 냄새를 맡아
등 번호가 야망의 순위였다면
난 John Wall보단
Derrick Rose보단 Damian Lillard
I mean look man
Who else got one bigger

[Hook: SUPERBEE & myunDo]
Yeah, I’m at the top so high
Welcome to Beverly Hills
맑은 공기, 다른 시야
다 Welcome to Beverly Hills
Beverly Hills, Beverly Hills
모두 다 welcome to Beverly Hills
Beverly Hills, Beverly Hills
모두 다 welcome to Beverly Hills
Yeah, I'm at the top so high
Welcome to Beverly Hills
맑은 공기, 다른 시야
다 welcome to Beverly Hills
Beverly Hills, Beverly Hills
모두 다 welcome to Beverly Hills
Beverly Hills, Beverly Hills
모두 다 welcome to Beverly Hills
Yeah, I'm at the top so high
Welcome to Beverly Hills
맑은 공기, 다른 시야
다 welcome to Beverly Hills
Beverly Hills, Beverly Hills
모두 다 welcome to Beverly Hills
Beverly Hills, Beverly Hills
모두 다 welcome to Beverly Hills","","","","",""
"Money Team","SUPERBEE","50EHCpliuXTonW6elexG76","[Chorus: SUPERBEE]
어디에 돈이 있나
고개를 두리번 두리번
그것은 Louis V 인가
아니면 안 입어 안 입어
＋ 절대 난 하나론 만족은 못해
Another one, another one
＋ 난 너무 좋아해
Goyard, goyard, goyard, goyard

[Post-Chorus: SUPERBEE]
Yng & Rich shit (shit!)
Teamin' teamin' shit (Let's Go)
Yng & Rich shit (히익)
Teamin' teamin' shit (Let's Go)
영앤리치 우린 돈을 버는
Money team (Money)
영앤리치 우린 돈을 버는 UDT (악)

[Verse 1: UNEDUCATED KID]
Yng & Rich money team
돈을 버는 Navy seal
살고자 하면 죽고
죽고자 하면 살아 이순신
우린 펼쳐 학익진
들렸어 나 돈 귀신
나는 안가 소개팅
100억 벌고 결혼정보업체
Esketit
2021년 우린 하고 있어 새마을 운동
잘 살아보세 my squad 일동
보고 있지 말고 너네도 거들어 일손
집에 돌아갈 수 없어 with a 빈손
나는 아기 새처럼 받아먹어 뒷돈
꼬바르는 새끼는 빵꾸 내버려 머리통
우린 허리띠를 졸라매 루이비통

[Verse 2: Chin]
우리는 돈 버는 udt
남자새끼들이 왜이리 pretty
무스너클 안에는 무지티
근데 그 무지티 마저도 폴로티
요즘엔 느껴 이 돈이
어떤 위대한 힘을 가지고 있는 질
역시 돈이 최고야
다 입벌리고 먹어달래 마치 조개찜
차렷 열중쉬어
난 일해 너넨 쉬어
이번달 음원료를 명품에 날려
이젠 브랜드를 가사에 써
지금까지 번돈이 미워 다 지워
그걸 어제 하루만에 다 벌었어
미래의 호미들 장신구는 Icy
듣는 너네처럼 다 얼었어

[Chorus: SUPERBEE]
어디에 돈이 있나
고개를 두리번 두리번
그것은 Louis V 인가
아니면 안 입어 안 입어
＋ 절대 난 하나론 만족은 못해
Another one, another one
＋ 난 너무 좋아해
Goyard, goyard, goyard, goyard

[Post-Chorus: SUPERBEE]
Yng & Rich shit (shit!)
Teamin' teamin' shit (Let's Go)
Yng & Rich shit (히익)
Teamin' teamin' shit (Let's Go)
영앤리치 우린 돈을 버는
Money team (Money)
영앤리치 우린 돈을 버는 UDT (악)

[Verse 3: Louie]
우리집 개집에 계집애
말은 걸지마라 baby
Yng & Rich 넥슨에 캐시템
처럼 돈에 미쳐 Everyday
Yo 돈은 나를 애태우게 만들어 like 유모차
24시 불가마에 있는듯해 내 눈동자
Look at me now
어느새 부자의 느낌이나
내 여자 엉덩인 Nicki Minaj
저 쉐끼들은 또 snitchin' now
쟤네들 하는 꼬라지를 보니 대머리가 될 지경
Pussy shit에 돌아버리겠어 준비해라 넌 피겨

[Verse 4: Royal 44]
Bitch I got some racks
And designer things 이거면 됐지 뭘 원해
I pull up in the benz
And 존나 큰 tank 나랑 같이 커지는 wallet
신경 안 써 너네 의견 좆까
내 답변 fuck the police I'm just rollin'
I'm just playin' racing game
Bitch so many pussies ballin'
Flawless diamonds
Rainbow colors like thanos
I ain't use rubber
She wants a baby 닥쳐 빨아
예의는 안 챙긴지 오래
내 싹수는 여전히 노래
But 목엔 dia 몸엔 philipp plein
내 앞에 있지마 없어 난 브레이크
돈 못 벌면 내가 이 짓을 왜 해

[Chorus: SUPERBEE]
어디에 돈이 있나
고개를 두리번 두리번
그것은 Louis V 인가
아니면 안 입어 안 입어
＋ 절대 난 하나론 만족은 못해
Another one, another one
＋ 난 너무 좋아해
Goyard, goyard, goyard, goyard

[Post-Chorus: SUPERBEE]
Yng & Rich shit (shit!)
Teamin' teamin' shit (Let's Go)
Yng & Rich shit (히익)
Teamin' teamin' shit (Let's Go)
영앤리치 우린 돈을 버는
Money team (Money)
영앤리치 우린 돈을 버는 UDT (악)","","","","",""
"trotrap","SUPERBEE","7qJIJ6xd0ZAvcFrEj4BZ5l","[Chorus: twlv & Uneducated Kid]
그대 있는 곳 어디든 달려가, 달려가
저 푸른 한강에 집 짓고 살고파, 살고파
트로트랩, 비가오나 눈이오나
트로트랩, 고달픈 인생이지만
트로트랩, 돈벼락이 쏟아진다
트로트랩, 트로트랩, 트로트랩, 트로트랩

[Verse 1: Yuzion]
난 계속 돈이 따라와서 말을 걸어와
넌 내가 아니라서 전부 이해 못해 다
Diamonds on me dancing
내 재능은 더 크지
돈이 내게 오지
Yeah, I know I deserve it
이제 내 몸엔 designer 도배
니 옷들은 안 봐도 뻔해
나는 챙겨 내 돈을 양손에
나는 여전해, 절대 안 변해

[Verse 2: twlv]
우린 불러 신바람 흥이 넘치는구나
춤을 춰봐 이 가락에 맞춰서 모두 다
이태원 강남부터 전국 팔도 마을회관
이젠 NO.1 어르신들 손주 사윗감
그대를 향해 달리다 보니 어느새 여기까지 왔네
이젠 더 많이 원하게 돼버렸기 때문에 더 달려야 해
신사임당이 속삭이네, you deserve more
So 미친 듯 미친 듯 미친 듯이
Keep it up, keep it up, keep it up, yeah

[Chorus: twlv & Uneducated Kid]
그대 있는 곳 어디든 달려가, 달려가
저 푸른 한강에 집 짓고 살고파, 살고파
트로트랩, 비가오나 눈이오나
트로트랩, 고달픈 인생이지만
트로트랩, 돈벼락이 쏟아진다
트로트랩, 트로트랩, 트로트랩, 트로트랩

[Verse 3: Uneducated Kid]
아무것도 안 했는데 돈이 들어와
아이고 이거 정말 큰일 났구나
Gucci, Louis Vuitton, Balenciaga
입으니깐 춤이 절로 나온다 (Let's go)
내 음악은 마침내 춤추게 만들어 할머니 할아버지
난 저 푸른 한강에 집 짓고 살 거야, 김씨 표류기
고달픈 인생 미소를 짓자, 세 살 버릇 여든까지
트로트랩, 이 노랠 들으면 부자 돼, 내가 약속하지

[Interlude: SUPERBEE]
그대
Let's go

[Verse 4: SUPERBEE]
Yng & Rich, 이번엔 트로트랩
Dingo와 collaborating
트로트건 랩이건 손대면 띵곡이 돼
강남 이태원에 playing
없는걸 자랑했다거나 가짜로 Flex
한 적은 없지 여태, yeah
넘치는 재능, 내 재주
그래서 연예인보단 탤런트네 이 얜
올라 내 dollar, 온종일 팔려
불어나 whole lotta commas
저 소셜에 커머스 짜식들
속 마음은 아마 원해 저 diamonds
난 무시해 내 길을 거닐어
남행열차처럼 100 up
탬버린, 탬버린, 탬버린
노래교실 현미쌤처럼 turn it up
트로트 트랩 ish
Rollie와 AP 손목이 샤방샤방
이런 내 모습을 몇 년 전 내가 보면
장윤정처럼 어머나
I gotta run my money up like the treadmill
보여줘 클라쓰, 마치 새로이

[Chorus: twlv & Uneducated Kid]
그대 있는 곳 어디든 달려가, 달려가
저 푸른 한강에 집 짓고 살고파, 살고파
트로트랩, 비가오나 눈이오나
트로트랩, 고달픈 인생이지만
트로트랩, 돈벼락이 쏟아진다
트로트랩, 트로트랩, 트로트랩, 트로트랩","","","","",""
"Trotrap (Melody Ver.)","SUPERBEE","6oHxO2LmjG23HybNYCJaNT","[Chorus: twlv & Uneducated Kid]
그대 있는 곳 어디든 달려가, 달려가
저 푸른 한강에 집 짓고 살고파, 살고파
트로트랩, 비가오나 눈이오나
트로트랩, 고달픈 인생이지만
트로트랩, 돈벼락이 쏟아진다
트로트랩, 트로트랩, 트로트랩, 트로트랩

[Verse 1: Yuzion]
난 계속 돈이 따라와서 말을 걸어와
넌 내가 아니라서 전부 이해 못해 다
Diamonds on me dancing
내 재능은 더 크지
돈이 내게 오지
Yeah, I know I deserve it
이제 내 몸엔 designer 도배
니 옷들은 안 봐도 뻔해
나는 챙겨 내 돈을 양손에
나는 여전해, 절대 안 변해

[Verse 2: twlv]
우린 불러 신바람 흥이 넘치는구나
춤을 춰봐 이 가락에 맞춰서 모두 다
이태원 강남부터 전국 팔도 마을회관
이젠 NO.1 어르신들 손주 사윗감
그대를 향해 달리다 보니 어느새 여기까지 왔네
이젠 더 많이 원하게 돼버렸기 때문에 더 달려야 해
신사임당이 속삭이네, you deserve more
So 미친 듯 미친 듯 미친 듯이
Keep it up, keep it up, keep it up, yeah

[Chorus: twlv & Uneducated Kid]
그대 있는 곳 어디든 달려가, 달려가
저 푸른 한강에 집 짓고 살고파, 살고파
트로트랩, 비가오나 눈이오나
트로트랩, 고달픈 인생이지만
트로트랩, 돈벼락이 쏟아진다
트로트랩, 트로트랩, 트로트랩, 트로트랩

[Verse 3: Uneducated Kid]
아무것도 안 했는데 돈이 들어와
아이고 이거 정말 큰일 났구나
Gucci, Louis Vuitton, Balenciaga
입으니깐 춤이 절로 나온다 (Let's go)
내 음악은 마침내 춤추게 만들어 할머니 할아버지
난 저 푸른 한강에 집 짓고 살 거야, 김씨 표류기
고달픈 인생 미소를 짓자, 세 살 버릇 여든까지
트로트랩, 이 노랠 들으면 부자 돼, 내가 약속하지

[Interlude: SUPERBEE]
그대
Let's go

[Verse 4: SUPERBEE]
Yng & Rich, 이번엔 트로트랩
Dingo와 collaborating
트로트건 랩이건 손대면 띵곡이 돼
강남 이태원에 playing
없는걸 자랑했다거나 가짜로 Flex
한 적은 없지 여태, yeah
넘치는 재능, 내 재주
그래서 연예인보단 탤런트네 이 얜
올라 내 dollar, 온종일 팔려
불어나 whole lotta commas
저 소셜에 커머스 짜식들
속 마음은 아마 원해 저 diamonds
난 무시해 내 길을 거닐어
남행열차처럼 100 up
탬버린, 탬버린, 탬버린
노래교실 현미쌤처럼 turn it up
트로트 트랩 ish
Rollie와 AP 손목이 샤방샤방
이런 내 모습을 몇 년 전 내가 보면
장윤정처럼 어머나
I gotta run my money up like the treadmill
보여줘 클라쓰, 마치 새로이

[Chorus: twlv & Uneducated Kid]
그대 있는 곳 어디든 달려가, 달려가
저 푸른 한강에 집 짓고 살고파, 살고파
트로트랩, 비가오나 눈이오나
트로트랩, 고달픈 인생이지만
트로트랩, 돈벼락이 쏟아진다
트로트랩, 트로트랩, 트로트랩, 트로트랩","","","","",""
"Love or 6","SUPERBEE","587RiMP7SFndxpYBgv3P1M","[Chorus: SUPERBEE]
Baby just going down
난 몰라 네 Boyfriend (I don't care)
두 눈이 반응하는 중이야 니 미모 ㅇㅈ
네 나이는 25
알아봐 내 Louis Vuitton
넌 클럽에 다른 여자들관 달라 보이네
Love or love or love or 6
오늘 밤에는 취해
우린 보낼거야 Good time 아니면 그냥 1 night
Love or love or love or 6
오늘 밤에는 취해
우린 보낼거야 Good time 아니면 그냥 1 night

[Verse 1: UNEDUCATED KID]
오늘 밤에 우린 1 night 내일 되면 서로 몰라
하지말자 번호 교환 해가 뜨면 바로 Goodbye
오늘 밤에 우린 Fun time
오늘 밤에 우린 Full time
예약했어 비싼 공간 타고 가자 My sports car
Love or love or love or 6
I got a lot of lot of cash
질러 한번뿐인 인생
I don't really care what they say
네가 젤 이뻐 네 나이대
나는 젤 잘 나가 내 나이대
만약에 우리가 4, 50대에
만났음 이런 걸 어떻게 해
아 맞다 있었지 산악회
난 아무도 안 믿어 할 때도 목걸이 안 풀러
얘가 몰래 가져갈 수 있어
난 잘게 너 잠들면 코 고는 소리가 들리면
난 곧바로 돌아가 다시 클럽

[Chorus: SUPERBEE]
Baby just going down
난 몰라 네 Boyfriend (I don't care)
두 눈이 반응하는 중이야 니 미모 ㅇㅈ
네 나이는 25
알아봐 내 Louis Vuitton
넌 클럽에 다른 여자들관 달라 보이네
Love or love or love or 6
오늘 밤에는 취해
우린 보낼거야 Good time 아니면 그냥 1 night
Love or love or love or 6
오늘 밤에는 취해
우린 보낼거야 Good time 아니면 그냥 1 night

[Verse 2: SUPERBEE]
Hol' up ay walkin in club
Like I'm 헤미넴 (Throw it)
빡센 가드들과 행진해 (Woop)
터지는 카메라 플래쉬
때문에 더 빛나 내 오데마 피게 (Ice)
내 출입 소식을 들은 여자들 소리를 지르며
휴지를 뿌리네 (Woo woop)
최신 클럽 댄스를 추며 내게 다가오지만
일단은 Keep them (Keep that)
I just wanna find someone
오늘 같이 있을 (Esskeeit)
이 클럽 안은 Summer
나가 마셔 이슬 (Let's go)
호텔 스위트에서 주짓수
1 2 3 4 5 one two three four five and six (6)
Woah wah 그러다 눈이 마주친 이 여자
나이는 25 insta는 Certify
난 알아 넌 남자가 있다는 걸
니 커플링 주머니 안에
근데 Just going down 난 몰라 네 Boyfriend

[Chorus: SUPERBEE]
Baby just going down
난 몰라 네 Boyfriend (I don't care)
두 눈이 반응하는 중이야 니 미모 ㅇㅈ
네 나이는 25
알아봐 내 Louis Vuitton
넌 클럽에 다른 여자들관 달라 보이네
Love or love or love or 6
오늘 밤에는 취해
우린 보낼거야 Good time 아니면 그냥 1 night
Love or love or love or 6
오늘 밤에는 취해
우린 보낼거야 Good time 아니면 그냥 1 night

[Outro: SUPERBEE]
Love or love or love or 6
오늘 밤에는 취해
우린 보낼거야 Good time 아니면 그냥 1 night
Love or love or love or 6
오늘 밤에는 취해
우린 보낼거야 Good time 아니면 그냥 1 night","","","","",""
"Do You Love Me?","SUPERBEE","3F2uFzI9QZvu32jpV499EM","[Chorus: UNEDUCATED KID]
Baby do you love me? Do you love me?
혹시 내가 돈이 많아 갖고 그러니?
Baby why you love me? Why you love me?
혹시 내가 유명해가지고 그러니?
I know what you want
걔넨 유명세를 위해 뭐든 해
너를 꽂아줄수 있어 영화에
그니까 내 앞에 연기 안해도 돼
안해도 돼

Baby do you love me? Do you love me?
혹시 내가 돈이 많아 갖고 그러니?
Baby why you love me? Why you love me?
혹시 내가 유명해가지고 그러니?
I know what you want

[Verse 1: UNEDUCATED KID]
I don't know why you here
네가 원하는 건 내가 아닌 크리스챤 디올
다른 여자 만나는 건 내게 너무나 쉬워
근데 굳이 널 만나고 있는 내가 넘 미워
돈만 쫓다보니까 어느새 내 맘은 텅 비어
주변을 돌아보니깐 아무도 없어 나는 외로워
그래서 지붕을 연 다음
엑셀을 밟어 마치 Top gear
거지 새끼들이랑 어울릴 수 없어
Yeah I'm top tear
넌 연기를 참 잘해 Better than 안젤리나 졸리
내 눈엔 전부 보이지만 알면서 속아줬지
이유는 오로지 내 맘을 채우기 위해서
I felt so empty
아마도 우리는 다를 바 없어
I'll forgive you you'll forgive me

[Chorus: UNEDUCATED KID]
Baby do you love me? Do you love me?
혹시 내가 돈이 많아 갖고 그러니?
Baby why you love me? Why you love me?
혹시 내가 유명해가지고 그러니?
I know what you want
걔넨 유명세를 위해 뭐든 해
너를 꽂아줄수 있어 영화에
그니까 내 앞에 연기 안해도 돼
안해도 돼

Baby do you love me? Do you love me?
혹시 내가 돈이 많아 갖고 그러니?
Baby why you love me? Why you lovе me?
혹시 내가 유명해가지고 그러니?
I know what you want

[Verse 2: SUPERBEE]
난 발망 선글라스를 끼고 울며 걸어 밤거릴
눈물이 흘러 나이아 가라 폭포
넌 날 사랑하는 척 하곤 떠나
알고보니 데뷔를 앞둔 배우였어 기획사 소속
대체 왜 그랬니 알고보니 걔네 집
연기 수업 받기에는 가난했던 Ghetto 집
나 처음으로 돈이 밉다고
생각했었지 (미쳤었지)
저주받았다 생각했어 나의 고통
넌 모를걸 My pain
지금 나를 봐 그냥 폐인
난 원해 Love 넌 원해 Blow up
못 이뤄질 수 밖에
이 이야기는 실화야 지금도 안 믿기지만
그래서 마음 아파
잘 살아

[Chorus: UNEDUCATED KID]
Baby do you lovе me? Do you love me?
혹시 내가 돈이 많아 갖고 그러니?
Baby why you love me? Why you love me?
혹시 내가 유명해가지고 그러니?
I know what you want
걔넨 유명세를 위해 뭐든 해
너를 꽂아줄수 있어 영화에
그니까 내 앞에 연기 안해도 돼
안해도 돼

Baby do you love me? Do you love me?
혹시 내가 돈이 많아 갖고 그러니?
Baby why you love me? Why you love me?
혹시 내가 유명해가지고 그러니?
I know what you want

[Outro: UNEDUCATED KID]
Baby what you want from me
What you want from me
What you want from me
What you want

Baby what you want from me
What you want from me
What you want from me
What you want","126.603","0.814","0.751","-2.417","0.441"
"I’m Gone","SUPERBEE","1AN7BllhO1nMLYfMzXTszi","[Verse 1]
Yeah, spit my soul
Hip-hop이 똥값이어도 keep myself (Hoo)
성공은 년, 난 배다른 친남매 (Let’s get it)
실패는 놈, 그 새낀 이제 안 친한 애야 (Bitch)
Insta 성형미인 wanna be my bae (What?)
흙바닥에서 온 놈 이제는 빛나 매일 rockin Dior
When I walk in the city Seoul
Damn I feel like I'm mayor
괜찮은 새끼래네, 자랑이 심한 걸 빼면 (빼면)
근데 그걸 빼면 내가 아니지 (Huh)
여기서 화폐는 예술, 전부 바라지 (Damn right)
지어낸 가짜 사랑 노래보단
사임당 냄새나는 내 음악이 전해 진짜 사실을 (Fact)
우린 사실 돈을 벌고 싶어서 공부를 했지 (Shit)
그걸 고대로 믿은 친구는 병신이 됐지
우릴 가르친 것들이 다 공무원이니 (Shit)
다 공무원 돼, 여기 코미딘
Too many people jealous of me
Rapper 같은 것들이 없어 난 rapper지 (Rapper지)
Homo couple 마냥
모두 같은 fake jewelrys, fake drippin
난 그걸 거지 hip-hop이라 부르고
It ain't funny, uh (Ain’t funny)
그걸 만들어 놓은 새끼들이 잡혀가야
이 문화가 소중해지겠지만, uh
실은 내가 이런 말을 해도
아무도 관심이 없고 나만 깨지겠지만, uh
I'm fucking real tryna test me
근데 fake이 너무 많아서 fake이 real
난 Verbal Jint 2020 version
가짜들 모여 진짜가 돼
진짜인 내 편인 listener도 없지, I'm done

[Chorus]
올해도 내 패배로 끝나겠지, I'm done
좆같은 이미지 하락과 함께, I'm done
왜 legend로 남으려고 할까 난 burnin’
그땐 떠나야 해 짐을 싸고, I'm gone

[Bridge]
I’m gone, 난 역대 최고 rapper status
돈 자랑이란 말에 가려진 내 진심
나중에는 알길 my achievement
Dok2, VJ, Swings, Quiett, Okasian
OG들은 shout-out해
그래야 내 이름이 불리겠지 나중에는
Rap legend, woah

[Verse 2]
10만원짜리 mic로 시작했지만 이젠
10분에 1000만원도 써 버려 진짜 (진짜)
Prada를 신고 걸어 난 이제 더러운 부자야 (I’m rich)
학교는 비록 끝까지 못 끝냈지만, ay
인마, 나 서울대를 갔어도 이 만큼은 못 벌었을 거라고
Rap이 한 놈 구했지, 은혜를 입어 갱생
이 날을 너무 오래 기다렸네, erry damn dayz
지하에서 came back came back
너넨 몰라 얼마나 어려운지, 서러운지
또 더러운지를 여기 이 game이 (이 game이)
샴페인을 따야겠어 통장에
100이 없을 때가 기억이 나서
기분이 fucked up이네 (Feel shit)
신은 용서하시길, 이 자리에 오려
어쩔 수없이 lame들의 등을 밟았네
Amen, 난 한국의 Wayne돼
내 안엔 돈과 rap skill, 유명세가 모여 서로 갱뱅
나하고 돈은 늘 언제나 밀접하게 있지
마치 주유소와 화장실의 관계처럼, ay
다만 그것보다 중요한 건 내가 최고라는 거지
I’m the goat motherfucker, you nah mean (Aight?)
Rap Legend 2's bumpin the city pumf
Fake들은 die, 지진 나 엎질러지지 goin' quake (Quake)
Rollie가 오른쪽엔 왼편엔 AP
Yeah, that's why I'm goin' straight
Rap legend, 불을 뿜어대, dragon
귀신의 귀도 뺏어
난 rap을 위해 태어났어, tell 'em
이 flow는 미래서 왔지
근데 하나 문제는 과거로 불시착을 했단거지
한국 hip-hop, I’m done

[Chorus]
올해도 내 패배로 끝나겠지, I'm done
좆같은 이미지 하락과 함께, I'm done
왜 legend로 남으려고 할까 난 burnin’
그땐 떠나야 해 짐을 싸고, I'm gone

[Outro]
I'm gone, 난 역대 최고 rapper status
돈, 명품, 차, 시계는 허세 아닌 trophys
나중에는 알길 my achievement
가품 chain fakin and lying
똑같은 멜로디, 수준 낮은 rap들
죽어도 안 해, 약속해
그래야 내 이름이 불리겠지 나중에는
Rap legend","95.596","0.205","0.515","-13.385","0.314"
"U N E D U C A T E D K I D","UNEDUCATED KID","6UItrpc2QrJKe2Jn7e6wB3","[Chorus]
쇼핑 한 번 가면 500만원 써버려, 그녀는 나보고 바보 같대
그래서 똑똑히 말해줬어 나는, ""쓰는 거야, 딱 알맞게""
Bitch do you know who I am? Bitch do you know who I am?
U-N-E-D-U-C-A-T-E-D-K-I-D, yeah, that's my name
지금 내 손목엔 Rolex 시계, 가격으로 치면 차 한 대
새로운 여자랑 바람 피다 걸렸어, 하지만 난 그냥 잡아 떼
Bitch do you know who I am? Bitch do you know who I am?
U-N-E-D-U-C-A-T-E-D-K-I-D, yeah, that's my name

[Verse 1]
Okay, U-N-E-D-U-C-A-T-E-D-K-I-D
자고 일어나 보니깐 돼버렸어 rich
I got all these diamonds on my teeth and on my wrist
걔넨 돈을 번다고 하지만 알고 봤더니 거짓
걔넨 센 척하지만 알고 봤더니 걍 전부 다 bitch (Let's go)
난 뚜껑을 열고 달리고 있어, in my foreign whip
사람들은 옛날 걸 원해, 근데 난 언제나 bring new shit
좆까, 난 영원히 빛날 거야, bling, bling, bling, bling, bling
그녀는 단단히 착각했어, 내가 누군지 잊었나 봐
다시 한번 더 말하지만 나 Uneducated Kid야
쇼핑 한번 가면 500을 써, 새로운 여자들과 바람을 펴
두 번 말하는 거 싫지만 나 Uneducated Kid야

[Chorus]
쇼핑 한 번 가면 500만원 써버려, 그녀는 나보고 바보 같대
그래서 똑똑히 말해줬어 나는, ""쓰는 거야, 딱 알맞게""
Bitch do you know who I am? Bitch do you know who I am?
U-N-E-D-U-C-A-T-E-D-K-I-D, yeah, that's my name
지금 내 손목엔 Rolex 시계, 가격으로 치면 차 한 대
새로운 여자랑 바람 피다 걸렸어, 하지만 난 그냥 잡아 떼
Bitch do you know who I am? Bitch do you know who I am?
U-N-E-D-U-C-A-T-E-D-K-I-D, yeah, that's my name

[Verse 2]
난 지옥에서 왔어 you know, uh
몇 억 벌었지만 want more, uh
입고 있어 designer clothes, yeah
I can't fall in love with no hoe, uh
내가 누구였는지 너 까먹은 거 같은데
Uneducated Kid I'm the GOAT, uh
나랑 얘기할 땐 공손하게 말해
그게 아니라면 말 걸지 마, that's how we talk, yeah
내 이름은 못 배운 놈이지만
난 돈 앞에선 단 한 번도 멍청한 적 없었어
난 그지들과 어울리기 싫어
그래 갖고 이빨에다 다이아를 박았어
여자들과 놀아나지 않아
왜냐 그건 지금 내게 중요한 게 아녀서
만약 내 인생이 영화라면 Scarface
당연히 난 주인공, the world is mine not yours
Okay, let's move let's dance let's go
사람들은 내 음악에 맞춰 춤을 춰
I'm movin' too fast you movin' too slow
여기 돈은 내가 먼저 쓸어 담어 선수쳐
다시 한번 let's move, let's dancе, let's go
사람들은 내 음악에 맞춰 춤을 춰
I bring new shit I bring new flow
걔네 음악 들어보니 old as fuck

[Chorus]
쇼핑 한 번 가면 500만원 써버려, 그녀는 나보고 바보 같대
그래서 똑똑히 말해줬어 나는, ""쓰는 거야, 딱 알맞게""
Bitch do you know who I am? Bitch do you know who I am?
U-N-E-D-U-C-A-T-E-D-K-I-D, yеah, that's my name
지금 내 손목엔 Rolex 시계, 가격으로 치면 차 한 대
새로운 여자랑 바람 피다 걸렸어, 하지만 난 그냥 잡아 떼
Bitch do you know who I am? Bitch do you know who I am?
U-N-E-D-U-C-A-T-E-D-K-I-D, yeah, that's my name","","","","",""
"Lululala","UNEDUCATED KID","1S950WUAVJp2Q4Ecz413ze","[Chorus]
내 키는 178, 돈 위에 섰으니 2m8
명품을 사러 또 백화점 가
가격표는 확인하지 않아
I get the guap, I get the guap
내 여자친구는 신사임당
만약 내가 조선시대로 돌아갈 수 있으면 결혼한다
룰루랄라, 룰루랄라, 뚜껑이 열리는 스포츠카
룰루랄라, 룰루랄라, 하루 만에 벌어 차 한대 값
룰루랄라, 룰루랄라, 그걸로 나는 걍 시계나 사
룰루랄라, 룰루랄라, 누가 나보다 더 간지가 나

[Verse]
돈을 좀 벌어봤더니 세상이 다르게 보이네
마치 신세계
내 손엔 오만 원짜리 돈뭉치
하지만 나는 더 많은 걸 원해
작년엔 너네는 돈이 없었고
나 역시 똑같이 돈이 없었지
하지만 올해 난 부자가 됐고
너네는 여전히 돈이 없겠지
Oh my god, oh my god
백화점으로 난 소풍을 가
돗자리 챙기고 도시락 싸
하루 종일 쇼핑할 거니까
어머나, 어머나 거울에 있는 내 모습 좀 봐
너무나, 너무나 아름답고 또 우아하다
백조 한 마리
I don't need no stylist, ice on my wrist
나보고 가짜 가사 쓰지 말라 했던 놈들
도대체 어디 갔지?
어디서 감히 날 이기려 하니, 난 특별하지
너네가 죽었다가 깨어나도 나의 발끝에도 못 따라잡지

[Interlude]
룰루랄라, 룰루랄라
룰루랄라, 룰루랄라
그녀는 나랑 가고 싶어 쇼핑
나랑 가고 싶어 쇼핑
나랑 가고 싶어 쇼핑
나랑 가고 싶어 쇼핑

[Chorus]
내 키는 178, 돈 위에 섰으니 2m8
명품을 사러 또 백화점 가
가격표는 확인하지 않아
I get the guap, I get the guap
내 여자친구는 신사임당
만약 내가 조선시대로 돌아갈 수 있으면 결혼한다
룰루랄라, 룰루랄라, 뚜껑이 열리는 스포츠카
룰루랄라, 룰루랄라, 하루 만에 벌어 차 한대 값
룰루랄라, 룰루랄라, 그걸로 나는 걍 시계나 사
룰루랄라, 룰루랄라, 누가 나보다 더 간지가 나 (Skrt)","","","","",""
"MZ조폭 (feat. Northfacegawd)","UNEDUCATED KID","4q5Y4TSM2pG0BAWLJnwP7I","[UNEDUCATED KID ""MZ조폭"" ft. 노스페이스갓 가사]

[Intro]
High, high

[Chorus: UNEDUCATED KID]
내 친구들은 조직폭력배 (Whatta fuck?)
누가 날 꼰지름 바로 보복해 (Yeah)
금수저 빼고 내가 제일 돈 많아 동년배
Feel like I’m Lady Gaga, 경찰 앞에선 poker face
MZ조폭, all of my friends MZ조폭
우린 멋에 죽고 멋에 사는 MZ조폭 (Yeah)
MZ조폭, all of my friends MZ조폭 (Yeah)
우린 의리에 죽고 의리에 사는 MZ조폭

[Verse 1: UNEDUCATED KID]
MZ 조폭 (Wha') 넌 몰라 우리 고통 (Yeah)
올라와 뉴스 속보 (Whoah!)
바카라 스포츠토토 (Hey!)
들고 다녀 대포폰 (Prr)
쓸어 담아 검은돈
Bitch, I did it on my own
Bitch, I did it on my own (Yeah)

[Verse 2: Northfacegawd]
네가 울든지 말든지 간에
내 동생들은 씨발 너를 강탈해
넌 깜짝 놀라 내 친구들은 너무 뻔뻔해
돈 벌어라 네 가족이 걱정해
전신 문신 전부 다 전신 문신
의리가 넘쳐 단속을 잘해 주디 (주댕이)
너무 차가워 twenty four hours 포커페이스
가끔 나도 놀라 혹시 나 사이코패스?

[Chorus: UNEDUCATED KID]
내 친구들은 조직폭력배 (Whatta fuck?)
누가 날 꼰지름 바로 보복해 (Yeah)
금수저 빼고 내가 제일 돈 많아 동년배 (Hey)
Feel like I’m Lady Gaga, 경찰 앞에선 poker face
MZ조폭, all of my friends MZ조폭
우린 멋에 죽고 멋에 사는 MZ조폭 (Yeah)
MZ조폭, all of my friends MZ조폭 (Yeah)
우린 의리에 죽고 의리에 사는 MZ조폭 (Yeah)

[Outro]
High, high, high, high","","","","",""
"KILL","UNEDUCATED KID","1TlxJTl12nTgCI0HxwRUpo","[UNEDUCATED KID ""KILL"" 가사]

[Chorus]
난 하늘에서 빛과 함께 내려와 마치 예수님
난 하늘에서 빛과 함께 내려와 마치 예수님
만약 나를 마주친다면 오늘이 니 제삿일
만약 나를 마주친다면 오늘이 니 제삿일
UNEDUCATED KID, you already know I'm always ready to drill
UNEDUCATED KID, you already know I'm always ready to drill
UNEDUCATED KID, you already know I'm always ready to kill
UNEDUCATED KID, you already know I'm always ready to kill
Kill, kill, kill, kill
Kill-kill-kill-kill-kill-kill-kill-kill
Kill-kill-kill-kill-kill-kill-kill-kill
Kill, kill, kill, kill, kill, kill
Kill-kill-kill-kill-kill-kill-kill-kill
Kill-kill-kill-kill-kill-kill-kill-kill
Kill, kill, kill, kill

[Verse]
내 여자는 빨어 케타민, 내 여자는 빨어 ecstasy
[?]친년 난 그냥 가지고 놀다가 버리지, I cannot trust this bitch
나랑 내 친구들 ready to drill, 나랑 내 친구들 ready to kill
새꺄 난 필요하다면 널 죽이고 감방에 갈 거야, I keep it real
I keep it trill, 변하지 않아
I let you feel, 하늘을 날아
널 천국에 보내줄게 손을 잡아
I count my bills, 지문이 닳아
They think I'm weird, 신경 쓰지 않아
왜냐면 내가 너보다 돈 많아

[Chorus]
난 하늘에서 빛과 함께 내려와 마치 예수님
난 하늘에서 빛과 함께 내려와 마치 예수님
만약 나를 마주친다면 오늘이 니 제삿일
만약 나를 마주친다면 오늘이 니 제삿일
UNEDUCATED KID, you already know I'm always ready to drill
UNEDUCATED KID, you already know I'm always ready to drill
UNEDUCATED KID, you already know I'm always ready to kill
UNEDUCATED KID, you already know I'm always ready to kill
Kill, kill, kill, kill
Kill-kill-kill-kill-kill-kill-kill-kill
Kill-kill-kill-kill-kill-kill-kill-kill
Kill, kill, kill, kill, kill, kill
Kill-kill-kill-kill-kill-kill-kill-kill
Kill-kill-kill-kill-kill-kill-kill-kill

[Outro]
UNEDUCATED KID, you already know I'm always ready to drill
UNEDUCATED KID, you already know I'm always ready to kill (Kill-kill-kill-kill-kill-kill-kill-kill)
Kill, kill, kill, kill, kill, kill
Kill-kill-kill-kill-kill-kill-kill-kill
Kill-kill-kill-kill-kill-kill-kill-kill","127.068","0.907","0.55","-3.744","0.512"
"Street Kid (Feat. CHANGMO)","UNEDUCATED KID","1hNm5JjE06CXcKXUQykRn4","[Chorus: Uneducated Kid]
맞짱 뜨러 가면 난 앞장서는 놈
나한테 불만 있음 말해, 씨발, 면상 대고
난 지금 돈을 벌고 있어, 내 목숨을 걸고
내가 장난치는 것 같냐? 눈 떠, 똑바로
I came from nothing, 내가 가진 거는 아무것도 없었어
I'm a Street Kid, 넌 절대 내 태도 못 고쳐
외제차를 몰아, 내 기분 걍 존나 죽여줘
걔넨 거짓말만 하고 난 진짜를 보여줘

[Verse 1: Uneducated Kid]
돈맛을 봐도 안 변해, you know I'm always keep it 100
누가 내 시간을 낭비한다면 충동을 느껴 살인
All these rappers soft and all these rappers funny
난 그렇게 자라지 않았어, 왜냐면 김성우 출신은 거리
난 돈 땜에 약을 끊었어, 하지만 여전히 생각은 나지
난 1등이 될 거 아니면 시작도 안 했어, push the limits
멍청이 같은 쉐끼들 날 보고 말하곤 했었지 기믹
다행히 이제 와 말할 수 있겠네, 내 가사 전부 다 사실
난 언제나 싸울 준비가 돼있어, 네가 약자만 아니면
난 언제나 싸울 준비가 돼있어, 네가 가짜만 아니면
I came from nothing, 이제 내 손목과 이빨엔 박혔어 diamonds
만약에 불만이 있으면 말해, 해결해 줄게 네 problems
시작을 했으면 끝은 봐야지, 잃을 건 없어 어차피
무릎은 안 꿇어 차라리 쓰러져, bitch I can not stop it
난 앞으로 가야 돼, 필요하면 끌어 써 젖 먹던 힘까지
돈 생각하면 아직도 열 받아 오지를 않아 잠이

[Chorus: Uneducated Kid]
맞짱 뜨러 가면 난 앞장서는 놈
나한테 불만 있음 말해, 씨발, 면상 대고
난 지금 돈을 벌고 있어, 내 목숨을 걸고
내가 장난치는 것 같냐? 눈 떠, 똑바로
I came from nothing, 내가 가진 거는 아무것도 없었어
I'm a Street Kid, 넌 절대 내 태도 못 고쳐
외제차를 몰아, 내 기분 걍 존나 죽여줘
걔넨 거짓말만 하고 난 진짜를 보여줘

[Verse 2: CHANGMO]
돈맛 봐도 과거를 잊겠어, 요 거리 놈이?
난 쳐다봐 성남 시끼가 정자 놈 보듯 닐
난 어디를 가던 고급스러운 척은 안 해 대신
진짜를 보여줘, 부잣집 딸엔 무식한 dick
한 새끼 말해, 서울엔 계급 있댔지
노래로 성공해도 난 고졸에 서민 이랬지
난 그 말 듣고 상영되는 줄 알았어 기생충이
상관없어, 난 세울 뿐야 돈이 오는 피뢰침
새꺄, 내 집은 부촌 씨발, 부촌에 있어, 상상 이상
강남 생각하면 븅신, 롯데2보다 더 위다
난 몰락한 가문을 다시 세울 위인이야
바닥 구씨 구인회 내가 새로운 LG다
한 달에 1억5천 벌어도 입버릇은 씨발
내 뒤엔 니 애비보다 더 큰 아빠 있어 hip-hop
Warren Buffett이 내 출신 물어봄 말해 나는 street
구광모가 물어봄 말해 썅 행님과 달리 리

[Chorus: Uneducated Kid]
맞짱 뜨러 가면 난 앞장서는 놈
나한테 불만 있음 말해, 씨발, 면상 대고
난 지금 돈을 벌고 있어, 내 목숨을 걸고
내가 장난치는 것 같냐? 눈 떠, 똑바로
I came from nothing, 내가 가진 거는 아무것도 없었어
I'm a Street Kid, 넌 절대 내 태도 못 고쳐
외제차를 몰아, 내 기분 걍 존나 죽여줘
걔넨 거짓말만 하고 난 진짜를 보여줘","","","","",""
"Amazing (feat. Jvcki Wai & Paul Blanco)","UNEDUCATED KID","1Ok6W0xYKDTm5VzCcGs7Ff","[Intro: Paul Blanco & Uneducated Kid]
약으로 번 Money
My 9 is amazing
Amazing lotta gang shit

[Hook: Paul Blanco]
My 9 is amazing so I call it 짱구
난 가루를 팔구 이름 바꿔 약국
네 여잔 날 빨구 형들은 눈 깔구
약으로 번 Money 헌금으로 내구
I told'em wooooaaaaaahhh
I told'em wooooaaaaaahhh

[Verse 1: Uneducated Kid]
Bitch, I'm on that gang shit
Bitch, I'm still finessin'
나는 너네랑 안 놀지, 왜냐면 니넨 그지
They don't know my pain, 한번 와봐 내 동네, yah
I need all the light, 지금 Blanco 내 옆에, yah
난 교회는 잘 안가, 돈 버느라 바빠
하지만 I feel like god bless on me
내 돈을 빨리 갚아, 내 성격 너무 나빠
Now I got hunnit thousand cash on me
네 여자는 날 빨구 형님들은 눈을 깔구, yah
나는 약을 팔구 그 돈으로 옷을 사구, yah
Bitch, I'm still shinin, bitch, I'm still glory
Bitch, I'm still grindin, bitch, I'm still ballin

[Hook: Paul Blanco]
My 9 is amazing so I call it 짱구
난 가루를 팔구 이름 바꿔 약국
네 여잔 날 빨구 형 들은 눈 깔구
약으로 번 Money 헌금으로 내구
I told'em wooooaaaaaahhh
I told'em wooooaaaaaahhh

[Verse 2: Jvcki Wai]
친구들과 놀아, 지금 존나게 높아
옆에 잘생긴 오빠 입에 지폐를 꽂아
사실 아직 나 부족해, 여기 한대 더 말아
하얀색, 초록색 전부 다 가루로 갈아
좆같은 얼굴들 재끼고, 나는 내 것만 챙기고
트렌디한 flow도 챙기고, 전부 쓰러뜨려 도미노
전부 쓰러뜨려 도미노, 전부 쓰러뜨려 도미노
난 비트코인 시세처럼 쓰러졌다 더 위로
Boy I'm not gonna die tonight
I'm gon make you bitch suicide

[Hook: Paul Blanco]
My 9 is amazing so I call it 짱구
난 가루를 팔구 이름 바꿔 약국
네 여잔 날 빨구 형 들은 눈 깔구
약으로 번 Money 헌금으로 내구
I told'em wooooaaaaaahhh
I told'em wooooaaaaaahhh","133.207","0.483","0.508","-6.883","0.523"
"SAVED MY LIFE (Prod. Kidstone)","UNEDUCATED KID","14dJ7lD1iJhxfx6b4vutVY","[Chorus]
You made America great again
Brought the economy back twice
Brought America back to life
Made a hell of a sacrifice
Put your family in the public eye
Look at how these puppets lie
Publicise the fake news
They done lied a million times
[?] got me mezmerized
They memorised their lines
It's imperative
They control the narrative
Y'all blind
You can't see this shit
Stood up to leadership
Conquer defy
It's so evident
Dear Mr President
I'm on your side

[Verse]
You made billions but they call you stupid
Dissed you on a thousand memes
Disrespect your family members
They crossed all the boundaries (they did)
So hypocritical (hey)
No need to get critical
They crucify you some even treat you like a criminal
Russian collusion non existent
Corona-virus keep your distance
They was mad when you put a block on China
So less people get it
You just saved a million lives
Military and civilian lives
Uneducated brainwashed puppets
Welcome to our demise
Destroyed Christianity ([?])
Keep Bibles out of schools (schools)
The abortion clock ticking
No survival for the youth (youth)
Democrats even made
Disrespecting the president cool
Democrats tried to impeach with no evidence
They some fools (fools)
It's killing me
You thought Killary was going to win?
Cause she a woman candidate?
That's a hell of a spin (hahaha)
Still gotta be qualified (ay)
I'm not about to apologise (ay)
Joe Biden got dementia (haha)
How many times he forgot his lines?

[Chorus]
You made America great again
Brought the economy back twice
Brought America back to life
Made a hell of a sacrifice
Put your family in the public eye
Look at how these puppets lie (puppets!)
Publicise the fake news
They done lied a million times
[?] got me mezmerized
They memorised their lines
It's imperative
They control the narrative
Y'all blind
You can't see this shit
Stood up to leadership
Conquer defy
It's so evident
Dear Mr President
I'm on your side

[Verse]
Kanye West wanna be the first
Republican democrat (hahaha)
He a bi-polar Christian
Supporting a devil switching his stance
How you don't support Trump
You was just kissing his ass
He emotional
He think Mick Mills was cheating with Kim Kardash
My President
Had the unemployment rate the lowest
Stimulus checks still coming all thanks to POTUS
Drain the swamp
Thank God it's no longer alright
Osama, Obama
They both read from the Quraan
They puppets
But like the Bible said
The Trumpet
Shall sound before God cometh
Ay now that's that Trump shit
They brought Islam to the White House
You brought God to the White House
There was mobs at the White House
They want religion wiped out
Nancy Pelossi
California modern day Sodom Gomorrah
Who was here to tell the truth?
Sure as hell not reporters
Globalism, communism, socialism, social distance
Gay rights what about my straight rights?
They hate a white ass Christain
Jesus ain't white?
That's fine with me that's alright
I don't care if he black, Mexican, Japanese
Cause he saved my life
If white America has a white privelege
Where is my privelege?
I grew up poor as hell
And been in and out of prison

[Chorus]
You made  America great again
Brought the economy back twice
Brought America back to life
Made a hell of a sacrifice
Put your family in the public eye
Look at how these puppets lie
Publicise the fake news
They done lied a million times
[?] got me mezmerized
They memorised their lines
It's imperative
They control the narrative
Y'all blind
You can't see this shit
Stood up to leadership
Conquer defy
It's so evident
Dear Mr President
I'm on your side

[Verse]
I want my black friends to know the truth
Know your history I'll show you proof
Step out the box do some research
Violent past to show you who
Get rid of smoke screen and mirrors
That's some bravery with knowledge
Lincoln was republican
He got slavery abolished
Black people would still be slaves
If it was up to they party
Satan's puppets making puppets out of puppets
I'm sorry
We all deserve equal rights
Black people is strong
But they trick you with evil lies
To leave you equal lives
And the legalise marijuana
So they keeping people high
So my people can't see the lies
Or read between the lines
Trump did the most for black people since Lincoln
More than Barack Osama Obama
[?] let that sink in
He a puppet
Big contributors
Pulling all the strings
Like Bill Gates
Drug distributors
Pushing those vaccines
How you don't support the police
Army or the marines
The veterans that fought for our country
Or push the extremes
Y'all don't help the elderly
But support the jealousy
They pay these people
Crazy and lazy people
That's what you're telling me?
All these cry-babies
Drive me crazy
Sorry Trump you don't deserve this
Criticism
You never played the victim
You're too determined
On behalf of the country
Well half of the country
We appreciate you keeping America great we so lucky
On behalf of the country
Well half of the country
We appreciate you keeping America great we so lucky

[Chorus]
You made America great again
Brought the economy back twice
Brought America back to life
Made a hell of a sacrifice
Put your family in the public eye
Look at how these puppets lie (puppets!)
Publicise the fake news
They done lied a million times
[?] got me mezmerized
They memorised their lines
It's imperative
They control the narrative
Y'all blind
You can't see this shit
Stood up to leadership
Conquer defy
It's so evident
Dear Mr President
I'm on your side

[Outro]
I don't understand how America
Can be turned into Satan's playground
Right in front of everyone
How has almost every media outlet
Every record label, most of sports
And definitely Hollywood
Became puppets (puppets!)
For the Devil?
Joe Biden
Come one you a puppet
You on team China
Kanye!
God got something for you
For using religion for money
Nasty Pelossi you got walls around your house
But you against walls
Which by the way Trump did produce these walls regardless (regardless)
Singers, rappers alotta y'all jumping on bandwagons
You jump on the hate Trump bandwagon
Eminem, Lebron, big slibs like you do it for clout! (clout!)
Em you a dork bro, money can't change that (hahaha)
And Lebron you've been a crybaby! (wah wah wah)
So we expect you to cry about everything (wah wah wah)
Record labels y'all can mess with me or not
The truth need to be told (it do)
And to the independent distributors I love y'all (I love y'all)
But if you block this record
I'm suing for discrimination against my personal, political views (hahaha!)
Hopefully we don't gotta do it all that ([?])
Cause I love you regardless of your views (I love you)
These are my views
I support Trump
And I support all colours and races
I just don't support evil people or evil ideologies
J360 and I'm out","113.987","0.503","0.682","-5.934","0.382"
"I’m Back","UNEDUCATED KID","4CModgKbnce8Gi8FVQlNmS","[Hook]
I'm back, 돈뭉치를 들고 왔어 본가에
주민들은 나를 보고 쟤 뭔가 해
지금 내 몸에는 명품들과 jewelry가 흘러넘쳐
날 욕하던 친구들아, where you at?
재개발구역에서 HILLSTATE
씨발, 내가 걔네보다 훨씬 빨리 공사해
꼴통 새끼 엄마 앞에 섰어 자랑스럽게
돈뭉치를 드리고 난 전쟁터로 출발해

[Verse]
I'm back, lil bitch
집을 떠나온 지 2년 만에 got rich
Rolex를 차고 있고 외제차를 몰고 있어
듣도 보도 못해봤던 거지새끼
I came from nothin' you can't tell me shit
어린 놈이 산전수전 겪었지
너네들은 감당할 수 없겠지
That's why I got diamonds on teeth on my wrist
금의환향, 동네방네 소리 지르고 다녀, 고성방가
백정으로 태어나서 돼버려 fuckin' 양반
저주받은 사주팔자, 씨발, 내가 바꿔
솔직히 걍 내가 해야 돼 문화부 장관
왜냐하면 내가 한국 힙합 문화 바깠으
내 음악은 계속해서 팔려, 마치 박카스
I ain't got no time for rest for vacance
남자가 되어야만 했어
셀 수 없을 만큼 돈을 벌기 위해선
난 원하는 건 가져, 안되면 그냥 뺏어
Uneducated Kid I'm a youngest finesser
계산기가 돌아가 내 머릿속에선
뭐가 이득이고 손해인지 고민해 계속
순수했던 김성우는 물들어 세속
순수했던 김성우는 물들어 세속

[Hook]
I'm back, 돈뭉치를 들고 왔어 본가에
주민들은 나를 보고 쟤 뭔가 해
지금 내 몸에는 명품들과 jewelry가 흘러넘쳐
날 욕하던 친구들아, where you at?
재개발구역에서 HILLSTATE
씨발, 내가 걔네보다 훨씬 빨리 공사해
꼴통 새끼 엄마 앞에 섰어 자랑스럽게
돈뭉치를 드리고 난 전쟁터로 출발해

[Outro]
UNEDUCATED KID","140.031","0.773","0.898","-5.588","0.6"
"Make U Dance (feat. Jay Park, Paul Blanco)","UNEDUCATED KID","0eIWeyozNDR8O5Ygc1L0N5","[Hook: Uneducated Kid]
내 돈을 다 꺼내서 보여줘
Baby, 기분이 어떤지 내게 말해줘
I be flexin everyday
Shawty you should know
Uneducated Kid you already know
All my bands make her dance
All my bands make her dance
Got her ass on my hands
Got her ass on my hands

[Verse 1: Paul Blanco]
Touch my money
기분이 어떤지 내게 말해 baby, yeah
Love no thotties
근데 나는 아직 너만 생각하지, yeah
네 남잔 됐고 그냥 넌 나랑만 춤춰
저런 놈 사귀지 마, 그러다 굶어
씨발 누가 나보다 춤을 더 잘 춰?
씨발 누가 나보다 약을 더 빨어?
BALENCIAGA 바지 얼만지는 아니?
난 오만 곳에 흘리고 다녀 내 간지
은혜받어 울어, 나는 기도하지
내 손에 돈 냄새가 존나 영원하길

[Hook: Uneducated Kid]
내 돈을 다 꺼내서 보여줘
Baby, 기분이 어떤지 내게 말해줘
I be flexin everyday
Shawty you should know
Uneducated Kid you already know
All my bands make her dance
All my bands make her dance
Got her ass on my hands
Got her ass on my hands

[Verse 2: Jay Park]
Oh yeah, yeah, my bands make her dance
내가 하는 춤이랑 느낌이 다르네
돈을 뿌려, 뿌려, 뿌려, flexing hard for the gram
너의 시선 on my chain, 너의 시선 on my chain
똑똑히 들어, 나는 못 배운 놈
You a baddie we might have to make love on the floor
여긴 위험해 cause girl I gotta gun in my drawers
위험해 cause girl I gotta gun In my drawers
나 빼곤 다 찐따야, 대꾸할 필요 없어
All the girls in place, everybody show me love
Gotta foreign she baddie, yeah, we swerving in the club
내가 국힙이여도 항상 팝송을 불러
And I love it and I love it and I love it

[Hook: Uneducated Kid]
내 돈을 다 꺼내서 보여줘
Baby, 기분이 어떤지 내게 말해줘
I be flexin everyday
Shawty you should know
Uneducated Kid you already know
All my bands make her dance
All my bands make her dance
Got her ass on my hands
Got her ass on my hands
내 돈을 다 꺼내서 보여줘
Baby, 기분이 어떤지 내게 말해줘
I be flexin everyday
Shawty you should know
Uneducated Kid you already know
All my bands make her dance
All my bands make her dance
Got her ass on my hands
Got her ass on my hands","","","","",""
"So What (Feat. Beenzino)","UNEDUCATED KID","3q738cBTApcG0vo5G1OTZC","[UNEDUCATED KID ""어쩌라고"" 가사]

[Chorus]
그녀는 내가 넘 좋대
그래서 어쩌라고
옷 한 벌 사는데 가격이 오백
그래서 어쩌라고
사람들 인터넷에서 날 욕해
그래서 어쩌라고
내가 봐도 나는 나왔어 똥배
그래서 어쩌라고
그녀는 내가 넘 좋대 그래서
어쩌라고
옷 한 벌 사는데 가격이 오백
그래서 어쩌라고
사람들 인터넷에서 날 욕해
그래서 어쩌라고
내가 봐도 나는 나왔어 똥배
그래서 어쩌라고
어쩌라고 어쩌라고
그래서 어쩌라고
어쩌라고 어쩌라고
그런데 어쩌라고
어쩌라고 어쩌라고
나보고 어쩌라고
어쩌라고 어쩌라고
난 말했어 어쩌라고

[Verse 1]
난 바지를 내리고 다녀 골반에
그래서 어쩌라고
명품에다가만 몇억을 썼네
그래서 어쩌라고
With my gang, we party all day
그래서 어쩌라고
어제 네 여자랑 갔었지 모텔
좋더라고
바람 좀 쐬려고 나갔어 홍대
래퍼들 숨더라고
손목엔 iced out 롤렉스 시계
어쩐지 춥더라고
엄마는 나 때문에 슬퍼했는데
이제는 웃더라고
성공은 어려워 보였었는데
해보니 쉽더라고
돈맛을 봐도 난 절대 안 변해
너넨 바뀌었더라고
난 가사에 진실만을 담았는데
너는 뻥 쳤더라고
여자를 불렀어 남친 있는데
버리고 오더라고
그녀는 말했어 오빠 넘 변태
그래서 어쩌라고
No, no, no, no, no, no
I don't care about you
난 남의 눈치 보지 않아
모든 게 내 자유
Middle fingers up, up, up, up
세상이 뭐래도 I go, go, go, go

[Chorus]
그녀는 내가 넘 좋대
그래서 어쩌라고
옷 한 벌 사는데 가격이 오백
그래서 어쩌라고
사람들 인터넷에서 날 욕해
그래서 어쩌라고
내가 봐도 나는 나왔어 똥배
그래서 어쩌라고
그녀는 내가 넘 좋대 그래서
어쩌라고
옷 한 벌 사는데 가격이 오백
그래서 어쩌라고
사람들 인터넷에서 날 욕해
그래서 어쩌라고
내가 봐도 나는 나왔어 똥배
그래서 어쩌라고
어쩌라고 어쩌라고
그래서 어쩌라고
어쩌라고 어쩌라고
그런데 어쩌라고
어쩌라고 어쩌라고
나보고 어쩌라고
어쩌라고 어쩌라고
난 말했어 어쩌라고

[Verse 2]
신세계 갔는데 남는 게 없네
언에듀가 샀더라고
라플에 당첨된 애들도 없네
나도 안되더라고
BANA는 왜 자꾸 앨범을 안내?
말해 너 잘 되라고
코펜하겐에서 코피를 냈네
빵만 처먹느라고
요새 난 개밥에 더 신경 쓰네
강형욱도 아니고
삼시 세끼 나는 래퍼를 먹네
근데 맛없더라고
타협을 안 하고 농협을 갔네
부가 쌓였더라고
부가티 몇 대는 살 돈을 갖고 다니네
일부러 거지꼴 하고
스테피랑 라스베이거스 갔어
어쩌라고
딜러는 날 중국 부자로 봤어
어쩌라고
Motherfucker 나는 한국서 Nas
Motherfucker 나는 일등석에서
윷놀이하면서 왔어
What the fuck
돈 주라고 돈 주라고
합장 좀 그만해
알고 보면 힙스터들이
제일 돈을 안 내
이 골목에 저 골목에
시간 낭비 말고
버스에 태워 버스에 girl
쇼미는 정거장에 없어

[Chorus]
그녀는 내가 넘 좋대
그래서 어쩌라고
옷 한 벌 사는데 가격이 오백
그래서 어쩌라고
사람들 인터넷에서 날 욕해
그래서 어쩌라고
내가 봐도 나는 나왔어 똥배
그래서 어쩌라고
그녀는 내가 넘 좋대 그래서
어쩌라고
옷 한 벌 사는데 가격이 오백
그래서 어쩌라고
사람들 인터넷에서 날 욕해
그래서 어쩌라고
내가 봐도 나는 나왔어 똥배
그래서 어쩌라고
어쩌라고 어쩌라고
그래서 어쩌라고
어쩌라고 어쩌라고
그런데 어쩌라고
어쩌라고 어쩌라고
나보고 어쩌라고
어쩌라고 어쩌라고
난 말했어 어쩌라고","123.895","0.827","0.777","-4.575","0.861"
"돈벌러가야대","UNEDUCATED KID","1cPrGOq1NfqeMoaPAKJ50I","[Hook]
나는 또 돈 벌러 가야 돼
마약을 하나 더 사야 돼
여자 애들이 날 좋아해
근데 난 신경도 안쓰네
Yah, yah yah yah, yah
Yah, yah yah yah, yah
나는 또 돈 벌러 가야 돼
마약을 하나 더 사야 돼
여자 애들이 날 좋아해
근데 난 신경도 안쓰네
Yah, yah yah yah, yah
Yah, yah yah yah, yah

[Verse]
나는 인생을 막 살어
근데 또 돈은 잘 벌어
Bitch I'm happy as fuck
Cuz I know I'm next up
All this cash on me
All this guap on me
They don't wanna play with me
Cuz they know I'm icey
나한테 잘못 걸리면 니 chain들 전부 다 뺏겨
경찰이 나를 잡으러 오면 나는 걍 존나게 재껴
Yeah, I be smoking loud
I don't give a fuck about the cops
I don't give a fuck about the price
내가 입은 옷들 가격 좀 봐
Diamonds on me dancing
All my bitches sexy
너네꺼 내가 다 뺏었지
All I know is that gang shit
When I get the guap
I'm always with my fucking glock
I got alotta choppers in my fucking foreign car

[Hook]
나는 또 돈 벌러 가야 돼
마약을 하나 더 사야 돼
여자 애들이 날 좋아해
근데 난 신경도 안쓰네
Yah, yah yah yah, yah
Yah, yah yah yah, yah
나는 또 돈 벌러 가야 돼
마약을 하나 더 사야 돼
여자 애들이 날 좋아해
근데 난 신경도 안쓰네
Yah, yah yah yah, yah
Yah, yah yah yah, yah","","","","",""
"Celebrity Disease","UNEDUCATED KID","3NMsr62pQDnHmbXqYu1Ckz","[UNEDUCATED KID ""연예인병"" 가사]

[Intro]
나 연예인병 걸려갖고
짜증나는 너네 전화 받지 않아 bye, bye
이제 여긴 내 세상이고
나는 하고 싶은 것들만 하면서 살아

[Chorus]
나 연예인병 걸려갖고
짜증나는 너네 전화 받지 않아 bye, bye
이제 여긴 내 세상이고
나는 하고 싶은 것들만 하면서 살아
돈을 벌어들여 억 단위로
Hater들은 나를 보고 말해 저 새끼가, Why? Why?
나는 닥치고 움직였고 너네들은
허구한 날 하고 있었잖아 말만

[Verse]
거지 같은 *끼들은 잘 가
나는 하고 사는 성격이야 할 말
65,000,000원 그게 나의 착장
난 음악으로 바꿨어 내 팔자
네 여친은 지금 나랑 하는 상상
나는 침대에서 하지 않아 살살
나는 원한다면 가져 지금 당장
스물다섯인데 내 인생은 막장
난 걸렸어 연예인병
할 의향 있어 병원에 입원
TV 안 나가도 너무 유명
I work hard 줄어들어 내 수명
자꾸만 더 늘어 내 재력
게다가 흘러넘쳐 내 매력
하늘에서 돈 비가 내려
통장에다 외쳐 할렐루야
하루에도 수십 번을 생각해
나는 왜 이렇게 잘난 거야 대체?
여자들은 어김없이 날 택해
왜냐? 단지 내가 유명하기 땜에
집엔 있어 명품 옷이 100개
헌옷수거함에다 버렸어 몇 개
부재중전화 쌓여있어 100개
귀찮은데 다들 나를 찾아 왜케?

[Chorus]
나 연예인병 걸려갖고
짜증나는 너네 전화 받지 않아 bye, bye
이제 여긴 내 세상이고
나는 하고 싶은 것들만 하면서 살아
돈을 벌어들여 억 단위로
Hater들은 나를 보고 말해 저 새끼가, Why? Why?
나는 닥치고 움직였고 너네들은
허구한 날 하고 있었잖아 말만

[Refrain]
이제 내 몸에선 연예인 까라
내가 가는 길에 레드카펫 깔아
이제 내 몸에선 연예인 까라
내가 지나가면 전부 눈깔아
이제 내 몸에선 연예인 까라
거지 같던 과거는 잘 가라
이제 내 몸에선 연예인 까라
하지만 난 영혼 안 팔아

[Chorus]
나 연예인병 걸려갖고
짜증나는 너네 전화 받지 않아 bye, bye
이제 여긴 내 세상이고
나는 하고 싶은 것들만 하면서 살아
돈을 벌어들여 억 단위로
Hater들은 나를 보고 말해 저 새끼가, why? Why?
나는 닥치고 움직였고 너네들은
허구한 날 하고 있었잖아 말만","","","","",""
"Now (feat. Okasian)","UNEDUCATED KID","3Uh1D6HHmpu9iIGKG1iZsT","[Intro: Uneducated Kid, Okasian]
Huu-uh
Now we can [?]
Chill
Can't wait to pump this shit!
Huh, huh
[?]

[Chorus: Uneducated Kid]
지금, 지금, 다 가져와 지금
나 못 기다리겠으니까 다 가져와 지금
지금, 지금, 다 가져와 지금
내 성격 너무 급해, 내 거 다 가져와 지금

[Verse 1: Okasian]
네 눈엔 내가 바보처럼 보이나 본데
난 안 움직여 입금 전엔
지금 내가 바보처럼 보이나 본데
I don't post shit 입국 전엔
돈 필요해 지금 지금 말고 바로 지금
내 눈엔 상금뿐이니 좆까 네 기분
네 농담엔 하품만 해, 나 진지해 지금
난 그저 집중에 집중

[Verse 2: Uneducated Kid]
Ah, runnin' up a check, 나는 돈이 필요해
왜냐하면 명품관에 가서 쇼핑 해야돼
Gucci, Chanel, Moncler, 전부 담아 shopping bag
아줌마들은 나를 보고 기절 초풍해
Bitch, I’m up next, feelin' so blessed
힘든 날은 갔고 좋은 날만 남았네
I don’t need no fame, I just want some cash
나는 지금 당장 아님 음악 안 할래, yah

[Verse 3: Okasian]
지금 이어야만 하는 건
지금 이어야만 해 타던가 꺼져
숨이 차, 돈 세느라 숨차
이젠 갚을 돈 아니라 번 돈을 세다 자고 나면
아침이 오고 난 당연히 한 바퀴
그 한 바퀴 끝나기 전 이미 난 다음 바퀴
배가 터지더라도 안 끝나 우리 끼니
If you with it then I’m with it
뭘 물어봐, 우리 끼리

[Verse 4: Uneducated Kid]
나는 부자 아님 부자 아님 부자
돈 때문에 힘들었으니까 우리 웃자
숨자 내가 부자 되는 날에
우리 같이 문 잠그고 숨자
나는 돈에 환장, 나는 돈에 환장
시간은 날 기다리지 않아 항상
난 외제차를 원해, 씨발, 지금 당장

[Chorus: Uneducated Kid, Okasian, both]
지금, 지금, 다 가져와 지금
나 못 기다리겠으니까 다 가져와 지금
지금, 지금, 다 가져와 지금
내 성격 너무 급해, 내 거 다 가져와 지금
지금, 지금, 다 가져와 지금
나 못 기다리겠으니까 다 가져와 지금
지금, 지금, 다 가져와 지금
내 성격 너무 급해, 내 거 다 가져와 지금","140.025","0.952","0.533","-3.471","0.517"
"Uneducated Arirang","UNEDUCATED KID","0jZbB0zQ2gWQu7tXMvkSBU","[Chorus]
내 인생은 movie, 나는 누려 부귀
나는 됐어 준비, 잊지 않어 뿌리
나는 입어 Louis, 나는 입어 Gucci
아 맞다, 이건 Dior이다
지금 내 바지는 True Religion
가짜들은 십 리도 못 가서 들통난다

[Verse]
재개발 구역에서 왔어 내가 HOODSTAR
내 위엔 아무것도 없어, 'cause I'm on the top
새꺄 내 성공은 불가능이었어 이론상
너네도 할 수 있어, 형만 믿고 따라와
걔넨 내가 떨어지길 바라지만 I will never stop
내 돈뭉치 갈수록 높게 쌓여, 마치 에펠탑
그녀한테 보여줬더니만 she said ""Oh my god""
그래서 난 침대로 데려간 다음에 강-약-중강-약
걔네 다이아몬드는 그냥 유리
나 이제 들고 다닐 거야 fuckin' 망치
그거 이태원서 만 원 주고 샀니?
나는 힘들게 New York 가서 샀지
4만 딸라나 지불했어 당시
근데 이 쉐끼들이 내 앞에서 자랑질
너가 나 같으면 화가 안 나겠니
너가 나 같으면 승질 안 나겠니

[Chorus]
내 인생은 movie, 나는 누려 부귀
나는 됐어 준비, 잊지 않어 뿌리
나는 입어 Louis, 나는 입어 Gucci
아 맞다, 이건 Dior이다
지금 내 바지는 True Religion
가짜들은 십 리도 못 가서 들통난다","","","","",""
"Hunnit Bands","UNEDUCATED KID","4MtGoW8ksOUcqsTbloWG20","[Chorus: Uneducated Kid]
내 왼손에는 100만원
오른손에는 1000만원
내 왼손에는 100만원
오른손에는 1000만원
스물세 살 밖에 안됐는데 왜케 돈 많어
남자쉐끼들이 씨발 왜 이렇게 겁 많어
내 왼손에는 100만원
오른손에는 1000만원
내 왼손에는 100만원
오른손에는 1000만원
스물세 살 밖에 안됐는데 왜케 돈 많어
남자쉐끼들이 씨발 왜 이렇게 겁 많어

[Verse 1: Uneducated Kid]
돈만 들고 있었는데 오르가즘 느껴져
지금 나의 모가지엔 무거운 게 느껴져
10만, 100만, 1000만, 나는 명품에다 쏟아부어
멈출 수가 없어, 누가 제발 나 좀 죽여줘
통장엔 공이 많아, 축구부 인 줄 알았으
내 돈뭉치 너무 높아, 서장훈 인 줄 알았으
Gucci on my body, 시뻘건 뱀이 나를 감아
Gucci on my body, 시뻘건 뱀이 나를 감아
내 왼손엔 Louis V 쇼핑백, 오른손엔 Dior 쇼핑백
양아치 새끼지만 아무도 잔소리를 못하네
Yeah, I’m a rockstar, 좆대로 살어
남들 눈치는 안 보네, 전부다 쉿
씨발, 나 방금 돈을 벌었네

[Chorus: Uneducated Kid]
내 왼손에는 100만원
오른손에는 1000만원
내 왼손에는 100만원
오른손에는 1000만원
스물세 살 밖에 안됐는데 왜케 돈 많어
남자쉐끼들이 씨발 왜 이렇게 겁 많어
내 왼손에는 100만원
오른손에는 1000만원
내 왼손에는 100만원
오른손에는 1000만원
스물세 살 밖에 안됐는데 왜케 돈 많어
남자쉐끼들이 씨발 왜 이렇게 겁 많어

[Verse 2: SUPERBEE]
내 왼손에는 10만원, 오른손에는 1억
니 왼손에는 5000원, 오른손에는 800원
둘이 하이파이브 하면 1억 10만 5천 800원
Broke ass mother fuckers, 너넬 위해서 할까 사채, uh
Prada를 입고 교회에 가니 목사님이 쫓아내
신도들이 십자가를 들곤 날 악마라 해
신세계로 도망쳐 Christian Dior을 사야 돼
Oblique 벨트에 빽을 메니 구원이 내리네, uh
돈이 날 추격, 난 은행에서 잡히지 일부러
우주선 타고 니 동네에 pull up
쓰레기를 버리고 니 여잘 훔쳐
내 왼손에는 Day-Date, 오른손에는 Audemars
그걸 본 니 여자친구가 남자친구 없대 막

[Chorus: Uneducated Kid]
내 왼손에는 100만원
오른손에는 1000만원
내 왼손에는 100만원
오른손에는 1000만원
스물세 살 밖에 안됐는데 왜케 돈 많어
남자쉐끼들이 씨발 왜 이렇게 겁 많어
내 왼손에는 100만원
오른손에는 1000만원
내 왼손에는 100만원
오른손에는 1000만원
스물세 살 밖에 안됐는데 왜케 돈 많어
남자쉐끼들이 씨발 왜 이렇게 겁 많어","","","","",""
"SUCCESS","UNEDUCATED KID","3RJiyAM2XQCrNE4BBYO1jL","[UNEDUCATED KID ""SUCCESS"" 가사]

[Intro]
Huh, yeah, po-po-po
Huh, huh, huh, huh, huh, yeah
UNEDUCATED KID! Woah! Superman
Buagh, buagh, buagh, po-po-pah
Let's go

[Chorus]
난 원해 sex보다 success (Sex! Paow!)
왜 화난 거야 놀았잖아 여태 (Huh-huh, yeah)
안 해도 돼 연애 있으니까 [?]레 (Pussy)
너네 아빠보다 무거워 내 어깨
Why you hatin' on me? 돈이 많아 그러니?
Why you shittin' on me? 내가 잘 나 그러니?
They don't wanna see me winnin', 내 몸엔 주얼리
I make bands by my lonely, 필요 없어 니 도움이

[Verse]
[?]까 학교 선생님 내 연봉은 억대
난 행동했어 반대로 이거 완전 nonsense
유쾌, 상쾌, 통쾌 말해 기분이 어때?
난 쌓아 올려 지폐를 니 키보다 더 높게
난 믿을 수 없어 여자를 우리 엄마 빼고
난 [?]약에 취해있어, R.I.P Fredo
일억 원어치 Chrome Hearts 있어 in my closet
난 돈을 혹시 몰라 묻어놨어 마늘 밭에
넌 여자 뒤꽁무니나 쫓아
난 그냥 돈이나 벌게
넌 여자 뒤꽁무니나 쫓아
난 그냥 돈이나 벌게
Woah! Let's go

[Chorus]
난 원해 sex보다 success (Sex! Paow!)
왜 화난 거야 놀았잖아 여태 (Huh-huh, yeah)
안 해도 돼 연애 있으니까 [?]레 (Pussy)
너네 아빠보다 무거워 내 어깨
Why you hatin' on me? 돈이 많아 그러니?
Why you shittin' on me? 내가 잘 나 그러니?
They don't wanna see me winnin', 내 몸엔 주얼리
I make bands by my lonely, 필요 없어 니 도움이

[Outro]
Huh, yeah, po-po-po
Huh, huh, huh, huh, huh, yeah
UNEDUCATED KID! Woah! Superman
Buagh, buagh, buagh, po-po-pah
Racks on racks on racks on racks on racks on racks on racks on racks on racks on racks on racks on racks on racks on racks
Chains on chains on chains on chains on chains on chains on chains on chains on chains on chains on chains on chains on chains on chains","129.132","0.119","0.485","-16.643","0.1"
"God Bless (Feat. Paul Blanco & Jay Park)","UNEDUCATED KID","7fkaOjdjqt5pPjOq4yOwjw","[Verse 1: Paul Blanco]
착하게만 살 수는 없잖아
너도 누군가 되고 싶잖아
내일 눈 뜰지 누가 알어
거리에서 성공을 찾잖아
내 친구들 아직 저기 있잖아
우린 그렇게 배웠잖아
새꺄, I'm ballin' out the gym
난 여기 있을 놈이 아니었지
My bro still out here servin' fiends
We really came up from nada
So the whole block is proud of me
엄마 가방 값은 4000달러 God Bless
착하게만 살 수 없던 나를 God Blessed
성경 책을 뜯어 말아 피던 난데
심판의 날 이 거리 놈은 외쳐

[Chorus: Uneducated Kid]
God Bless
통장엔 돈이 자꾸 쌓여, God Bless
인생을 영화처럼 살어, God Bless
여자를 계절마다 바꿔, God Bless
God Bless, God Bless, God Bless
세상에 내 이름을 알려, God Bless
사랑과 미움 싹 다 받어, God Bless
우리는 돈에 깔려 죽어, God Bless
God Bless, God Bless, God Bless

[Verse 2: Jay Park]
I be like God Bless, 두 손을 모아 기도해
내가 힘들 땐 지폐가 나를 위로해
세상이 나를 시험해, 하지만 나는 이겨내
Like ooh, let's go on a rendezvous, po' it up drink in the stu
내 homie 걸렸지만 지금 완치됐어, God Bless
항상 기도해줘, 가끔 밤을 샜어, God Bless
God Bless, 솔직하게 honest
바라는 거 없어, this from AOMG's finest
주어진 이 기회로 let's take it H1GHR baby
Featuring을 할 거라면 let's make it fire baby
Baby, chart 봐봐, wavy
AOMG, H1GHR, Yng & Rich shit is crazy
셋이 다시 뭉쳤어, yeah, God Bless
Blanco boy I hope you good, yeah, God Bless
성우 건강해야돼 yeah, God Bless

[Chorus: Uneducated Kid]
God Bless
통장엔 돈이 자꾸 쌓여, God Bless
인생을 영화처럼 살어, God Bless
여자를 계절마다 바꿔, God Bless
God Bless, God Bless, God Bless
세상에 내 이름을 알려, God Bless
사랑과 미움 싹 다 받어, God Bless
우리는 돈에 깔려 죽어, God Bless
God Bless, God Bless, God Bless

[Verse 3: Uneducated Kid]
교회는 잘 못 가지만 느껴 God Bless
나는 절대 잊지 못해, when I was nothing
사람들은 나를 무시하곤 했었지
하지만 이젠 모든 게 달라졌어

[Chorus: Uneducated Kid]
God Bless
통장엔 돈이 자꾸 쌓여, God Bless
인생을 영화처럼 살어, God Bless
여자를 계절마다 바꿔, God Bless
God Bless, God Bless, God Bless
세상에 내 이름을 알려, God Bless
사랑과 미움 싹 다 받어, God Bless
우리는 돈에 깔려 죽어, God Bless
God Bless, God Bless, God Bless","139.987","0.681","0.632","-6.067","0.534"
"Rockstar!","UNEDUCATED KID","1PeKLnL37LkQW8yt8aCFVn","[Chorus]
Bitch I'm a rockstar
마침내 난 꿈에 그리던 인생을 살아
믿기지가 않아
내 손목에는 bust down Rollie
수천 명의 관객 속에 몸을 던져 jumpin'
Bitch I'm a rockstar
마침내 난 꿈에 그리던 인생을 살아
믿기지가 않아
내 손목에는 bust down Rollie
수천 명의 관객 속에 몸을 던져 jumpin'

[Verse 1]
난 너네들을 바꿔놨어, 이건 big facts
내 손목위엔 4천만 원짜리 시계
널브러져 있는 rapper들의 시체
난 그 위에다 뿌려버려 fuckin' 지폐
만약 내가 rap을 안 했다면
길거리서 약 팔고 있어, 이건 너무 당연
UNEDUCATED KID, 나는 선택받은 소년
난 하늘에서 내려왔어, 너가 알았으면
Bitch I'm a rockstar
수백수천수만개의 눈이 나를 따라와
밖에도 못 나가 나는 꿈을 살아
네 여자친구 지금 내 밑에서 내꺼 빨아

[Chorus]
Bitch I'm a rockstar
마침내 난 꿈에 그리던 인생을 살아
믿기지가 않아
내 손목에는 bust down Rollie
수천 명의 관객 속에 몸을 던져 jumpin'
Bitch I'm a rockstar
마침내 난 꿈에 그리던 인생을 살아
믿기지가 않아
내 손목에는 bust down Rollie
수천 명의 관객 속에 몸을 던져 jumpin'

[Verse 2]
오랜만이지만 오랜만이 아닌 기분
넌 죽었다가 깨어나도 모를 걸 내 기분
천만 원 그게 바로 나의 시급
Skrt, skrt, skrt, 활짝 열려 나의 지붕
난 game을 싹 바꿀 생각이야
니네가 좋아하는 style 아니라면 미안
하지만 이 game의 운명은 나의 손안에
내가 어떻게 하냐에 따라서 바뀔 것 같에
That's a fact, that's a fact
내 영향력은 너도 이미 알잖아, okay
가짜 래퍼들은 get the fuck out of my face
무슨 일이 생겨도 I'm doin my thang

[Chorus]
Bitch I'm a rockstar
마침내 난 꿈에 그리던 인생을 살아
믿기지가 않아
내 손목에는 bust down Rollie
수천 명의 관객 속에 몸을 던져 jumpin'
Bitch I'm a rockstar
마침내 난 꿈에 그리던 인생을 살아
믿기지가 않아
내 손목에는 bust down Rollie
수천 명의 관객 속에 몸을 던져 jumpin'","144.072","0.91","0.616","-3.004","0.693"
"Good Girl Gone Bad (feat. Leellamarz)","UNEDUCATED KID","4cDJ0cLKrRUbVcWyuujkm8","[언에듀케이티드 키드 ""나쁜X"" ft. 릴러말즈 가사]

[Intro]
You're everything I need, everything
Everything I need

[Chorus: UNEDUCATED KID]
난 착한 여자를 만들어버려 나쁜년
백이나 하나 가지러 가자 쇼핑몰
오르가즘이 뭔지 I will let you know
넌 아무리 찾아도 만날 수 없어 나 같은 놈
난 착한 여자를 만들어버려 나쁜년
백이나 하나 가지러 가자 쇼핑몰
오르가즘이 뭔지 I will let you know
넌 아무리 찾아도 만날 수 없어 나 같은 놈

[Verse 1: UNEDUCATED KID]
난 재개발 구역에서 왔어, 도대체 말하냐 몇 번째
가난은 죄가 아니지만 죽을 때 가난한 것은 죄
이 새끼야 그러게 나한테 잘 좀 했어야지 평소에
왜 자꾸 돈을 빌려달래, 내 잘못이냐 너가 거지인 게
너가 20년 동안 고생해 갖고 키운 딸
나는 20초 만에 별 노력도 안 하고 데려가
나쁜 것들만 골라서 가르쳐, 애 버릇 다 베려놔
착하고 순수한 그녀를 만들어버렸어 ***
어제 백인과 잤는데 다리가 길어 안 되더라 ***
그저껜 흑인과 잤는데 확실히 다르긴 하더라 스킬이
일본인 중국인 영국인 독일인 터키인 체코인 프랑스인
한 명은 남미서 왔다고 했는데 나라가 기억이 안 나네 정확히

[Chorus: UNEDUCATED KID]
난 착한 여자를 만들어버려 나쁜년
백이나 하나 가지러 가자 쇼핑몰
오르가즘이 뭔지 I will let you know
넌 아무리 찾아도 만날 수 없어 나 같은 놈
난 착한 여자를 만들어버려 나쁜년
백이나 하나 가지러 가자 쇼핑몰
오르가즘이 뭔지 I will let you know
넌 아무리 찾아도 만날 수 없어 나 같은 놈

[Verse 2: Leellamarz]
그녀는 착했던 나를 만들었지 나쁜년
그래서 나도 만들었지 착했던 그녀들을 다 나쁜년
생각보다 나쁘지 않을지도 몰라, 우리 다 나쁘면
바람 같이 왔다 간 여자들을 사랑했지, 난 그녀들의 바램이었어서
Poppin it, poppin it, poppin it, poppin it
Pop! Pop! poppin it, 난 거의 팝핀현준
모두가 떠넘기는 남친, material shit, 떠밀려 도착해 *나 큰 booty
그래 하나였었지, 내가 바랬던 건 찾길 바랬어 이쁘고 착한 부인
태우고 채워 냉장고 money 잔고를 보니 또 사라졌네 억이
얼마나 벌어야지 남아 있는 건지 돈이
모르겠어 아직 못 봤지 남은 꼴을
다 빨아야 직성이 풀리는 내 모습을 보며 그년 말해
내 몸 내 돈 내 전부를 원해
욕심만큼이나 과했던 그녀의 몸매
다신 아는 척하지 않기로 해
Rule no.1
And you know

[Chorus: UNEDUCATED KID]
난 착한 여자를 만들어버려 나쁜년
백이나 하나 가지러 가자 쇼핑몰
오르가즘이 뭔지 I will let you know
넌 아무리 찾아도 만날 수 없어 나 같은 놈
난 착한 여자를 만들어버려 나쁜년
백이나 하나 가지러 가자 쇼핑몰
오르가즘이 뭔지 I will let you know
넌 아무리 찾아도 만날 수 없어 나 같은 놈

[Post-Chorus: Leellamarz]
난 착한 여자를 만들어버려 나쁜년
백이나 하나 가지러 가자 쇼핑몰
오르가즘이 뭔지 I will let you know
넌 아무리 찾아도 만날 수 없어 나 같은 놈

[Outro]
You're everything I need, everything
Everything I need","87.34200000000001","0.6509999999999999","0.616","-6.316","0.478"
"BMW (Feat. Northfacegawd)","UNEDUCATED KID","2d7Yhby4jJGPXrMAf2tH0g","[Chorus: UNEDUCATED KID]
I pull up on yo' block with my BMW
난 공연 페이를 받어, 니네 월급 따블루
손목엔 iced out watch, 그냥 마치 이글루
만약 나랑 싸우길 원하면 지금 나와 밖으루
I just fucked yo' bitch in my BMW
그녀는 내 거를 삼켜 그냥, 마치 야쿠르트
난 현금을 세고 있어 in my BMW
난 목숨을 잃는 한이 있어도 지켜 밥그릇

[Verse 1: UNEDUCATED KID]
R.I.P. Pablo Escobar, I get the money no matter what
먹어도 먹어도 배가 고파, 내 몸에 치장된 보석 좀 봐
나는 네 동네에 나타나, 지붕 없는 BMW와
빨리 내 돈을 갚아라, 200%의 이자율과
난 무대 위에서 넘 화끈해, 침대 위에서는 어떨까?
후진은 없어, 내 인생에, 그냥 난 박아버려, 범퍼카
Ha, ha, ha, ha, ha, ha, ha, ha, 난 은행에서 웃어 현금과
La, la, la, la, la, la, la, la, 막 노래를 불러, 내 bank account
Make it rain, 돈 비가 내려, 그래서 난 BMW 우산을 써
Switchin' lane, 차선을 바꿔, 하지만 난 노선은 안 바꿔
Vroom, vroom, skrt, skrt, 내 차는 빌어먹을 경찰차보다 더 빨러
Catch me if you can, 지금 내 기분은 Leonardo DiCaprio

[Chorus: UNEDUCATED KID]
I pull up on yo' block with my BMW
난 공연 페이를 받어, 니네 월급 따블루
손목엔 iced out watch, 그냥 마치 이글루
만약 나랑 싸우길 원하면 지금 나와 밖으루
I just fucked yo' bitch in my BMW
그녀는 내 거를 삼켜 그냥, 마치 야쿠르트
난 현금을 세고 있어 in my BMW
난 목숨을 잃는 한이 있어도 지켜 밥그릇

[Verse 2: Northfacegawd]
나는 지금 탔어 성우 BMW
묵직한 거 할 때마다 페이가 올라 따불루
쟤네 지금 하는 짓 좀 봐라, 얼씨구
I pull up on yo' 동네, if you test me, 패고 나서 거리루
그다음 장소는 신세계, 성우야 화장실 갔다 와
바지를 샀어 200에, 역시 난 명품이 잘 맞아
""고객님 마스크 쓰세요"", 알았어, 그니까 쌉쳐봐 잠깐만
오만 원짜리 내 지폐를 하나둘 셌더니 닫혔지 샷다가
이름값이 올라가도 still sippin' on 4
경찰서는 돌아가, 아무리 급해도
느그 아빠 차? 안 나가, 아무리 밟아도
그동안 나는 왔다 갔다 다섯 번을 왕복

[Chorus: UNEDUCATED KID]
I pull up on yo' block with my BMW
난 공연 페이를 받어, 니네 월급 따블루
손목엔 iced out watch, 그냥 마치 이글루
만약 나랑 싸우길 원하면 지금 나와 밖으루
I just fucked yo' bitch in my BMW
그녀는 내 거를 삼켜 그냥, 마치 야쿠르트
난 현금을 세고 있어 in my BMW
난 목숨을 잃는 한이 있어도 지켜 밥그릇","133.13299999999998","0.1369999999999999","0.4639999999999999","-20.184","0.191"
"METH (feat. Meiiny)","UNEDUCATED KID","5VKyRvcYL2sulmT6rvpVoh","[UNEDUCATED KID ""METH"" ft. Meiiny 가사]

[Chorus: UNEDUCATED KID]
내 다이아몬드는 빛나, 마치 메스암페타민
([?]약에 정신 못 차리는 그녀를 재워)
내 다이아몬드는 빛나, 그냥 마치 케타민
(눈부셔 잠들어버린 그녀를 깨워)
내 다이아몬드는 빛나, 마치 메스암페타민
([?]약에 정신 못 차리는 그녀를 재워)
내 다이아몬드는 빛나, 그냥 마치 코카인
(눈부셔 잠들어버린 그녀를 깨워)

[Verse 1: UNEDUCATED KID]
필요한 거 말해봐, 내가 은행 털어줄게
I will break the bank, I will break the rules
I will break the bank, I will break the rules
이제 아무 걱정 마, 내가 너를 지켜줄게
Baby, you don't need to worry
Baby, you don't have to hurry
내 다이아몬드는 빛나, 마치 메스암페타민
I think she is a drug addict
그녀는 밤새도록 춤춰, 먹고 취해서 엑스터시
I think she is kinda crazy
I think she loves me now 'cause I got drugs
She wanna hold me down, 그녀는 무릎 꿇어
내 기분은 번데기에서 갓 나온 나비 (U-u-uh)
I'm high as fuck, 난 만나고 왔어 하나님 (Huh, huh, huh, huh)

[Chorus: UNEDUCATED KID]
내 다이아몬드는 빛나, 마치 메스암페타민
([?]약에 정신 못 차리는 그녀를 재워)
내 다이아몬드는 빛나, 그냥 마치 케타민
(눈부셔 잠들어버린 그녀를 깨워)
내 다이아몬드는 빛나, 마치 메스암페타민
([?]약에 정신 못 차리는 그녀를 재워)
내 다이아몬드는 빛나, 그냥 마치 코카인
(눈부셔 잠들어버린 그녀를 깨워)

[Verse 2: Meiiny]
All these bitches screaming like they want some ketamine (-mine, -mine)
I be the reason these bitches get drug-sick (Drug-sick)
They ain't reading the Bible when thеy lacing up the cane
Drugs-drugs on the tablе, eyes start rolling, shit was a stretch
I thought she would be okay
One minute later she's panicking, mayday, shit was a stretch (Ayy, ayy)
Now they all doing the same as ketamine
I rock a purse and they call it feminine
But it's about the inside, adrenaline
It's for high-ups, I mean it's eminence
I-I-I don't do too much reminiscing (How?)
I don't be doing too much of reme-yerr, much of reme-yerr
I don't do too much of reme-at
This ain't me, this ain't real, this ain't blissin'
And I'm evil, two fingers I'm twisting
Nothing that you can teach me, I don't listen
I don't really do well with friends, fake phishing

[Chorus: UNEDUCATED KID]
내 다이아몬드는 빛나, 마치 메스암페타민
([?]약에 정신 못 차리는 그녀를 재워)
내 다이아몬드는 빛나, 그냥 마치 케타민
(눈부셔 잠들어버린 그녀를 깨워)
내 다이아몬드는 빛나, 마치 메스암페타민
([?]약에 정신 못 차리는 그녀를 재워)
내 다이아몬드는 빛나, 그냥 마치 코카인
(눈부셔 잠들어버린 그녀를 깨워)","","","","",""
"Drop Top","UNEDUCATED KID","1HP41bnrxLpVIPphIapOxs","[Chorus]
외제차, 외제차, 뚜껑이 열려 내 외제차
쳐다봐, 쳐다봐, 아줌마들이 날 쳐다봐
3살, 3살, 난 아직도 23살
좆까라, 좆까라, 니네들 모두 다 좆까라
Drop top, drop top, drop top, drop top
Drop top, drop top, drop top
Drop top, drop top, drop top, drop top
Drop top, drop top, drop top
외제차, 외제차, 외제차, 외제차
외제차, 외제차, 외제차
외제차, 외제차, 외제차, 외제차
외제차, 외제차, 외제차

[Verse 1]
네 여자친구가 나보고 금수저인 줄 알았대
그래서 씨발 난 자수성가라고 존나 화내
빡치게 하지마 고속도로서 내 쫓기 전에
다이아몬드가 박힌 Rolex 내 손목 위에
뚜껑을 열어, 사람들이 전부 다 알아봐
근데 난 신경을 안 써
왜냐면 나한텐 당연한 거니까
내 외제차처럼 I'm livin fast
내 시간은 빨라, look at my face
무슨 일 있어도 I get the bag
UNEDUCATED KID I'm the man
난 2019 BMW Z4 계약
니네들은 빌어먹을 대학교 개학
내 생각에 난 걍 선택받은 애야
난 죽기 일보 직전까지 돈을 생각

[Chorus]
외제차, 외제차, 뚜껑이 열려 내 외제차
쳐다봐, 쳐다봐, 아줌마들이 날 쳐다봐
3살, 3살, 난 아직도 23살
좆까라, 좆까라, 니네들 모두 다 좆까라
Drop top, drop top, drop top, drop top
Drop top, drop top, drop top
Drop top, drop top, drop top, drop top
Drop top, drop top, drop top
외제차, 외제차, 외제차, 외제차
외제차, 외제차, 외제차
외제차, 외제차, 외제차, 외제차
외제차, 외제차, 외제차

[Verse 2]
내 첫 차는 drop top beamer
뒤엔 붙어있어 초보운전
난 맨날 명품만 입어
I feelin like Justin Bieber
Rapper들 내 style을 베껴
근데 내 멜로딘 못 베껴
난 은행에다 돈 안 맽겨
왜냐면 은행도 안 믿겨
I'm livin my best life
추석에 타고 가 스포츠카
노래를 불러 랄라
돈 얘기 아니면 좆까
네 여자 내 거를 빨아
싫으면 집에 가, bye, bye
그녀는 나를 막 잡아
넌 기회를 놓쳤어, bye, bye
나는 내 맘대로 살지만 외제차를 몰아
과자 사듯이 난 명품을 골라
보험금만 880이 나와
하지만 나에겐 아무것도 아냐, oh my god
난 대한민국 상위 0.01%
이제 니네들 대가리 박어 내 밑으로

[Chorus]
외제차, 외제차, 뚜껑이 열려 내 외제차
쳐다봐, 쳐다봐, 아줌마들이 날 쳐다봐
3살, 3살, 난 아직도 23살
좆까라, 좆까라, 니네들 모두 다 좆까라
Drop top, drop top, drop top, drop top
Drop top, drop top, drop top
Drop top, drop top, drop top, drop top
Drop top, drop top, drop top
외제차, 외제차, 외제차, 외제차
외제차, 외제차, 외제차
외제차, 외제차, 외제차, 외제차
외제차, 외제차, 외제차","160.118","0.7040000000000001","0.6509999999999999","-9.829","0.471"
"HIGHWAY","UNEDUCATED KID","7f2JHx3dwqruJ38Xm708E1","[UNEDUCATED KID ""HIGHWAY"" 가사]

[Intro]
Bih! UNEDUCATED KID, UNEDUCATED KID, woo, woo
UNEDUCATED KID, yee-yah
Yeah, yeah, let's go

[Chorus]
Yeah, I'm so excited, it feels like first time kissin' (Woah), uh
난 너무 일찍 큰돈을 벌어 버렸어 미친 (Weh), yeah
절대로 잊지 못해 'member where I started (Weh), yah
재개발 출신 기억해 when I was starvin' (Yeah)
Ridin' around, ridin' around, ridin' around, I'm on the highway
낮이나 밤이나 달리지 성공을 향해
Ridin' around, ridin' around, ridin' around, I'm on the highway
비 오나 눈 오나 달리지 성공을 향해 (Woah)

[Verse 1]
내가 [?]도 아니었을 때 (Wha'?)
네가 날 보던 눈, 기억해 (Huh?)
그런데 이제 why did you change? (Huh?)
괜찮아 모른 척해줄게
천사처럼 fly away (Huh)
모든 고통들은 far away
부재중 전화, I don't call 'em back (Why?)
지폐로 내 눈물을 씻어내 (Yeah, yeah)
내게 불가능은 없어 마치 닉 부이치치 (Yeah)
월 화 수 목 금 토 일 난 만져 different 찌찌
난 한 대 피고 날아 이건 아냐 니코틴 (Wha'?)
난 항상 취해있어 내 기분 앙 기모띠

[Verse 2]
내 여자들은 C컵-컵
수술 아냐 내추럴-럴
하지만 머린 텅텅
비었어, they fuckin' dumb, dumb
I can never trust ho, ho
몰래 녹음길 켜둬
쓰지 않아 난 콘돔
책임질 수 있어서

[Verse 3]
한 달에 번 돈 난 하루에 다 쓰고 다음 날 멘징 (Woah)
Rockstar lifestyle, 잠을 잘 안 자 흰 가루 내 엔진 (Vroom)
절대로 까먹지 않아, I'm from the 의정부 trenches (의정부 trenches)
Ladies and gentlemen, 실례합니다, I'm on that gang shit (Woah)

[Chorus]
Yeah, I'm so еxcited, it feels like first time kissin' (Woah), uh
난 너무 일찍 큰돈을 벌어 버렸어 미친 (Wеh), yeah
절대로 잊지 못해 'member where I started (Weh), yah
재개발 출신 기억해 when I was starvin' (Yeah)
Ridin' around, ridin' around, ridin' around, I'm on the highway
낮이나 밤이나 달리지 성공을 향해
Ridin' around, ridin' around, ridin' around, I'm on the highway
비 오나 눈 오나 달리지 성공을 향해","154.038","0.941","0.457","-5.174","0.704"
"Catch These Hands","UNEDUCATED KID","6i5wey4jN8CLAIgoJfcgNw","[Intro]
Oh Yeah
Gotta Do It
Gotta Do It Right
Aye, Aye, Aye
Oh Yeah

[Chorus]
If You Look Around You
Everybody Wanna Rap
That's A Fact
But Alot Music Out Here Sound Like Crap
Where Im From You Need A Strap
It Get Crazy Where I'm At
You Either Work A 9 To 5
Got A Hustle
Or You Trap My Nigga
Caught Slipping Boy You Gon Get Taxed
If You A Real One
Then You Know How To Bounce Back (Let's Do It)
Represent Your City
Everybody On The Map
Put Your Hands Up In The Air
If You Down With Real Rap Yeah

[Verse 1: MrJayStacks]
Lately I Focused
Way Harder On My Dreams
Just To Show My People
Anything They Think You Can Achieve
Cuz I Got Down On My Knees
Talked To God And Just Believe
Bro My People Working Hard As Hell
To Make It Through The Week
I Will Go To War
Over My Family Top Speed
Why Uneducated Kids Hungry?
Homeless In These Streets?
All These Bosses Living Good
When Yo Team Gon Eat?
Please Dont Say The Wrong Thing
Cuz You Might Catch Heat
Heard Niggas Sneak Dissing
I Will Not Lose Sleep
Real Niggas Get Down
We Is Not Gon Beef
I Be Chilling In The Cut
My Nigga Spankie OG
Wait Till T.A.G. Squad Jump Off
You Gon Blow Up Low Key
Before They Cared About Me
I Was Just A Young G
I Had To Sit Down
Burn Leaf And Money Plan Deep
Cuz I Stood On My Feet
Chain Money That's Me
Ima Always Be A Lion
From The Jungle In The D

[Chorus]
If You Look Around You
Everybody Wanna Rap
That's A Fact
But Alot Music Out Here Sound Like Crap
Where Im From You Need A Strap
It Get Crazy Where I'm At
You Either Work A 9-5
Got A Hustle
Or You Trap My Nigga
Caught Slipping Boy You Gon Get Taxed
If You A Real One
Then You Know How To Bounce Back
Represent Your City
Everybody On The Map
Put Your Hands Up In The Air
If You Down With Real Rap Yeah

[Post-Chorus: MrJayStacks]
[West Side, West Side In The Building
East Side, East Side In The Building
South Side, South Side In The Building
North Side, North Side In The Building] (×2)

[Verse 2: Davy]
Davy, Look
Boss Soul And Lost Souls
It's A Lost Cause In A Broke Home (Whoa)
Little Girls Bring Back Babies
These Little Niggas Bringing Dope Home (Dope)
Uncle Same Tying Up The Noose
To A Financial Death Choke Hold
They Say Everybody Has A Price
No, No Sold Souls For Rose Gold
Locked Down For Survivng
With All The Drugs They Supplying (Dope)
Cold World Ran By Ice Man (Woo)
Half Heuy Newton, Sir Isaac
Wipe The Sleep From My Eyelids
Then Grind Hard 9×6 (Grind)
That's 54 Weeks Strong Bitch
Ima Grind, Grind Tony Hawk Shit
Product Of Environment
With No Chance Of Retirement
No Guidance, Just Violence
And Ambulance Sirens
Paper Chasing Hard
Tryna Make Rent Back (What Else?)
If My Pockets Flat
I Can't Just Chill And Sit Back
Ima Wake Up Everyday
And Run That Shit Up Quick Fast
Stressed Out 2 Or 3 Days
How Long The Zip Last
Tune The World Out
My Only Mission Is To Get Cash (Run It)
Ain't No Intermission Or Chit Chat
That's All Facts
Bitch I'm All Grind And No Slack
I Need Stacks
Me And Jay Stacks On The Same Track
Its Straight Crack (Woo)
That's A Overdose And A Heart Attack
In The Same Rap
Your Little Corny Raps We Don't Feel That
That's Real Rap Mother Fucker

[Chorus]
If You Look Around You
Everybody Wanna Rap
That's A Fact
But Alot Music Out Here Sound Like Crap
Where Im From You Need A Strap
It Get Crazy Where I'm At
You Either Work A 9-5
Got A Hustle
Or You Trap My Nigga
Caught Slipping Boy You Gon Get Taxed
If You A Real One
Then You Know How To Bounce Back
Represent Your City
Everybody On The Map
Put Your Hands Up In The Air
If You Down With Real Rap Yeah","","","","",""
"I DON’T BELIEVE IN…","UNEDUCATED KID","3D9SODqzEF1uZzaLglhMxq","[UNEDUCATED KID ""I DON’T BELIEVE IN…"" 가사]

[Intro]
I don't believe in love, love, love
I don't fall in love, love, love
I don't believe in love, love, love
I don't fall in-

[Verse 1]
사랑 안 할래 또 다시
똑같아 너 역시
You was such a fuckin' bitch
못 살 줄 알았지
만 잘 살아 너 없이
상처 안 받아 또 다시
You was such a fuckin' bitch
All these bitches sa-a-ame

[Bridge]
I just wanna party all night
처음 본 여자랑 one night
기억 안 나 yesterday
Her name, her face
Where we met?

[Verse 2]
너와 난 운명인 줄 알았어 사실
하지만 착각이었어 나 자신
우리는 영원히 함께인 줄 알았지
어떻게 변하니? 사랑이 하루아침
결국에 남는 건 돈 밖에
없더라 너한테
썼지만 억 넘게
삐뚤어질 테야
어차피 너만 손해야
후회하지 마 제발
모든 걸 줬지만, you let me down

[Bridge]
월 화 수 목 금 토 일 매일 밤
난 껴안고 잠에 들어 새로운 여자랑
똑같아 너 역시
You was such a fuckin' bitch
못 살 줄 알았지만
잘 살아 너 없이

[Chorus]
I don't believe in love, love, love, love
사랑 안 해 다시, I cannot trust this bitch
I don't fall in love, love, love, lovе
살 거야 [?]같이, I'ma go fuck that bitch
I don't believe in lovе, love, love
사랑 안 해 다시, I cannot trust this bitch
I don't fall in love, love, love
살 거야 [?]같이, I'ma go fuck that bitch (잘 놀았다 [?]년아)

[Verse 3]
You made me crazy
널 그리워해 매일
보고파 to be honest
사랑해, I ain't gon' lie
난 아니야 제정신
넌 우리가 헤어질
거라는 걸 already
알고 있었을지 몰라
I don't believe in-","","","","",""
"Need Your Love (feat. Royal 44)","UNEDUCATED KID","1gUZ4VaGRTFemwadS1W6O3","[언에듀케이티드 키드 ""Need Your Love"" ft. 로얄 44 가사]

[Chorus: UNEDUCATED KID]
Baby, I need your love
Baby, I want your love
너와 함께 있고 싶어
너와 함께 죽고 싶어
Baby, I need your love
Baby, I want your love
너와 함께 있고 싶어
너와 함께 죽고 싶어

[Verse 1: UNEDUCATED KID]
나에게만 말해줘
I just wanna know your love
너만 보면 사라져
나의 모든 근심 걱정
내 사랑을 너에게 주고 싶어
내 돈을 다 너에게 주고 싶어
지금 어디야 빨리 와 보고 싶어 (Baby)
밤새 이야기보따리 풀고 싶어

[Chorus: UNEDUCATED KID]
Baby, I need your love
Baby, I want your love
너와 함께 있고 싶어
너와 함께 죽고 싶어
Baby, I need your love
Baby, I want your love
너와 함께 있고 싶어
너와 함께 죽고 싶어

[Verse 2: Royal 44]
너 대신 내가 아플게, 'cause I need your love
너를 위해 거짓말할게, 'cause I want your love, yeah
너한테만 반응해 나의 몸
난 지금 너에게 몰입한 상태야
너도 그렇다 해 줘
딴 *은 눈에 안 들어와, baby
You make me laugh, I make you wet, yeah, I swear
난 너의 모든 게 꼭 필요해
That's my baby, yeah, she baddie
All the time
You're my high, yeah
Don't think twice
You are mine, yeah

[Chorus: UNEDUCATED KID]
Baby, I need your love
Baby, I want your love
너와 함께 있고 싶어
너와 함께 죽고 싶어
Baby, I need your love
Baby, I want your love
너와 함께 있고 싶어
너와 함께 죽고 싶어

[Outro: UNEDUCATED KID]
Baby, I need your love
Baby, I want your love
너와 함께 있고 싶어
너와 함께 죽고 싶어
Baby, I need your love
Baby, I want your love
너와 함께 있고 싶어
너와 함께 죽고 싶어","95.723","0.49","0.63","-6.722","0.614"
"CALL ME","UNEDUCATED KID","5OxbRh8YC4R1UV3pafBzI8","[UNEDUCATED KID ""CALL ME"" 가사]

[Intro]
I'm thinking 'bout you
I'm dreaming 'bout you
Uh

[Chorus]
I-I just met you, last night was crazy
You got my number, so call me maybe
너를 처음 본 날 잊을 수 없지
You know my number, so call me, baby

[Verse 1]
Every night, yeah, I'm just thinking 'bout you
I'm dreaming 'bout you
혹시 내가 생각난다면 연락해 가끔
항상 니 생각뿐
꿈에 나와 자꾸
Huh, your boy so corney, you got my number
둘만의 비밀, 내 입 무거워
너 말고 다른 여자는 이제 별로
고기도 먹어 이미 먹어 본 놈

[Bridge]
어떻게 잊지, 그때 그 느낌
사실 너랑 사귈 생각까지는 없었지만
쳐야 했어 너랑 자기 위해 거짓말

[Verse 2]
Call me 나쁜 새끼, but 질 수 있어 책임
I'm not gonna be sleepy, 없는 듯이 내일이
All time, you're the greatest
염소처럼 내 소리
나의 인생에서 너 같은 [?]은 처음이야
You're mine, you're mine
My bitch, my bitch
Right now, right now
I need you, I need you
You're mine, you're mine
Come here, come here
걱정 마, 너와 나의
Secret, secret

[Verse 3]
I cannot forget you-ou-ou (Call me maybe)
Can't wait for you-ou-ou (Call me, baby-y-y)
I'm thinking 'bout you-ou-ou (너 말고 다른 여잔)
I'm dreaming 'bout you-ou-ou (고기도 먹어 이미 먹어 본)
Pussy, pussy, I got dеmons in my mind
니 남자친구 버리고 나한테 와, 망설이지 마
너가 자꾸 꿈에 나와 every night
Every hour, еvery minute, every second

[Chorus]
I-I just met you, last night was crazy
You got my number, so call me maybe
너를 처음 본 날 잊을 수 없지
You know my number, so call me, baby","143.504","0.468","0.38","-4.245","0.303"
"Fallin' in Love (feat. ASH ISLAND)","UNEDUCATED KID","0wfpGTipssFpDOJtLSdKm5","[언에듀케이티드 키드 ""Fallin' in Love"" ft. 애쉬아일랜드 가사]

[Chorus: UNEDUCATED KID]
그동안 사랑이 뭔지 잊고 살았어
근데 널 처음 본 순간 난 깨달았어
니 모습이 떠나질 않아 머릿속
어색하지만, yeah, I think I'm fallin' in love
그동안 돈만 생각하며 살았어
근데 널 처음 본 순간 난 깨달았어
Baby, I can give you everything you want
어색하지만, yeah, I think I'm fallin' in love

[Verse 1: UNEDUCATED KID]
네 말과 행동들로 내 기분이 바뀌어
이틀이 지났지만 why you don't answer
사랑이 뭔지 잘 모르겠지만 I love her
넌 가까운 것 같으면서도 멀어
I wanna know about you, 맘속 깊은 곳까지
I wanna know who are you, 자라 온 환경까지
Can lose everything for you, 내 돈과 인기까지
Can do anything for you, 심지어 범죄까지
너랑 즐기려는 게 아냐 just for one night
이제는 그만하고 싶어 가벼운 만남
널 쳐다보는 것만으로 난 받아 영감
하루 종일 멍때려, 홀린 것 같아 뭔가

[Chorus: UNEDUCATED KID]
그동안 사랑이 뭔지 잊고 살았어
근데 널 처음 본 순간 난 깨달았어
니 모습이 떠나질 않아 머릿속
어색하지만, yeah, I think I'm fallin' in love
그동안 돈만 생각하며 살았어
근데 널 처음 본 순간 난 깨달았어
Baby, I can give you everything you want
어색하지만, yeah, I think I'm fallin' in love

[Verse 2: ASH ISLAND]
넌 모르겠지만 우린 꽤나 닮았어
널 보기 전까진 모든 게 귀찮았고
어딜 가도 외로움에 목말라 있었던
내 반을 줄 테니 넌 손을 잡아줘
Yeah, I fell in love, 너로 가득해 내 머릿속, woah
난 내 머리로 이해를 못 해 이 모든 걸, woah
전부 가져가 버려, tell me everything you want
Wherever you want, 따라갈게 그게 어디던지
어쩌라고, 어쩌라고, 니가 좋아하는 노래
틀고 날아 높게, I don't care, 절대 outta my head
말해줘, Hawaii, Dubai, Osaka, 부산
어딜 가던 니가 있다면 영화야, baby, just come to me
And show me your love to me, girl

[Chorus: UNEDUCATED KID]
그동안 사랑이 뭔지 잊고 살았어
근데 널 처음 본 순간 난 깨달았어
니 모습이 떠나질 않아 머릿속
어색하지만, yeah, I think I'm fallin' in love
그동안 돈만 생각하며 살았어
근데 널 처음 본 순간 난 깨달았어
Baby, I can give you еverything you want
어색하지만, yeah, I think I'm fallin' in love

[Outro]
Mm, mm, mm, mm","90.145","0.8079999999999999","0.64","-6.327000000000001","0.424"
"1+1=1","UNEDUCATED KID","4uiXiv4dkxfwgK6Q9qIv3y","[UNEDUCATED KID ""1+1=1"" 가사]

[Intro]
It's okay, 너와 함께
있으면 필요 없어 안정제
행복해 나의 곁에
있어 주었으면 해 한평생
불완전했던 삶에
네가 들어온 후에, I'm perfect
약속해 안 변해
비로소 너와 난

[Chorus]
It's okay, 너와 함께
있으면 필요 없어 안정제
행복해 나의 곁에
있어 주었으면 해 한평생
불완전했던 삶에
네가 들어온 후에, I'm perfect
약속해 안 변해
비로소 너와 난
One plus one is one
One plus one is one
One plus one is one
One plus one is one

[Verse]
You're my love, you're my drug
시간이 이대로 멈췄으면
You're my hope, you're my rope
세상에 둘만 남았으면
I was wrong, one plus one
Was one, you're breakin' my world
널 처음 본 순간은 꼭
마치 영화의 한 장면
불안정했던 날 치료해 줘 이젠 안 먹어 xanax
아마도 너를 만나기 위한 준비였나 봐 그동안 헤맨 (Yeah)
시간들조차 너무 소중해 널 알아볼 수 있었잖아 baby
너에게 너무 고마워 새 삶을 선물해 줬으니까 내게

[Bridge]
너가 없으면 난 아무것도 아니야
너가 보고 싶어서 왔어 집 앞이야

[Chorus]
It's okay, 너와 함께
있으면 필요 없어 안정제
행복해 나의 곁에
있어 주었으면 해 한평생
불완전했던 삶에
네가 들어온 후에, I'm perfect
약속해 안 변해
비로소 너와 난
One plus one is one
One plus one is one
One plus one is one
One plus one is onе","81.081","0.8690000000000001","0.597","-7.312","0.597"
