"title","artist","spotify_id","lyrics","bpm","energy","danceability","loudness","valence"
"Bakchigi","kaogaii","6yd5t2nC2Trq7XbtqaiLPU","[?]

[Verse 10: LIV of IRRIS]
샷다 싹 다 내려버려 bang
내 성적은 ten
L-I-V 내 이름 부르면 돼
Reaction이 달라, oh
난 maintain, uh, I got skill
아이돌 rappin' 만화 찢고 나온
비주얼 국가대표
이미 이겨버린 제스쳐
손흥민처럼 랩 드리블 제끼는
내 skill은 매운맛이지
김치 flow not easy
남산에서부터 강강술래까지
사람들을 불러 모아 태극기
손에 쥐여주고 만세
삼창 건 곤 감리, ooh
난 태어날 때부터 차올라 있었지
부모님이 지어주신
이름 석 자 채영김
나비처럼 사뿐히
즈려밟아 주지 I'm a 퀸
못다 핀 인재들이
차 넘치는 Korea
차올라, 차올라
강남역으로 모여 당장

[?]","","","","",""
"Sweaty (Feat. YUJU)","kaogaii","0Tagmg06NvinbqMx5RUXrz","[가오가이, 지구인, 코웨이 ""땀범벅 ft. 유주"" 가사]

[Verse 1: Geegooin]
Yeah (I need a Cha Cha beat, boy)
리듬파워 팀플레이 till we D-I-E
셋에서 둘이 된 새로운 시작이
등줄기엔 식은땀이 그걸 닦아 낼 timing
바로 지금이지 아직 먼 건 피날레지
다음 scene, take three, direct by me
Edward Lee, 요리의 킥같이 (Woo!)
짬바는 무시 못 해 십오년의 베인 땀내
쩐내가 난대도 그건 만 시간을 담네
나의 백 (백)
절실하게 한 땀 한 땀 수놓은 나이테 (테)
누가 뭐래도 another level 나의 바이브엔
치열함이 있지 장인 정신같이 빚지
그런 나의 벌스, yeah, I like that
난 썰어, 쩔어, full time lover
흠뻑 젖어버려 싸이 형처럼
내 랩이 끝나면 말하지 한 번 더 (Woo!)
관중들은 미쳐서 다 땀범벅

[Pre-Chorus: Kohway]
Bring the fan 'cause I'm hot now (Yeah)
열정은 핫 뜨거워 땀띠가 났네
한겨울에도 반팔 (Yeah)
Them boys going crazy 난리가 났대, oh no
날뛰어 다 숨이 막혀 (막혀)
아무리 마셔도 I thirst
전부 다 내놔, yeah
'Cause we on the way now (Hey)

[Chorus: Kohway]
How's the weather out there? (Shee)
여긴 뜨거워 데일 듯이 (듯이)
How's the weather out there? (Out there)
우린 필요해 얼음이 (얼음이)
땀범벅, sing it like (Okay)
땀범벅, yeah (Okay)
땀범벅, sing it like
땀범벅

[Verse 2: kaogaii]
양수가 터졌대, 넌 땀에 절었네
이제 밖은 너무 쌀쌀한데
자기야 혼자 더웠어 왜?
촬영은 빵꾸 나도 오히려 난 축하를 받아
근데 그건 내 거 아냐 우리 딸 happy birthday (Hee)
예능 또 연기하고 돈 벌어 닥치는 대로 (What)
랩할 땐 제대로 해 래퍼들 닥치게 했어 (Yes)
대물려 주기 싫어 내 흙 묻은 탯줄
또 보여주긴 더 싫었거든 내 욕 묻은 댓글, uh
No 당근 no 나눔, 뭐를 하든 (Yessir)
좋은 걸로 유모차 협찬받아 놨어 (Yessir)
말했지 나 좀비야 위기는 모른 척
난 달리거나 넘어질 바엔 쇼부쳐
어릴 땐 정말로 싫었어
울 아빠 땀내가 미워서
난 담배를 피웠어
이제 알아 비로소
내가 흘린 drip (Drip)
그건 전부 땀방울
내 인생 역스윕 스윕
넘겼어 담장을

[Pre-Chorus: Kohway]
Bring the fan 'cause I'm hot now (Yeah)
열정은 핫 뜨거워 땀띠가 났네
한겨울에도 반팔 (Yeah)
Them boys going crazy 난리가 났대, oh no
날뛰어 다 숨이 막혀 (막혀)
아무리 마셔도 I thirst
전부 다 내놔, yeah
'Cause we on the way now (Hey)

[Chorus: Kohway]
How's the weather out there? (Shee)
여긴 뜨거워 데일 듯이 (듯이)
How's the weather out there? (Out there)
우린 필요해 얼음이 (얼음이)
땀범벅, sing it like (Okay)
땀범벅, yeah (Okay)
땀범벅, sing it like
땀범벅

[Bridge: YUJU]
시원한 바람 불어 이 길의 끝에서
흐르던 땀이 내 뺨을 스치면 (Yeah)
Finally, finally, all the way up
이뤄낸 듯이 손들어 위로
더 높이 한 번 더, ooh-ooh

[Chorus: Kohway, YUJU]
How's the weather out there? (How's the weather out there?)
여긴 뜨거워 데일 듯이 (Ooh-ooh, ooh)
How's the weather out there? (Oh, no)
우린 필요해 얼음이 (Ooh)
땀범벅, sing it like (Okay)
땀범벅, yeah (Okay)
땀범벅, sing it like (땀범벅)
땀범벅","","","","",""
"Drink Or Nah","kaogaii","1FI4m6OZmHL5z7vJjft1ZH","[Intro]
And I got my drink with me
And I feel like [?]
I don't give a fuck like nah
I feel like no one really get it
So I'm throwing away days
I don't give a fuck-

[Chorus]
And I got my drink with me
And I feel like [?]
I don't give a fuck like nah
I feel like no one really get it
So I'm throwing away days
I don't give a fuck like nah

I've been packaged in the cold
Drowning in the bottle a lot
Need a lifeguard right now
If I die I young I don't wanna go out
I need a lifeguard right now

[Verse]
Six bottles count em all I'm sick
You catch my excuses with that
I say I could really use a drink
I'm not too interested

[Bridge]
If it only made me feel better
If it only made me feel better
If it only made me feel better
If it only made me feel better

[Chorus]
And I got my drink with me
And I feel like [?]
I don't give a fuck like nah
I feel like no one really get it
So I'm throwing away days
I don't give a fuck like nah

I've been packaged in the cold
Drowning in the bottle a lot
Need a lifeguard right now
If I die I young I don't wanna go out
I need a lifeguard right now

[Outro]
And I got my drink with me
And I feel like [?]
I don't give a fuck like nah
And I got my drink with me
And I feel like [?]
I don't give a fuck-","","","","",""
"시티백","kaogaii","68bejwTiIrMg2HoBH3hfH4","[Chorus]
내 시티백 윌리 윌리 윌리
이 미친세상 싹 뒤집 뒤집 뒤집지
기지베들 말해 뭐해 기립 기립 기립
내 시티백 윌리 윌리 윌리
내 시티백 윌리 윌리 윌리
이 미친세상 싹 뒤집 뒤집 뒤집지
기지베들 말해 뭐해 기립 기립 기립
내 시티백 윌리 윌리 윌리

[Verse 1]

내 시티백은 엥꼬 안나 huh
야마하 데꼬와 임마 huh
앞바퀴 like 태권 얍 huh
내 여자처럼 쌔끈함 huh
뒷자리엔 태극기가 펄럭
흰빨검파 그게 나의 color
1단 기어 놓으면 뒷차는 콜록
난 달린다 양아치들 털러
가오가이 노빠꾸
근데 바른생활 오타쿠
순수함을 꼭 갖춤
근데 승질은 좆같음
I like 계곡 and I like 계곡주
가오가인 매너있어 동시에 개꼴통


이런 내가 저질이면 오케이
알겠어요 꺼지시고
이런 내가 거짓이면 오케이
그러면 뭐 거짓이죠
같이 갈 새끼만 내 뒤에 올라타
꽉 잡아 잘못하면 깁스해
앞바퀴 들고 세상을 뒤집어
멈춰있음 살아있는 시체

[Chorus]
내 시티백 윌리 윌리 윌리
이 미친세상 싹 뒤집 뒤집 뒤집지
기지베들 말해 뭐해 기립 기립 기립
내 시티백 윌리 윌리 윌리
내 시티백 윌리 윌리 윌리
이 미친세상 싹 뒤집 뒤집 뒤집지
기지베들 말해 뭐해 기립 기립 기립
내 시티백 윌리 윌리 윌리

[Verse 2]
내 앞에서 각기 털면
난 그대로 꼬라 박지 겉멋
뿐인 쉐끼들 내가 딱지 끊어
아니다 그대로 싹 집어 넣어
가오가인 경찰 시티백 빽차 역할
병신들 싹다 기억함
다시 만남 대차게 뻥 참

호프갱 올라가지
이런 말 안해도 올라가지
니들은 몰락하지
굳이 말 안해도 몰락하지
내 열정 내 마후라
내 결정엔 싸물어
난 멍청이 빠가라서
선택을 감으로 해 호프갱 그지갱
윌리 다음 땅에서 이제 간다 하늘로

[Chorus]
내 시티백 윌리 윌리 윌리
이 미친세상 싹 뒤집 뒤집 뒤집지
기지베들 말해 뭐해 기립 기립 기립
내 시티백 윌리 윌리 윌리
내 시티백 윌리 윌리 윌리
이 미친세상 싹 뒤집 뒤집 뒤집지
기지베들 말해 뭐해 기립 기립 기립
내 시티백 윌리 윌리 윌리","","","","",""
"Arirang","kaogaii","1Ub39u2U3z8VcTVRQhYZzn","Madilim na ang gabi
Ngunit patuloy kang nagsabi
Ng iyong nadarama
Kahit na alam na ang sagot

Bakit ba lagi na lang
Puro siya laman ng kinukwento?
Kahit na nasasaktan
Pinilit ko na lang tanggapin

[Chorus]
Ang awit ko sa inyo
Sana ay bawiin niyo
Ang hapdi, at sakit
Na dinulot niyo sakin

Ibalik mo ako
Sa tunay na mundo ko
Ang ngiti niyong dalawa~

[Chorus]
Ang awit ko sa inyo
Sana ay bawiin niyo
Ang hapdi, at sakit
Na dinulot niyo sakin

Ibalik mo ako
Sa tunay na mundo ko
Ang ngiti niyong dalawa~","84.978","0.2189999999999999","0.375","-14.078","0.392"
"Till I Die (Feat. KHAN)","kaogaii","2Ej5DF5dI8Lniv8WCry1w7","[Intro]
Oh oh
Makes me wanna go
Makes me wanna go-oh

[Verse]
Yes, one coffee, no sugar, no cream
I like these chords and I like caffeine
Music is delish, if you know what I mean
Make some noise if you're livin' the dream
Birth to death, kawaii till I die
Future funk groove and a bit of lo-fi
Friends to the end, together forever
85 degrees, it's city pop weather

[Pre-Chorus]
Feel the groove
Bust a move, yeah
Let's feel the groove
We'll dance away up to the moon

[Chorus]
Woah oh oh oh
This music makes me go
Makes me wanna say hello-oh, hello-oh
Woah oh oh oh
This music makes me go
Just gotta say hello-oh

[Verse]
Green Hill Zones and Rainbow Roads
Got more lives than I got cheat codes
Magic worlds, dress up clothes
Intergalactic radio
Freeform broadcasts, alleyways
Scratching records every day
Supersonic tunes forever
Cruising with [?]

[Pre-Chorus]
Feel the groove
Bust a move, yeah
Let's feel the groove
And dance away up to the moon

[Chorus]
Woah oh oh oh
This music makes me go
Makes me wanna say hello-oh, hello-oh
Woah oh oh oh
This music makes me go
Just gotta say hello-oh

[Interlude]
Hey!
Hey what's up?
Do you think you can make it today?
Oh yeah, sorry, I'm in traffic
Alright, alright, no problem
Oh, I'm wearing our matching shirt
What? Oh my god, I can't wait to see you!
I know, it's been so long
Right? Ok ok
Ok, see you later

[Chorus]
Woah oh oh oh
This music makes me go
Makes me wanna say hello-oh, hello-oh
Woah oh oh oh
This music makes me go
Just gotta say hello-oh

[Synth Solo]

[Chorus]
Woah oh oh oh
This music makes me go
Makes me wanna say hello-oh, hello-oh
Woah oh oh oh
I feel it in my soul
Just gotta say hello-oh","115.952","0.906","0.787","-3.936","0.374"
"MONEY GAME","kaogaii","0Q6RrKq2dCxteHUpbcJNZQ","우린 돈의 노예가 되지 않기 위해
돈을 벌어야만 하는 돈의 노예
시급이 시급한데 너 왜 낭비해
일단 움직여야 살어 바로 go 해
머니게임
이건 머니게임
돈이 머리 위에
존심도 버릴게
그래 머니게임 어쩌면 dirty game
어떻게든 효도 해야지 어머니께
우린 돈의 노예가 되지 않기 위해
돈을 벌어야만 하는 돈의 노예
이건 머니게임 이건 머니게임
이건 머니게임 그래 머니게임

여기저기 들려오네 돈 소리
얼핏 들어보면 그건 비명소리
잊지 못할 말 아들 엄마가 sorry
내 자식에겐 평생 주고 싶지 않은 고민
그깟 종이가 뭐 대수
라기엔 우린 너무 아파야만 했어
이 아픔이 내 옆에 영원하게 냅둘 순
없어 이젠 뺏길 바엔 싸그리 다 뺏어
누군 학교 누군 직장 나는 7번방에
우린 갇혀있고 점점 더 난 미쳐가네
기적 하나 바라보고 살기엔 짧은 인생
그래 미친 척 웃고 죽어라 땀 흘릴래
우린 돈의 노예가 되지 않기 위해
돈을 벌어야만 하는 돈의 노예
시급이 시급한데 너 왜 낭비해
일단 움직여야 살어 바로 go

우린 돈의 노예가 되지 않기 위해
돈을 벌어야만 하는 돈의 노예
시급이 시급한데 너 왜 낭비해
일단 움직여야 살어 바로 go 해
머니게임
이건 머니게임
돈이 머리 위에
존심도 버릴게
그래 머니게임 어쩌면 dirty game
어떻게든 효도 해야지 어머니께
우린 돈의 노예가 되지 않기 위해
돈을 벌어야만 하는 돈의 노예

어릴 적 나의 원했던 삶 지금의 내 모습
참 멀리도 왔네 주머니에 살이 찐거 빼고서
빚을 갚기 위해 10년째 난 꿈을 꿔
개같이 굴러도 결과는 왜 항상 물음표
쇼보다 쇼 같은 하루 하루
누가 뭐라 하든 어디서든 나로 살어
화면에 갇히기 싫어 아닌 거에
입 닥치기 싫어 난
아직 갈 길이 멀어도 늘 내 방식을 믿어
더 강해져야 해 살아남아야만 해
아파도 참아야만 해 날 믿는 사람 때문에
지치지 말고 미치자고 내일을 위해서
오늘 뒤쳐짐 구경하다 끝나 저 뒤에서

우린 돈의 노예가 되지 않기 위해
돈을 벌어야만 하는 돈의 노예
시급이 시급한데 너 왜 낭비해
일단 움직여야 살어 바로 go 해
머니게임
이건 머니게임
돈이 머리 위에
존심도 버릴게
그래 머니게임 어쩌면 dirty game
어떻게든 효도 해야지 어머니께
우린 돈의 노예가 되지 않기 위해
돈을 벌어야만 하는 돈의 노예","","","","",""
"Go Insane (Feat. Loopy)","kaogaii","0D1XTPsaKK6uDjlGz0ZYRE","[가오가이 & 키츠요지 ""돌+I"" ft. 루피 가사]

[Chorus: kaogaii, kitsyojii]
당연하지 woah, yeah, 당연하지 woah, yeah
당연하지 woah, yeah, 당연하지 woah, yeah
당연하지 woah, yeah, 당연하지 woah, yeah
당연하지 woah, yeah, 당연하지 woah, yeah
난 또라이, 난 또라이
난 또라이, 난 또라이
난 또라이, 난 또라이
난 또라이, 난 또라이

[Verse 1: kaogaii]
난 또라이, 예술한 보람이
드럼 위에서 놀았지 근데 돈이 따라 오다니
내 딕션 미친거녜 너 내 과거를 잊은거니
존내 딸배 뛰며 컸으니 당연히 쩔어 내 delivery
아 그래 난 말했어 soccer is hobby 태극기 뒷자리 펄럭 말이 좀
안 돼도 내가 하니 박수를 받지 출연료 더 줘라 댓글에 난리
Camera 돌면 다 구라치기 바뻐, 뒤에선 손가락 하트
난 솔직해 나만 뜨고 파서 기도해 덕소만 오르길 아파트 값

[Verse 2: kaogaii]
뇌 안 거쳐 내 필력 번역기 안 빌려
한글로만 찢어 멋진 직업
맨 정신인 적 없어 그래 충동 구매 여전해
한우 자주 먹어 그만큼 벌어
난 계산 못 해 수틀림 돌아버려 눈깔이
근데 또 애들은 늘 따르지 왜냐 난 많아 술값이
너 미칠 자신 없으면 빠르게 딴 직업 구해봐
난 돌아있지 다시 태어나면 넌 랩 할거냔 질문에 난

[Chorus: kaogaii, kitsyojii]
당연하지 woah, yeah, 당연하지 woah, yeah
당연하지 woah, yeah, 당연하지 woah, yeah
당연하지 woah, yeah, 당연하지 woah, yeah
당연하지 woah, yeah, 당연하지 woah, yeah
난 또라이, 난 또라이
난 또라이, 난 또라이
난 또라이, 난 또라이
난 또라이, 난 또라이

[Verse 3: kitsyojii]
최고가 될 때 까지 절대 안 멈춰, yeah
아니 최고가 된 것 같아 난 벌써
단지 사람들이 모를 뿐 그럼 알려 짜치는 바이럴 대신
다들 쥐어 짜낸 챌린지 찍을 때 나만 진짜로 challenge
도전해 내 자신 다음 세상 다음 하늘
하나님도 제껴 명수옹보다 더 악마의 아들
Rapper들이 받고 싶은 딱지는 공인
너희나 해 난 원해 내 실력의 자타공인

[Verse 4: kitsyojii]
허슬이 뭔 대수라고 내게 또라이래
내 눈엔 너희가 병신이고 나만 정상이네
So go to the top 빅뱅 T.O.P 는 아니야
맨날 윗 쪽만 바라보지만 GOP 는 아니야
한국에서 지 꼴리는대로 사는게
그걸로 돈을 버는게 이건 돌아야 가능해
너도 니 똘끼를 꺼내 진짜 원하는 게 있다면
난 최고가 될거야 자문자답 답은 당연

[Chorus: kaogaii, kitsyojii]
당연하지 woah, yeah, 당연하지 woah, yeah
당연하지 woah, yeah, 당연하지 woah, yeah
당연하지 woah, yeah, 당연하지 woah, yeah
당연하지 woah, yeah, 당연하지 woah, yeah
난 또라이, 난 또라이
난 또라이, 난 또라이
난 또라이, 난 또라이
난 또라이, 난 또라이

[Verse 5: Loopy]
절대 못 말려 아무도 머리 위에 꼭지가 돌 땐 (Yeah)
노려봤어 두 눈 얘네가 내 짐을 뒤질 때도 (Fuck 'em)
Fuck a manner if I feel 이건 아니지, tryna off the leash
안 재고 가 straight bit, blat, big black on ,yeah
겪어봤어 전부를 나 now, 바닥에서 위로 또 점프를
비밀이 아냐 my mama 엄마 아들 TV 나와 걍 대충 했지
Fuck other rappers 할 수 없어 너흰, do like me? nobody
빙빙 돌려 말 안해 꺼져 꺼 너의 career, come
아물지 않는 scar 두고 나가서 싸워 이기지 다음 round
지켜 내지 곧 난 뱉은 말 second round, take this shit my lesson
Now you get it 길어 내 싸움 I die winnin', 없어 나 혼자야 다구리
난 또라이지 아냐 까불이 넌 불편하지 이 발음이","141.007","0.981","0.703","-5.76","0.109"
"Where You At (Feat. Kohway)","kaogaii","0Ck7t2hFDZJtetBHJjcR6N","[가오가이 & 키츠요지 ""Where You At"" ft. 코웨이 가사]

[Chorus: Kohway]
You got to know, 달라진 날 봐 (Hey)
Too many calls, 난 이제 바빠 (Hey)
Stack it, stack it, stack it up, 이게 사는거지 alright
Playboy 더는 아냐, yeah, I don't lie
Where you at? Ooh, baby
Where you at? Don't worry
Where you at? 전화와도 말할게, I'm sorry
Where you at? Alright
Where you at? I don't mind
Where you at? Ooh baby
Come and teach me how to love

[Verse 1: kaogaii]
Where you at? 나는 집에
옆에 내 wife는 나의 식객
어깨엔 분유 자국 with baby
Okay, 나 해냈어 위기일 때
매일 같이 울어줬어 넌
안 무너졌어 영원하겠단 그 약속 지켜냈잖어
연고를 발라줬어 넌
다 나를 긁었어도, 그래 뭐 괜찮어 돈 버니 됐잖어
내려갈 일 없는 roller coaster (Ooh-oh)
내 얼굴이 박힌 공연 poster (Ooh-oh)
예능 나가 멍청 떠는 내 모습도
두 여잘 위해 벌고 써, 세무사는 장부를 적고있어, 시장님과 밥 먹고있어
많이 배 아팠음 해 나 망할거라던 잡것들이
왜 빨고 있어? 내 작업실 이제 환전소가 되어 잠궜어
내가 된다 했잖아 넌 괴로워 해
난 항상 여깄어 그래서 넌 지금 where you at?

[Chorus: Kohway]
You got to know, 달라진 날 봐 (Hey)
Too many calls, 난 이제 바빠 (Hey)
Stack it, stack it, stack it up, 이게 사는거지 alright
Playboy 더는 아냐, yeah, I don't lie
Where you at? Ooh, baby
Where you at? Don't worry
Where you at? 전화와도 말할게, I'm sorry
Where you at? Alright
Where you at? I don't mind
Whеre you at? Ooh baby
Come and teach mе how to love

[Verse 2: kitsyojii]
Where you at, my honey? Where you at, my shawty?
평생 물음표 살인마 I don't know what love is
근데 지금 여기 내 앞에 넌 서 있지
환영해 my baby, do you love me? 그럼 show me
돈을 벌어도, career 펴져도
사랑은 놓쳤었던 내 안 늘 허허벌판
그녀들 떠나며 내 마음에 남긴 scratch (Scratch)
Band 열풍이 불어도 거기엔 못 붙였던 band (Band)
그 때 너가 내게 나타나준거야 in the club
2NE1 컴백보다 반가워 nice to meet you, girl
건배 dancin', 너무 잘 맞는 talkin'
Fallin' in love, club인데 둘이서만 번지
Baby, check my swag (Swag)
Look at you, you bad (Bad)
Baby, what's your ETA? What's your ETA?
시간 맞춰 마중 갈게 baby, where you at? (At)
다시 만나 허나 and 아냐 endgame of love

[Chorus: Kohway]
You got to know, 달라진 날 봐 (Hey)
Too many calls, 난 이제 바빠 (Hey)
Stack it, stack it, stack it up, 이게 사는거지 alright
Playboy 더는 아냐, yeah, I don't lie
Where you at? Ooh, baby
Where you at? Don't worry
Where you at? 전화와도 말할게, I'm sorry
Where you at? Alright
Where you at? I don't mind
Where you at? Ooh baby
Come and teach me how to love","82.035","0.711","0.722","-4.769","0.5479999999999999"
"skrrt","kaogaii","0ZopnYdYVfRuC3CXVn9SvK","[Intro: Souljahwitch]
Yeah, yeah, yeah, yeah
Souljahwitch
Yung Bruh, Yung Bruh
Skrrt
Kawaii punk
[?]
Kawaii vampire bite a hoe on the neck (Bite a hoe on the neck)
She tell me I'm cute then she kiss the tats on my neck (Kiss the tats on my neck)
My bitch a princess, I'm a princess too (I'm a princess too)
My bitch kawaii, I'm kawaii too (I'm kawaii too)
Yeah, yeah, yeah, yeah
Souljahwitch
Yung Bruh, Yung Bruh
Skrrt
Kawaii punk
[?]

[Verse 1: Souljahwitch]
Kawaii vampire, bite a hoe on the neck (Bite a hoe on the neck)
She tell me I'm cute then she kiss the tats on my neck (Kiss the tats on my neck)
My bitch a princess, I'm a princess too (I'm a princess too)
My bitch kawaii, I'm kawaii too (I'm kawaii too)
I'm in the party, lil shawty choosin' on me (She choosin' on me)
Gucci on me, switchblade same color molly (Same color molly)
I'm Lil Tracy, niggas hate me, hoes love me
Hello Kitty backpack filled up with money (Hello Kitty)
Kawaiipunxx, Cute Mafia, goth angel
Swerving 'round the town, Tracy in a pink 'Cedes (Skrrt, skrrt, skrrt)
I'm so Gucci in the club I'm eatin' sushi (I'm eatin' sushi)
Kawaii thug sippin' smoothies with a Uzi (Grrah, grrah)
I glisten like a diamond (Like a diamond)
Lil Souljahwitch, kawaii punk (Kawaii punk)

[Verse 2: trasshewwsodab0yanimegirlirl]
Studs poke out my leather
We were in the club slittin' our wrists together
Gloomy cutie girl, let's lay in bed together
Choker on my neck, it helps me breathe better
Who are you, baby?
We're Kawaiipunxx, we are going crazy
We don't give a fuck, smoke with Hello Kitties
Got all the thotties showing their bodies
I want to fly out to Tokyo
And party with all the kawaii hoes
I want to fly out to Tokyo
And party with all the kawaii hoes, yeah (ANIME GIRL IRL)
More rips on my short sleeve
I'm kawaii punk in my short sleeve
Skeeting on her while drinking 40s
Now my kids are on her like Hello Kitty
We are pretty in the party
And we are gorgeous in the city
We were beautiful, so kawaii (Kawaii)
All the pretty girls show off their titties (Titties)
Blood on me
Do you like me when I go to parties?
Would you like me if I wasn't gnarly? (Gnarly)
You are so fine, could you be my Barbie? (Barbie)
She let go quick but she said to call me (Call me)
Call me, she said to call me
She said to call me

[Outro: trasshewwsodab0yanimegirlirl]
ANIME GIRL IRL
Call me
She said to call me","","","","",""
"아리랑","kaogaii","2pnT8ZqmvtyZwlORE7ecF5","[Walle]
우린 더 원해
Not just making mill
너의 여자
And 니 money and fame
달리는 차와 니가 사는 집
아주 멀리까지 뿌리는 씨
자기 내 자기 니 이름은 bitch
She's coming big
She said me her name
아직 시간은 남아 hit again
갑질을 해 그게 니 fetish
앞일은 몰라 우린
Like some beats
양손엔 knifes
And we killing some sicks
한배를 탔지 그년 내 bonnie
하필이면 내 직업 is a thief
하필이면 내 목표는 이건희
시작은 춘삼이네 나는 bill
지장을 찍어 my name is louis
긴장을 풀어
I’m going in


[earlswish]
우린 더 원해
Not just making mill
행복은 가까이에
Thanks to him
부정은 부정을 낳고 또
힘 빠지고 빠지게 하는 원인
Verse를 부탁한 두영이는
반드시 회개가 필요하지
기도해 기도해 pray him
툭툭 털어내 gotta go back
떨어지지 않을거야 무저갱
하늘 바라보고 무릎 꿇네
Forget 어제 내 과거는 no
은혜로 샤워해 not going back
절대 안돌아가 I’m not going back
악의 무리를 다 처리해
묵고 묵고 묵고 물러갈지어다
죄 속에서 나는 아웃해
나를 둘러싼 귀신 앞에서 난 깡패
다 물러서 보혈의 검 성령의 방패
툭툭 털어내 I gotta go back
천국에 들어갈거야 난
I’m going in

[Ja mezz]
I’m goin in
I’m goin in
I’m goin in
마치 이미 들어가봣던것처럼 im goin in
열어 보기 전까진 닫혀있지
열어 보기 전까진 잠겨있지
열어 보기 전까진 안보이니까 yeah i’m goin in
들어 가는 순간 난 다쳐있지 들어 가는 순간 난 바껴있지
입장 하는 뒷모습 잘 보이니 넌 산증인이 됐어
안 들어 가보고 밖에서 어쩌구 니말 안들어
못찾은건 너야 근데 보물따윈 없다 가르쳐
끝까지 가봤는데 암것도 없었다고 왜 뻥 쳐
이미 깊숙히 들어온 난 희미하게나마 느껴
빛
따라가다 보면 다시 새로운 세계에 도착
들어 갔을 때랑은 또 다른 내가 되어 등장
정반대에 의미지만 처음인 것처럼 come out
여기다 전부를 쏟아 내고 다시 처음인 것처럼 i’m goin in
I’m goin in
I’m goin in
I’m goin in
I’m goin in
I’m goin in
I’m goin in
I’m fallin in love

[Mckdaddy]

우린 너무 원해
좁혀가지 거리
Started from nothin’ 출신거리
바닥 기었던 별명 두더지
버티는건 일도아니라고 못느껴우린 뒤쳐짐
얻어야할게있어서 잃었나봐 너의
맘을 아프게한 내가 너는 나쁜거지
난 우리 기억으로 가사들을 계속 써내고
그걸 들은 너가 된다면 나라도 나를 미워할것같아
나도알아 근데 뒤볼새도없이 계속 가야될것같아
너도 알잖아 내가 얼마나 간절한지 내얘길들어봤잖아
깊은곳 너를다시만나면 나는 기쁠거야
전에 말한 모든걸 싹다 이루고
같이 갈까 같은 밤같이
요즘들어 느껴 꽉찬 스케쥴
들에 밀려집에오면
텅빈방이 나를넣어
무너질순없지
아직멀었으니
한잔더해 커피
원래그런거지
삶은 갈수록외로워져
높아지면 좁아져
위치는 과정
끝에뭐가있을지는 가봐야아니까
가자고다시 또다시
I’m goin in


[Reddy]

잘 견뎌냈지, fuck 2020, new year to Reddy
어제보다 더 나아갈 채비, yuh, eating good, more fatty
내 펀치는 more heavy, 남들이 뭐라던 그냥 하면 되지, 내 꿈과 노력의 캐미
내가 바라던 것들은 죄다 fancy, 이제 전부 난 take it
몇 년 전엔 꿈이 다야, 이제 내 주머니 불리잖아
꾸준한 게 내 무기잖아, 풀지 않으면 내가 묶이잖아, hah
상황이 웃기잖아, 난 죽지 않아, 날 비웃든 비꼬든
이제는 신경 일도 쓰지 않아, 왜냐면 니가 못한 걸 난 해냈잖아
여기 한자리는 이미 내 것, 더 가 보려는데 어쩌겠어
Don’t stop, 여전히 내 flow는 잘나가는 star player, 팀은 Lakers
Stop frontin’, bruh, 현실에 더 기름 부어
난 쟤네 웃음도 훔쳐, 너도 can do it, Reddy처럼

[KYLE LO]

No one can’t do , straight Up

절반이 모두 trailer

내 선택은 너의 flavor

이미 넘쳐나는 take wah no 

변해버린 매일 oh yeah

아직 넘을수없는 fame oh yeah

허나 멈출수없지

Lonely nights who got me

매순간을 담을수 없기에

Baby i ride witchu

여전히 난 뜨거워서 summer

Baby i ride witchu

돌아가기엔 너무늦은 tunnel

So I sacrifice get bigger let me show you what’s the new wave

Showin’ in my way

Who can make damn rappers chasin’ all day

I’m going in

I’m going in

I’m going in

I’m going in Yeah yeah

I’m going in Yeah yeah

I’m going in Yeah yeah

I’m going in Yeah yeah

I’m going in Yeah yeah


[Blase]

IM goin in
Mufuckin
Too late
Ma city
죄다 shut down
시원찮은 돈벌이
없어진 입맛
몸 값은 땡처리
사실 신경 안쓰지
난 다 burnin

No cap
Okay
쳐맞기전에
쳐들어갈래
Im goin in
굳이 돌아가 왜
손에 쥔 chance
안 놓아 절대
Okay 난

유지해 ma pace
단순한 Topic
고주망태 flow
내 꿈을 Talkin
어두워진 서울
난 더 눈에 띄지
난 우시지마처럼
금품을 갈취

이제 진짜 중요한건 Timing
그전까지 keep keepin ballin
버티다 보니 딱 문이 열림
Im goin in

[Huckleberry P]

난 잘 알아, 내가 뭘 원하는지, 더 갖지 않아도 난 평화롭지
누군가는 말하네, 그 평화를 지키려면 지금보다 더 벌어야지
주어진 것에 만족하면 바보 취급, 욕망과 야망에 대해 가르치는
이 도시에서 나의 아버지는 알려주셨네, 그걸 뺀 나머지를
그게 나의 낭만, 나머진 다 장난, 별로 걱정 안 되는 그 다음 날
난 집중할 뿐이야, 이 찬란한 찰나
낭만이 밥 먹여주냐? 그럼 난 나의 배를 어루만져
내 삶을 이해 못 하는 이들에게 나의 단독공연장은 함정
싫어하는 걸 싫어할 시간에 좋아하는 걸 좋아하길 원해
그게 우리의 삶을 더 빛나게 해, 너도 그 걸 어서 찾길 바래
입 밖으로 내지 않았을 뿐, 넌 답을 이미 알고 있지
마음 가는 대로 살아온 나를 봐, 앞으로도 계속 I’m going in

[가오가이]

가오가이 aka 오가희 aka 오라버니 데이트할때는
오 갓 최수종 같아 그녀들에게 정말 미안해 난 sold out
바빠져버린 매일 밤이지 많이 나아져도 역시 잭다니엘보단
Flex 아님 빠끄 아님 이슬이 달어 애껴서 넘어야지 백단 위

위 위 위 그림 같은 집을 위해 기다려준 너를 위해
내 열정을 지불해 저기 언덕위
위 위 위 비스타 워커힐 난 갈거야 기꺼이
넌 나를 평생 믿거든

미안하단 말 안할래 난 자신 있고 우릴 반대
하는 세상에겐 그저 방패 또는 바로 되버릴게 깡패
짐들이 너무 무거워 그래도 우리 같이 들어
그냥 우리 같이 죽어 필요해 우리 같은 주소
I m going in


SAMUEL SEO (서사무엘)

RUNNING RUNNING
RUNNING I'VE BEEN
RUNNING RUNNING MY WHOLE LIFE
RUNNING RUNNING RUNNING RUNNING RUNNING
ALL I EVER WANTED 그때 어린 난 오직
나를 넘길 바랐어 날이 갈 수록 쌓여버린 경험치 나는 VERTERAN 내 적은 나 뿐 LIFE OF MISFIT
LAST NAME SEO YOU ALL KNOW 이번 생은 영화 한 편 같아
나는 희망이 사치인 이의 희망
빛은 번져 갈 것 이라 믿어

더 강해 짐에 차츰 눈이 부셔
그릴 수 있어 그릴 수 있어
더 그려내고 있어
Im riding towards the better future in 네개의 원
I'm already in
I'm already in
I'm already in
And keep on dreaming I'm already in
I'm already in
I'm already in
And keep on dreaming Dreaming

[CAMO]

I be playin with the beat
가끔 작두 같지
항상 걸을 순 없는 평지
비탈길 아래 잠깐 쉬어가지
Hoo hoo yea
I be so fast like a 2 seater sports car
One for you and myself clear the radar
Lately I’ve been feelin like a damn rockstar

Been a long since I was in an alley
Too deep too dark like O’Malley
I ain’t goin back just wanna be happy
Like why the fuck am I here not cali
Why the fuck am I here with the phonies
Why the fuck do I care I’m a baddie
Why the fuck do I hear that I’m lucky
왜 넌 항상 그렇게 말이 많니

I do it for the love ain’t fuckin with no vulture
Chasing no clout I do it for the culture
작은 몸체 but I spit like a monster
Errr u ain’t never seen a little slaughter

All the way to the top
Tryna put me on lock
빗겨가 you missed it
You don’t have what I got
색깔이 많아 had to put them all in a pot
음 성공의 맛이 나
I’m going in

[Babylon]

흘러가 흘러가 흘러가 저 멀리로 흘러가
흐르는 강물은 무얼 담았을까
그냥 눈 감은 채로 바람에 맡겨놔
날카로운 감정은 부드럽게 맡겨놔
I just wanna go
죽여주는 기분 흘러라
가고 싶어 LA
하늘 위 올라
세련된 자세로 묵 찌 빠
지금 시간은 4:50
분주한 도시는 세련된 음악이 필요해
나의 기세는 올라
오늘 밤엔 세차도 해야 돼

[Chillin Homie]

Stacking chips like vegas Foreign whips like nascar
원해 fame i need a jackpot
Saint laurent 입은 Rapstar

Pop champagne 해 내 terrace 에서 느낄래 난 이 base line

서울시 꼭대기에 내 palace 지어
내려다볼래 밤 한강을
I get paid
My price go up 난 계속 더
You do the math

내 backpack엔
두배로 있어 엄마 걱정은
붙들어매

I’m the man ,see I’m the man
그래 난 더 큰걸 바라고 i get
Boy i gotta get I don’t looking back
계속 앞만 보지
I ain’t delivered yet
I’m going in

[Queen WA$ABII]

풀어 풀러 pour up,pour up
펄럭
풀러 풀어 풀어
깊숙하게

[Walle]

Making some mills
With my brothers with dope
F what you saying
우리 할 일은 choke
딴지를 거는 너네들의 목
밟아줄거야 숨을 참아도
Got no reason
I just want you to stoked
단지 내 작업을 해 닫아 door
수상한 일 this is criminal flow
그런거지 뭐
맘대로 해 우린 절대 안바꿔
이 motto 넌 주게 될꺼야
When we tell you freeze
지금이 유일한 chance
May you running
달려 꽁무니가 빠질 때까지
안봐도 알고있지
What I have is so big
All day is when I'm going in
시간이 유일한 문제
허나 내게 줄 numbers like 주관식
Okay 난 적어 99 digit
다다익선이 나의 policy
일분이라도 내 기분은
바뀌지 않아 지금 난 다시 허기 짐
And that's like makin mills
With shit like a pornstar
청소해 these shit like 졸작
Testing 너의 뒤 너의 bank, baby
I’m going in

[MC META]

잠깐만 있어봐 조금만 있으면
나 뭔가 좀 미숙한 라인을
익숙한 걸로 만들테니까
매번 이 순간 카타르시스가
이거랑 비슷한 건 없어
킥드럼 비트는 어디있을까?
내 손에 마이크, 느낌이나 있을까?
서로 들고 뛰며 소리치던 날이
언젠지 몰라 기억이나 있을까?
곧 우리 바람대로 이뤄질꺼야
재수있어 난 언제나 운발이 7
나머지 3 은 알아보듯이
내 이름의 몫이야 M E T A
역사로 달궈낸 내 aka
니가 만날 수 있는 마지막 스테이지
승패의 문제가 아니지
매일매일 만나는 삶과의 투쟁의
이야기야 (나는 몰라) 서로 다르잖아 (그게 뭐야?)
상대적이잖아 시간의 역사, 니가 만날 미래가
스물하고 서른하고 마흔, 쉰으로 가
지나보면 안보이던 것도 다 보이지
아님 서로 다른 차원으로
헛소리 하던 니가 이제 내 눈엔 안보이니?
I'm going in

[QM]

거의 다 왔어
약속한 그곳에 가까이 더

너의 닻 내렸음
좋겠어 내 이름 뒤에 수식어

나 더이상 불안정하지않아 랩으로래퍼들 모가지따버리고 왔어 말해뭐해
내이름 모른다면 힙합팬이라고 말하지도말라는 말에도 댓글엔 얜-그래도돼 uh

파라솔을 폈네
화지형의 평화 깃들어버려 넌 뱀-새끼 평생 (앟)

새 앨범을 낸데
또 우리욕하는 가사나 써내려가봐라 그래 평생 (앟)

거의 다 왔어
약속한 그곳에 가까이 더

난 끼지 않아 겁쟁이들이 모인 자리 잘나가는 형들의 똥,꼬,빨아주기도, 외워 주기도- 문

천국이 가까워져 갈게 얘네 죽이고 도는 소문

개썅마이웨이 사실 내겐 없어평화 니 목덜민 군침이 도는 중

(yeah)

힘을 원해
뭔가 이루어낼
힘을 원해 나는 지금 명예
친구 형제들을 이끌어낼 i'm going in

[Khakii]

What your fuckin’ key
우린 밤을 샜어
Hanging on the fuckin’ phone
못넘겨 이 새벽
I am Comming in
밀고 당김
끝이 보여 우린 더
세게 당겨 ring ring
사이엔 기분 좋은 진동
Ringtone 꺼둬 we gon singing
Like Tokyo Uber gently in
묻어 뒀어 빡센 하룬
안 보이게 우리 침대밑에
진흙 없이 우린 muddy
난 그위를 미끌려 slip
Surfing on body like Cudi
Oh yeah oh yeah
Im going in

[베이식]

뭐든 나를 막더라도 i'm goin' in
내 발앞엔 내가 가야할 길만 놓이니
이제 15년째 가고나니 끝이 보이니
냐 묻는다면 내 대답은 아니 still goin' in

But i dont mind the pain though
날 힘들게 한건 이 게임도
아냐 devils in my mind
I'm about to crush them all right

한번도 의심한적 없어. 오는길에 돈도 안되었어도 keep goin
다른건 다 필요없어 좆도. I want that NBA front row

I wanna see Curry drains threes in front of me
그광경에 내 인생 걸었지. 걸 막는다면
그게 뭐가 됐든 죄다 부셔버리고 i'm goin in


[Bruno Champman]

외쳐 I Made It, 난 Motivating
언더 Rappers Dream Chasin'에
실력이 Basic
28 이제 내 큰 그림들에 Fade In
Yea I Made It UMM
없었지 개입은, 내게 인맥은 사치
바라지도 않았네 어차피
내 갈 길을 바삐 나가야지
기대하는 애들을 위해
내가 너의 Papi
당연하게도 예상대로 흘러가지
대수롭지 않아 이 정도는
다음 수를 봐야지
난 안주할 새도 없어 One More Rhyme
You Dunno, 대인배의 덕목 내 법도
No 겁보, 준비가 됐으면 들이받는 먹통 Huh
허깨비 선도, 내가 적재적소, 뜬구름 다 전복
시켜 알아서 다 비켜
골방은 지겨워 나 Now Gettin' Bigger Whut
실패와 고통은 비료, 날 피워
날 믿어, 내 열매가 Income Humm
없던 내 실적을 기억해
이 초심의 땅은 아직 비옥해
너의 Feedback은 기우제, 난 비웃네
걱정을 말아라 I'll 비 Ok

[DON MALIK]

반밖에 안 남아있던 반이나 남아있던
다 마시고 담아 새 걸 쟁여서 다마스에 둬
언제든 다 털고 떠날 준빌 한다해도
부족한 걸 참을 수 없어 벌러 가 다음 날에도

그녀 연락처럼 반응해 은행 알람에도
가끔은 괜찮아 너가 날 떠나갔다해도
I tryna move on so i m going in (going in)
입안에 군침이 싹 고이지

아무것도 날 막고있지 않아
꽤 지나왔네 깊던 골짜기 안과
늪지대 같던 지하방에서 3년간을 헤메이던
난 이제 소파를 고르고 있네 이정도면 think i m made it

게임을 또 시작하지 player gotta play
또 일을 따내 실력은 내 flame 실력이 내 fame
언젠간 다 되돌려 받게 돼 난 성질이 급해
서 어제도착했어도

Im goin in
멈추면 죽어버리지 상어처럼 그러니 계속
I m going in
겨울 철 보일러 처럼 얼지않게 흐르게 냅둬
I m going in
내가 어디로 들어가든지 너희 시선은 내 뒷꽁무니에 있어
Im going in","","","","",""
"GoldStar APT","kaogaii","5qg4sLJfvH1xjfg3N1JDfk","[Chorus]
Hop-Hop-Hoppin' down the street
Minus 3, got a lotta' speed
If you fuck with me, I steal that route
Send it to Tony
Upload all my runs
Yeah that's me, up on that big screen
I'm just tryna run all these maps
Like I'm at a track meet

[Verse 1]
Pull up to the server and I'm finna get a gold star
Get it first try dont gotta type '/r'
A-D-A-D left right spacebar
64 unit jump ain't even that hard
I take a record, it's fresh like a soap bar
Upload my run, views hot like a charizard
Don't gotta cheat like nera or TST
Bitch I'm tryna play bhop like a PSP

[Chorus]
Hoppin' down the street
Minus 3, got a lotta' speed
If you fuck with me, I steal that route
Send it to Tony
Upload all my runs
Yeah that's me, up on that big screen
I'm just tryna run all these maps
Like I'm at a track meet

[Verse 2]
Fuckin' up the game like I'm Aimer
Yeah you know me the same bunnyhop gamer
Fuckin' up a map like I'm makmak
Bitch I'm in my bag like a motherfucking backpack
Hoes recognize me on Kawaiiclan
I like the attention but sometimes I gotta play LAN
First run of the community compilation
Bhop to the bag 'cause its the money I'm chasin'

[Chorus]
Hoppin' down the street
Minus 3, got a lotta' speed
If you fuck with me, I steal that route
Send it to Tony
Upload all my runs
Yeah that's me, up on that big screen
I'm just tryna run all these maps
Like I'm at a track meet","","","","",""
"If I Ain't Got","kaogaii","2bCjCnuYxds3JhLlItxwrD","[Verse 1: YungJZAisDead]
Black t-shirt and some ripped jeans
Kawaii bitch wanna fuck me
Shawty looking just like a daydream
ColdWorldGang on my black tee
Iced out wrist, look like 3D
Got a bad bitch, she gon' neck me
Roll up in the party with my whole team
Tear drops falling [?]
I might roll up and make my wrist cry
ColdWorldGang, we got frostbite
All black, looking like the night sky
Shawty looking perfect in the moonlight
Vampire Gang like Soulja
Like I never want this to be over
Vampire Gang, I feel like Soulja
I never want the night to be over

[Verse 2: Yung Xela]
Vampire Gang with yo bitch
She swallow, she wanna kiss
Why she want me, want this dick
I told her swallow my kids
ColdWorldGang, wrist frozen
Spread yo hoe legs wide open
Roll up in the party [?]
Up on the walls, she ain't going
Love the way she [?]
[?] love the way [?]
I been getting some hoes, I been getting some hoes
You need you some hoes, you need you some hoes
ColdWorldGang with the cold face
Rolling the door when it slid open
You know we on and we on one
Frostbite my mode but I'm on one
I'ma keep it hitting and I'ma fucking get it
I'ma kill the witness if it's getting stiffy
I ain't living with it, got me with the blicky
Niggas but I'm killing anyone who snitches
ColdWorldGang, [?]
Sold so much dope, I don't know bro

[Verse 3: ​sk_coldworld]
I got all these drugs around me
Man, I'm feeling so astounding
Long sleeve tee with some Levi jeans
I can tell yo hoe she want me
But she's a hoe so I don't bother, no, yeah, yeah
I got the loud and it's already rolled up
Your hoe already know us
I pop a xanny and now I'm a zombie
[?] so slowed up
Oh, my weed got the frostbite
Smoking blunts in broad daylight
Articuno ice just like a flashlight
I'm smoking weed so I can act right
Man, I get so high, I swear I'm in a satellite
I'm so 32 Degrees farenheit
Air Force 1's match the skin tone
My kush so loud like a megaphone
Ooohhh, yeeaah","","","","",""
"Talk To The Wall","kaogaii","74CDhgC0ie4Ig5g55fQUhE","[Verse 1: Shiki]
Spending five nights at shiki's
Yeah just me and your imouto
If that nigga Freddy jump out imma put him in a choke hold
The only jump scares she gon' get is if she rides me like a pogo
Keep them lights off
Don't check the cameras and never leave the door closed
I'm chilling and she wants my box
Don't mind if the animatronics watch
No fan-fic shit, but I might go grip your oppai while the litte boy films it
Got a problem with that
Well that's too bad
If you try to run you won't get away cause a nigga foxy fast
Now she getting all nervous on some batteries
Only 3 am are you kidding me
We got a long night ahead of getting head
Said you better sit close if you wanna leave
Well really that's lie, like Bonnie fucking Chika on the left side
Getting dome in pirates cove a nigga don't hide
Day three and I love it, don't even wanna go outside
Like god damn where the fuck I been
Anywhere but here man
Lolicon parodies for imoutos who wanna go give me a show of hands
Like clap, clap
See her pantsu when she throw it back
Up all night with her, insomniac
As her where she been, she say at

[Hook] (x2)
Five nights at shiki's
Yeah just me and your imouto
Stabbing the intruder
Then she goes and makes me bento
Always keep a yandere loli
My homies say I'm mental
I just love moe imoutos
Even if they're soaked in blood yo'

[Verse 2: Shiki]
Soaked in blood form head to toe that's good shit
She gets every thing messed up except her stocking
Stay wearing knee highs
She know I like that shit
Just got done with night five
Beat the game then went right back in
No doubt I'm addcited nigga
Look at the cameras all she is lil sister
In the backstage, west hall, east hall
Swear these imoutos will be my downfall
Back to the wall, lolis got me unstable
Now a nigga hanging from the ceiling like Mangle
Started to doubt I could get out alive
So I become the only onii-chan to survive
Now this looking like Bioshock
You know the end where they all [?]
Put on my Freddy mask sit back watch as they go to town on me like a [?]
Fucking me non-stop like Akihabara
Run this shit like I'm the fucking yakuza
I can't quit, this right here is my life
Your imouto never outside my sight

[Hook] (x2)
Five nights at shiki's
Yeah just me and your imouto
Stabbing the intruder
Then she goes and makes me bento
Always keep a yandere loli
My homies say I'm mental
I just love moe imoutos
Even if they're soaked in blood yo

[Bridge]
Even if they soaked in blood yo
Hell yeah, even if they soaked in blood yo
Well I don't give a fuck though
Man, eh, Shiro talk to 'em

[Verse 3: Raspdere]
I'm here chilling with my onii
Fuck phony senpais that be acting like they know me
Got them socks up to my thighs
I'm the moe queen for real
Nii-chan never brings a  kouhai home
He knows I would kill
Gives me pats, I ain't even gunna ask for that
Reading doujinshi's by the stack
Always keep it vanilla, I'm a kawaii killer
Me and onii in this bitch show me his real love
Nobody, that's why team imouto taking over
Number one [?]
Yeah I'm the [?]
[?] my imoutos so they ain't shit
Five nights at shiki's
Things getting ecchi but onii-chan can touch me
Imoutos over everything
Put nothing above me or I'll turn yandere
Things get bloody
Like Higurashi
But you don't have to worry onii
Just keep me happy
Things will be fine
Friends as where I've been I say every time

[Hook] (x2)
Five nights at shiki's
Yeah, just me and my oni
Killing all these weeaboos
3D PD phonies
We won't even look at you unless you are a loli
If you are we might recruit you to our team imouto army","","","","",""
"MONEY GAME","kaogaii","5rrmEONQGdilJ4OXcX8M8T","우린 돈의 노예가 되지 않기 위해
돈을 벌어야만 하는 돈의 노예
시급이 시급한데 너 왜 낭비해
일단 움직여야 살어 바로 go 해
머니게임
이건 머니게임
돈이 머리 위에
존심도 버릴게
그래 머니게임 어쩌면 dirty game
어떻게든 효도 해야지 어머니께
우린 돈의 노예가 되지 않기 위해
돈을 벌어야만 하는 돈의 노예
이건 머니게임 이건 머니게임
이건 머니게임 그래 머니게임

여기저기 들려오네 돈 소리
얼핏 들어보면 그건 비명소리
잊지 못할 말 아들 엄마가 sorry
내 자식에겐 평생 주고 싶지 않은 고민
그깟 종이가 뭐 대수
라기엔 우린 너무 아파야만 했어
이 아픔이 내 옆에 영원하게 냅둘 순
없어 이젠 뺏길 바엔 싸그리 다 뺏어
누군 학교 누군 직장 나는 7번방에
우린 갇혀있고 점점 더 난 미쳐가네
기적 하나 바라보고 살기엔 짧은 인생
그래 미친 척 웃고 죽어라 땀 흘릴래
우린 돈의 노예가 되지 않기 위해
돈을 벌어야만 하는 돈의 노예
시급이 시급한데 너 왜 낭비해
일단 움직여야 살어 바로 go

우린 돈의 노예가 되지 않기 위해
돈을 벌어야만 하는 돈의 노예
시급이 시급한데 너 왜 낭비해
일단 움직여야 살어 바로 go 해
머니게임
이건 머니게임
돈이 머리 위에
존심도 버릴게
그래 머니게임 어쩌면 dirty game
어떻게든 효도 해야지 어머니께
우린 돈의 노예가 되지 않기 위해
돈을 벌어야만 하는 돈의 노예

어릴 적 나의 원했던 삶 지금의 내 모습
참 멀리도 왔네 주머니에 살이 찐거 빼고서
빚을 갚기 위해 10년째 난 꿈을 꿔
개같이 굴러도 결과는 왜 항상 물음표
쇼보다 쇼 같은 하루 하루
누가 뭐라 하든 어디서든 나로 살어
화면에 갇히기 싫어 아닌 거에
입 닥치기 싫어 난
아직 갈 길이 멀어도 늘 내 방식을 믿어
더 강해져야 해 살아남아야만 해
아파도 참아야만 해 날 믿는 사람 때문에
지치지 말고 미치자고 내일을 위해서
오늘 뒤쳐짐 구경하다 끝나 저 뒤에서

우린 돈의 노예가 되지 않기 위해
돈을 벌어야만 하는 돈의 노예
시급이 시급한데 너 왜 낭비해
일단 움직여야 살어 바로 go 해
머니게임
이건 머니게임
돈이 머리 위에
존심도 버릴게
그래 머니게임 어쩌면 dirty game
어떻게든 효도 해야지 어머니께
우린 돈의 노예가 되지 않기 위해
돈을 벌어야만 하는 돈의 노예","","","","",""
"Big Mouth","kaogaii","0kOWQfQB7GaMJNFUZcegTq","[Intro]
(This is the only way)
(I don't wanna stand out)
(I don't feel like it)
(Bless the sing)
(Yeah, uh-huh)

[Verse 1]
Yeah-yeah-yeah
Nan hon mo narabu sekizui no aida kara
Nozoita jibun to onaji katachi ikimono
Annojou erabu tekisei suteejigawa
Kizuita jibun no mogaki wakai shita mono wo
Anata ga maeteru sono hako
Izen watashi ga suteta karabakodesu
Anata yori mae deru kanarazune
Sou it's a deal mayowazune
Warui hitone sekai kara nige
Make your choice
Muketeta focus
Kako no tigerhorse ni
Kusa bakka hayashiteru kuse
Tada boukan shiteru kai ga nai omae kara no
Hate heart
Oh shit! Mo uii?
Oshimai? Madada
Tarinai nda keiken
Tarirara singing de
Fu tokuina lyric
Futtekuru no gimikku
Shinnen ga an ya
Shin sekai angya

[Verse 2]
Chakuchi shita tokoro eiridatta dake
Te wa chimamire tada nadete taita dake de
Misuteiku misutezu ni aishite itadakete
Zenbu haita iete mo kizu wa iezu ni (Betsu ni ii)
Subarashii mono ga afureteruyo yononaka
Demo tadashii mono kakehanareteru naze ka
Tehodokida misadamena yoi kyoku
Memotorina wasurenna hikkiyougu
Kyoku hikkyou ikkyou top
Dekinaiyo seebu
Kaitokuyo hansei bun
Hazeru mata aoi inu
Atama ii riyuu narabete wa zuibun deokureta kore abaren bouseibun mo
Kami kara no gifuteddo iitai yatsu wa iwasude mo bera bera wa shabenna
Peraperana naiyou wa
Sanso muda hansokuda
Choushi dou? Nee? (Ha-ha-ha)
Chou shindoine

[Chorus]
I don't wanna stand out
I don't feel like it
Demo utaunoyo ok?
The only way
I cannot be mistaken
Nanimokamo sute
Beats per minute don't stay
The only way

[Verse 3]
""Good boy"" soune go zonchi no touri
Zenbu ""gyoi"" hoka ni kyoumi wa nai saishuu kai shikou teishi hayai
Keep going kamisama no iu touri
Mada hajimatta bakka kono beat prelude
Mawari yoku mite kuuki yome don't be rude
Osoruosoru kakidashita atarashii preview
Wasurezu ni tatakikomu hito nin avenue
Sou! Kore ga ongakudeshouga
Nanto shite mo en tame de shouka wa sasenai
Dare shimo bassenai
Hontou atte yokattayone
Kono kankyou de oto ni noreru
Tonde koko ni oreru
Daijina choushuu ga iru (Namida)
Maiku nigiru
Kimo ni meijiru itsu mo wasurechaikenai
Watashi hiriki megumareta mawari

[Verse 4]
Wadai kassarau hodo no sainou
Wanai sakarau koto mo fukanoudashi
Ba nai tappa aru ka? Kuyashiku mo no kedo dasai sakkon demo Utaitaino
Imada katsute nai da
Hajitenai song kore ga kuden ya
Tsutaetekure n ka
Sutoraiki
Okosase n zo riaru de
Hokore senzo DNA
Sadamerareta shinario
Gotsugoushugi no kagamiyo
Genjitsu tekina nakami wo
Dokozo no aho ga mitaino?
Koko made no baasu watashi ita ni tsuita
Koko made nobashi anata kita itsuita?
Doko made no kashi kyoyou? Jou itetsuita
Soko made no yatsu dare ga kitai shiteita?


[Chorus]
I don't wanna stand out
I don't feel like it
Demo utaunoyo ok?
The only way
I cannot be mistaken
Nanimokamo sute
Beats per minute don't stay
The only way

[Outro]
Maiku, doroppu
Mikata ni
New gap
Monogatari
Big up
Wasurezu ni
The only way
What's up? Kigen ukagai
Big mouth
Wa dekinai
I'm doll
Go shouchioki
The only way","112.97","0.701","0.429","-11.364","0.501"
"Come Over (Feat. BLASÉ)","kaogaii","5DKXZHVkmW8kXTWqPVWHdr","[Verse 1]
You call me on the telephone, you feel so far away
You tell me to come over, there's some games you wanna play
I'm walking to your house, nobody's home
Just me and you and you and me alone

[Pre-Chorus]
We're just playing hide and seek
It's gettin’ hard to breathe under the sheets with you
I don't want to play no games
I'm tired of always chasin’, chasin’ after you

[Chorus]
I don't give a fuck about you anyways
Who ever said I give a shit ‘bout you?
You never share your toys or communicate
I guess I'm just a play date to you

[Chorus]
I don't give a fuck about you anyways
Who ever said I givе a shit ‘bout you?
You never share your toys or communicatе
I guess I'm just a play date to you

[Verse 2]
Wake up in your bedroom and there's nothing left to say
When I try to talk, you're always playing board games
I wish I had monopoly over your mind
I wish I didn't care all the time

[Pre-Chorus]
We're just playing hide and seek
It's gettin’ hard to breathe under the sheets with you
I don't want to play no games
I'm tired of always chasin’, chasin’ after you

[Chorus]
I don't give a fuck about you anyways
Who ever said I give a shit ‘bout you?
You never share your toys or communicate
I guess I'm just a play date to you

[Bridge]
Ring around the rosie
I never know, I never know what you need
Ring around the rosie
I want to give you, want to give you what you need

[Chorus]
I don't give a fuck about you anyways
Who ever said I give a shit ‘bout you?
You never share your toys or communicate
I guess I'm just a play date to you","131.978","0.672","0.797","-6.135","0.561"
"2005 Freestyle Summer","kaogaii","0MeuQf3pAt4iDbclElXpjo","Oh my god touch that shit you're such a fucking bitch
Grab my fuckin dick until I bust on your fucking leg
In my fuckin room staring at the god damn ceiling
Wishing i had some HRT 'cause I wanna lose all feeling
You know I'm really cute and your  bitch she thinks that too
And I know you really like me but you're just gonna have to wait in queue
Grab my dick a little more
Yeah you're a little incel whore
Every fuckin thing will take your heart

Wooaahhh
Wooaahhh

Headphones on in the club I cannot hear u
Rhinestones on my belt, yes I say fuck you
Headphones
Headphones
Headphones
Headphonеs
Head
Head
Headphonеs

Please fuckin kiss me, I know you like how I look today
Kisses on my neck, I was with your bitch just like yesterday
Vampire bitch in the club, I know she fuckin' love me
All these bitches wait in line just so they can fuckin' suck me

Why don't, Why don't you wanna fuck me?
I am so kawaii bitch I'm livin' in 2003
Grab a fuckin bottle and I'll take a piss, yeah I'll take a pee
I love your fuckin bitch 'cause she is so dainty kawaii

Oh my god touch that shit you're such a fucking bitch
Grab my fuckin dick until I bust on your fucking leg
In my fuckin room staring at the god damn ceiling
Wishing i had some HRT 'cause I wanna lose all feeling
You know I'm really cute and your  bitch she thinks that too
And I know you really like me but you're just gonna have to wait in queue
Grab my dick a little more
Yeah you're a little incel whore
Every fuckin thing will take your heart out and tear you more

Please fuckin kiss me, I know you like how I look today
Kisses on my neck, I fucked your bitch just like yesterday
Vampire bitch in the club, I know she fuckin' love me
All these bitches wait in line just so they can fuckin' suck me

Who are you, like what the fuck?
Bitch copy my swag, shut up (oh my god)
[?] I can't get in he really wants to gag from it (my god)
What the fuck is going on
You hate me 'cause you're off the mall
I think I saw your mom and she was on like PornHub dot com","","","","",""
"Homie","kaogaii","1wIydHe80OV6TvCZHXPYtT","[Verse 1]
In my head, there's a galaxy, I’m trapped
Planets, that are shaped, just like my past
The aliens, mock me, and then they laugh
""You're all alone, by yourself, what an outcast.""

[Chorus]
Bright stars, they guide me through
And this galaxy's my view
Bright stars, they guide me through
In this galaxy

[Verse 2]
When things align, inside of my mind's eye
I will face my fear with all my might
There may be battles every single night
With each win, I know I’ll be alright

In the dark, creatures enter in my ship
Call themselves my ""friends"", and then they switch
But, every challenge, I will give myself grace
And create my peace, inside this place

[Bridge]
So fight on, fight on, I'll make it through, if I keep on
Fight on, fight on, I'll turn this place, into my own

[Chorus]
Bright stars, they guide me through
And this galaxy's my view
Bright stars, they guide me through
In this galaxy

[Verse 3]
Meteors remind me of my pain
Creating doubts, like a reoccurring train
With everything I’ve got, I'll focus, aim
Shoot them down, till none of them remain

It all seems like a dream, I'm in too deep
I toss and turn, every night, I get no sleep
I’m out of breath, anxious, just counting sheep
Waiting for some peace, so I can breathe

[Outro]
So I can breathe
So I can breathe
So I can breathe
So I can...

[Final Chorus]
Bright stars, they guide me through, I belong here, it's my home
Bright stars, they guide me through, And they tell me to...

[Bridge]
Fight on, fight on, you’ll make it through, if you keep on
Fight on, fight on, just turn this place, into your own

[Outro]
Bright stars, they guide me through, And I tell them, ""I am home.""
Bright stars, they guide me through, And they whisper, ""Welcome home.""","66.761","0.533","0.705","-5.66","0.759"
"I Don't Know","kaogaii","1iLS6pQGI6p5D1Fzd1ytF9","[Intro]
Arigato!
Fulcrum
Kawaiibeatz

[Chorus]
Yeah, she has no clue
I'm runnin' racks through the roof
I know what I gotta do
I know what I gotta do
Say she like my shoes
But she don't like the truth
But I'm not hiding anything
You cannot break my ruse
I'm somewhere out in Pluto
I'm somewhere really far
I really thought you knew that
I'm really going far
I'm goin' up to the stars
She fuck me in my car
Smokin' dope, it's way too strong
And she just touch my heart
She just touch my heart

[Verse]
Baby, I don't know
Baby, I don't know
I'm smokin' exotic dope (Come on!)
She wanna go, let's go
All the cash on the flo'
All the shit on the flo'
I'll do this shit on my own
Fly around, UFO's
Stickin' to the Jedi code
Hundred dollar eighth, I'm blowed (Come on!)
Why this hoe so trash? (Uh!)
I was skippin' class
And I barely passed
Now, I fly first class (Come on!)
Gettin' to the racks (Yeah!)
Hoes, they're shakin' ass

[Pre-Chorus]
Baby I don't know [x7]
Fulcrum's a codename we give to our secret informants

[Chorus]
Yeah, she has no clue
I'm runnin' racks through the roof
I know what I gotta do
I know what I gotta do
Say she like my shoes
But she don't like the truth
But I'm not hiding anything
You cannot break my ruse
I'm somewhere out in Pluto
I'm somewhere really far
I really thought you knew that (Plu-Plugg)
I'm really going far
I'm goin' up to the stars
She fuck me in my car
Smokin' dope, it's way too strong
And she just touch my heart
She just touch my heart

[Outro]
Baby I don't know [x8]
Arigato!
Kawaiibeatz","132.059","0.762","0.644","-4.987","0.7959999999999999"
"Yoo Ji-Tae","kaogaii","5ht5ZKk87jDQsFmQERLzgR","9/1
Ava Max - ""Million Dollar Baby""
Amaruuq Inu Polii - ""Colloquialism""
aldn - ""say what u mean"" ft. Riovaz
Babyface Ray & Digga D - ""Goofies""
Big Boss Vette - ""How TF"" ft. SleazyWorld Go
Brray - ""Bichotes Con Clase""
Corina Smith & KEVVO - ""Rápida""
EST Gee - ""Hell""
Everything Everything - ""Pizza Boy - Skream Remix""
Feid & Totoy El Frío - ""De Tanto Chimbiar""
Jiubel - ""Scooby Doo""
Lenny Tavárez, Chencho Corleone & Piso 21 - ""CXO (A Quién No Le Gusta)""
MoStack - ""Can't Forgive""
SL - ""Berlin""
Skylar Stecker - ""Game Day""
Sophia Scott - ""If I Hadn't Been Drunk""

9/2
Alex Warren - ""Headlights""
Amber Run - ""Funeral""
Aqyila - ""Pressure""
Aurelio Voltaire - ""Oubliette""
AViVA - ""LOVE AND WAR""
Basshunter & Alien Cut - ""End the Lies""
​bеnny blanco, BTS & Snoop Dogg - ""Bad Decisions (Acoustic)""
Brandi Carlile - ""You and Me On Thе Rock (In The Canyon Haze)""
Call Me Karizma - ""Fire Out""
Charlie Puth - ""Smells Like Me""
Dan Ebanks - ""Stay Gone""
Danielle Bradbery - ""A Special Place""
Dean Lewis - ""How Do I Say Goodbye""
Derivakat - ""Blue Moon"" ft. vGumiho
Dermot Kennedy - ""Kiss Me""
Dimitri Vegas & Like Mike & Kim Loaiza - ""Fuego""
DJ Drama & Jeezy - ""I Ain't Gone Hold Ya""
FLETCHER - ""Sting""
Flo Rida & Skytech - ""What A Night (Up All Night In Vegas)""
flor - ""Every Night""
Giggs - ""Da Maximum""
Harry Styles - ""Late Night Talking (Instrumental)""
HoodCelebrityy - ""Ratchet""
Jaira Burns - ""I Like You Better""
Jillian Rossi - ""Like A Boy""
Kali Uchis - ""NO HAY LEY""
Kelly Clarkson & Dolly Parton - ""9 to 5 (FROM THE STILL WORKING 9 TO 5 DOCUMENTARY)""
Kim Petras - ""Running Up That Hill""
Lil Baby - ""Detox""
LOONY - ""First Thing Smokin'""
Lous and The Yakuza - ""Handle Me"" ft. Adekunle Gold
LVNDSCAPE & Cr3on - ""Alone"" ft. Jon Dory
Maleah Frederick - ""90s""
Mannywellz - ""Di Do""
Merlyn Wood - ""ONE OF US""
MK xyz - ""Baddie""
Nicki Minaj - ""Super Freaky Girl (Queen Mix)"" ft. JT, BIA, Katie Got Bandz, Akbar V, & Maliibu Miitch
NLE Choppa - ""Little Miss""
NOTD & Hastings - ""Killing Me""
Novelist - ""Don't Wake Me""
Over Easy, Leondis & Britt Lari -  ""Trying Too Hard""
​peach tinted - ""Handsome / RIP""
Phora - ""Find Hope""
PnB Rock - ""Luv Me Again""
張蔓莎 (Sabrina Cheung) - ""未算壞 (Maybe Someday)""
Selfmxdebless - ""BodyBags2""
Sarai - ""Get""
Sigala, David Guetta & Sam Ryder- ""Living Without You""
SNBRN, Discrete & Sofia Karlberg - ""Paperweight""
Sueco - ""Funeral""
Tay Money & Monaleo - ""Hands Up""
Tayc - ""Ne doute pas"" ft. Marjinal
Timmy Trumpet, Giorgio Prezioso & 71 Digits - ""Three Little Birds""
Tom Fletcher & McFly - ""Nothing Rhymes With Sausage""
Torine - ""​see u in hell""
Tove Styrke - ""Another Broken Heart""
TroyBoi, Tropkillaz & MC Lan - ""Ninguém Dorme""
Tyga - ""Fantastic""
Unlike Pluto - ""Stuck""
West Blanco - ""Mala Memoria""
吳青峰 (Wu Qing Feng) - ""(......醉鬼阿Q) (......Drunkard Ah Q)"" ft. 孫燕姿 (Sun Yanzi)
Xowie Jones - ""Bury Me Alive""
Yeat - ""Talk""
Yomil y El Dany - ""Me Encantaría""
Zac Brown Band & James Taylor - ""Love and Sunsets""

9/5
​per se - ""在生 (The Lovers)""

9/6
Blessd & Ryan Castro - ""Fumando""
艾粒 (ILUB) - ""One Way""
古巨基 (Leo Ku) & MC 張天賦 - ""自我安慰 (Self-comfort)""
The Veronicas - ""Cruisin' On My Own (Lisa Veronica – The Solo Project)""
The Veronicas - ""Seeing Stars (Jessie Veronica – The Solo Project)""

9/7
5 Seconds of Summer - ""Older"" ft. Sierra Deaton

9/8
B Young & King Promise - ""Rolling Stone""
Bryson Tiller - ""Outside""
黃明德 (Dark Wong) - ""只想和你吃漢堡 (Teen Romance)""
DRAM - ""WHAM""
María Becerra - ""Automático""
​moon tang - ""​i love you""
Nath & Omar Montes - ""Hotel""
Roddy Ricch - ""Ghetto Superstar"" ft. Doe Boy & G Herbo
Tom Odell - ""Smiling All The Way Back Home""
Whyte Fang - ""333""
Zarahn - ""精神流亡 (Spirited Away)"" ft. Serrini

9/9
Ashley Kutcher - ""Sleepy""
AURORA - ""Hunting Shadows""
BIG30 - ""On My Mama""
BigWalkDog - ""Uncle Tommy""
Bilmuri - ""THE VOID APPROACHETH""
BlueBucksClan - ""Jeeezy WYA""
Brooke Candy - ""Flip Phone""
BRS Kash - ""Team Player"" ft. Lil Poppa & Morray
CG5 & salem ilese - ""MINION""
Charlie Puth & Jungkook - ""Left and Right (Galantis Remix)""
Clean Bandit & French The Kid - ""Sad Girls"" ft. Rema
Coi Leray - ""Fly Sh!t""
Cordae & Hit-Boy - ""CHECKMATE""
CY 陳宗澤 - ""罐頭湯 (Canned Soup)""
DEZ 余宗遙 - ""平行線上 (Parallel Distance)""
DJ Spinall, Summer Walker & DJ Snake - ""Power (Remember Who You Are)""
Dustin Lynch - ""Wood On The Fire""
Eli Derby - ""Wicked""
EST Gee - ""Shoot It Myself"" ft. Future
FLETCHER - ""Better Version""
G Herbo - ""Me, Myself & I"" ft. A Boogie wit da Hoodie
Ivy Queen - ""Villana""
Kai Whiston & Iglooghost - ""Lux 3""
KILLBOY - ""NAILS""
Labrinth - ""Kill For Your Love""
LAYA & Baby Tate - ""Sailor Moon (2.0)""
Lérica & Abraham Mateo - ""Espinita Clavá""
Lewis Capaldi - ""Forget Me""
Lil PJ - ""Reaching""
Marauda & Scarlxrd - ""HEAVE""
MAX - ""IT'S YOU"" ft. keshi
Meghan Trainor - ""Don't I Make It Look Easy""
Michael Ray - ""The Chair (The Bootlegger Sessions)""
Mimoza - ""Madly""
Nessa Barrett - ""madhouse""
NOTD & Quinn XCII - ""Less I Know""
P Yungin - ""On A Shirt""
Ryan Cabrera - ""Worth It""
Sam Creighton - ""Wannabe""
Samu Haber - ""Hometown Gang""
Saucy Santana - ""I'm Too Much""
Selfmxdebless - ""deadliest sea""
Sevyn Streeter - ""23""
Trevor Daniel - ""Story""
Unlike Pluto - ""Question""
wifisfuneral - ""Ahhhhh""
YG - ""Alone""

9/12
F.Charm - ""Anormal""

9/13
Big Scarr - ""Havin Fun""
Tee Grizzley - ""Robbery Part 4""

9/14
雲浩影 (Cloud Wan) - ""密切接觸者 (Close Contact)""
Jayde - ""​all i wanted""
​will hyde & Jess Benko - ""kiss me before u go.""

9/15
AB6IX & Reiley - ""Moonlight""
Anne-Marie & Aitch - ""Psycho""
Antonio José - ""Sin Buscarte""
Bill Wurtz - ""where i've been""
Brandon Kai - ""On My Life""
黃妍 (Cath Wong) - ""7月24日大道 (July 24th Avenue)""
Gareth.T - ""​buzzcut""
Hotboy Wes - ""Master P""
Niceboy Ed - Life You Lead
Pedro Capó - ""Volver a Casa""
Ptazeta - ""Ponte Pal XXX""
TINI & Tiago PZK - ""El Último Beso""
Young King Slaton - ""September (Freestyle)""
黃凱逸 (Zelos Wong) - ""晚泣 (Night Weep)""

9/16
Amanda Tenfjord - ""AMAN""
B-Lovee, Ice Spice, Skillibeng & J.I the Prince of N.Y - ""One Time""
Babyface & Queen Naija - ""Game Over""
BLEU & Nicki Minaj - ""Love In The Way""
Charlie Puth - ""I Don't Think That I Like Her""
Fredo Bang - ""Bee Crazy""
Craig David & Galantis - ""DNA, Pt. 2""
​cupcakKe, Erica Banks & Tweeday - ""HDBG (Shemix)""
David Guetta & Bebe Rexha - ""I'm Good (Blue) [Stage Mix]""
Fresco Trey - ""7/11""
Futuristic - ""Hate Me Now"" ft. Ryan Oates
Kaash Paige & 6LACK - ""Miss My Dawgs""
Kiana Ledé - ""Irresponsible""
gavn! - ""High""
G Herbo - ""Blues"" ft. Future
Genezio - ""Réveil""
​gigi - ""Glue""
GOON DES GARCONS* - ""​labyrinth""
guardin - ""geronimo""
ILLENIUM & Skylar Grey - ""From The Ashes""
Ingrid Laien & Los Del Fino - ""Amor Voy a Salir con una Prima 2""
Jackii Kennedy - ""I Hate Florida"" ft. boyband
Jahmiel - ""Unappreciated""
Jeremy Zucker - ""I'm So Happy"" ft. BENEE
KREAM, Camden Cox & IDEMI - ""Chemistry""
Kx5 - ""Take Me High""
MAR MEJÍA - ""Victory""
Noga Erez - ""Nails (Remix)"" ft. Missy Elliott
Raw Youngin - ""Spinnin'""
RealestK - ""One 4 U""
Selfmxdebless - ""EMERGENCY""
Unlike Pluto - ""Reset Rewind""
周殷廷 (Yan Ting) - ""意外現場 (METANOIA)""

9/18
周國賢 (Endy Chow) - ""銀河特快之旅 (Galaxy Express)""

9/19
Gucci Mane, BiC Fizzle & BigWalkDog - ""Red Flag""
NateWantsToBattle - ""Scrap Heap"" ft. Ghost Fight
MC 張天賦 (Cheung Tinfu) - ""乾 (Drink Up)""

9/20
Big Scarr - ""Try Being Me""
FMK - ""Buscando un Amor""
Kwabs - ""Hurt a Little""
Tee Grizzley - ""Jay & Twan 1""

9/21
BIG30 - ""No Love""
Emotional Oranges & Unusual Demont - ""Cardigan""
Icewear Vezzo - ""They Can't FWM""
Kany García & Christian Nodal - ""La Siguiente""
Paola Guanche - ""Prohibido""
Polimá WestCoast & J Balvin - ""KAWAII""
Rozzi - ""Past Life"" ft. PJ Morton
WOS - ""PUAJ (sesión)""
Zolita - ""20 Questions""

9/22
22Gz - ""Max Out"" ft. Shawny Binladen
Aitana - ""Otra Vez""
Alex Ponce - ""quédate"" ft. Thyago
許廷鏗 (Alfred Hui) - ""亻言 (Anthropology)""
Boza & Beéle - ""Qué Prefieres?""
Ca7riel & Paco Amoroso - ""PARA AFUERA""
Carlos Rivera - ""Digan Lo Que Digan""
ECKO - ""Subiendo De Nivel""
Hannah Jadagu - ""Say It Now""
Hotboy Wes - ""Renegade"" ft. Finesse2Tymes
衛蘭 (Janice Vidal) - ""我的視角 (My POV)""
Lil Nas X - ""STAR WALKIN""
Ovi, Kim Loaiza & Pailita - ""Después de las 12 (Remix)"" ft. Grupo Firme
Rauw Alejandro & Baby Rasta - ""PUNTO 40""
Sam Smith - ""Unholy"" ft. Kim Petras
Stella Smyth - ""NASCAR""
Stormzy - ""MEL MADE ME DO IT""
tan feelz - ""SOS""
Ventino - ""No Se Me Ve Tan Mal (NSMVTM)""
William Singe, VEDO & J-SoL - ""R4L (ready 4 luv)"" ft. Mishon

9/23
3Breezy - ""Sneaky Link""
Ally Salort - ""Late Night Talking""
​Amelia Moore & ASTN - ""next door""
Anfa Rose - ""How Many Times""
Armani Caesar - ""Paula Deen"" ft. Westside Gunn
Armin van Buuren & Diane Warren - ""Live on Love"" ft. My Marianne
Aya Nakamura - ""VIP""
Ayelle - ""Get Away""
Ayzha Nyree - ""Long Night""
Baby Tate - ""Ain't No Love"" ft. 2 Chainz
Carson Lueders - ""Toxic"" ft. Quavo
CEO Trayle - ""Bit Wit The Fangs"" ft. Gunna & Nechie
Channel Tres - ""No Limit""
DaBoyDame - ""Hood Go Crazy"" ft. Jeezy, Yo Gotti & Project Poppa
Darell & Omar Montes - ""La Bruja""
David Guetta & Bebe Rexha - ""I'm Good (Blue) [Cedric Gervais Remix]""
David Guetta & Bebe Rexha - ""I'm Good (Blue) [Cedric Gervais Extended Remix]""
Dayglow - ""Second Nature""
EVAN GIIA - ""Momentum""
Fabolous & Dave East - ""BACH TO BACH""
FRVRFRIDAY - ""ALL EARS""
GIRLI - ""I Really F**ked It Up""
GIVĒON - ""Time""
GloRilla & Cardi B - ""Tomorrow 2""
GOON DES GARCONS* - ""​vibrance_freestyl v.1.wav""
Jake Miller - ""Leave My Heart Alone""
JAY MAX - ""A Solas"" ft. West Blanco
Jnr Choi - ""TICK TOCK""
Jon Vinyl - ""FTU""
Jordan Davis - ""Midnight Crisis"" ft. Danielle Bradberry
Kenzo B - ""Sanctioned""
Khalid - ""Satellite""
Kordhell & Scarlxrd - ""MISS ME?""
Lansdowne - ""Medicine""
Lil PJ & Fredo Bang - ""Big Poppin""
​little image - ""LUNGS BURN""
Lizzo - ""2 Be Loved (Am I Ready) [PNAU Remix]""
Lul Bob - ""Victim""
Mike Posner - ""I'm Not Dead Yet""
Mr Eazi, DJ Tarico & Joey B - ""Patek""
MUST DIE! - ""U SHOULD KNOW""
Nate Smith - ""I Found You""
Nikita Karmen - ""My First Rodeo""
Noah Cyrus & Billy Ray Cyrus - ""Noah (Stand Still)""
Odeal - ""BE FREE""
Odeal - ""PDF""
Pentatonix - ""Prayers For This World""
Phony Ppl - ""Nowhere But Up""
Pol Granch - ""Nena""
Poppy - ""FYB""
Powfu & Jomie - ""watch me miss""
Quinn XCII - ""Common"" ft. Big Sean
Rileyy Lanez - ""One of Them Nights""
Selfmxdebless - ""KY$ ON COCAINE""
Shania Twain - ""Waking Up Dreaming""
SipTee - ""Master P"" ft. Roi
SiR - ""Nothing Even Matters""
Tears For Fears & Lil Baby - ""The World Is Yours To Take""
Toosii - ""Heartaches""
Tory Lanez - ""Why Did I""
Transviolet - ""Devils""
Unlike Pluto - ""Dread""
VIZE & R3HAB - ""One Last Time""
吳青峰 (Wu Qing Feng) - ""(......催眠大師) (......The Great Hypnotist)"" ft. Les Choristes
Xloudy - ""Do Wh4t I W4nt"" ft. Ace Villain
Yung Gravy, bbno$ & Rich Brian - ""C'est La Vie""

9/27
Big Scarr - ""Anotha 1""
FEYZAL - ""Long Way Home""
Groundbreaking - ""Woke""
Tee Grizzley - ""Ms. Evans 1""

9/28
3AM - ""Distancia""
Baby Queen - ""Lazy""
Ciara - ""Better Thangs"" ft. Summer Walker
Cootie - ""2Tone"" ft. YoungBoy Never Broke Again
Dylan Sinclair, DESTIN CONRAD & Jvck James - ""Open (Remix)""
GHENGAR - ""COUNT DANKULA""
glaive - ""three wheels and it still drives!""
Icewear Vezzo - ""Richer""
Lil Poppa - ""Money Call""
Lil Pump - ""Mosh Pit""
Lucy Dacus - ""Home Again""
Lucy Dacus - ""It's Too Late""
Noriel - ""7D""
Paramore - ""This Is Why""
Skyler Acord - ""knew it all along""
YSB Tril - ""Applause""
YXNG K.A - ""Face My Fears""

9/29
Anuel AA - ""La2blea""
Arctic Monkeys - ""Body Paint""
Ed Sheeran - ""Celestial""
Farruko & Ankhal - ""Nazareno (Remix)""
Ingratax - ""VELOZzzz""
Kenia OS - ""Mía Mía""
Lyanno & Young Miko - ""SALVAJE""
Maluma - ""Junio""
mansonvibes - ""It’s a sin.""
Natti Natasha & María Becerra - ""LOKITA""
Rusherking & Dread Mar I - ""Perfecta""
Wisin & Yandel & ROSALÍA - ""Besos Moja2""

9/30
24kGoldn - ""Mistakes""
Aloe Blacc - ""Free""
Alok - ""Slow It Down""
Andy Bull - ""Dying Star""
Arin Ray - ""Stay For The Night (Rockstar Energy Studios Freestyle)""
Bilmuri - ""CORN-FED YETIS""
CG5 - ""Glamorous""
Charlie Puth - ""Charlie Be Quiet!""
Charly Black & Ria Rania - ""Flea Market""
Chase McDaniel - ""Your Daughter""
Christina Aguilera - ""No Es Que Te Extrañe""
Cory - ""Vértigo""
​dvsn - ""What’s Up"" ft. Jagged Edge
GOON DES GARCONS* - ""​elite (crossover)""
HARDY - ""Jack""
HD4President - ""Big Booty"" ft. DJ Chose
Hitkidd & Enchanting - ""Kater To Me""
Jake Cornell - ""​personal""
Jake Wesley Rogers - ""Hindsight""
Jhosy, Beéle & Manuel Turizo - ""Aurora (Remix)""
Jon Langston - ""Give You My All""
Kenyon Dixon - ""Getting Late""
Kenzo B - ""No Tweakin""
Kleo (Pop) - ""Beautiful Life""
Kranium - ""Without You"" ft. Queen Naija
Leah Kate - ""Monster""
Louis Tomlinson - ""Bigger Than Me (Live from Milan)""
LUDMILLA, Sean Paul & Topo La Maskara - ""Tic Tac""
M.I.A. - ""Beep""
Mackenzie Carpenter - ""Huntin’ Season""
Maddy Hicks - ""Picture You Naked""
Mokita - ""Color Me In""
Nakkia Gold - ""Let You Know""
Neek Bucks & 2 Chainz - ""Mask Up""
Nick Wayne - ""Sunny Side Up""
Oriana - ""SOLA""
Quavo & Takeoff - ""Nothing Changed""
RealestK - ""Bruce Wayne""
Roddy Ricch - ""Stop Breathing""
Russell Dickerson - ""I Wonder""
RyFy & Ye Ali - ""90s Baby""
​Sidney Bird - ""Over Me""
skaiwater - ""‎boys don’t cry""
Sofía Valdés & Pink Sweat$ - ""Broken""
Tate McRae - ""uh oh""
Teddy Swims - ""Someone Who Loved You""
The Stupendium - ""Open the Sky""
Tommy Newport & Jazz Cartier - ""Jackpot""
Valencia Grace - ""There I Said It""
William Singe - ""Catch My Breath""
Zach Hood - ""​when she was mine""","","","","",""
"Showdown","kaogaii","7n5zEvc42vXgrxsyeTaSBE","[가오가이 & 키츠요지 ""쇼부"" 가사]

[Chorus: kaogaii, kitsyojii]
I wanna 쇼부, 쇼부, 쇼부 봐 버려, 쇼부, 쇼부, 쇼부
I wanna 쇼부, 쇼부, 쇼부 봐 버려, 쇼부, 쇼부, 쇼부
I wanna 쇼부, 쇼부, 쇼부 봐 버려, 쇼부, 쇼부, 쇼부
I wanna 쇼부, 쇼부, 쇼부 봐 버려, 쇼부, 쇼부, 쇼부 (I love 쇼부)
Man 한 번 뿐인 인생 난 봐 버려 쇼부 (쇼부)
Man 다음 기회는 없어 난 지금 쳐 쇼부 (쇼부)
Man 내일 뒤질 듯 난 오늘 안에 쇼부
I wanna 쇼부, 쇼부, 쇼부 봐 버려, 쇼부, 쇼부, 쇼부 (I love)

[Verse 1: kitsyojii]
이 귀염둥이들 버릇 못 고쳐 입에 달고 살어 어부바 (바)
꺼져 여태 누가 업어 키운 적 없지, 난 그냥 내가 직접 쇼부 봐
금수저 인맥 빽 뭐 하나 없이 여기까지 온 새끼 (Uh)
너희는 남자란 게 기념일의 내 여친보다 더 빽을 갖길 원했지
이랬네 저랬네 이유만 많아, 어쩌고 저쩌고 핑계는 더 많아
내 눈엔 죄다 여장남자 같아, 고추는 달렸는데 남자는 또 아냐
인맥이 없으면 만들어 예산이 없으면 일을 하고 실력이 모자라?
연습해 닥치고 잘 들어, 연습 game 없어 인생은 실전이야 좆만아
All in 니 삶을 전부 걸어 ballin' 다 잃거나 따거나
놓치면 사년이 뭐야 평생을 기다리다 죽어 이건 아냐 Olympic
HOFGANG 매일 띄워 승부수, 너무 띄워서 못 따라와 승무원두
야동 shorts 그만 보고, 쇼부나 봐, no die, just do or do

[Chorus: kaogaii, kitsyojii]
I wanna 쇼부, 쇼부, 쇼부 봐 버려, 쇼부, 쇼부, 쇼부
I wanna 쇼부, 쇼부, 쇼부 봐 버려, 쇼부, 쇼부, 쇼부
I wanna 쇼부, 쇼부, 쇼부 봐 버려, 쇼부, 쇼부, 쇼부
I wanna 쇼부, 쇼부, 쇼부 봐 버려, 쇼부, 쇼부, 쇼부 (I love 쇼부)
Man 한 번 뿐인 인생 난 봐 버려 쇼부 (쇼부)
Man 다음 기회는 없어 난 지금 쳐 쇼부 (쇼부)
Man 내일 뒤질 듯 난 오늘 안에 쇼부
I wanna 쇼부, 쇼부, 쇼부 봐 버려, 쇼부, 쇼부, 쇼부 (I love)

[Verse 2: kaogaii]
좀 닥쳐, uh
그 시간에 난 쇼부 쳐, uh
이십사시간을 다 써, uh
몸엔 땀띠가 났어 uh
가만 있음 되려 아퍼, uh
가난이랑 해야 해 작별 uh
체해도 일하러 갔어, uh
어금니로 손을 땄어, uh

[Verse 2: kaogaii]
이거 완전히 rap money 고집하다 외할머니 가신지도 몰랐잖아 (몰랐잖아)
똥폼 다 뗐더니 생각보다 폼나게 벌 수 있는게 졸라 많아
유튜브 외화벌이 달러가 원이 되니 달달해 놀랐잖아 (Ooh)
잠깐만 랩머니 어쩌고 벌어보니 돈 모양이 똑같잖아
빙시같은 그 새끼들도 그 스탠스 갖고 돈 벌기 위해 쇼부 치고 있어
Pay는 됐다하고 table 잡아주면 star 된 마냥 공연 뛰고 있고
난 달리거나 넘어질 바엔 쇼부쳐를 여기 썼던 가사인데 땀범벅에 썼어
이 바닥은 업소 더 노출해 몸값이 안 오르면 씨바 걍 벗어

[Chorus: kaogaii, kitsyojii]
I wanna 쇼부, 쇼부, 쇼부 봐 버려, 쇼부, 쇼부, 쇼부
I wanna 쇼부, 쇼부, 쇼부 봐 버려, 쇼부, 쇼부, 쇼부
I wanna 쇼부, 쇼부, 쇼부 봐 버려, 쇼부, 쇼부, 쇼부
I wanna 쇼부, 쇼부, 쇼부 봐 버려, 쇼부, 쇼부, 쇼부 (I love 쇼부)
Man 한 번 뿐인 인생 난 봐 버려 쇼부 (쇼부)
Man 다음 기회는 없어 난 지금 쳐 쇼부 (쇼부)
Man 내일 뒤질 듯 난 오늘 안에 쇼부
I wanna 쇼부, 쇼부, 쇼부 봐 버려, 쇼부, 쇼부, 쇼부 (I love show)","124.998","0.84","0.656","-3.755","0.187"
"Headbang (Feat. Kohway)","kaogaii","0KxkbigdxaTzzhDb2uK5tv","[가오가이 & 키츠요지 ""대가리"" ft. 코웨이 가사]

[Chorus: Kohway]
Get low, 내려입어 바지 끝까지
Let's go, check it 엉덩이 골짜기
Get low, 대가리에 새겨 못먹어도
Let's go, let's go, let's go (씨발럼아, let's go)

[Post-Chorus: Kohway]
흔들어 대가리, 들이밀어 대가리
흔들어 대가리, 들이밀어 대가리
흔들어 대가리, 들이밀어 대가리
흔들어 대가리, 들이밀어 대가리

[Verse 1: kitsyojii]
홈레코딩 보급 탓에 개나 소나 MC
너희 다 studio MC 꺼져 우린 stage MC
Live 하면 새끼들 떠올려 Insta나 YouTube
그래 SuperChat이나 구걸해 HOFGANG 공연 페이를 수금 중
뻐끔 금붕어들 fuck you
AR lipsync 원툴 제스쳐는 얼쑤
썸녀 한 번 없었을 놈들이 여기 누구 앞이라고 뚝딱거려
이 아마추어들의 뼈를 때리다 못 해 빻아 없애 순살처럼

[Verse 2: kitsyojii]
HOFGANG 우린 pro지요, 무대 위에 불을 질러
관객들 팔 다리 부러지고 회식 땐 상다리 부러지고
좆밥이랑은 겸상 안 해 넌 또 누구세요? (Uh)
개 좆같은 매너 근데 좆되는 무대매너
Dirty South Korean 이게 이번 우리 소리야
영어로는 sound 그래 병신아 못 알아 쳐먹으면 I'm sorry 야
김치 먹고 자라서 김치 힙합 그래서 순딩아 우린 매워 (Woo)
대가리 비우고 노는 법 씨바 이 형들 보고 배워

[Chorus: Kohway]
Get low, 내려입어 바지 끝까지
Let's go, check it 엉덩이 골짜기
Get low, 대가리에 새겨 못먹어도
Let's go, let's go, let's go (씨발럼아, let's go)

[Post-Chorus: Kohway]
흔들어 대가리, 들이밀어 대가리
흔들어 대가리, 들이밀어 대가리
흔들어 대가리, 들이밀어 대가리
흔들어 대가리, 들이밀어 대가리

[Verse 3: kaogaii]
오 쇼 찢고 돌아왔다 six block 의 boss
날 뭘로 봤길래 이 빙신 놀래긴, woah
난 원래 잘했고 배로 뛰지 페이가 더
뭣같지 넌 왜 깝쳤어 이 썅놈들 대가리 위에 늘 내가 있어
이제 알겠니 난 필요 없어 marketing
또 targeting 시장은 망했지만 내 돈 구멍 만개 있지
넌 숨어서 글을 써 가오가이 이 새끼는 강약약강
닥쳐 봤잖아 걍 랩 안 해도 뭐 제이통보다 내가 강강강강

[Verse 4: kaogaii]
난 너의 대가리, uh, 난 나의 대가리, uh
들이박아 메갈리안처럼 노인네 색깔론처럼
무식하게 살어도 칭찬 받어 되려 내가 돋보인다고 (What?)
왜냐면 다들 생각만 하고 난 걍 박어 그래 보법이 달러
High risk, high return, uh, 빨리는 맛은 미쳐 (What?)
뼈다귀 남을 때까지 뛰니까 내 잔고는 비만, uh
아빠가 됐지만 빠가를 고수해 안 바뀌어 nice한 내 빡대가리
Camera 치워 대가리 비워 그냥 씨바꺼 흔들어 쌀 때까지

[Chorus: Kohway]
Get low, 내려입어 바지 끝까지
Let's go, check it 엉덩이 골짜기
Get low, 대가리에 새겨 못먹어도
Let's go, let's go, let's go (씨발럼아, let's go)

[Post-Chorus: Kohway]
흔들어 대가리, 들이밀어 대가리
흔들어 대가리, 들이밀어 대가리
흔들어 대가리, 들이밀어 대가리
흔들어 대가리, 들이밀어 대가리","140.73","0.911","0.493","-7.548999999999999","0.369"
"Street","kaogaii","0dWZwNt4tQRlsgtHGhojEy","[Romanization ""Kawaii Dakejya Dame Desuka?"" (""Can't We Just Be Cute?"") ft. CUTIE STREET]

[Intro: Risa, Emiru]
Dai pinchi desu!
Ato jyuppun de
Ie wo denakucha chikoku shichaisou desu!
Nigeru ni shikazu honki dashitara
Jikan nakutemo meccha kawaiku nareru mon!

[Refrain: All]
Nya nya nya nya nya nya nya
Nya nya nya nya nya nya nya

Nya nya nya nya nya nya nya
Nya nya nya nya nya nya nya

[Verse 1: Aika, Miyu, Haruka, Ayano, *Nagisa*, **Kana**, *Emiru*, *Risa*]
To wa ie chotto ma ni awanasou!
Dakedo suppin wa miserarenai ""damee""
Kyou dake sanzai goo shite takushi!
*Meiku no dougu mo ouenchuu!*

**Watashi no dekkai yume ni kurabetara**
*Konna shippai wa chicchai ka!*
*Kono kawaisa ni menjite yurushite
Onegai!* ""Onegai!""

[Pre-Chorus: Haruka, Ayano, All]
Torienai kedo kao ga kawaii no mo
Sainou da to omotte yasashiku shite hoshii no desu
Ano te kono te de ima wo tokimeke!
Chousho wo migake migake migake!
Kawaisa de sekai seifuku!

[Chorus: Risa, (All), Haruka, Ayano, *Miyu*]
""Kawaii dakejya dame desuka?""
(Migi hidari shoumen kyun shi sasechau!)
Kawaii mono wa minna gyu-gyutto shite
(Toki wa sengoku
Ono no komachi mo) tabun honki dashiteta

(Ai wo toriau tatakai nano desu!)
*Okubyou na kokoro wa po-po-poitto shite!*
(Shea de hapi hapi tanoshiku nareru)
Koko ga koko ga koko ga sekai ichi no bashou!

[Refrain: All]
Nya nya nya nya nya nya nya
Nya nya nya nya nya nya nya

Nya nya nya nya nya nya nya
Nya nya nya nya nya nya nya

[Verse 2: Ayano, Nagisa, Risa, Aika, Kana, Haruka]
Hontou wa kawaii dake jyanai no desu!
To omotta keredo dame dame da ""yan""
Kono kawaisa ni menjite mamotte
Onegai ""onegai!""

[Pre-Chorus: Emiru, Ayano, Risa, Miyu, All, Haruka]
Yarusenai kedo watashi no kawaisa wo
Mitsukete kureru hito ga iru koto wo negatte!
Shippo furi furi furu suingu de ""kakiin!""
Tasho mo tsukae tsukae tsukae!
Doji na toko mo obaka na toko mo

[Chorus: Miyu, All, Emiru, Kana, Nagisa, Aika]
""Kawaii dakejya dame desuka?""
Tate yoko naname kyun shi sasechau!
Suki no kimochi wa gyu-gyu-gyu-gyu-gyutto shite
Toki wa kigenzen
Kureopatora mo gachi de honki dashiteta

Ai wo te ni suru tatakai nano desu!
Kimi no ai ga areba mu-mu-mu-mugendai
Maru batsu shikaku san kakudo wa guddo
Shame wa shame wa shame wa
Jidori ga moreru no!

[Bridge: Nagisa, Miyu, Kana, Emiru, Ayano]
Uchuu toka ni kurebetara sa, chippoke na watashi tachi
Seisouken kosumosu tobikoete
Doko maademo icchaitte!
Kawaii wa mugen de zettai desu!
CUTIE wa nanka iroiro sukucchai masu!

[Pre-Chorus: Risa, Haruka, Aika]
Koko wa harajuku
Kawaii mono ga atsumaru tteiu koto wa
""Nihon no chuushin!""
Kawaii okashi takusan tabetai na
""Demo dame yo!""
Kawaii meetaa ga sagacchau!

[Chorus: Haruka, All, Ayano, Nagisa]
""Kawaii dakejya dame desuka?""
Fan mo anchi mo kyun shi sasechau
Kawaisa no himitsu wa oshiete agenai!
Toki wa chotto mae
Maririn monroo mo tabun honki dashiteta

Zen ginga chuu kyun shi sasechau
Chikyuu no katachi kawacchau kurai
Rabu de rabu shite! Ai de ai shite!
Motto motto kyun na sekai wo tsukurou!

[Refrain: All]
Nya nya nya nya nya nya nya
Nya nya nya nya nya nya nya

Nya nya nya nya nya nya nya
Nya nya nya nya nya nya nya

[Outro: Aika, All]
Nya nya nya nya nya nya, nya nyan","135.713","0.275","0.488","-10.731","0.184"
"Interior","Kim Ximya","064W66ohIhy6bVFWxce2sL","[Verse 1]
Bitches I'm on my knees when you watch me
I beg you please when you stop me
Baby I'm cashing out empty the devil
The devil is me I'm cocky
Oh baby excuse me I'm balanced
내 저울은 저리 치워둔 채로
Yeah, I got my glasses on
요즘 유행하듯이 I'm judging, I'm judging
감각들은 불보듯이 뻔해
피라도 모시듯이 권해
똥고무신을 신고 선을 넘어 보지는 못해도 더 중요한 건
Pointless, decimals over decimals over commas they countless
영광은 영원하지 않다고 말씀하셨지, well I fucking guess
I better be saving these fucking 위인s
Keep these keys at least I buy me a Porsche
사실 공생하는 중, 손톱 씹어가며 경쟁 따윈 없어
매번 똑같은 짓, 다른 반응, 그건 어디 회사냐의 차이
다 닥쳐, 내가 바로 니들이 모셔야 할 king
Or you could fucking die
You know what pointless
멋있게 벌어보자는 의미지, but I'm the fucking king
I'm the fucking 세자, I'm the fucking 세자의 아들
책봉 따위는 좆까, 이 잡것들아
가서 변소나 치워, 수라나 올려, 이 씨팔 것아
내시들은 고자질에 고자질이지만 고자니까 내가 봐줬지
계속 좆 같은 소리 아뢰봐라, 주리를 아가리에 쑤실터이니
Bitches you wanna 대령해 내 용포를
잘 알겠지, 내 맘에 드는 용모는 지금 나설 터이니
Better be ready for it get me the baddestbiches
Icing of the cake and shit
Queen of the fucking 서울시 and shit
Pointless, 표정에 답은 거의 camouflage
These male cunts bunch of veterans
Take it easy baby you better check your breath
그렇게 발버둥 쳐봤자 I'm the king
내가 늙어가도 that shit never change
내가 죽고 내 이름 will ever last
내가 미쳐가면 you bitches better pray
Cause all I be doing be undoing that
Who the fuck call them kings
그런 유언비어 따위를 감히
Fuck that bitches, 그녀의 뒷구멍 재 interior

[Verse 2]
I could be dead by now
I could be dead by then
Last forever with my billion songs
수발이나 들던 미친 새끼들이 내 목을 노리는 날들의 연속
방송 안 나오냐고 감히 여쭙는 새끼들을 위해
방송 하나 만들어야겠어
토요일마다 만나면 되겠지 BANA TV
대망의 아작이 나는 주말연속
Better know what they be talking
I could have killed them
입대하기 전까지 잘 지내보자고
입대하기 전까지 I be your man
I be the man, 가오 살리다가 잊혀진 새끼
Pointless, decimals over decimals over commas they countless
You sons and bitches I beg you to please read about it
돈이 만든 위치가 만든 돈이 벌어주는 거","116.605","0.802","0.85","-7.131","0.503"
"Forgotten","Kim Ximya","5BWYPcRaZtuVX9jaQpnY4g","[Intro]
Me and my money goes way back
Me and my money goes way back
Way back, yeah

[Verse 1]
Me and my money goes way back
Back when my paychecks
Wasn't so ready (Ready)
These banks keep calling me
For some loan shit
You shouldn't worry (Worry)
Sick of all these fake flex talk
All you want fam I just forget it ('Get it)
Beat the game up, I'm going up
I never spoil it ('Poil it)
Me and my fame is so close
난 더욱 멀리 가려해
So I'm packed (Huh)
Arc on my back for approach
더욱 여유로운 상태로 I attack it (Huh)
Taking my chances, 난 제대로 아님 안해
내 직장은 좀 sketchy (Woah, woah)
Baby, they acting (Woah)
다 보여도 난 침묵
여기 생태 내 향수가 베있지

[Chorus]
Looking for reasons, just to go kill'em
Let's make this season my own (Huh)
작년에 씨름, 깔끔히 비우고
난 준비가 되었지, I'm on (Huh)
욕심 싹 버렸어
Here for your service
I'm here for the circus
I'm blowing up
Watch how I turn this all in for my favors
I'm here for the cloth (Huh)

[Verse 2]
Me and my money goes way back
Back when my paychecks
Wasn't so ready (Huh)
Nothing has changed
So why would I rush
Why would I duck for some change money
I'm here for the fat stacks
I'm here for the fast cash
I'm with the team
날 좀 더 믿어야 해
The only one to get this shit straight to the ping
Me and the crew on the low
Nothings for sure, 난 절대 안 지켜 (Huh)
This culture ain't mine, 누구의 것도 아니지
그 누가 어떻게 여길 지켜 (Damn)
This shit Is so flowing
우린 한 배에 탐 (Woah, woah)
만약 물결을 거슬러 위로 (Woah, woah, woah)
간다면 그것은 우리의 노력과는 무관해
So let's preach

[Chorus]
Looking for reasons, just to go kill'em
Let's make this season my own (Huh)
작년에 씨름, 깔끔히 비우고
난 준비가 되었지, I'm on (Huh)
욕심 싹 버렸어
Here for your service
I'm here for the circus
I'm blowing up
Watch how I turn this all in for my favors
I'm here for the cloth","150.009","0.983","0.412","-4.296","0.307"
"Career High (Feat. Cautious Clay)","Kim Ximya","5oNdHXUhAsD5lXE3sBosm6","[Verse]
되돌아보면 I thank god for this
Man what a mess now
온갖 요금들에 내가 잔뜩 벌려 놓은 고정 지출과
신기하게도 잘 버텨 내 balance
1000에 60 내 palace, 몸 양껏 올려 내 status
Career high 도달했지는 개뿔
뚫린 입으로 씨부린 질투에
월 몇 백사는 옆동네 같은 직업 종사하시는
여러분들은 내 허무함에 최고급 원천들이시거든
발전한 기술이 친히 선사해주시네 질 좋은 식겁을
Career high, 숫자로 계산해내는 반물질의 질과 양
내 배부른 핑계들은 시기
돈을 지울 때나 배품, 여유
과연 이걸 캐물을 위치에 도달 해버렸는지와
깜빡 넘어갈 뻔한 입발림 무늬와 예술인 사업
또 물론 사업 같은 예술
그 모든 것들의 끝에 이뤘다고 확신해버린 새끼
그건 바로 나, 바로 내가 자랑스럽군
전부 포기해버리니 휘둘리는 것도 힘 빠지는 일이구나 했거든
Career high, 그곳은 도달할 수 없지
그저 머무는 곳인 듯
When you start with no path
Stick to your stance
얼마가 지나도 최고의 높이
오르려 해도 보다 높이 오를 순 없지
그냥 되돌아보면 I hate god
Fuck this I just wanna take mine
후딱 벌고 째는 plan
쟤는 왜 이렇게 깨있단 듯이 부릅뜨고 있냔 말에
그냥 불면증인데 왜 임마, ay
환경과 함께 바뀔까
애 다루듯 다루는 내 인간 관계는 아작이 났지
Hold up, 원래 아작이 난 내 인간 관계를 체감한 게 맞지
여러 쓸데없는 것들로 축내는 젊음에 건강의 유통기한은 무
묻지 않을 뿐 모두가 느끼지, 갈수록 굳어버리는 틀
세미 연예인의 삶, what you want absolutely not a challenge
오히려 버티며 진짜인 척 하는 게 백 번 더 어렵지
When you think about it, 결국에는 아는 것이 더 괴로운 건
마음 만으론 안 되는 것이 거의 대부분을 차지하는 것
Say what you mean, 뒤따라오는 것들은 받아들일 뿐
눈치보다 엉킨 발로 잘못 밟은 스텝은 뭐
확실하게 말하지, 걸음은 떼기 전이 제일 완벽해","","","","",""
"Looooose Controlla (feat. CL)","Kim Ximya","17VC9CgiudJbhfOG8mRqwi","[Intro: Kim Ximya]
Ay, looooose con
Looooose controller (Yeah, ay)

[Chorus: Kim Ximya]
Looooose con (Yeah)
Looooose controller (Huh, yeah)
Looooose controls you (Huh)
Who can move you like I do (Yeah)
Who can move you like we does

[Verse 1: Kim Ximya]
너의 마음과는 다른 춤을 추네
나의 마음 가는대로 춤을 추네
어두운 길을 밝히는 불을 끈 채
걸음이 닫는 곳에 불확실한 무게
전부 무시하고 걸어 빛 보이는 곳
우리의 진정한 모습으로 함께 모이는 것
무의식에 한끝 다른 자극 pumping the blood up
Looooose controller, gotta looooose control you

[Chorus: Kim Ximya]
Looooose con (Yeah)
Looooose controller (Huh, yeah)
Looooose controls you (Huh)
Who can move you like I do (Yeah)
Who can move you like we does

[Verse 2: Kim Ximya]
Step by step, I can teach you something
Step out whatever closet you belong
타협의 정의를 굳이 묻지 않는 곳
여기서 너와 나는 편히 쉬어
멀리 보는 우리의 쉼터
Ain't nobody gotta judge
현실은 문제를 다섯가지는 더 juggle
I don't wanna take that
Take that back to your ghost town
거긴 이제 아무도 살지 않을 걸

[Verse 3: CL]
What's a queen a boss
What's a boss to a queen
If you saw what I seen then
U'll know what I mean
CL beamin thru the dark Just inhale
Then prevail
Talk is cheap so I pay the retail
I make you lose control but I never lose mine
난 신경 쓰지 않아 내게 무얼 누가
Seoul to Paris, New York, 일이 휴가
버킷 리스트 미리 추가 see what you got
Who's Hot? Cherry red attitude
Married to game still 채린 straight gratitude
내릴 줄 모르는 기분 데리고
Roof 때리고 let's it cruise and let them lose

[Outro: CL]
Control","","","","",""
"BOTH KNEE TOUCH THE FLOOR","Kim Ximya","5uHzpZmpyd8LCNo7tU963o","BOTH KNEE TOUCH THE FLOOR","","","","",""
"MOO OOH OOH OOD","Kim Ximya","2v79oMm5DBfGzeHDalQFSD","Game so weak
But the line up is thicker
So washed up
But the show is still on
Too much trash
Think I’m hired as a cleaner
Bunch of sleek little bitches
Give no fucks about your wishlist

Game so weak
But the line up is thicker
So washed up
But the show is still on
Too much trash
Think I’m hired as a cleaner
Bunch of sleek little bitches
Give no fucks about your wishlist

Oh my lord
난 비울줄을 몰라
밑 빠진 용기
난 one big blurred line
Oh my Lord
Yes, that’s what I flow like
Oh my Siddha
여기 와서 이것 좀 봐
Oh my Lord
나는 여기 전부를 좆밥
취급하는 Bad Boy
자기애의 master
Oh my Siddha
여기 와서 이것 좀 봐
Oh my Siddha
They be fucking up my mood

Game so weak
But the line up is thicker
So washed up
But the show is still on
Too much trash
Think I’m hired as a cleaner
Bunch of sleek little bitches
Give no fucks about your wishlist

Game so weak
But the line up is thicker
So washed up
But the show is still on
Too much trash
Think I’m hired as a cleaner
Bunch of sleek little bitches
Give no fucks about your wishlist

Oh my lord
난 비울 줄을 몰라
밑 빠진 용기
난 one big blurred line
Oh my Lord
Yes thats what I flow like
Oh my Siddha
여기 와서 이것 좀 봐
Oh my Lord
나는 여기 전부를 좆밥
Oh my Lord
나는 여기 전부를 좆밥
Oh my Siddha
여기 와서 이것 좀 봐
Oh my Siddha
여기 와서 이것 좀 봐

Game so weak
But the line up is thicker
So washed up
But the show is still on
Too much trash
Think I’m hired as a cleaner
Bunch of sleek little bitches
Give no fucks about your wishlist

Game so weak
But the line up is thicker
So washed up
But the show is still on
Too much trash
Think I’m hired as a cleaner
Bunch of sleek little bitches
Give no fucks about your wishlist","","","","",""
"Runner's High (Feat. Cautious Clay)","Kim Ximya","3X8QQw2gvBtREJM8opnBWZ","[Verse 1]
얼마 안됐어, I hate it
These plastic bitches I get them
It's all about the surface no deeper
망가진 몸으로 뛰는
내가 억지로 들이마시는 신은
맘 닫힌 여자들의 흥분 횟수
딱 그만큼의 비를 내리시지
의미 없는 곡들을 쏟아내는 지랄 오늘 안에도 가능해
바로 구멍 찾기 바빠 돌아갈 맘 없는 새끼들과 다를 게 전혀
Baby, I be running crazy, I'm aiming your head
Yeah, maybe I can
You'd never understand what this money does
All these talking and gossip
물질 앞에 흔들리는 장래는
잔뜩 부풀어버린 배 안으로
부자연스러운 관심을 쑤시지만 우린 알지
Hold up, maybe you should
아니, 제발 알아듣지 말아줘
Cause I was bout to be feeding off of it

[Chorus]

[Verse 2]
Losing, losing, losing
결국에 수식 뿐인 승기는
You know what the bad music used to move with
죄다 하나같이 무늬 뿐인 느낌은
지워 버리기엔 너무 넓게 번져 버렸지, 휘말릴 뿐 (Losing)
If you wanna make it happen
각자의 신이 베푼 대로 걷는 수밖에 (Lost, bitch keep walking)
I don't give a dang (You do give a dang)
숨만 쉬면 돼 (더 많은 걸 원해)
I don't give a shit about that motherfucking money in your bank
I do give a shit, 말은 필요 없지
난 되는대로 살아왔어
15년 이후로 말이 되는 것만 하며
계속 굴러가게끔 은수저로 뒷받침
많이, 많이, 많이 벌길 원해
가물가물 할 뿐 나의 견해
When I'm bout it, bout it, I could make it ugly
계속 걸어 갈 듯 멈춰있는 것에","95.032","0.93","0.643","-6.5829999999999975","0.314"
"Uainrealli (feat. Y2K92)","Kim Ximya","7iB1QmtlrfDfiVbat5RY6k","[Chorus: Jibin]
Earthly nature
死, 다음에 변신
네 머리 뒤에서 쏴댄다, 매우 분명한 fact
아랑곳 않고 걷는 녀석들 아 꺼져
반쯤 아는 것에 만족하는 게으름
제발 기름을 부은 다음
활활 타오르는 불 속
산 제사로 바쳐 그 담에 얻는 ticket
무저갱 입구 암표 판매상의 말론
헐값에 심판을 피할 수 있다고 말 하나

[Verse 1: SIMO]
Spotlight 자존심
이제 또 이 세상을 누군가
자기꺼라 착각할테니까 무언가
어느 쪽이 먼전지 중요치 않아
어제였어 Mayne
내일이라도 마찬가지
Fucking up with the skrewed up foos
내게 기름을 붓고 타오르길 기다리지
침묵과 권총과 동전을 제물로 바쳐 본전
탑을 쌓아봤자 뒤져 Mayne
제멋대로 밀려 Mayne
어긋나서 결국 과거 쪽으로 smaller frame

[Verse 2: Kim Ximya]
On another level, I been pushing pedals
다 좆까는 태도였고 이젠 family matters
나의 흔들림은 기껏해봐야 걍 family feud
너가 흔들릴 때 너의 모든 것이 물거품
You ain't never really ready (Huh)
They be breaking Bro Codes already (Huh)
사람 좋아뵈는 너희 앞에 나는 Bad Cop
말은 존나 많아도 post, 누구가 니 품번이야
I don't fuck with re editions, new editions
You ain't really ready yet

[Chorus: Jibin]
Earthly nature
死, 다음에 변신
네 머리 뒤에서 쏴댄다, 매우 분명한 fact
아랑곳 않고 걷는 녀석들 아 꺼져
반쯤 아는 것에 만족하는 게으름
제발 기름을 부은 다음
활활 타오르는 불 속
산 제사로 바쳐 그 담에 얻는 ticket
무저갱 입구 암표 판매상의 말론
헐값에 심판을 피할 수 있다고 말 하나

[Outro: Jibin]
내게 기름을, 내게 기름을, 내게 기름을 붓지
내게 기름을, 내게 기름을, 내게 기름을 붓지
내게 기름을, 내게 기름을, 내게 기름을 붓지
내게 기름을, 내게 기름을, 내게 기름을 붓지
내게 기름을, 내게 기름을, 내게 기름을 붓지
내게 기름을, 내게 기름을, 내게 기름을 붓지
내게 기름을, 내게 기름을, 내게 기름을 붓지
내게 기름을, 내게 기름을, 내게 기름을","","","","",""
"0 Balance","Kim Ximya","5iXA3gYb5X8nY60zwc7MXb","[Intro]
Get me all the mother fucking catalogues
돈 세고 turn my balance in to 앵꼬
No way, 나는 업계 거의 최고
I fucking spend it like I'm son of Elon Musk

[Verse 1]
Get me all the mother fucking catalogues
돈 세고 turn my balance in to 앵꼬
No way, 나는 업계 거의 최고
I fucking spend it like I'm son of Elon Musk
Oh my God, Buddha I'm a Big Spender

[Verse 2]
Don't know what to do with Loved ones
인생이란 문제 이거 정말 tough one
Bounce the check, now I'm going code zero balance
여기 빌려 저기 앵겨서라도 다 매꿔
아침마다 모닝콜로 보험사 날 찾어
I can pay you back when I get all these fucking rap money","","","","",""
"Drive Slow (feat. Rad Museum)","Kim Ximya","5IKGBT5nv4lEeqGlyCZ205","[Verse 1: Kim Ximya]
Coming up with unrelated metaphors
Just to impress, 난 이제 거의 다 이뤘어
I'm so ahead, 뭘 해도 나에겐 Aftermath
열심히 싸워, 난 싸워온 이유를 잊었어
Drive slow, money making
Money spending, anderoid
오직 감각에 몰아준 내 집중력은 또
다시 나를 시궁창으로 밀어버리네
가슴 아픈 내 매일 내 죄질을 되새김질해 (Drive slow)

[Verse 2: Kim Ximya]
무엇을 위해 사는가는 a pop quiz
준비할 수 없다는 사실에 망연자실
나는 같은 처지에 수많은 친구를 봐
질문은 다 마찬가지 man who is this professor
Drive slow, drive slow homie, 인생 너무 짧아
문제를 한꺼번에 풀고 나면 다음 문제는 찾아와
굳이 내일에 머리 아픔 다 오늘 겪는다면
해치워 버리는 것처럼 느껴도 it don't run out (Drive slow)

[Verse 3: Kim Ximya]
꾸밈 하나없이 사는 것
무리없이 다음 파도를 맞아 철썩이는 무거운 몸
젖어버린 옷을 벗지도 않고 그대로 말려
머린 아파와도 언젠 안 아팠어?

[Interlude: Rad Museum]
Drive slow, no brake, no limit
Feels like I'm driving down
Give me some more energy and power

[Verse 4: Rad Museum]
반짝이는 white headlight
무심한 손안에는 땀이 고여
멀어지는 출발선에 놔두고 온
꿈은 여전히 거기에

[Outro: Rad Museum]
I need to go back to my home
But I can't stop driving on the road
멈추는 법을 모를 때는
눈을 감고 천천히
호흡해 마음 속 깊이
Oh, oh, oh, oh, oh","158.708","0.441","0.482","-10.251","0.326"
"Walking On Thin Ice","Kim Ximya","5Ino5rIXFrzPhR7cwiHoJC","[Intro]
It's a whole another game
When it comes to being yourself

[Verse 1]
Bought a lot of things I guess
Didn't do a thing I guess
나의 만족은 더욱 위에
거의 만져볼 수가 없을지도
Pull a lot of strings I guess
Sleeping on these beats I guess
Sleeping on these new vibes
나는 나의 멋을
I don't believe in taste makers
나는 평생 나의 것을 찾길

[Chorus]
Don't talk about the things you didn't mean
Let's fuck around get something to believe in
넌 얼만큼 너를 믿는지 몰라도 나는 나를 너무 믿어
Talk about the things you wanna believe
Let's fuck around get in trouble for no reason
넌 얼만큼 나를 믿는지 몰라도 나는 나를 너무 믿어

[Verse 2]
Talk about the things you love
Talk about the things you adore
나는 내 길을 걷는 법 터득했어
다시 걸음마를 배운 아이처럼
I'm walking on a thin ice (Yeah)
I'm walking on a thin ice
I'm walking till my knees die","107.873","0.298","0.223","-9.978","0.0369"
"Okay, Dial It Up, Call Me","Kim Ximya","1yW61v72KsF1wVK6HZOgRp","[Verse]
We should flash back to August
When I had plans made for almost
The biggest brand making Komfcore
또 미친 계획을 업어 but they finess like they own it
Bad mood always in the mornings

[Refrain]
난 계속 태업 하는 수비
곧 준비해야해 I'm gone
It's about to blow up like the movies
But you have nothing left to know

[Bridge]
So call me, dial it, ask about it
부끄러울 필요 없지
Call me, dial it (No surprises, no surprises)

[Chorus]
Okay, dial it up, ride with us, call me (Huh)
Okay, dial it up, ride with us, call me (Huh)
Okay, dial it up, ride with us (Uh, yeah)
Okay, dial it up, call me
Okay, dial it up, ride with us, call me (Huh)
Okay, dial it up, ride with us, call me (Huh)
Okay, dial it up, ride with us

[Bridge]
So call me, dial it, ask about it
부끄러울 필요 없지
Call me, dial it, no surprises
So call me, dial it, ask about it
부끄러울 필요 없지

[Refrain]
난 계속 태업 하는 수비
곧 준비해야해 I’m gone
It's about to blow up like the movies
But you have nothing lеft to know

[Chorus]
Okay, dial it up, call me
Okay, dial it up, ride with us, call me (Huh)
Okay, dial it up, ridе with us, call me (Huh)
Okay, dial it up","","","","",""
"Butting on the Glass","Kim Ximya","1C11KbvPNG1nhTMkE9VRjb","[Verse 1]
Butting on the glass
Random people passing
난 또 이렇게 전시 되어버린 느낌이야
Butting on the glass
대화를 원했겠지만
오히려 외통수가 되었지
난 더욱 강한 최면을 나에게 걸어
난 또 벌어
돈은 아무리 따져봐도 essential
뭐든 많아야 좋다는 건 나에겐 덫 같아서
Tainted water, 그 안을 배영하는 나는 태환
Tainted water, but the water maybe taints me more than anyone
Yeah, I love me more than anyone
I don't dream about no major business
평온하게 사는 것, 평온마다 차이는 있겠지만
평범하게 사는 것, 나의 인생은 워낙 파죽지세
마무리만 잘해도 이제 I'm like a God in this bitch

[Verse 2]
I'm like a God in this bitch
I'm like a god in this era
뭘 가져오든지 I'm better
어차피 가져와봐야
내가 데려와줬던 거잖아
I'm like a God in this bitch
I'm like K-Pop culture king
원하는대로 대가리 날려
참수 참수가 취미
방수 방수 내 아우터
방수 방수 나의 바지
사방으로 피가 튀어도
난 깔끔하게 다음 행선지까지","","","","",""
"Don’t Kill, Don’t Spill, Don’t Steal","Kim Ximya","1nZ4gBw63ajqHZHsDpmsyR","[Chorus]
Don't kill, don't spill, don't steal, don't think
That you're enough
Don't kill, don't spill, don't steal, don't think
That you're enough
Don't kill, don't spill, don't steal, don't think
That you're enough

[Verse]
Don't we know that karma is a lil bitch
업보를 높이 쌓아 now I'm on this guillotine
잘 풀리는듯 보이는 내 삶은 아직 XLR처럼
뱁새같은 놈들 덕에 I've been stacking all these kills
I been fighting with the beast, I'm the beast now
I feel like a kid, I don't kid around
Pay my fucking taxes, you don't see the message
중요한 건 균형, all about the way you stage it
Something bad happens, 그 다음에는 좋은 일
Something mad happens, 그 다음에는 천지지변
It's the flow of the nature, 다 비운 마음으로 계속
얻다가 잃다가 무엇에도 과한 애정을 빼고

[Chorus]
Don't kill, don't spill, don't steal, don't think
That you're enough
Don't kill, don't spill, don't steal, don't think
That you're enough
Don't kill, don't spill, don't steal, don't think
That you're enough
Don't kill, don't spill, don't steal, don't think
That you're enough
Don't kill, don't spill, don't steal, don't think
That you're enough
Don't kill, don't spill, don't steal, don't think
That you're enough","","","","",""
"GAWI","Kim Ximya","4MCoUDAuGqhE84TtXFYcfI","I do not pick up the phone bitch I'm busy
터진 내 차 엔진처럼 난 Risky
닿을 듯 아닌 듯 Fuck this teaser
Cut you off like GAWI
I do not pick up the phone bitch you crazy
Missing the points
Know you been shaving
Know you been failing
비워냈어 난 다시
자 다시

I do not pick up the phone bitch I'm busy
터진 내 차 엔진처럼 난 Risky
닿을 듯 아닌 듯 Fuck this teaser
Cut you off like GAWI
I do not pick up the phone bitch you crazy
Missing the points
Know you been shaving
Know you been failing
비워냈어 난 다시
자 다시

Whole lotta snakes 나의 citta
Breaks 나의 trance in to vipassana
나는 정말 그냥 Either
나는 정말 그냥 Either Either
Whole lotta snakes 나의 citta
Breaks 나의 trance in to vipassana
나는 정말 그냥 Either
나는 정말 그냥 Either Either

너에겐 장식 나에겐 방식 나에겐 상식
너에겐 장식 나에겐 방식 나에겐 상식
너에겐 장식 나에겐 방식 나에겐 상식
너에겐 장식 나에겐 방식 나에겐 상식

I do not pick up the phone bitch I'm busy
터진 내 차 엔진처럼 난 Risky
닿을 듯 아닌 듯 Fuck this teaser
Cut you off like GAWI
I do not pick up the phone bitch you crazy
Missing the points
Know you been shaving
Know you been failing
비워냈어 난 다시
자 다시

I do not pick up the phone bitch I'm busy
터진 내 차 엔진처럼 난 Risky
닿을 듯 아닌 듯 Fuck this teaser
Cut you off like GAWI
I do not pick up the phone bitch you crazy
Missing the points
Know you been shaving
Know you been failing
비워냈어 난 다시
자 다시

Whole lotta snakes 나의 citta
Breaks 나의 trance in to vipassana
나는 정말 그냥 Either
나는 정말 그냥 Either Either
Whole lotta snakes 나의 citta
Breaks 나의 trance in to vipassana
나는 정말 그냥 Either
나는 정말 그냥 Either Either

너에겐 장식 나에겐 방식 나에겐 상식
너에겐 장식 나에겐 방식 나에겐 상식
너에겐 장식 나에겐 방식 나에겐 상식
너에겐 장식 나에겐 방식 나에겐 상식","","","","",""
"TALK TO THE HAND","Kim Ximya","4mKfhzJejE6AWBT0KalaiP","Fuck being real that's a test
Siddha knows I don't belong here
So what's the best
Fuck being fresh I’m on other shit
On some other other shit
I let you talk to the hand

Wassup CR
Wassup JB
Wassup Fat Stacks
Wassup NASDAQ

Fuck being real that's a test
Siddha knows I don't belong here
So what's the best
Fuck being fresh I’m on other shit
On some other other shit
I let you talk to the hand

Wassup CR
Wassup JB
Wassup Fat Stacks
Wassup NASDAQ

So Simple
'How you break a man' Starter Pack
You a go getter
Okay go get a snack
They be talking
Shit that they gon take it back

Fuck your feelings
‘Fuck you too’ light bеaming
Loose the ego
Think I’m on anothеr mission
Shift the transmission
I be moving slowmo
Right from the get go
I just wanna Let go

TALK TO THE HAND","99.983","0.908","0.586","-3.2289999999999996","0.539"
"When the Right is Wrong","Kim Ximya","6GZdNxTybs5Z5jBj2dIXOz","[Verse]
Right about time it's a time for change
같은 것을 따라가고 반복해
같은 이유들을 자꾸 상속해
별거 아닌 것에 자꾸 만족해
이미지는 전보다도 훨씬 가엽게
가장 중요한 것들을 빼고 가볍게
오히려 지금이 예전보다 더 맛이 없네
진짜 달고 짠 건 뺐으니 간이 거의 안돼 보여
Maybe I should go and have a talk with the chef
대충 버무린 건 됐어 let me ask what the special is
다들 보수적 that's what I expected
자기애와 물질주의, 처절한 package
Nothing is right, when the right is wrong
사태파악이 안 되니 나의 mind is blown
여기 정말 내가 알던 곳이 맞나 싶어
사이즈 미스가 난 직구처럼 답이 없어
Picking up designer, looking like off the rack
포장되어 버린 도로가 off the track
대충 혼을 내고 대충 다 off you go
생태계는 나의 자리를 남겨둘 이유가 없어
Nothing is right, when the right is wrong
나의 눈에 비친 너흰 clone after clone
And on and on, 끝이 없는 꼬리
I say nothing is right, when the right is wrong","","","","",""
"WAY 2A HEAD","Kim Ximya","4vEI1sDxqzjteNYL9JYkUi","[김심야, Simo Cell ""WAY 2A HEAD"" 가사]

[Verse 1]
Mind state of boxing
New shit unboxing
Know you wanna be foxy
But 내 옆에 너흰 side kick
I be stable as fuck
너희 도로는 Rocky
Can't make the cut
너흰 전부다 in my pocket
My shit so nice
짭이 털어버려 본사를
나이키 안 사 입어도
딱 떨어지는 나의 posture
말도 안되는 짓을 하는
넌 말도 안되게 깝쳐
I'm bout to go harder
But this shit a starter
I'm here in France
Lets fucking dance
I pay my taxes
I waste my advance
Vision so clear
널 꿰뚫어볼땐
I'm way too ahead
I'm way to a head

[Verse 2]
Mind state of boxing
New shit unboxing
Know you wanna be foxy
But 내 옆에 너흰 side kick
I be stable as fuck
너희 도로는 Rocky
Can't make the cut
너흰 전부다 in my pocket
My shit so nice
짭이 털어버려 본사를
나이키 안 사 입어도
딱 떨어지는 나의 posture
말도 안되는 짓을 하는
넌 말도 안되게 깝쳐
I'm bout to go harder
But this shit a starter
I'm here in France
Lets fucking dance
I pay my taxеs
I waste my advance
Vision so clear
널 꿰뚫어볼땐
I'm way too ahеad
I'm way to a head","","","","",""
"FRIENDS GO FOE","Kim Ximya","4RXo0smHrIPDjQRb67LYRv","[Intro]
Money on the line
When you speeding
Money never lie
When you believe it
내가 믿는 건 오로지 기질
너가 없는 게 나의 비밀
얻는 것이 없는 곳은 질려
머리쓰는 놈은 그냥 Steve it
나의 원은 너의 Wannabes
너 가져 One of these
Money on the line
When you speeding
Money never lie
When you believe it
내가 믿는 건 오로지 기질
너가 없는 게 나의 비밀
얻는 것이 없는 곳은 질려
머리 쓰는 놈은 그냥 steve it
나의 원은 너의 wannabes
너 가져, one of these

[Chorus]
All your friends go foe
All your friends go foe
All your friends go foe
All your friends go foe

[Verse]
Money on the line
When you speeding
Money never lie
When you believe it
내가 믿는 건 오로지 기질
얻는 것이 없는 곳은 질려
머리 쓰는 놈은 그냥 steve it
나의 원은 너의 wannabes
너 가져, one of these

[Chorus]
All your friends go foe
All your friends go foe
All your friends go foe
All your friends go foe
All your friends go foe
All your friends go foe
All your friends go foe
All your friends go foe","","","","",""
"Hope You're Doing Well","Kim Seungmin","15D4iY3vp1lO871Ed37joF","[김승민 ""잘 지내길 바래"" 가사]

[Verse 1]
우리만큼은 다르길 바랬죠
서로가 서로에게 한 번 더 ""우린 변하지 말자고""
여러 번 다짐하고는 말했죠
너무 힘이 들어 괴롭다면 그땐 널 웃으며 보내주라고

[Pre-Chorus]
우리 많이 걸었죠 우리 정신없었죠
너를 사랑한단 말이 그게 다가 아니었죠
나는 자랑하는 척 아무것도 아닌 척
절대 못 한다고 말했던 게 엊그제 같았죠
우리 장난 아니었죠 우리 정신없었죠
너를 사랑한단 말은 아직 후회가 되질 않아서
너도 잘 지내기를 바래

[Chorus]
Oh ah 아예 지쳐 있었던 우리 그때 갔던
그곳에 이젠 다른 누군가와 있어
오늘 밤 같이 길 잃었었던 골목길 한켠에 있던
그곳에 너가 이젠 없네

[Verse 2]
많은 상황 바뀔 거야 감정도 변해
결국 동화 같은 이야기 없는 상황에 처해
흐리멍덩하게 맞는 대낮은 아예 반대편의 밤보다
깜깜해 불빛 켜둘 수밖에 없었네
아직도 우린 마음고생 여전해
가라앉기 두려워 각자의 물 퍼내
너가 가져왔던 낯섦 그만큼
그게 또다시 낯설 만큼만

[Verse 3]
그땐 복잡했었다 온종일 싸우고 풀리길 반복해
끝에 남아있는 추억들은 하나둘 날 떠도는 것 같은데
널 완벽하게 기억할 수도 또 지워갈 수도 어떠한 방법 같은 게 난 없어
말을 마음 안에 가둬버린 바람에 멈춘 채 바라볼 수밖에 없어

[Pre-Chorus]
우리 많이 걸었죠 우리 정신없었죠
너를 사랑한단 말이 그게 다가 아니었죠
나는 자랑하는 척 아무것도 아닌 척
절대 못 한다고 말했던 게 엊그제 같았죠
우리 장난 아니었죠 우리 정신없었죠
너를 사랑한단 말은 아직 후회가 되질 않아서
너도 잘 지내기를 바래

[Chorus]
Oh ah 아예 지쳐 있었던 우리 그때 갔던
그곳에 이젠 다른 누군가와 있어
오늘 밤 같이 길 잃었었던 골목길 한켠에 있던
그곳에 너가 이젠 없네","","","","",""
"My pleasure Is That You Ride The Bentley","Kim Seungmin","7DwLpBaYzlV4EQaNMzm9Bs","[김승민 ""내 기쁨은 너가 벤틀리를 끄는 거야"" 가사]

[Verse 1]
Baby, get the message
Life is hard to maintain
Your life is like a tape
가끔은 쉽게 발을 빼
분명 네 꿈 짓밟기 위해
신발을 사는 사람 있을 테니
취소가 불가능해 많은 사람들한테
네 말은 세상 비슷한 걸 테니까
참아야 해 아무 답이 없대
남겨지긴 싫고 떠나는 것도 두려워
사람은 잘만 왔다가 떠나는데
선택지가 있는데 안 좋은 결정했대
난 돈은 그럴 때 쓰려고 버는 건데
난 지켜야만 하는 게 너의 자존심인데
다 지키면서 살 수만은 없기에
답이 없네, 아무 답이 없네

[Pre-Chorus]
집에 오는 bus에서 아이처럼
밖을 쳐다보았겠지만
살짝 독해지는 걸 느껴 어른처럼
짐을 싸고 떠날 거야 even if I lose it all

[Chorus]
Nike를 신고 멀어지는
거지 같은 거리에서
벌어지는 많은 일 괜찮냐 물었어
넌, oh 넌 아이처럼
Maybe or not, maybe or not
혼자 다 참아야만 했나 봐
멀어지는 거지 같은 거리에서
벌어지는 많은 일 괜찮냐 물었어
넌, oh 넌 아이처럼
Maybe or not, maybe or not
혼자 다 삼켜야만 했나 봐

[Verse 2]
넌 늘 아파하고 난 늘 도와주려고만 하지
구해달라 한적 한번 없이 혼자 붕대를 감지
난 네 등 뒤에 있어, 또 등은 손 안 닿고
혼자 낑낑대는 너를 보면 장전된 총
얼굴에 대고 살아가는 것만 같아
넌 나무 위에 올라간 새끼
고양이 같은 거 아니라고
혼자 그냥 두라고, 슬퍼하게 두라고
혼자 슬퍼해서 좋을 건 또 뭔데?
Monday to Sunday, one day to 평생
너가 white frappe나 마시며 수다나 떨길 바래
세월 가면 잊혀질 점수 따위에 연연하지 말고
너의 dice 낮게 나오면 나에게 말해
너의 하루가 매일 행복 일순 없겠지만
내 역할은 그 사실을 부정하는 것
널 다치게 한 하루를 용서하지도 말 것
물밀려 오듯 올 거야 위험은 pied piper
그 위험은 다 나의 것, 넌 알아둬야 해 이걸
언젠간 나 역시도 무너져 버리고 말 거야
이 거지 같은 세상에서 혼자는 불가능하겠지만
그때 가선 너의 가족을 꾸리게 될 거야
너무 좋은 거래엔 항상 거짓이 섞여 있어
사람을 곁에 두되 너무 믿지 말 것
내가 너한테 그랬었던 것처럼 무조건
너의 아이들을 절대적으로 지킬 것","","","","",""
"One, Two (Feat. Punch)","Kim Seungmin","7Ict85eqFVFqUp6ogAjaV1","[김승민 ""하나,둘"" ft. 펀치 가사]

[Verse 1: Kim Seungmin]
우리 많이 사랑했었던
그 시간 속에 나는 아직도
남아있는 것만 같아서
매일매일 괴로워

우리 같이 걷던 거리도
공사 중이라 발을 돌리고
그대로 아름다웠던
우리 추억과 등을 돌렸어

[Pre-Chorus: Kim Seungmin]
나는 되는 중이야 달이, 저 밤하늘에 걸린
밝은 달처럼 나 성공할 거야
생각보다 너를 멀리 떠나보낸 밤이
다시 오지 않도록 약속했잖아

너와 데이트하던 별거 없던
수성 호수 공원에
널 추억하며 담배를
하나 물고 걸어 다녀 거리에
비가 올 때면 투명한 그 조그마한 우산에
붙어있던 게 이제 와서야 나 그리워져

[Chorus: Kim Seungmin]
너와의 추억이 담긴 거리에
남아있는 사랑을 지우려 해
떠나보냈던 너가 이 자리에
잔상처럼 남아서 날 힘들게
I need to go (need to go)
널 지우고 (지우고)
사랑했었던, 행복했었던
추억들을 지우려 해 하나 둘

[Verse 2: Punch]
하나, 둘 널 지워야만 했던
많은 시간들, 난 애썼어
너가 선물했었던 미소가 보이질 않네
내 거울엔 온통

나쁜 표정뿐인 걸
돌아봐요 많은 행적들
혹여라도 네가 전부를
지우려 한다면, 다 치우려 한다면
힘든 척 날 지우는 게

[Pre-Chorus: Punch]
그리도 쉽게 되는 건지
그걸로 괜찮은 건지
넌 정작 내겐 아무 말 안 건넸잖아
마지막조차 등 떠밀듯이

[Chorus: Kim Seungmin]
너와의 추억이 담긴 거리에
남아있는 사랑을 지우려 해
떠나보냈던 너가 이 자리에
잔상처럼 남아서 날 힘들게
I need to go (need to go)
널 지우고 (지우고)
사랑했었던, 행복했었던
추억들을 지우려 해 하나 둘

[Bridge: Kim Seungmin]
못된 일이 우리를
덮치게 놔둔 것만 같아 다
지우고 (지우고) 널 비우면 (비우면)
그건 사랑했었던 걸까?

[Chorus: Kim Seungmin & Both]
너와의 추억이 담긴 거리에
남아있는 사랑을 지우려 해
떠나보냈던 너가 이 자리에
잔상처럼 남아 그게 날 힘들게 해
I need to go (need to go)
널 지우고 (지우고)
사랑했었던, 행복했었던
추억들을 지우려 해 하나 둘","147.92","0.888","0.61","-5.581","0.764"
"10°0' 0° N 118°50 0° E (Feat. ASH ISLAND)","Kim Seungmin","7eFcdt5qY4Vj2KaYnG5NkN","[김승민 ""10°0' 0° N 118°50 0° E"" ft. ASH ISLAND 가사]

[Intro: Kim Seungmin]
일이 틀어지면 백기를 흔들며
이곳을 당장 떠나 돈을 숨겨 두었어
지갑은 그런데 상황 신사답질 못해
만약 가라앉게 된다면 헤엄쳐 나올게

[Pre-Chorus: Kim Seungmin]
초토화 상태야 난
절대 시간은 멈추지 않아
뒤로 갈 일도 없겠거니와
위로받으면 눈물이 나와

[Chorus: Kim Seungmin]
Ah, 우리 그랬었죠
분명 사랑했었죠
어떻게 우리가 우리를 만나 (Yeah)
힘껏 사랑했었죠
실수를 한 것 만 같죠
언젠간 꼭 잘 못 될 테니까

[Verse 1: Kim Seungmin]
쏟아버려 왈칵, 눈 감는 것 만이 여유야
행복은 빨리 지나가, 숨 한번 쉬고 나니까
하늘까지 닿았다면 추락하는 거리까지
비례해서 계산보다 길어질 수밖에
너가 나에게 가르쳐 준 모든 것
연구하고 배웠으며 매달려 살았어
우리 처음 만난 장면 잊은 채로 떠나
World cup 시작, 아무도 기억 못 하는 것처럼

[Pre-Chorus: Kim Seungmin]
초토화 상태야 난
절대 시간은 멈추지 않아
뒤로 갈 일도 없겠거니와
위로받으면 눈물이 나와

[Chorus: Kim Seungmin]
Ah, 우리 그랬었죠
분명 사랑했었죠
어떻게 우리가 우리를 만나 (Yeah)
힘껏 사랑했었죠
실수를 한 것 만 같죠
언젠간 꼭 잘 못 될 테니까

[Verse 2: ASH ISLAND]
넌 이미 알아, 우리 이러다 좆돼
너나 나나 꼭 우리 둘 중에 못된
점이 있는 게 아냐, 뭐가 더 필요해
비록 더 망가진 건 너보단 나 쪽에
이렇게 하다 안 봐도 결과는 뻔해
처음인 거처럼 우린 서로를 도태해
타오를 거 같던 그런 감정은 어디에
위로하는 척은 하지 말아 줘, no thanks
Hey baby 너도 내일엔
공허할 건데 어떡할래 이젠?
덫 위에 있네, 우리가 놓은
모든 것들을 다 피해 가야 돼, yeah
아직도 진심은 여기에 있어
You're the only one
짜피 뒤로 가지도 못할 거
난 지워 이걸

[Pre-Chorus: Kim Seungmin]
초토화 상태야 난
절대 시간은 멈추지 않아
뒤로 갈 일도 없겠거니와
위로받으면 (Shut up)

[Chorus: Kim Seungmin]
Ah, 우리 그랬었죠
분명 사랑했었죠
어떻게 우리가 우리를 만나 (Yeah)
힘껏 사랑했었죠
실수를 한 것 만 같죠
언젠간 꼭 잘 못 될 테니까","","","","",""
"Deep Sea (Feat. BE'O)","Kim Seungmin","1yaEsGauwkaJsu2RO0rFLg","[김승민 ""Deep Sea"" ft. 비오 가사]

[Intro: Kim Seungmin]
I think I'm in the deep sea
Just falling, don't text me any message
저 달이 나를 비추니
I don't need a spotlight

[Chorus: Kim Seungmin]
I think I'm in the deep sea
Just falling, don't text me any message
I'm drowning 저 달이 나를 비추니
I don't need a spotlight 그냥 날 덮어 검정으로
I think I'm in the deep sea
Just falling, don't text me any message
I'm drowning 내 곁을 돌던 빛이
사라진 후에 난 조각나버린 내 맘과 howling

[Verse 1: Kim Seungmin]
I'm just howling down to the moonlight
부서진 듯해 내 마음 전부
너가 떠난 후 내 눈에는 black out
My city drowning like a pool
하얀 연기 자욱한 내 방에
숨 쉴 수 없을 정도로 날 점점 죽여가 매일
I fell in your love 널 사랑했던 깊이가
너무 깊어서 이젠 벗어날 방법도 몰라
Please help me, where you at darling
날 힘들게 해도 좋으니까 just love me
I'm drowning, maybe I'm dying
So bring me 다시 너의 곁에 나를 가둬줘 baby
비 내리는 시간에 가로등 밑에 쓰러져
빗물에 가려진 내 눈물이 흘러내려가
우산을 덮어줄 사람이 없어진 나의 곁에는
그림자만이 날 바라보는데

[Pre-Chorus: Kim Seungmin]
Just falling, don't text me any message
I'm drowning 저 달이 나를 비추니
I don't need a spotlight 그냥 날 덮어 검정으로 tonight

[Chorus: Kim Seungmin]
I think I'm in the deep sea
Just falling, don't text me any message
I'm drowning 저 달이 나를 비추니
I don't need a spotlight 그냥 날 덮어 검정으로
I think I'm in thе deep sea
Just falling, don't text me any mеssage
I'm drowning 내 곁을 돌던 빛이
사라진 후에 난 조각나버린 내 맘과 howling

[Verse 2: BE'O]
더 빠져 deep sea
깊이 미리 알지 못한 silly
날 놓는 거냐며
넌 외쳐 really? really?
그래 우린 헤어져 한 뒤
목이 또 메어 더
밥을 먹어도 체하고
대화도 제한적이게 다 변했어
여자는 많다 위로하면서
일 주는 참어 이 주짼 감옥
삼 주는 말로 못 할 정도로
아팠어 언제쯤 너 없는 나로
과연 지낼 수 있나 생각을 하다
네가 했던 말과 행동 떠올라
불가능하구나

[Verse 3: BE'O]
한 번에 잊는 게 말이 돼?
어디를 가도 네가 있네
바다에 빠진 듯 주위에
아무도 보이질 않고
들리지가 않아
아파
너 없이 맞는 겨울바람 아파
바빠도 상관없이 또 생각나
I miss the hotel room
아직 추억에 살아서 못 깬 꿈
코트 주머니 속 립스틱
아직 못 꺼냈어
다시 줄 수 있으니
이런 핑계라도 댈게 더 더 더

[Chorus: Kim Seungmin]
I think I'm in the deep sea
Just falling, don't text me any message
I'm drowning 저 달이 나를 비추니
I don't need a spotlight 그냥 날 덮어 검정으로
I think I'm in the deep sea
Just falling, don't text me any message
I'm drowning 내 곁을 돌던 빛이
사라진 후에 난 조각나버린 내 맘과 howling","100.004","0.7559999999999999","0.8009999999999999","-9.366","0.405"
"This song (STUDY GROUP X Kim Seungmin, Skinny Brown)","Kim Seungmin","0ZDod3umane8yhiFprEx34","[스터디그룹 x 김승민, Skinny Brown ""이 노래가"" 가사]

[Verse 1]
하루 종일 창가에 기대어 앉아
서서히 변하다 떠난 날
그날을 떠올려 봤어
어쩜 마지막일지도 모르는 이 공간엔
너와 나 무엇 하나
바뀐 게 없는 것 같아서

[Pre-Chorus]
우리를 밀어내는 이런 노래가
날 자꾸 지워내려고만 하잖아
난 잠깐 쉬라고만 전해 듣는데
난 계속 매달리기만 해 바보같이
날 지워내는 이런 노래가
벼랑 끝에 날 밀어내는
노래가 난 이렇게도
싫어지는 이런 노래가
우릴 더 비워내고 일으키잖아

[Chorus]
날 잠깐 놓아버려도 좋아 단 며칠은
떠나가도 좋아 날 망치는
하루 속에 너란 노래가
나를 더 실은 살아나게
도와 이 노래가
날 잠깐 놓아버려도 좋아 단 며칠은
떠나가도 좋아 날 망치는
하루 속에 너란 노래가
나를 더 실은 살아나게
도와 이 노래가 oh 난

[Verse 2]
If I die Chase The Star
그건 우리 소갯말
바보같이도 널 외치고 살아 노랫말
나를 우울하고
기쁜 춤을 추게 해 이 노래가
B와 D 사이 C라 말하더라 누군가
Yeah, I'm in the Cell
어차피 몇 평짜리 위
Two birds in the trap singing
About the Cardi B
You turn onsets off
You turn offsets on
이건 기믹이 아니고 또 아냐
Conceptual
싹 밀어내려고도 했지
날 비우려고도 했지
기억 조각은 다시 돌아와있어
Like I was hacked
Uh 컴퓨터에 만든 수많은 노래
너가 없는걸 찾기 어려워
Thought it was ransomware
너는 신경조차 안 쓰겠지만
아직도 날 울리고 살려 이 노래가
정규 마지막 노래 제목
I'm not fine 근데
I'm fine 에도 참여한 걸 보면
Something's not right

[Pre-Chorus]
우리를 밀어내는 이런 노래가
날 자꾸 지워내려고만 하잖아
난 잠깐 쉬라고만 전해 듣는데
난 계속 매달리기만 해 바보같이
날 지워내는 이런 노래가
벼랑 끝에 날 밀어내는
노래가 난 이렇게도
싫어지는 이런 노래가
우릴 더 비워내고 일으키잖아

[Chorus]
날 잠깐 놓아버려도 좋아 단 며칠은
떠나가도 좋아 날 망치는
하루 속에 너란 노래가
나를 더 실은 살아나게
도와 이 노래가
날 잠깐 놓아버려도 좋아 단 며칠은
떠나가도 좋아 날 망치는
하루 속에 너란 노래가
나를 더 실은 살아나게
도와 이 노래가 oh 난
하루 속에 너란 노래가
하루 속에 너란 노래가
하루 속에 너란 노래가
하루 속에 너란 노래가
날 잠깐 놓아버려도 좋아 단 며칠은
떠나가도 좋아 날 망치는
하루 속에 너란 기억을
거슬러 올라가다
떨어져 버렸나 봐","84.194","0.528","0.541","-7.894","0.3979999999999999"
"HER","Kim Seungmin","2N3gaHiGUQsIFCWn85rFnO","긴 머리 That's a flex
하얀 피부 Did you brag?
잘 어울려 너의 Wang
넌 끌어올려 쟤네 rage

핀 뭐야? That's a flex
Double C, 아래는 RAF
Oh, you got me on the wave

너의 night 시간은 나의 시간이야 하여튼간
또 오늘 날씨 봐 파스톤 계열의
Sky so clear, right?
쟤네의 자신감 or 자의식 과잉 내 관심 밖
Oh oh oh oh oh oh oh oh

너 하나 때문에 난 쫓아 cheddar
Cheese 될 것만 같아 Jerry
5천만 원짜리 시계 찼지만
너 만나면 is not necessary
나 할 수 있어 모든 sacrifice
I'll give you the world if you marry me
말장난 같겠지만 내 말은 더 보다 더

긴 머리 That's a flex
하얀 피부 Did you brag?
잘 어울려 너의 Wang
넌 끌어올려 쟤네 rage

핀 뭐야? That's a flex
Double C, 아래는 RAF
Oh, you got me on the wave

I'm in love with you
I'm fallin' love with you
I'm still in love with you
You know I love it, yeah love it, yeah love it

Laid it out for ya
Now you're closer 네 마음 다 보여
Don't get it twisted, baby you know I'm loyal
Touched down in your lane 안 사고 쳐

이젠 밤엔 아예 폰을 꺼놔 baby
Your faith is stronger than Christian baby
Even dark night 없었겠지 벗길 베일이
Cause I'm 매일 makin' 100과 일

넌 해 business, you arе my business
필요한 게 있담 말만 해
내 사계의 시작은 널 본 후 바로 다음 날
What? 넌 뜻도 몰라도 돼 patience 이나 가난
It's okay if you kill my vibе

You got Beyonce vibes
그래서 연예인들은 재미없대
Eau de toilette 너의 숨결 damn
티끌만 한 고민도 네 옆에 못 두게 할거야
Never (okay)

긴 머리 That's a flex
하얀 피부 Did you brag?
잘 어울려 너의 Wang
넌 끌어올려 쟤네 rage

핀 뭐야? That's a flex
Double C, 아래는 RAF
Oh, you got me on the wave

I'm in love with you
I'm fallin' love with you
I'm still in love with you
You know I love it, yeah love it, yeah love it","82.067","0.394","0.665","-11.567","0.499"
"Drivin’ (Feat. Layone, BIG Naughty)","Kim Seungmin","1x8waytyN4BfxrkuoQsBRT","[김승민 ""Drivin'"" ft. 래원, 서동현 가사]

[Verse 1: Layone]
누나 나 새로운 계약 땄어
적당히 나쁘게 사는 법도 난 배웠어
어디든 가자 피서 더운 여름 피해서
치는 파도들 그 모양 마치 bacon
어제는 라디오 두 탕 뛰고 왔어
자는 시간 아껴서라도 가겠어
어린 티가 팍 근데 시간은 뱀처럼
부드럽게 따라가 놓지 마 내 손

[Pre-Chorus: Kim Seungmin]
Drivin' your home, 데리러 갈게
My love, oh 너 하나 때문에
내 하루를 써도
괜찮아 you’re the one
Phone call, 어디쯤이야
나 이제 골목 끝쯤에
좀 기다렸지 baby 미안해 별이라도
따다 줄까 봐 baby

[Chorus: Kim Seungmin]
Drive the city with the light
하얀 네 손으로 grab my right
시원한 바람이 내 ringtone, 넌 아마 내 glitter
Vroom, vroom 달리자 도로 위로 우린 마치
Dream cross the line
We don't freeze, make a fire
Drive the city with you, don't worry 어쨌든
저 불빛 사이를 달려 baby

[Verse 2: BIG NAUGHTY]
Bentley GT Convertible
계약했지 어머니 몰래 two seater를
너 때문에 땄다고 운전면허를
이제부터 할 게 네 대학교 셔틀을
너는 아무 걱정 안 해도 돼
그냥 벨트만 매면 돼
아니 사실 안 매도 돼
그냥 벌금 내버리면 돼
Any time, any night just hit me up girl
I can do this all day 마치 시빌 워
과제고 나발이고 그냥 give it up for me
Let me drive you to 우리 집으로
Jimmy, jimmy, jimmy, jimmy, young jimmy life
형 노래 들으면서 꺼버리지 headlight
이미, 이미, 이미 시작됐어 green light
없어 의미, 의미 no stop, no break, no red lights

[Pre-Chorus: Kim Seungmin]
Drivin’ your home, 데리러 갈게
My love, oh 너 하나 때문에
내 하루를 써도
괜찮아 you're the one
Phone call, 어디쯤이야
나 이제 골목 끝쯤에
좀 기다렸지 baby 미안해 별이라도
따다 줄까 봐 baby

[Chorus: Kim Seungmin]
Drive the city with the light
하얀 네 손으로 grab my right
시원한 바람이 내 ringtone, 넌 아마 내 glitter
Vroom, vroom 달리자 도로 위로 우린 마치
Dream cross the line
We don't freeze, make a fire
Drive the city with you, don't worry 어쨌든
저 불빛 사이를 달려 baby

[Outro: Kim Seungmin]
Drive the city with the light
Drive the city with the light
Dream cross the line
Drive the city with you
Don't worry 어쨌든 저 불빛 사이를 달려 baby","125.443","0.573","0.64","-5.349","0.7509999999999999"
"Lie (Feat. BIG Naughty)","Kim Seungmin","6H9vbCPubW2x7rD5mMsrJJ","[김승민 ""거짓말"" ft. BIG Naughty 가사]

[Chorus]
Bad thought
I'm in bad thought 머릿속엔 온통
Bad thought 아닌
Bad thought 하게 될 거야 다시
매일 또 다시 매일
또 너의 어쩔 수 없단
말 또 거짓말 또 마지막에 와서까지
말 okay 말 okay 싹 다 거짓말
빨갛게 빨갛게 싹 다 거짓말
파랗게 파랗게 싹 다 거짓말
말 okay 말 okay 마지막에 와서까지

[Verse 1]
신경 쓰여 너의 그 curves
그리고 어쩔 수 없이
우린 안된다는 너의 bullshit
왜 이런 날에도 넌 아름다워 더
너의 눈빛 속엔 이미 내가
지워져있어 yeah, yeah
들켰단 너의 wrinkle check
아님 내가 그렇게 또
생각하는 게 더 편해서
네 말 하나 믿지 않나
봐봐 연기 속에 폰 은폐했지
감 엿 바꿔 먹은 줄 아나 본데
너의 눈빛 속엔 눈빛 속엔
눈빛 속엔 눈빛 속엔

[Chorus]
Bad thought
I'm in bad thought 머릿속엔 온통
Bad thought 아닌
Bad thought 하게 될 거야 다시
매일 또 다시 매일
또 너의 어쩔 수 없단
말 또 거짓말 또 마지막에 와서까지
말 okay 말 okay 싹 다 거짓말
빨갛게 빨갛게 싹 다 거짓말
파랗게 파랗게 싹 다 거짓말
말 okay 말 okay 마지막에 와서까지

[Verse 2]
마지막까지 거짓말로
끝나버린 우리 둘의 관계
나지막하게 개소리하는
네 모습이 난 좀 뭣 같아
지랄하지 마 네가 할 수 있는 건
미안하단 말 밖에
없다고 사실 다 알고 하는 얘기야
미안 다 봤어 어젯밤에
요즘은 이런 노래를 들을 때마다
주인공이 된 듯해
보고 싶은데 볼 수가 없는
이 밤에는 네 향기가 밴 듯해
Fuck that 사랑이란 건 yeah
없대 바람이란 것 yeah
네가 남긴 이 상처가
아물 때까지만이라도
네가 힘들었으면 해 girl
Fucking bad thought
너가 내게 남기고 간
Fucking bad thought
Fucking bad, girl fucking bad, girl
너와 내가 만들어낸
Fucking sad story

[Chorus]
Bad thought
I'm in bad thought 머릿속엔 온통
Bad thought 아닌
Bad thought 하게 될 거야 다시
매일 또 다시 매일
또 너의 어쩔 수 없단
말 또 거짓말 또 마지막에 와서까지
말 okay 말 okay 싹 다 거짓말
빨갛게 빨갛게 싹 다 거짓말
파랗게 파랗게 결국 다 거짓말
말 okay 말 okay 마지막에 와서까지","94.069","0.779","0.541","-5.581","0.501"
"Chase the Star","Kim Seungmin","3pb4DaERV8eAcwRwwCxC3G","[스터디그룹 x 김승민, Skinny Brown ""이 노래가"" 가사]

[Verse 1]
하루 종일 창가에 기대어 앉아
서서히 변하다 떠난 날
그날을 떠올려 봤어
어쩜 마지막일지도 모르는 이 공간엔
너와 나 무엇 하나
바뀐 게 없는 것 같아서

[Pre-Chorus]
우리를 밀어내는 이런 노래가
날 자꾸 지워내려고만 하잖아
난 잠깐 쉬라고만 전해 듣는데
난 계속 매달리기만 해 바보같이
날 지워내는 이런 노래가
벼랑 끝에 날 밀어내는
노래가 난 이렇게도
싫어지는 이런 노래가
우릴 더 비워내고 일으키잖아

[Chorus]
날 잠깐 놓아버려도 좋아 단 며칠은
떠나가도 좋아 날 망치는
하루 속에 너란 노래가
나를 더 실은 살아나게
도와 이 노래가
날 잠깐 놓아버려도 좋아 단 며칠은
떠나가도 좋아 날 망치는
하루 속에 너란 노래가
나를 더 실은 살아나게
도와 이 노래가 oh 난

[Verse 2]
If I die Chase The Star
그건 우리 소갯말
바보같이도 널 외치고 살아 노랫말
나를 우울하고
기쁜 춤을 추게 해 이 노래가
B와 D 사이 C라 말하더라 누군가
Yeah, I'm in the Cell
어차피 몇 평짜리 위
Two birds in the trap singing
About the Cardi B
You turn onsets off
You turn offsets on
이건 기믹이 아니고 또 아냐
Conceptual
싹 밀어내려고도 했지
날 비우려고도 했지
기억 조각은 다시 돌아와있어
Like I was hacked
Uh 컴퓨터에 만든 수많은 노래
너가 없는걸 찾기 어려워
Thought it was ransomware
너는 신경조차 안 쓰겠지만
아직도 날 울리고 살려 이 노래가
정규 마지막 노래 제목
I'm not fine 근데
I'm fine 에도 참여한 걸 보면
Something's not right

[Pre-Chorus]
우리를 밀어내는 이런 노래가
날 자꾸 지워내려고만 하잖아
난 잠깐 쉬라고만 전해 듣는데
난 계속 매달리기만 해 바보같이
날 지워내는 이런 노래가
벼랑 끝에 날 밀어내는
노래가 난 이렇게도
싫어지는 이런 노래가
우릴 더 비워내고 일으키잖아

[Chorus]
날 잠깐 놓아버려도 좋아 단 며칠은
떠나가도 좋아 날 망치는
하루 속에 너란 노래가
나를 더 실은 살아나게
도와 이 노래가
날 잠깐 놓아버려도 좋아 단 며칠은
떠나가도 좋아 날 망치는
하루 속에 너란 노래가
나를 더 실은 살아나게
도와 이 노래가 oh 난
하루 속에 너란 노래가
하루 속에 너란 노래가
하루 속에 너란 노래가
하루 속에 너란 노래가
날 잠깐 놓아버려도 좋아 단 며칠은
떠나가도 좋아 날 망치는
하루 속에 너란 기억을
거슬러 올라가다
떨어져 버렸나 봐","","","","",""
"Abandoned Dog","Kim Seungmin","4n73ls1qXd8SPVFua9GZdo","내가 가지 말라 말을 해도
나도 데려가라 말을 해도
네겐 왈왈, 왈왈
그냥 왈왈, 왈왈

너는 내게 슬픈 표정으로
뭐라 말하고 나는 잘 안 들려
내겐 blah blah, blah blah
그냥 blah blah, blah blah

너는 나의 손을 놓아버리고는 눈치를 봐
눈치 없는 나는 뭐가 문제인지 물어봐
대답 없는 너를 보내줘야 하지만
다시 돌아오지 않을 것 같아 넌 어딘가

너는 나를 혼자 두고 떠날 거야
지금 가도 너가 다시 돌아올 거를 알아

아 너의 향수 냄새가 더 멀어지는데

넌 어디에
밤이면 추워져, 네가 그리워져
혼자 우네, 난 불안해
비라도 오게 되면 나의 목소리 못 들을까 봐

내가 보고 싶다 말을 해도 너는 못 들어
들린다고 해도 나를 향한 싫증만 늘어
나는 왈왈, 왈왈
너는 귀를 치며 아아, 아아

자꾸 나를 싫어하는 시간만 더
늘어나지 전부 내 탓이어서
너무 아파, 아파
너가 듣기에는 왈왈, 왈왈

너는 나의 손을 놓아버리고는 눈치를 봐
눈치 없는 나는 뭐가 문제인지 물어봐
대답 없는 너를 보내줘야 하지만
다시 돌아오지 않을 것 같아 넌 어딘가

너는 나를 혼자 두고 떠날 거야
지금 가도 너가 다시 돌아올 거를 알아

아 너의 향수 냄새가 더 멀어지는데

넌 어디에
밤이면 추워져, 네가 그리워져
혼자 우네, 난 불안해
비라도 오게 되면 나의 목소리 못 들을까 봐

가지 말라고 아무리 소리를 질러도
아직 아무런 준비가 안된 나라 했어도
네겐 왈왈, 왈왈
그냥 왈왈, 왈왈

남은 잔향까지 손에 들어
돌아오지 않는 여행 떠난다는
널 어떻게 배웅하겠어?

제발 너의 향수 냄새가 더 멀어지는데

넌 어디에
밤이면 추워져, 네가 그리워져
혼자 우네, 난 불안해
비라도 오게 되면 나의 목소리 못 들을까 봐

비라도 오게 되면 나의 목소리를","","","","",""
"Lovin' (Feat. Han Yo Han)","Kim Seungmin","3M2ttw7ucRZFMjBDtOHwkI","[김승민 ""Lovin'"" feat. 한요한 가사]

[Verse 1: Kim Seungmin]
모두가 앞다퉈 날 꼴통이라 부르더라
긴 시간이 지남 떠날 그 흑백 톤의 사람들만
더는 하루가 하루 같지 않아 넘어지는 난 보여 하늘만
자로 잰 듯한 까칠함이 너에게 또 영향을 줄까
벼랑 끝에 선 주제에 제멋대로 군다더라
긴 터널 끝에 닿아도 다음 터널을 거야
에휴 하여간 쉽지 않아 지켜 내기가 그 약속 하나
다시 잘못되어 어딘가 크게 고장 날 거야

[Chorus: Kim Seungmin, Han Yo Han]
But I’ve been lovin’, lovin’, lovin’ you (too long)
Lovin’, lovin’, lovin’ you
Lovin’, lovin’, lovin’ you (too long)
Lovin’, lovin’, lovin’ you
이 세상 그 어떤 하나도
너 같을 순 없음을 알아 둬
나 많이 엉망인 걸 알아도
For love, because I love you girl

[Verse 2: Kim Seungmin]
우리 돈을 벌어도 지하는 못 벗어났기에
그 찰나의 순간이 아닌 나날을 탓했어
좋지 않대 표피에는 결절이 왔대
지난날 목 놓아 네 이름 불렀던 게 다인데
넌 세상 가졌지만 맞부딪칠 동전이 없어
수중엔 몇 억 터무니없이 돈 부족해
너가 눈 감을 때까지 끝날 때까지는
쇼미 2치는 간 게 아냐 아직 갈 때까지
난 더한 짓 하지 그 과정서 몇 번을 더 헤맬지도
실수투성이 맛 갔다고 새끼 제정신이 아니라고
해도 벌 거야 모든 화폐의 돈
Don’t let the bedbugs bite all night long
사랑해 줘 단 한 번도 상처받지 않은 것처럼

[Chorus: Kim Seungmin, Han Yo Han]
But I’ve been lovin’, lovin’, lovin’ you (too long)
Lovin’, lovin’, lovin’ you
Lovin’, lovin’, lovin’ you (too long)
Lovin’, lovin’, lovin’ you
이 세상 그 어떤 하나도
너 같을 순 없음을 알아 둬
나 많이 엉망인 걸 알아도
For love, because I love you girl

[Verse 3: Han Yo Han]
어제는 많이 잤는데도
또 잠에 들고 싶더라
더는 짖지도 않는 개처럼
이젠 받아들였나 봐
두꺼운 사슬을 내 목에 몇 번을 간고
너를 향해 뛸 수 없게 자물쇠를 굳게 잠가버려
날 불쌍해 말아
원래 여기가 내 자리였을 테니까
뒤도 돌아보지 말고 도망가
불이 난 것처럼
착해빠진 성격부터 바꿔 다
너만 매일 아파
실수투성이 맛 갔다고
새끼 제정신이 아니라고 해도
다시 나를 한번 안아줘 baby
Still can’t stop lovin’ you 너이기에

[Chorus: Kim Seungmin, Han Yo Han]
But I’ve been lovin’, lovin’, lovin’ you (too long)
Lovin’, lovin’, lovin’ you
Lovin’, lovin’, lovin’ you (too long)
Lovin’, lovin’, lovin’ you
이 세상 그 어떤 하나도
너 같을 순 없음을 알아 둬
나 많이 엉망인 걸 알아도
For love, because I love you girl

[Outro: Han Yo Han]
이 세상 그 어떤 하나도
너 같을 순 없음을 알아 둬
나 많이 엉망인 걸 알아도
For love, because I love you girl","123.572","0.94","0.44","-2.057","0.858"
"Halfway Off The Rooftop","Kim Seungmin","6hhiqcbZAA0LX6wHzUHNNV","외대 옥상에서 저 별을 봐
떨어지는 별들이 내 맘을 달래
너는 어떤 곳을
바라보고 있을까 궁금해 난

새벽 공기는 맑은데 복잡해 마음
타 들어가는 담배에 공기는 탁해
너의 사진에 불을 붙여
연기 속에 담아 내 마지막 밤

우리 처음 만난 곳에서
지나가는 별을 세고 있어
너가 날 안았던
그 시간을 떠나보내며

외대 옥상에서 너의
사진들을 불태워 make a fire
외대 옥상에서 떠나가는
저기 별들에 내 마음을 담어

널 잊으려 담배를 피우면서
연기에 너를 담아 보내
외대 옥상에서 너와
마지막 인사를 나눠 done 안녕

난 되고 싶었어, 저 밤 하늘의 별
어두운 밤 하늘 속에 너만을 위해서
거리를 비추는 가로등처럼
이제는 비출 필요가 없기에

구름 뒤로 숨을래, 하늘 위로 피터팬
어릴 적의 동화처럼 결말이 행복해 보이게
보내줘 네 ending, you make me selfish
내가 품은 흉터가 몇 갠데 괜찮겠지

근데 자꾸 후회가 돼 나 없이 잘 살고 있던 널
그 거지 같던 찰나에 나와 사랑에 빠지게 둬서
행복이나 빌어주자 남자답게 근데 넌
그 많은 환자는 돌보면서 왜
난 아프게 만드는 거야?

이렇게 서서히 죽어가는 거야
넌 나의 시작이었다 저물어가는 끝인 거야
너의 언니처럼 세상 모든걸
다 갖게 해주고 싶었어
돈 따윈 넘쳤지만 그럴 자격만 없었던 거야

우리 처음 만난 곳에서
지나가는 별을 세고 있어
너가 날 안았던
그 시간을 떠나보내며

외대 옥상에서 너의
사진들을 불태워 make a fire
외대 옥상에서 떠나가는
저기 별들에 내 마음을 담어

널 잊으려 담배를 피우면서
연기에 너를 담아 보내
외대 옥상에서 너와
마지막 인사를 나눠 done 안녕","","","","",""
"Half of Me","Kim Seungmin","6PamJ2UnSulqQh7ctzSxzu","[김승민, RYUL, 래원, 오르내림 & Cosmic Boy “반틈” 가사]

아마 다 지나갔나 봐 좋은 날이
더 이상은 안 나와 좋은 말이
코앞까지 다가왔나 봐 종말이
넌 나를 혼자 남겨두고 멀리 떠나가니까
Why? 갑갑한 이 세상 속 홀로 여기 남아
내 삶 속에서 반틈 떼 집어낸 네가
나가는 걸 보고 있어
시간은 여전히 너무나 빠른
또 우리에게는 색다른
그 공허함마저 잇따른
좀 들어보라고 내 말을
날 선 단얼 골라 또 자르지
그 두 동강 나버린 마음은
꿰맬 수는 없지만 it's alright
It will be okay, not today, but tomorrow, yeah
It will be okay, not today, but tomorrow, yeah, yeah
지켜주는 거, 서롤 보살피는 거
영원을 기약했던 그때
돌변하는 너, 멀리 떠나는 너
또 넌 거짓말만 하네
애타는 심장은 그 많은 날들을 더 괴롭히고서는
멀리, 이내 멀리 사라져만 가
반을 떼어낸 것처럼
네 집 앞거리 가로등 불 밑
발자국만 점점 늘었지
괜찮다는 너의 말이 내 맘을 오려내
젖은 신발, 식은 커피에 내 하루가 다 지나가도
우린 늘 그랬던 것처럼 괜찮아질 거야
평소 그랬던 것처럼 내 곁에는 너만 없다
이 허전함이 익숙하면
약속이 적힌 종이들은 이젠 쪼가리 같아
네 목에 생긴 점처럼
I'm fine, don't hug me tight
세게 안고 떠나가려는 눈빛 하지마
I'm fine, don't bite me inside
그 반에 솜이라도 채워놓고 떠나줄래
난 마지막이라 눈물 안 참았는데
넌 마지막이라며 왜 괜찮아
마저 하지 못한 말이 많아
너무해 매정해 너무해
지켜주는 거, 서롤 보살피는 거
영원을 기약했던 그때
돌변하는 너, 멀리 떠나는 너
또 넌 거짓말만 하네
애타는 심장은 그 많은 날들을 더 괴롭히고서는
멀리, 이내 멀리 사라져만 가
반을 떼어낸 것처럼
원래부터 이랬던 거 같아 이 집안이
차가워 그래서 필요해 조명은
따듯한 색깔이 잠이 잘 올 듯한 향기
디퓨저도 이제 꺼내 놓아야지 yeah
이제야 나네 실감이 절반이 비어버린 방의 빈칸이 yeah
빤히 바라보고 있을 때 아무런 말이 안 나오던데
난 안 입는 옷처럼 낡은 따듯함이었나
날이 풀리면 잊혀지듯 당연한 걸까 봐
걱정돼 네가 아니면 안 돼
다른 거로 채워도 전부 거짓말이 돼서
간지러운게 부풀고 있어 보푸라기
내 표정에 티가 나네 솜털같이
지켜주는 거, 서롤 보살피는 거
영원을 기약했던 그때
돌변하는 너, 멀리 떠나는 너
또 넌 거짓말만 하네
애타는 심장은 그 많은 날들을 더 괴롭히고서는
멀리, 이내 멀리 사라져만 가
반을 떼어낸 것처럼","140.217","0.265","0.401","-7.403","0.257"
"Outside Your House","Kim Seungmin","4dXmss2kPuMWPOM7Cx13kq","[김승민 ""거릴 걷다 보니 너의 집 앞이네"" 가사]

[Verse 1]
어떻게 넌 밤보다 진한?
그 어두운 표정 짓나
골목길 그 불빛 따라
너가 떠날 때가 됐나 봐
텅 빈 너가 없는 거리에
날씨는 맑은 적이 없는데
근데 그 외롭던
우리의 끝을 지나서

[Pre-Chorus]
저 멀리
떠나는 너도 얼마나
한 발 내딛는 게 어려웠을까?
시간 지나도
괜찮을 수가 없어
어떻게 널 잊을 수가 있겠어?

[Chorus]
까만 밤이 지나고
내 곁을 떠나간대도
나는 너를 부르겠지만
이 멀어진 세상 앞에
뻔한 밤이 지나고
네 곁에 돌아간대도
이 밤은 나를 부르겠지만
거릴 걷다 보니 너의 집 앞이네

[Verse 2]
Yeah, I can't feel, 그 어떤 아픔이
어떤 감정이 엉망인지를 모르고
그런 너를 모르고
다시 날 어루만져 달란 내 목소리
너는 들을 수가 없지만
내가 너를 떠나가지 못하게
또 너를 추억하지 못하게 해

[Pre-Chorus]
붕 떠있는 시계와
이질적인 이 변화
붙어있었던 널 어떻게
잘라 낼 수가 있겠어?

[Chorus]
까만 밤이 지나고
내 곁을 떠나간대도
나는 너를 부르겠지만
이 멀어진 세상 앞에
뻔한 밤이 지나고
네 곁에 돌아간대도
이 밤은 나를 부르겠지만
거릴 걷다 보니 너의 집 앞이네

[Bridge]
Woah-woah-woah-oh
Woah-woah-woah-oh
Na-na-na-na-na
다시 너의 집 앞이네
Woah-woah-woah-oh
Woah-woah-woah-oh
Na-na-na-na-na
다시, 다시 너의 집 앞이네

[Chorus]
까만 밤이 지나고
내 곁을 떠나간대도
나는 너를 부르겠지만
이 멀어진 세상 앞에
뻔한 밤이 지나고
네 곁에 돌아간대도
이 밤은 나를 부르겠지만
거릴 걷다 보니 너의 집 앞이네","","","","",""
"12:45 (Our Secret Diary X Kim Seungmin, Cosmic Boy)","Kim Seungmin","6ouTnX0kt4EiXtiDlPXBjn","[Verse 1]
I've never felt this way before
Cause you're still the one that I adore
계속해 떨어져왔어 널 볼 때마다
진실은 아프단 말로부터 힘껏 도망가
얼마나 시간 지나야
너가 날 이해할 수 있는지
한참을 바램 속에서

[Pre-Chorus]
It's 12:45 and all these sleepless nights
서로 깨어 있던 늦은 밤
넌 너의 얘길 해, 난 하나씩 너의 얘길 주워 담아
너가 밝아 생겨난 나였어 항상
I can't even stay
But You been running through my mind
I can give it all up
Give it all up for you

[Chorus]
In the night I think your smile
Can you be mine
여전히 밝은 네 표정이 그리워
내 맘은 다 너로 비롯된 거야
I'll be your star all night
여전히 밝게 빛나 줄게
I'll be a all for you
All for you tonight
Bright light in your love

[Verse 2]
선을 넘어 길을 잃을지도 몰라
추억을 흔적 같게 해 가는 길목마다 놓아도
우린 반복해 이 선택 잘못된 길 만을 골라
괜찮아 하늘도 실수를 할 테니까
어둠에 헤맬 때면 밝혀줘 빛
따라갈게 그 길
You got to lock me up and throw away the key
Don't set me free, 이 계절이 또 한 번 변해도

[Pre-Chorus]
난 계속해서 너만 생각나
해 뜨도록 잠들지 못하던 밤
사랑은 같은 동길 마련해 주지만
이젠 동기가 우리를 역으로 다뤄 그게 안타까워
I can't even stay
But You been running through my mind
I can give it all up
Give it all up for you

[Chorus]
In the night I think your smile
Can you be mine
여전히 밝은 네 표정이 그리워
내 맘은 다 너로 비롯된 거야
I'll be your star all night
여전히 밝게 빛나 줄게
I'll be a all for you
All for you tonight
Bright light in your love

[Bridge]
같은 아침을 맞이하는 것도 난
다시 이 시간의 끝을 넘어
그 어둠마저 꺼져도
너와 난, 너와 난
그 자리 위 같은 곳에

[Chorus]
In the night I think your smile
Can you be mine
여전히 밝은 네 표정이 그리워
내 맘은 다 너로 비롯된 거야
I'll be your star all night
여전히 밝게 빛나 줄게
I'll be a all for you
All for you tonight
Bright light in your love","","","","",""
"Gyeongsan-si","Kim Seungmin","2XdZkoQYRyn0KNcz0B9Thx","자랑스럽진 않지만 다섯 번째 전화하는 밤
다시 너에게 갈 수 있다고 난 대구일 거야
수성못을 지나 신세계 앞을 지나
경산 너네 집 그 앞이야
오늘 너에게 애쓰는 걸 그만둬야 할 거야

So y'all done for real?, that's over real quick
잘 가란 말 대신 서로를 안아줬으니

결국 오늘 밤부터 말아먹게 된 거지 뭘, life

모든 게 끝났지만 여전히 너와의
약속만이 남아 날 괴롭게 해
이제 너 없이 내가 견뎌 내야 할 시간이 많아
어디를 가든지 내 피부엔
너의 Deep Breath 닿아
드러난 내 치부엔 난 전과 비슷해
너는 나의 나침반, 너가 없어진다면
너무 멀리 갔는지 어떻게 알겠어?

매일 이별하며 살아가는
우리인데 괜찮은 걸까?
수많은 이야기가 가득 담긴 것 같은 눈
그걸 머금고만 있는 세상 가까웠던 입술
어느 뭐 하나 이제는 닿지 않아
울고 있던 너 마냥 내 눈에서는 피가 나
어쩜 나의 일부는 아직 네 가방에 들었나 봐

So y'all done for real?
That's over real quick
자기야 나 상처투성이야 나 좀 고쳐줘

멋진 하루가 지나면
다시 제자리로 again

모든 게 끝났지만 여전히 너와의
약속만이 남아 날 괴롭게 해
이제 너 없이 내가 견뎌 내야 할 시간이 많아
어디를 가든지 내 피부엔
너의 Deep Breath 닿아
드러난 내 치부엔 난 전과 비슷해
너는 나의 나침반, 너가 없어진다면
너무 멀리 갔는지 어떻게 알겠어?

조카 둘은 힘이 든다고
정말 다음번엔 둘 다 데려온다며
튀어나온 내 입을 막았던
버릇 나빠지기 쉬워 다 사주지 말자고
언니가 알면 네가 안 말리고
뭐 했을 거냐고

화폐 단위를 모르겠다고
종이의 집 달러 찍는 장면 나올 때 면
아 잠깐 방금 오빠
노래 안의 가사 한 줄 본 것 같애
그거 다 네 얘기였는데 이제 난 어떡해

모든 게 끝났지만 여전히 너와의
약속만이 남아 날 괴롭게 해
이제 너 없이 내가 견뎌 내야 할 시간이 많아
어디를 가든지 내 피부엔
너의 Deep Breath 닿아
드러난 내 치부엔 난 전과 비슷해
너는 나의 나침반, 너가 없어진다면
너무 멀리 갔는지 어떻게 알겠어?","","","","",""
"Unreachable (Feat. Milena)","Kim Seungmin","3L0ipvNeREfCAJWCPaweUu","[김승민 ""수월경화"" ft. 밀레나 가사]

[Verse 1: Kim Seungmin]
난 결국 너를 지워내야만 하나봐
너무 예뻤던 나머지 닿을 수 없다
저 하늘 위로 손을 뻗어 너에게 닿게
넌 비웃듯이 손만을 내밀어 어떻게
하면 저 앞으로 나아갈 수 있을까
자각몽이 현실이라면 또 어떨까
신이 있다면 세상을 반으로
접어줘 나 그녀에게 닿게끔 말야

[Pre-Chorus: Kim Seungmin]
이 추운 날 아지랑이가 피어오르는 듯하다
흐릿하게 난 네 실루엣과 인사를 나눈 뒤 널 찾아가

[Chorus: Kim Seungmin]
넌 강에 비친 달, 거울 속에 비친 꽃
마치 신기루 넌 닿을 수가 없는걸
You shimmered in my eyes, flavor like a reddy rose
네 향기를 쫓아 가면 사라지는걸
저 강에 비친 너를 볼 때면
차가운 강이 따듯해 보여
거울에 비친 너를 볼 때면
현실에 나를 없애 저 거울 속에 들어가고파

[Verse 2: Kim Seungmin]
거울 속에 너를 쳐다보다 다시 또
입체적인 빨간 너를 담은 거울에
손을 올려 평평한 유릴 만져
이 거울이 작은 조각이 되고 피가 번져
부수면 ""너가 나올 줄 알았어""라고
혼자 되뇌이며 줍는 이 조각 사이로
너가 비춰 나 진짜 이제 지쳐
만지지도 못하게 날이 서서 날 미치게 만들어

[Pre-Chorus: Kim Seungmin]
이 추운 날 아지랑이가 피어오르는 듯하다
흐릿하게 난 네 실루엣과 인사를 나눈 뒤 널 찾아가

[Chorus: Kim Seungmin]
넌 강에 비친 달, 거울 속에 비친 꽃
마치 신기루 넌 닿을 수가 없는걸
You shimmered in my eyes, flavor like a reddy rose
니 향기를 쫓아 가면 사라지는걸
저 강에 비친 너를 볼 때면
차가운 강이 따듯해 보여
거울에 비친 너를 볼 때면
현실에 나를 없애 저 거울속에 들어가고파

[Bridge: Milena]
닿을 수 없게
니가 닿지 못하게
멀리서 너를 바라보는게
내가 할 수 있는
전부일 거라고
그렇게 날 위로 하고
널 위로 하고
그렇게 널 뒤로한 채 떠나

[Outro: Kim Seungmin & Milena]
넌 강에 비친 달, 거울 속에 비친 꽃
마치 신기루 난 닿을 수가 없어
넌 이런 내가 안 보이나 봐
창밖엔 비가 와, 비가 와서 흐린 날이
우리 내면에 또 자리 잡는 순간
비우는 게 잘 안된다 난","99.997","0.612","0.8140000000000001","-6.021","0.433"
"All Day","Kim Seungmin","4E9kCEWanRaTiaMlyCni7M","[김승민 ""Drivin'"" ft. 래원, 서동현 가사]

[Verse 1: Layone]
누나 나 새로운 계약 땄어
적당히 나쁘게 사는 법도 난 배웠어
어디든 가자 피서 더운 여름 피해서
치는 파도들 그 모양 마치 bacon
어제는 라디오 두 탕 뛰고 왔어
자는 시간 아껴서라도 가겠어
어린 티가 팍 근데 시간은 뱀처럼
부드럽게 따라가 놓지 마 내 손

[Pre-Chorus: Kim Seungmin]
Drivin' your home, 데리러 갈게
My love, oh 너 하나 때문에
내 하루를 써도
괜찮아 you’re the one
Phone call, 어디쯤이야
나 이제 골목 끝쯤에
좀 기다렸지 baby 미안해 별이라도
따다 줄까 봐 baby

[Chorus: Kim Seungmin]
Drive the city with the light
하얀 네 손으로 grab my right
시원한 바람이 내 ringtone, 넌 아마 내 glitter
Vroom, vroom 달리자 도로 위로 우린 마치
Dream cross the line
We don't freeze, make a fire
Drive the city with you, don't worry 어쨌든
저 불빛 사이를 달려 baby

[Verse 2: BIG NAUGHTY]
Bentley GT Convertible
계약했지 어머니 몰래 two seater를
너 때문에 땄다고 운전면허를
이제부터 할 게 네 대학교 셔틀을
너는 아무 걱정 안 해도 돼
그냥 벨트만 매면 돼
아니 사실 안 매도 돼
그냥 벌금 내버리면 돼
Any time, any night just hit me up girl
I can do this all day 마치 시빌 워
과제고 나발이고 그냥 give it up for me
Let me drive you to 우리 집으로
Jimmy, jimmy, jimmy, jimmy, young jimmy life
형 노래 들으면서 꺼버리지 headlight
이미, 이미, 이미 시작됐어 green light
없어 의미, 의미 no stop, no break, no red lights

[Pre-Chorus: Kim Seungmin]
Drivin’ your home, 데리러 갈게
My love, oh 너 하나 때문에
내 하루를 써도
괜찮아 you're the one
Phone call, 어디쯤이야
나 이제 골목 끝쯤에
좀 기다렸지 baby 미안해 별이라도
따다 줄까 봐 baby

[Chorus: Kim Seungmin]
Drive the city with the light
하얀 네 손으로 grab my right
시원한 바람이 내 ringtone, 넌 아마 내 glitter
Vroom, vroom 달리자 도로 위로 우린 마치
Dream cross the line
We don't freeze, make a fire
Drive the city with you, don't worry 어쨌든
저 불빛 사이를 달려 baby

[Outro: Kim Seungmin]
Drive the city with the light
Drive the city with the light
Dream cross the line
Drive the city with you
Don't worry 어쨌든 저 불빛 사이를 달려 baby","78.671","0.704","0.519","-5.754","0.454"
"Be Okay","Kim Seungmin","3vgmgQaJm40kRvDDCeOpkJ","[김승민 ""Be Okay"" 가사]

[Verse 1]
널 비워내야 한다니
이럴 줄은 몰랐어
넌 뒤 안 돌고 간다
뒷모습마저 낭만이었다
그 짧은 찰나의 영원함에 안주했던 꼴이라니
등신이 따로 없네 참나
추해 망가지지 마
한번 수도꼭지 열리면 넌 여배우 뺨치게 울거니까

[Chorus]
It's alright, be okay
It's alright, yeah be okay
It's alright, I’ll be alright
It's alright, be okay
It's alright 술에 취해 거릴 맴돌아도
나 이렇게 또 저렇게 기다리다 보면 be okay

[Verse 2]
돈이 전부랬던 과거 다행히 돈이 많아
건강 없음 말짱 꽝, 입안에 pills 많아
비록 이렇게 혼자가 됐대도
Walt Disney에 가도 너만한 공주들 많아
추해 망가지지 마
한번 수도꼭지 열리면 난 애새끼 뺨치게 울거니까

[Chorus]
It's alright, be okay
It's alright, yeah be okay
It's alright, I’ll be alright
It's alright, be okay
It's alright 술에 취해 거릴 맴돌아도
나 이렇게 또 저렇게 기다리다 보면 be okay

[Verse 3]
돈이 전부래서 돈 벌었는데 돈이 다가 아니래
기분전환으로 품 내주던 여자들은 진심이 아니래
나 이렇게, 그저 그렇게 버티다
꼭 한 번은 무너지겠지만
무뎌지게 그대로 뒀어
잔해 속에서 기지개 켰어
기억들도 어디 흐르게 걍 냅둬 녹게
남았다면 복잡한 패턴도 채워놓을게
열어볼 수 없게 먼지 쌓인 구석 한 켠에
짐이 되어 떠날 때마저 난 잊어낼게
Okay baby, so let me get this straight
이번엔 전과 같지 않단 것도 알 테니 yeah
망할 하루 당분간 이어진대도
시간이 지나면 아마 더

[Chorus]
It's alright, be okay
It's alright, yeah be okay
It's alright, I’ll be alright
It's alright, be okay
It's alright 술에 취해 거릴 맴돌아도
나 이렇게 또 저렇게 기다리다 보면 be okay","109.909","0.482","0.648","-8.998","0.357"
"Song (Feat. Han Yo Han)","Kim Seungmin","6FoIibxckGhCrtrDZZ3tEE","[김승민 ""노래"" ft. 한요한 가사]

[Chorus: Kim Seungmin]
이 모든 게 다 날 지나쳐가서
길을 잃은 아이처럼 방황한다면
넌 노래를 불러줘
내 노래를 불러줘
내 모든 게 결국에는 가라앉아서
빛이 보이지 않는 곳에 내가 있다면
넌 노래를 불러줘
내 노래를 불러줘 my baby

[Verse 1: Kim Seungmin]
Yeah, 마음이 못돼 처먹었나 봐
Yeah, 나쁜 생각을 좀 하고 있어
다들 얘는 또 왜 이래?
난 매일 이래 yeah
난 매일 이래 yeah
Yeah, 속이 완전히 꼬였나 봐
Yeah, 괜히 벽을 한 대 치며 걸어
말려주면 또 왜 이래?
난 매일 이래 yeah
난 매일 이래 yeah

[Pre-Chorus: Kim Seungmin]
받아야 할 만한 게 없나 봐
어쩜 뺏기는 게 편한가 난?
아마 나만 덜 자랐나 봐
그냥 여기까지인가 봐라는 생각이 들어
아니면 운이 좋아 온 걸지도 더
Someday I'll fade away
그전에 come on baby
Come on be my day

[Chorus: Kim Seungmin]
이 모든 게 다 날 지나쳐가서
길을 잃은 아이처럼 방황한다면
넌 노래를 불러줘
내 노래를 불러줘
내 모든 게 결국에는 가라앉아서
빛이 보이지 않는 곳에 내가 있다면
넌 노래를 불러줘
내 노래를 불러줘 오게 my baby

[Verse 2: Han Yo Han]
추락하는 나를 사랑하지 말아줘
웃으면서 나를 왜 또 다시 안아줘
내 마음속엔 불안만이 가득해
부서진 나를 바라보니 넌 어때
날 그냥 가라앉고 죽게 냅둬
왜 내게 숨을 주고 손을 내밀어?
난 나를 포기하려는 행동을 할 때
뜨겁게 나를 돌이키고
니 옆에 날 서있게 해
이제 깊은 심해 속엔 따듯함이 찾아오네
이 외로움 속에서
너와 나를 창조시킨 노래가
우린 많이 괴로웠고
서로를 회복시키고 너와 나를 지켜
깊은 외로움에 니가 다시 오네
이 슬픈 아픔에 전부를 바친 우리 노래
이제 다시 위로 올라가 볼게
떠올리면 너 때문에 여기까지 왔네

[Chorus: Kim Seungmin]
이 모든 게 다 날 지나쳐가서
길을 잃은 아이처럼 방황한다면
넌 노래를 불러줘
내 노래를 불러줘
내 모든 게 결국에는 가라앉아서
빛이 보이지 않는 곳에 내가 있다면
넌 노래를 불러줘
내 노래를 불러줘 my baby

[Outro: Kim Seungmin]
다들 기름 없이 멀리 가길 원해
엎어지면 코 닿을 거리에서
I'm wander right now, yeah
어디선가 이 장면 본 거 같아
다시 같은 실수를 반복할 거 같데
다 무너진 후에야
하늘 올려다본다니까 우린
하루쯤은 그냥 뒤처져도 난","118.237","0.441","0.3720000000000001","-11.394","0.0538"
"One, Two (Feat. Punch)","Kim Seungmin","54rGyf8W22CzFhQWlMAM4g","[김승민 ""하나,둘"" ft. 펀치 가사]

[Verse 1: Kim Seungmin]
우리 많이 사랑했었던
그 시간 속에 나는 아직도
남아있는 것만 같아서
매일매일 괴로워

우리 같이 걷던 거리도
공사 중이라 발을 돌리고
그대로 아름다웠던
우리 추억과 등을 돌렸어

[Pre-Chorus: Kim Seungmin]
나는 되는 중이야 달이, 저 밤하늘에 걸린
밝은 달처럼 나 성공할 거야
생각보다 너를 멀리 떠나보낸 밤이
다시 오지 않도록 약속했잖아

너와 데이트하던 별거 없던
수성 호수 공원에
널 추억하며 담배를
하나 물고 걸어 다녀 거리에
비가 올 때면 투명한 그 조그마한 우산에
붙어있던 게 이제 와서야 나 그리워져

[Chorus: Kim Seungmin]
너와의 추억이 담긴 거리에
남아있는 사랑을 지우려 해
떠나보냈던 너가 이 자리에
잔상처럼 남아서 날 힘들게
I need to go (need to go)
널 지우고 (지우고)
사랑했었던, 행복했었던
추억들을 지우려 해 하나 둘

[Verse 2: Punch]
하나, 둘 널 지워야만 했던
많은 시간들, 난 애썼어
너가 선물했었던 미소가 보이질 않네
내 거울엔 온통

나쁜 표정뿐인 걸
돌아봐요 많은 행적들
혹여라도 네가 전부를
지우려 한다면, 다 치우려 한다면
힘든 척 날 지우는 게

[Pre-Chorus: Punch]
그리도 쉽게 되는 건지
그걸로 괜찮은 건지
넌 정작 내겐 아무 말 안 건넸잖아
마지막조차 등 떠밀듯이

[Chorus: Kim Seungmin]
너와의 추억이 담긴 거리에
남아있는 사랑을 지우려 해
떠나보냈던 너가 이 자리에
잔상처럼 남아서 날 힘들게
I need to go (need to go)
널 지우고 (지우고)
사랑했었던, 행복했었던
추억들을 지우려 해 하나 둘

[Bridge: Kim Seungmin]
못된 일이 우리를
덮치게 놔둔 것만 같아 다
지우고 (지우고) 널 비우면 (비우면)
그건 사랑했었던 걸까?

[Chorus: Kim Seungmin & Both]
너와의 추억이 담긴 거리에
남아있는 사랑을 지우려 해
떠나보냈던 너가 이 자리에
잔상처럼 남아 그게 날 힘들게 해
I need to go (need to go)
널 지우고 (지우고)
사랑했었던, 행복했었던
추억들을 지우려 해 하나 둘","147.92","0.888","0.61","-5.581","0.764"
"Blame (Feat. Chan)","Kim Seungmin","7kIKIsLBLGMWZxWuDffixb","[김승민 ""탓"" ft. 찬 가사]

[Chorus: Kim Seungmin]
걔 탓이야, 뭔 자비야
서로 사랑한 동안
널 울린 때가 많잖아
난 같이 울어 줄 수도 있어
밖이야, 넌 어디야
당장 만나러 와
널 울린 게 또 걔잖아
한 세 번쯤 더 만나면 너와 난

[Verse 1: Kim Seungmin]
넌 괜히 화를 내
시간 낭비했던 널 인정하는 게
당장은 힘들 거야 다 알아
너가 이 긴 드라마에 빠져 있는 동안
걘 네 조각짜리 사진에 목숨 걸었다고
널 사랑이 아닌 자랑으로써 여겼다는
말이 어렵게 느껴질 이유가 없는데
너 빼고 모두가 다 아는데
너는 지쳤어
멀어지는 법도 몰라
더는 뭐가 손해인지도 몰라
그 새낀 아니라고 차라리 내가 oh my god
나 잠시 미쳤어
계획에 없던 말을 골라
더 모질게 뱉고선 다시 후회로 집 돌아와
연습하지 다시 혼잣말
사실 전부 다

[Chorus: Kim Seungmin]
걔 탓이야, 뭔 자비야
서로 사랑한 동안
널 울린 때가 많잖아
난 같이 울어 줄 수도 있어
밖이야, 넌 어디야
당장 만나러 와
널 울린 게 또 걔잖아
한 두 번쯤 더 만나면 너와 난

[Verse 2: Chan]
그대로 come to me now
쓰리긴 할 거야
걱정마 hold you tight
걔 탓이라니깐
너를 놔두는 게 아닌 것 같아서
더욱 미뤄두기 싫어
알아
너도 이젠
반복되는 것을 지겨워해
나라고 다를 건 아닌데
다르고 바른 사람 일 것처럼 너에게 말을 해
Cuz I want you to back
걔 탓이야 아니, 내 탓이야

[Chorus: Kim Seungmin]
걔 탓이야, 뭔 자비야
서로 사랑한 동안
널 울린 때가 많잖아
난 같이 울어 줄 수도 있어
밖이야, 넌 어디야
당장 만나러 와
널 울린 게 또 걔잖아
이번에 만나면 넌","94.998","0.692","0.75","-6.18","0.659"
"MIA","Kim Seungmin","7pQDMCdLyKTfUBqdGkw0CF","[김승민 ""MIA"" 가사]

[Verse 1]
""Can I really trust you?"" 질문하는 너를 두고 잠깐 문자
확인하려 했다 제길 앞에 말이 뭐였을까?
""너가 없인 한 숟갈을 뜨는 것도 못해""
라는 생각이 내 앞에 김치볶음밥에 보였네
자기야 우리 그러지 말고 동네 앞 좀 돌까?
근데 그녀는 혼자래 내 침묵이 또 답장
이 되어 버려서 미안해
이 되어 버려서 미안해

[Pre-Chorus]
What the 젠장 이게 무슨 일이람
너를 위해 해야 했던 일이라
했을 뿐인데
넌 길을 잃었데
나침반은 개뿔 계속 짐만 되고 있데
이인삼각인 줄 알았더니 혼자여서 밉데
끝 되어버려서 미안해
끝 되어버려 넌 MIA네

[Chorus]
너의 집 앞 근처 어디쯤이야
너와 몇 번 돌아보지 못한 거리가
결국 네겐 미로였고 끝내 MIA 돼서 미안해 yeah
너무 복잡해서 아파 머리가
길을 잃어 앉아 울던 곳 이 어디야?
아마 네겐 기로였을 테고 MIA 돼서 미안해

[Verse 2]
너 떠나는 날 잡지 말아 달란 너가 했던 유일한 부탁
여자의 언어였던 걸까 아님 진심이었을까
철저하게 혼자돼버렸어 보기 좋게
죽을 것 같음이 견뎌지긴 하는 상태
자기야 아니 뭐라고 널 부르는 게 좋을까?
그때 했던 말에 앞이 진짜 대체 뭐였을까?
뭐가 중요해 난 MIA인데
뭐가 중요해 난 MIA인데

[Pre-Chorus]
What the 젠장 이게 무슨 일이람
너를 위해 해야 했던 일이라
했을 뿐인데
우린 길을 잃었네 sorry
짐짝인 줄 알았지 거머리 같은 거래
추억이란 단어조차 생각 안 나 억울하데
재도 안 남아서 미안해
아니 불붙은 적은 있을까 싶네

[Chorus]
너의 집 앞 근처 어디쯤이야
너와 몇 번 돌아보지 못한 거리가
결국 네겐 미로였고 끝내 MIA 돼서 미안해 yeah
너무 복잡해서 아파 머리가
길을 잃어 앉아 울던 곳 이 어디야?
아마 네겐 기로였을 테고 MIA 돼서 미안해

[Outro]
Yeah-eh-eh
Yeah-eh-eh
Yeah-eh-eh
Yeah-eh-eh
Yeah-eh-eh
Yeah-eh-eh
Yeah-eh-eh
Yeah-eh-eh","84.912","0.685","0.534","-6.082","0.445"
"BLUE EYES","Kim Seungmin","4rhC56fk9HKcA0vT83H3um","천 번에 하나 너가 받아줄 테면
나 술 한 잔에 담아서라도 말 걸 텐데

I see your blue eyes
혼자 너에게로 돌아
돌아 너에게로
혹 천 번에 하나 너가 받아줄 테면

Narration

천 번에 하나 너가 받아줄 테면
나 술 한 잔에 담아서라도 말 걸 텐데

I see your blue eyes
혼자 너에게로 돌아
돌아 너에게로
난 너에게로
난 너에게로 가

운전대를 잡았지만 십자가를
까먹은 것만 같아 난
왜 아직까지 헤어 나오질 못하나?
넌 많은 냉정함 나에게는 하나 없나 봐

파도에 쓸려 내려간 것처럼
이젠 움켜쥐어보려 해도 세어 나가네
흔적까지 남은 게 없어서 나
혼자, 또 혼자 돌아가려 하네

너가 어디에 있는진 나 알 것 같은데 왜
뭐 하냐는 메세지 안에는 말 한번 못하는데
너에게 예전같이 달리질 못하겠는 게
나 한심해, 나 한심해

천 번에 하나 너가 받아줄 테면
나 술 한 잔에 담아서라도 말 걸 텐데

I see your blue eyes
혼자 너에게로 돌아
돌아 너에게로
난 너에게로
난 너에게로 가","188.067","0.51","0.77","-5.469","0.533"
"Unreachable (feat. Milena)","Kim Seungmin","4hHIKPMrkukqNBA377ddgI","[김승민 ""수월경화"" ft. 밀레나 가사]

[Verse 1: Kim Seungmin]
난 결국 너를 지워내야만 하나봐
너무 예뻤던 나머지 닿을 수 없다
저 하늘 위로 손을 뻗어 너에게 닿게
넌 비웃듯이 손만을 내밀어 어떻게
하면 저 앞으로 나아갈 수 있을까
자각몽이 현실이라면 또 어떨까
신이 있다면 세상을 반으로
접어줘 나 그녀에게 닿게끔 말야

[Pre-Chorus: Kim Seungmin]
이 추운 날 아지랑이가 피어오르는 듯하다
흐릿하게 난 네 실루엣과 인사를 나눈 뒤 널 찾아가

[Chorus: Kim Seungmin]
넌 강에 비친 달, 거울 속에 비친 꽃
마치 신기루 넌 닿을 수가 없는걸
You shimmered in my eyes, flavor like a reddy rose
네 향기를 쫓아 가면 사라지는걸
저 강에 비친 너를 볼 때면
차가운 강이 따듯해 보여
거울에 비친 너를 볼 때면
현실에 나를 없애 저 거울 속에 들어가고파

[Verse 2: Kim Seungmin]
거울 속에 너를 쳐다보다 다시 또
입체적인 빨간 너를 담은 거울에
손을 올려 평평한 유릴 만져
이 거울이 작은 조각이 되고 피가 번져
부수면 ""너가 나올 줄 알았어""라고
혼자 되뇌이며 줍는 이 조각 사이로
너가 비춰 나 진짜 이제 지쳐
만지지도 못하게 날이 서서 날 미치게 만들어

[Pre-Chorus: Kim Seungmin]
이 추운 날 아지랑이가 피어오르는 듯하다
흐릿하게 난 네 실루엣과 인사를 나눈 뒤 널 찾아가

[Chorus: Kim Seungmin]
넌 강에 비친 달, 거울 속에 비친 꽃
마치 신기루 넌 닿을 수가 없는걸
You shimmered in my eyes, flavor like a reddy rose
니 향기를 쫓아 가면 사라지는걸
저 강에 비친 너를 볼 때면
차가운 강이 따듯해 보여
거울에 비친 너를 볼 때면
현실에 나를 없애 저 거울속에 들어가고파

[Bridge: Milena]
닿을 수 없게
니가 닿지 못하게
멀리서 너를 바라보는게
내가 할 수 있는
전부일 거라고
그렇게 날 위로 하고
널 위로 하고
그렇게 널 뒤로한 채 떠나

[Outro: Kim Seungmin & Milena]
넌 강에 비친 달, 거울 속에 비친 꽃
마치 신기루 난 닿을 수가 없어
넌 이런 내가 안 보이나 봐
창밖엔 비가 와, 비가 와서 흐린 날이
우리 내면에 또 자리 잡는 순간
비우는 게 잘 안된다 난","99.997","0.612","0.8140000000000001","-6.021","0.433"
"Gas Station (Feat. DEREK & Skinny Brown)","Kim Seungmin","5b1JaDIiuFxAhZ9x0wOmzT","[김승민 ""주유소"" ft. DEREK, 스키니 브라운 가사]

[Verse 1: Kim Seungmin]
You think I'm crazy, I think I'm love you
늦은 밤 주유소에서 전화기를 들고
기름 다 넣으면 차랑 전화기 챙겨서
말했잖아 지금 네게 간다고
And I call you, you don't answer the phone
누가 전화기를 훔쳐 간 듯한 너의 행동도
다 이해할 테니 난 뭘 더 어쩌지?
기어의 방향이 너의 집 쪽이지
Damn, I must be famous
사진 찍자 하지 않고는 못 배겨
망할 이미지는 짐이지 다 챙겨서
19번째 도로 근처 위 어디야

[Chorus: DEREK]
When I ring a bell 넌 그냥 몸만 오면 돼
Cause you know inside my head
난 너만 가득 차있기에
Oh 단 한 번만 널 다시 바라보면 돼
Cause back in days we smile
마주 보기만 해도
I think you better stay in home
Oh no I can't take it no more
Don't no where to go
Oh no I can't take it no more
I think you better stay
Oh no I can't take it no more
Don't know where to go
Oh no I can't take it no more

[Verse 2: Skinny Brown]
Oh, you think I'm crazy?
Baby okay, let's get used to it
니 옆에 내가 아니라면
Imma get his ass whoop
널 태우고 달린다 했잖아
With a new coupe
I was thinkin' bout next move
같이 잡고서 핸들
Please, pick up the phone, baby
너의 집 까진 long way
If I drop these coins 박을지 몰라 tollgate
Yeah, she drives me crazy
내 마음은 가지 wrong place
너가 원한다면 난 내 인생까지 줄게
So come outta door baby
I can be your true man
Hoes can't give me a head
내 머린 너로 차있기에
끝을 본 것만 같겠지 baby
Someone said
Every finish-line is
The begining of the new race

[Chorus: DEREK]
When I ring a bell 넌 그냥 몸만 오면 돼
Cause you know inside my head
난 너만 가득 차있기에
Oh 단 한 번만 널 다시 바라보면 돼
Cause back in days we smile
마주 보기만 해도
I think you better stay in home
Oh no I can't take it no more
Don't no where to go
Oh no I can't take it no more
I think you better stay
Oh no I can't take it no more
Don't know where to go
Oh no I can't take it no more

[Verse 3: Kim Seungmin]
날 믿게 되면 킬 거야 이 밤을
I could share this place with you
날 부수던가 잡아 오늘 밤
I don't altogether agree with you
Don't forget to bring your mind with you
Don’t let your imagination
Run away with you
잘 알지도 못하는 나쁜 여자들이 사진 보내
넌 마음에 멍들겠지만
정당화했다 다시 crazy
너무 멀리 와있었는지
오늘 밤도 새어야만 하나 봐

[Chorus: DEREK]
When I ring a bell 넌 그냥 몸만 오면 돼
Cause you know inside my head
난 너만 가득 차있기에
Oh 단 한 번만 널 다시 바라보면 돼
Cause back in days we smile
마주 보기만 해도
I think you better stay in home
Oh no I can't take it no more
Don't no where to go
Oh no I can't take it no more
I think you better stay
Oh no I can't take it no more
Don't know where to go
Oh no I can't take it no more

[Chorus: DEREK]
When I ring a bell 넌 그냥 몸만 오면 돼
Cause you know inside my head
난 너만 가득 차있기에
Oh 단 한 번만 널 다시 바라보면 돼
Cause back in days we smile
마주 보기만 해도
I think you better stay in home
Oh no I can't take it no more
Don't no where to go
Oh no I can't take it no more
I think you better stay
Oh no I can't take it no more
Don't know where to go
Oh no I can't take it no more","151.004","0.5539999999999999","0.779","-7.81","0.848"
"Drivin' (Feat. Layone, BIG Naughty)","Kim Seungmin","0RvBLaujbbruFj6T3hdlVA","[김승민 ""Drivin'"" ft. 래원, 서동현 가사]

[Verse 1: Layone]
누나 나 새로운 계약 땄어
적당히 나쁘게 사는 법도 난 배웠어
어디든 가자 피서 더운 여름 피해서
치는 파도들 그 모양 마치 bacon
어제는 라디오 두 탕 뛰고 왔어
자는 시간 아껴서라도 가겠어
어린 티가 팍 근데 시간은 뱀처럼
부드럽게 따라가 놓지 마 내 손

[Pre-Chorus: Kim Seungmin]
Drivin' your home, 데리러 갈게
My love, oh 너 하나 때문에
내 하루를 써도
괜찮아 you’re the one
Phone call, 어디쯤이야
나 이제 골목 끝쯤에
좀 기다렸지 baby 미안해 별이라도
따다 줄까 봐 baby

[Chorus: Kim Seungmin]
Drive the city with the light
하얀 네 손으로 grab my right
시원한 바람이 내 ringtone, 넌 아마 내 glitter
Vroom, vroom 달리자 도로 위로 우린 마치
Dream cross the line
We don't freeze, make a fire
Drive the city with you, don't worry 어쨌든
저 불빛 사이를 달려 baby

[Verse 2: BIG NAUGHTY]
Bentley GT Convertible
계약했지 어머니 몰래 two seater를
너 때문에 땄다고 운전면허를
이제부터 할 게 네 대학교 셔틀을
너는 아무 걱정 안 해도 돼
그냥 벨트만 매면 돼
아니 사실 안 매도 돼
그냥 벌금 내버리면 돼
Any time, any night just hit me up girl
I can do this all day 마치 시빌 워
과제고 나발이고 그냥 give it up for me
Let me drive you to 우리 집으로
Jimmy, jimmy, jimmy, jimmy, young jimmy life
형 노래 들으면서 꺼버리지 headlight
이미, 이미, 이미 시작됐어 green light
없어 의미, 의미 no stop, no break, no red lights

[Pre-Chorus: Kim Seungmin]
Drivin’ your home, 데리러 갈게
My love, oh 너 하나 때문에
내 하루를 써도
괜찮아 you're the one
Phone call, 어디쯤이야
나 이제 골목 끝쯤에
좀 기다렸지 baby 미안해 별이라도
따다 줄까 봐 baby

[Chorus: Kim Seungmin]
Drive the city with the light
하얀 네 손으로 grab my right
시원한 바람이 내 ringtone, 넌 아마 내 glitter
Vroom, vroom 달리자 도로 위로 우린 마치
Dream cross the line
We don't freeze, make a fire
Drive the city with you, don't worry 어쨌든
저 불빛 사이를 달려 baby

[Outro: Kim Seungmin]
Drive the city with the light
Drive the city with the light
Dream cross the line
Drive the city with you
Don't worry 어쨌든 저 불빛 사이를 달려 baby","125.443","0.573","0.64","-5.349","0.7509999999999999"
"New Kings","Keem Hyo-Eun","2SXmcvPunWNXunWuGOeSsh","[Intro: JUSTHIS]
JUSTHIS 정복하고 구원

[Verse 1: JUSTHIS]
Ay, I'm just a little skinny kid
Who chillin' with OG's and legends
And I love my life, 사랑하는 사람들이 늘어 계속
얘넨 다 전시용, 난 전시 상황용
난 키보드 말고 아무 일도 없었어
존나 알려주고 싶어져
The second usage of microphone
니 대가리에 굴절이 생기는 상상 계속 해
Hater들이 세를 낸 내 머릿속 내 방처럼 mess
But that's why I'm the threat for the rap game
That I've never played, yah
난 게임 안 해, 게임 하는 놈들로 게임하지
걔네 집 방에다 캠을 설치하고 나가서 놀다 밤에 일하지
인기는 걔네 엄마한테 다 드리고 난 돈만 share할게
약 먹고 예술하는 나보다 예민한 미친년들아
골라봐 문장, 까봐라 줄창
어차피 안 바뀌어, 내가 명반을 냈다는 사실
신발만 보고 지랄 해라, 어차피 걷는 건 내 발
가는 곳은 다 내 맘 전체를 봐, 남는 건 형제야
이제 주변 둘러보고 tell me
Who the where the fuck am I

[Chorus: The Quiett]
Yo, 받아들여 이건 새 시대
Seoul city let's fuckin get it
내가 최고가 아니기엔
이 세상 모든 것이 너무 낮아 나에겐
We the new kings in this fuckin rap game
We the new kings in this fuckin rap game
We the new kings in this fuckin rap game
We the new kings in this fuckin rap game

[Verse 2: Young B]
I'm from D started from the street that' oldschool
어떤 crew 건 우리앞에 붙히면 난 죽일 수 밖에
없는 건 태도 처음 에 본대로
D-squad on the block, 못 와 절대로
발악해 봤자 Spotlight은 내게 쏠리지 (I'm Eighteen)
어른인척 하는 형 누나들 앞에 올인
내가 깔아놓은 덫에 걸린 넌 먹이
다 이뤄놓은 척 하는 애 놀리는 맛 들렸지
중간쯤에 rappers 흔하게 있는 fan
Instagram selfie man, follow수가 너네 swag
더 높은 곳에 설 순간이 이제
여태까지 온 것 같이 금방이게
I'll Run, 죽기 전 뱉을 flow, 모두가 one하고
Two 외치기전에 I'm done
Y-O-U-N-G-B, 형들 앞 입 닫았던 내 모습은 없어
On the top, 엘레베이터 없이 내 방식대로

[Chorus: The Quiett]
Yo, 받아들여 이건 새 시대
Seoul city let's fuckin get it
내가 최고가 아니기엔
이 세상 모든 것이 너무 낮아 나에겐
We the new kings in this fuckin rap game
We the new kings in this fuckin rap game
We the new kings in this fuckin rap game
We the new kings in this fuckin rap game

[Verse 3 : 김효은]
Yo, 다시 돌아왔지, 계속 더 올라가지 그들을 향해
마음으로 본 것들, 눈을 감네, 기대해 모두들 나에게
조금은 강해, 보여줘, 다시 한 번, yo
그때완 달러 제대로 잘 봐둬
난 저 높이 그들 옆에서 꿈을 꿔
너흰 내 음악이 나옴 춤을 춰
가까이 있지만 먼 마냥 우러러 보는 별
날 향해 손을 뻗어, 때론 유성처럼 내 몸을 던져
다음 새벽을 기다릴 시간도 없네, 어쩜 마지막 기회
그저 너흰 자신감이 돼, 정말 도덕산 아래가 시작이네
정상까지 바라봐, 내 믿음을 따라가 날 막아 봤자
이젠 그리 높지 않은 니들 벽, 쓰러뜨려, dominoes
좋은 그림 하나 마지막에 남기고 잔인한 상상이 곧
너에게 현실이 될 때 준비됐네, 정말로 기대 돼

[Chorus: The Quiett]
Yo, 받아들여 이건 새 시대
Seoul city let's fuckin get it
내가 최고가 아니기엔
이 세상 모든 것이 너무 낮아 나에겐
We the new kings in this fuckin rap game
We the new kings in this fuckin rap game
We the new kings in this fuckin rap game
We the new kings in this fuckin rap game","76.004","0.817","0.558","-3.619","0.429"
"Come Back","Keem Hyo-Eun","2TyhDq6bTmFuEwmKSW1Zua","[Chorus: Leellamarz]
You said to me 우리 영원히
Come back to me, come back to me
You said to me 우리 영원히
Come back to me, come back to me

[Verse 1: Keem Hyo Eun]
너는 내게 영원하자고 말했어
근데 너는 지금 대체 날 두고 어딨어?
나 이제서야 오로지 널 위해 돈 벌어
차라리 이대로 내 심장도 같이 썩어
Come back to me, 우리 영원히
난 다 줬지, 안 돼, 너 없인
나는 이미 너무 많은 것을 잃었어요
너 뿐인 것처럼
우리 이렇게 끝나버리는 건 안 돼요
I said no, no, no

[Chorus: Leellamarz]
You said to me 우리 영원히
Come back to me, come back to me
You said to me 우리 영원히
Come back to me, come back to me

[Verse 2: Hash Swan]
그대 나는 역시 그대를 잊어버린 걸까요
혹시 잊어버린 그때부터
정말로 잃어버린 걸까요
영원한건 영원한건 없단 사실뿐이라 하죠
もう話すのがぎこちなくなった。おはよう
깊이감 조차 없는 파도 앞에 난 멍해져요, oh, oh
기다린단 말을 해버렸지, 참 못됐어요

[Verse 3: Skinny Brown]
You said 'I'll be by your side till the last come'
아니 끝나도 우린 함께 하쟀어
넌 반을 잘라내는 게 쉽니, just say something
기억이 날 죄고 받아내려 해 Ransom
Left off uh but no one right
Uh, 센 척 못해, cuz I'm not fine
뒤돌아 보지 못한 책임일까 나의
But you said to me, yeah, 한 발짝 못가 자리에
원해 너가 다시 오길 stuck to me like glue
너에게서 너를 뺏겨버렸어, that's stupid
돌아간 길을 안다면 갔겠지, no clues
할 말이 이것 뿐이란 게 슬퍼, come back to me

[Chorus: Leellamarz]
You said to me 우리 영원히
Come back to me, come back to mе
You said to me 우리 영원히
Come back to me, comе back to me","167.412","0.563","0.296","-5.58","0.267"
"XXL","Keem Hyo-Eun","5Tym9X0OrYDhWLqX2X5qEa","[Verse 1: 김효은]
나이만 쳐 먹은 래퍼들이 진지해
이 어린 놈의 침대가 토해 젖비린내
그 위 쌓인 돈 냄새나 맡고 질식해
재미로 네 똥 차도 뺏을 거야, GTA (skrt)
눈에 띄니 치어버려, uh
네가 죽치고 있어 이 게임 안에
차라리 The Quiett 제외 shut the fuck up
제외 내가 떠받드는 몇 명, 더 방심하다 쳐 맞지 uppercut
너는 아냐 병신아, 좆까, 짜릿해, 콜라
지 얘긴지 몰라, 숨겨 와사비 초밥
Deepflow, 농담, 내가 그의 목발
Fuck your 도발, 다시 그의 총알이 돼버려, 빵

[Hook: Deepflow]
내 step two, four에 맞춰 걸어, 걸어
38 배기팬츠처럼 헐렁, 헐렁
Boom bap, kick, snare, neck breaker, breaker
꺾어, 꺾어, 이제 다 고개 꺾어, 꺾어, yeah
이건 XXL
I break ya break ya neck
이건 XXL
다 고개 꺾어, 꺾어, yeah
이건 XXL
I break ya, break ya neck
이건 XXL

[Verse 2: 김효은]
파도 타고 휩쓸러 가, 팔목인 양 꺾이라고
판돈은 쥘 수 있겠냐? 판 돈은 너네 요양비
팝콘이나 사 먹던지 (yeah)
이쯤에서 나도 터져버린 다음 튀
Lie, lie, lie, lie, lie, 내 속옷 안에 두 개쯤은 더 있다고 bomb
예쁜이가 덤비니 잠 못 이루는 밤
다 이뤄버리고 이거 그냥 내 거 팜
Ay, ay, 그래 봤자들 못 감당해, uh
두려워나 해라 산사태, uh, 꼿꼿이 세워 내 발사대, uh
돼줄 일은 없지 빵빠레, uh, 이미 준비 됐냐, 혹시 cake?
발버둥 쳐봤자 오리배, fuck it, 돈이나 더 내놔
내 거북선 party 안 태워 썅 노인네

[Hook: Deepflow]
다 고개 꺾어, 꺾어, yeah
이건 XXL
I break ya, break ya neck
이건 XXL
다 고개 꺾어, 꺾어, yeah
이건 XXL
I break ya, break ya neck
이건 XXL

[Verse 3: Dok2]
Reppin’ Illi-ambition, we gettin em money
자, microphone check 하나, 둘
TV에 누가 또 나와서 지리는 척하니 랩 한다고?
내가 나오면 다 burrow, 네 마이크나 버려, 빨리 내놓으라고
래퍼란 놈들 다 귀여운 척 아님 예쁜 짓 여길 다 배려놨군
니들이 여기서 깔보는 효은인 적어도 가짜 힙합은 안 해
난 쇼미더머니 그딴 거 보지 않아, 누가 나오든 간에
TV 안에 잘 나가봤자 현실에선 다들 어딜 가니?
목에 힘 빡 주고 머리 컸던 니들 요즘 밥은 챙겨 먹고 사니?
Audemars on my wrist iced, tennis chain on my neck cost
여기 상금보다 큰 내 장신구들과 내 옷
네가 누구든 간에 늘 엿 먹으란 태도
불국사 바로 내 고향, 다음 집은 저기 west coast

[Hook: Deepflow]
내 step two, four에 맞춰 걸어, 걸어
38 배기팬츠처럼 헐렁, 헐렁
Boom bap, kick, snare, neck breaker, breaker
꺾어, 꺾어, 이제 다 고개 꺾어, 꺾어, yeah
이건 XXL
I break ya, break ya neck
이건 XXL
다 고개 꺾어, 꺾어, yeah
이건 XXL
I break ya, break ya neck
이건 XXL","98.807","0.7040000000000001","0.935","-5.157","0.682"
"PAE","Keem Hyo-Eun","4ZTrQfnM9VE2cr7WyWRDz3","[김효은, 차붐 & 이케이 ""패"" (ft. 넉살 & 딥플로우) 가사]

[Hook: 넉살]
까, 보여줄게 내가 가진 패, 패, 패
니들 돈 다 뺏어, yeah, yeah, yeah
우린 밑 장 안 빼, 빼, 빼
다 퉤, 퉤, 퉤, 다 패, 패, 패
All in 내가 가진 패, 패, 패
니들 돈 다 뺏어, yeah, yeah, yeah
우린 밑 장 안 빼, 빼, 빼, 다 퉤, 퉤, 퉤

[Verse 1: Deepflow]
그럼 내 패를 까볼게, 누가 못 까불게
다 구라나 나불대고 식은땀을 빼, 난 걍 학을 떼
판돈이 double 되고 딴 내 몫을 담을 땐
혓바닥 숨겨 말 없게, 개평은 따로 떼
인생은 도박이고 맛이 달콤한 건 잭팟
누군 독박 쓰고 상위 소수점의 대박
누군 때가 돼 그 때란 바로 지금일지 누가 앎
패를 까보자 자, 누가 왕? 누가 왕? 119
다 따먹어버려 온통 맛집, 맛집
우린 그녀들 없이도 홍콩 갔다 왔지
자, 한 탕 쳐보자고, Los 몫까지 챙겨 담아
여긴 triple seven, 몹쓸 노다지

[Verse 2: 김효은]
게놈들을 깔아 뭉개놓고 패, 내 목소리로
숨죽여 놓고 꺼내지 다음 패
뜨고 싶어 타려고 해 우리와 한 배, 넉살도 좋게
우리는 Deep 하게 더 가라앉아, bish
감히 조종도 못 한다고 이 거북선, ay
감당하라고 이 전투력, ay
수위만 높아져 더욱 더, ay
수위만 높아져 더욱 더, ay
니들 태양도 곧 저물어, ay
파도가 넘치니 겁을 먹네
고추 뗀 새끼들은 fuckin' suck 내 꺼나 빨게 하고 팽
다시 네 세상을 엿 먹이고 쏴대 bang
네 여왕님은 무서운 줄도 알지 핵
병신 이해를 못 해
고개나 끄덕거리면서 궁금하시지 내 눈동자가 퀭

[Hook: 넉살]
까, 보여줄게 내가 가진 패, 패, 패
니들 돈 다 뺏어, yeah, yeah, yeah
우린 밑 장 안 빼, 빼, 빼
난 퉤, 퉤, 퉤, 다 패, 패, 패
오늘 내가 가진 패, 패, 패
니들 돈 다 뺏어, yeah, yeah, yeah
우린 밑 장 안 빼, 빼, 빼, 다 퉤, 퉤, 퉤

[Verse 3: 차붐]
Ready for war, yo, 베팅해 네 credit card
Chopping 해, 이 16bars with, ya
Honesty 묻고 double로 가
I'm a playa, so I'm playin this til'
월요일부터 24/7, 쫄리면 뒤지든 빠염
I lovin this 쉿, I'm so good at this 쉿
죽이지 손에 든 카드에 그림이 모나리자를 바르지
고거 참 예쁘네, 예림이, 그 패 봐 혹시 장이야?
이제 내 미래 배춧잎 한 가득 매일 김장이야
Check, check, check my calendar, call, call, call my manager
All in 더 크게 쌓아, 도박사 state of mind
쌍피 떴다, 38 광땡 섯다, 여기 홍콩 money, 핑퐁 벨 딩동, xiexie

[Verse 4: EK]
Most Badass Asian, 신의 선택, 이제 벌여 전쟁
이게 내 패, 대체 왜 넌 랩 해? 부숴 대책, oh, you got plan
이 봐 밑 장 손 떼, 선생 맴매, 내 랩 성배, 내 패와 건배
랩 하며 벌래 패배완 멀기에 맨 첨이 존재하니 변화 뒤에 현재
걘 포기하고 난 살아남은 채 who game set, huh
참았다 풀어 난 회포, 절정이 되게끔 paper
너무나 예쁜 flow so deeper, 넋없이 잘려
내 적들의 두개골 위에서 춤 춰, 여전히 바닥이 출처
거짓말쟁이들 검거, 성공 덕분에 이뤄내 목표

[Hook: 넉살]
까, 보여줄게 내가 가진 패, 패, 패
니들 돈 다 뺏어, yeah, yeah, yeah
우린 밑 장 안 빼, 빼, 빼
난 퉤, 퉤, 퉤, 다 패, 패, 패
오늘 내가 가진 패, 패, 패
니들 돈 다 뺏어, yeah, yeah, yeah
우린 밑 장 안 빼, 빼, 빼, 다 퉤, 퉤, 퉤

[Outro: 넉살]
버려, 버려, 니가 가진 패 다
버려, 버려, 니가 가진 패 다
패 버려, 버려, 패 버려, 버려 패
패 버려, 버려, 패 버려, 버려 패
버려, 버려, 니가 가진 패 다
버려, 버려, 니가 가진 패 다
패 버려, 버려, 패 버려, 버려 패
패 버려, 버려, 패 버려, 버려 패","","","","",""
"sweet dreams","Keem Hyo-Eun","2Wxkr0aeY7JjLDUW3FfpFh","내 꿈은 날아가 저 멀리 다른 행성
그래, 마치 일론 머스크의 로켓처럼
모두가 잠이 든 시간에 몰지, Tesla
정처 없이 내달리다 보니 어느덧 새벽녘
다가갈수록 더욱 멀어져 만 가는 Star
나는 결코 그 별을 놓치지 않을 것
기억해 사실 그 별은 우리 안에 있다는 걸
닿을 것이라 했던 믿음은 Touch the sky
손에 쥘수록 내 욕심은 커져가
동시에 느끼게 되는 이런 허전함
어쩌면 놓친 게 더 많으니
그저 곁에 남은 이 하나 없이
마음을 이끄는 밝은 빛을 따라만 가는 길
결국 그 모든 걸 이루고 말 거야 해가 뜨기도 전에
꿈에서 깨라는 알람 소리를 듣기도 전에
이렇게 그냥 잠에 들기도 뭐해
Sweet dreams, baby, sweet dreams
꿈들은 천장 위의 모빌처럼 빙빙
사라질까 두려워 잠 못 드는 긴 긴 밤
이 노래는 너를 비추는 달빛 아래
Good night kiss
Sweet dreams, baby, sweet dreams
꿈들은 천장 위의 모빌처럼 빙빙
사라질까 두려워 잠 못 드는 긴 긴 밤
이 노래는 너를 비추는 달빛 아래
Good night kiss
삼키고 삼켜 속에 있는 게 뭐든 간
아직 갈 길 멀어서 주머니엔 조급함
달콤함은 늘 무성했지 소문만
설탕 얹으려고 땀으로 해 소금 간
Work, work, work, Rihanna
뭘 들었던 Fxxx what you heard 미안하지만
너의 의견은 된 적 없어 도움이
Ay, yo, I know what I do man, oh, please
고민은 돈을 타고 왔다 가 버려 돈을 타고
숨 차는 시간 속 난 보물 찾아
조금만 더 조금만 더 기도하지 바다 위에서
꿈이란 청새치를 낚아올리기 위해서
잠자며 꾸는 꿈은 금방 사라져
난 일어난 다음 현실에 잡아둬
돌아가는 길은 까먹은 지 오래
다 거머쥔 손엔 망설임만 찾아볼 수 없네
You know
Sweet dreams, baby, sweet dreams
꿈들은 천장 위의 모빌처럼 빙빙
사라질까 두려워 잠 못 드는 긴 긴 밤
이 노래는 너를 비추는 달빛 아래
Good night kiss
Sweet dreams, baby, sweet dreams
꿈들은 천장 위의 모빌처럼 빙빙
사라질까 두려워 잠 못 드는 긴 긴 밤
이 노래는 너를 비추는 달빛 아래
Good night kiss
Sweet dreams, baby","186.044","0.664","0.221","-5.242","0.101"
"love ?","Keem Hyo-Eun","5wLR61x054XpOnYM6SOaIy","잘 모르겠어 이젠 누굴 만난다는 게
마음보단 머리가 먼저 반응해
나눈 대화들은 희미해져 흩어져 가는데
그저 좋기만 하던 때와는 확연히 다르네
모두 사랑을 원해 그건 나도야
근데 그게 뭔지 몰라 정말로 알고파
안갯속 안대로 눈을 가린 채
찾고 다니는 거 같아 날 채워줄 수 있는 만족감
인정할게 나 좋아하는 거 잘 못해
잘나가는 거 같다가도 뭔가를 잘못해
근데 서툴다는 말은 싫어 변명 같아서
그냥 그 정도로 좋지는 않았다고 해
그러면서 후회는 꼬리처럼 살랑이며 뒤따라와
잡지도 못 할 과거의 일들이 잇따라
나타나 자기 전 나 혼자 누워 있는 침대에
이불을 발로 차봤자 옆자리는 빈 채
I don't need love
Even I don't need you (Hoo, oo, oo)
But I'm looking for love
(But I'm looking for love)
있으면 좋고 없음 말고
그러니 시간 낭비 말고 (Oh, oh, oh, oh)
이젠 나가줘 Baby
일하러 가야 될 시간이야 Baby
너도 알잖아 사랑 아닌 걸 (사랑 아닌 걸)
남들이 볼 땐 우린 남인 걸 (우린 남인 걸)
그냥 잊어줘 Baby
마주쳐도 못 본척해 Baby
그냥 짓궂은 장난인 걸 (짓궂은 장난)
I swear I never fall in love
Baby, 너에게는 주지 못해 love
어쩌면 다야 그동안의 몸이 나눈 정
이 불장난에 시시한 감정은 태워 Burn
결국 재처럼 이 노래뿐일 테니 남는 건
그저 지금처럼 이렇게 아주 가끔씩
서로의 빈자리를 채우면 돼 가득히
외롭지 않아 너와 함께라면
아득히 먼 이 밤의 끝을 향해 가는 길
그런 우리를 비춰주는 저 달빛 아래
서로를 향한 둘만의 무대는 시작돼
그 자체로 예술인 지금의 우리 관계에
굳이 필요할까 아름다운 Finale?
너는 나의 몸에 불을 켜지 버너
허나 내 심장은 여전히 차갑게 얼어
우리 사이를 말하자면 필요 없지 언어
단지 어서 내 몸 위를 거슬러 올라와 연어
I don't need love
Even I don't need you (Hoo, oo, oo)
But I'm looking for love
(But I'm looking for love)
있으면 좋고 없음 말고
그러니 시간 낭비 말고 (Oh, oh, oh, oh)
이젠 나가줘 Baby
일하러 가야 될 시간이야 Baby
너도 알잖아 사랑 아닌 걸 (사랑 아닌 걸)
남들이 볼 땐 우린 남인 걸 (우린 남인 걸)
그냥 잊어줘 Baby
마주쳐도 못 본척해 Baby
그냥 짓궂은 장난인 걸 (짓궂은 장난)
I swear I never fall in love","107.948","0.684","0.759","-5.751","0.759"
"square one","Keem Hyo-Eun","3KH1JQyHrB3boJpEVRsV1q","기억해, 그 시작은 16년
스물넷에 내 평생의 꿈을 이루며
이제부터 내가 들려줄 테니 귀 기울여
어쩌면 조금은 뻔한 이야기부터
눈 앞에 도끼와 더 콰이엇
내게 일어난 현실이 맞나, 과연?
얼마 할까, 이 Rolex 시계 가격보다도
의심한 것 같아, '내가 될까, 자격이?'
상관없었지 계약했잖아, 일리네어
그게 나 같은 래퍼들에게 무얼 의미해?
동시에 우리나라 최고들과 비비기에는
내가 가진 것들이 매우 초라하고 시시해 보였어
마치 내 첫 앨범처럼 My ambition
그 야망은 빛을 보지 못했지만
고맙게도 저 조명은 나를 비춰
창모, 해쉬는 잘나가고 있었지
다만 그 뒤를 따라가려고 하니 너무 지쳤어
Rapstar life
전 세계를 돌아다니며 잡은 Mic
그녀들과 지새웠던 수많은 밤들
그렇게 영화는 행복했던
짧은 찰나의 순간들로 내렸지 막을
내게는 없었지 다음 시나리오
알았어, 날린 후에
7년이란 기회비용
그러니 부디, 말릭
어서 이 비트 위에 기록해
아직 이야긴 많이 남아있어
마치 마틴 스콜세지
Show must goes on
얻어맞아도 피 발자국 남기는 코좀
또 속는 셈 치고 아직 못 본 성공으로
다들 놀래켜, '저 xx 랩하는 거 좀 보소'
고통을 돈통으로 바꿀 수 없음 넌 그냥 보통
내 사전엔 면허 앞에 말곤 못 찾지 도통
그저 두들겨서 연 걸 보고 배워
컨테이너에서 뱉던 래퍼의 엔터테인 섭외 Call
GONZO
신화 같은 이야기
닳도록 읽은 바이블
성경만큼 팔리진 않았을지라도
실화임을 부정할 수 없어
내 믿음을 만든 차이점
그래, 맞아 난 함께 전설이 되려 여기 와있어
필름은 돌아가 효은이 형과의 투 샷
찾아, 노다지
49ers, 금 나와라 뚝딱
뚝딱, 드럼으로 들려
또 써내려 금방 떠올린
순간 꺼내 머릿속 금은방에서
관심은 없지 5 stars 평점 따위는
마음속의 별을 따라서 걸어가지 늘
내 이야기는 남아있어 적어 다시금
적어도 다시는 너 자신이
그 빛을 비추는 존재임을 잊지 말아 줘
이 노래도 어쩌면
던말릭의 시작과 나의 끝의 접점이라고 생각했지
허나 나 역시도 저 먼 길을 돌아
결국 다시 출발선에
Back to square one
시작은 서초구 강남 서쪽
저 빌딩 위 회색 컨테이너 박스에 교포
래퍼들 그 옆 꼬마 머리는 Cornrows
장스 가짜 쇠 목걸인 알러지, 곧 또
히딩크와 월드컵, 다 옷들 시뻘건
무법인 거리 누비며 다 모두가 Turnt up
Mnet 방송국 대기실 안 저쪽
비싸게 입은 열다섯 살 형들은 몇 년 후
태양과 GD, 난 홍대에서 Thunder
열여섯 살의 열정 년의 다섯 개 던져
이소룡의 법칙, 난 만 시간을 먼저
채웠을 뿐, 99% 노력 위 다 얹어
내 스페인 피 몇 방울 My Spanish caliente
Teaming up
With my South Korean dreams started dancing
Let me get my strawberry acai, prolly venti
I'mma get it poppin' dolo on the stage
Charlie Chaplin
첫 인종차별, 다섯 살
안 겪어 본 놈 몰라
시끄럽게 나서 살긴 싫어 조용하던 아이
MBTI 시작은 E 아닌 I, level 100
내 맘 어지간히 들지 않는 한, 말 잘 안 섞지
래퍼라는 놈들 랩으로 놀래킨 적 언제? Huh
재능 없는 놈만 하지 견제
전쟁 같은 삶을 견뎌낸 영광의 상처
Post-traumatic stress, I can't sleep
That's the cousin of death
If it wasn't for rap, ain't none of this happened
So, love it or hate it
I'm sticking with my stories and plan
I chase my dream no clout 그건 어렸을 때나
하지만 돌이킬 수 없지 꿈을 버렸을 땐
Back to square one","100.883","0.511","0.629","-12.269","0.546"
"Finally remix","Keem Hyo-Eun","5Xn5wFwwKmkjsQpQo67Y16","[Chorus: Keem Hyo Eun]
사랑할지도 몰라
내가 너를 이제야
우리 함께 했던 시간
그거 모두 거짓이야
내 머릿속은 정말, no
내 심장이 뛰잖아
나는 그걸로 좋아

[Verse 1: Keem Hyo Eun]
너무나도 오래 걸렸어
너를 위해 노래를 불러
자기야 여전히 두려워
니 눈물에 마음이 무너져
이대로 놓지마 내 손, no

[Chorus: Keem Hyo Eun]
사랑할지도 몰라
내가 너를 이제야
우리 함께 했던 시간
그거 모두 거짓이야
내 머릿속은 정말, no
내 심장이 뛰잖아
나는 그걸로 좋아

[Verse 2: ASH ISLAND]
아주 가끔 떠올려, 그때의 난 참 힘겨웠어
아, 물론은 지금은 시들어버린 flower
내가 참 이기적인 건지 너의 얘길 적어
아직도 그러곤 무대 위 나만 아름다워
그걸로 좋았어, 매일 네가 옆에서 웃어주던 때
그거면 됐다 했어, 거짓말 인지도 몰랐던 채로
사랑한다며 you said
그제서야 알았어, I'm a bad (Guy)
너에겐 나쁜놈 되고 아주 만신창이가 되었네 (No way)
너와 보낼 시간과 바꾼 게 음악이야 고작
미안해, 너와 있었다는 거 그걸로 좋아

[Verse 3: CHANGMO]
UGRS right here, bish 날 너네 집에
왜 부른겨, 에휴, 누나 있으면서 남친
거리 사내 마음에도 나긴해요 scar
그거를 다른 여인에게 또 치유 받는게 바로 star, yeah
But 덕소 이승기, 요번엔 one love
너와는 떡 love 아닌 이 flow style의 thug love
엄한 애 여자 뺏음 뺏겨 나도 karma
But 그 형님 댁보다 내 집 커 훨
나 늘 취했어도 난 느껴 real love
싫음 끊고 내릴게, 그 dearlove
그 남자 시간 낭비니까 헤어져줘
그리고 다음 후렴 날 따라 불러

[Chorus: Keem Hyo Eun]
사랑할지도 몰라
내가 너를 이제야
우리 함께 했던 시간
그거 모두 거짓이야
내 머릿속은 정말, no
내 심장이 뛰잖아
나는 그걸로 좋아","","","","",""
"Baby","Keem Hyo-Eun","09LGaJUKYfSHvq7Q6b0bts","[Chorus: Keem Hyo Eun]
내 맘 알아줘 baby
널 위해 노래 부르며 밤 샜지
난 이미 모든 준비가 다 됐지
넌 그냥 내 손을 잡으면 돼
그냥 그러면 돼
오래 걸렸어 baby
나 땜에 많은 눈물 흘렸겠지
이젠 나와 같은 꿈을 꾸겠니
그저 날 네 품에 안으면 돼
그냥 그러면 돼
너는 그거면 돼

[Verse 1: Keem Hyo Eun]
너 없이는 내 방안은 어두워
어서 와 내 맘을 훤히 밝혀줘
한 번 더 내게 사랑을 알려줘
아니 이번엔 어쩜 내 차례야
너는 있어주면 돼 내 곁에만
난 네게 별로 할 말이 없지만
이렇게라도 노래를 불러
화려한 조명이 나를 애워
자기 여전히 내 맘엔 비가 내려
근데 너마저 내 맘을 몰라주면
그런 너마저 내 곁을 떠난다면

[Chorus: Keem Hyo Eun]
내 맘 알아줘 baby
널 위해 노래 부르며 밤 샜지
난 이미 모든 준비가 다 됐지
넌 그냥 내 손을 잡으면 돼
그냥 그러면 돼
오래 걸렸어 baby
나 땜에 많은 눈물 흘렸겠지
이젠 나와 같은 꿈을 꾸겠니
그저 날 네 품에 안으면 돼
그냥 그러면 돼
너는 그거면 돼

[Verse 2: ZENE THE ZILLA]
그래, 그거면 난 돼 baby
어려운 건 부탁 안 해, 내 입이
무심코 널 말하곤 씩 웃어
어두웠던 내게 와준 넌 싱그러움
Woo, 널 볼 수 없게 돼버린 후에
해봐야 무슨 소용이 있겠냐만은 후회
여전히 난 궁금해
너의 하루에 다시 자리가 있을지
못 잊어, 그 밤 고개
말해줄래 내게, 그동안은 어땠어?
너땜에 쓴 이 노랠 불러, 채워줘 객석
오늘 밤은 나와 같은 꿈을 꾸겠어

[Chorus: Keem Hyo Eun]
내 맘 알아줘 baby
널 위해 노래 부르며 밤 샜지
난 이미 모든 준비가 다 됐지
넌 그냥 내 손을 잡으면 돼
그냥 그러면 돼
오래 걸렸어 baby
나 땜에 많은 눈물 흘렸겠지
이젠 나와 같은 꿈을 꾸겠니
그저 날 네 품에 안으면 돼
그냥 그러면 돼
너는 그거면 돼","116.103","0.147","0.655","-14.409","0.328"
"MONEY RAIN","Keem Hyo-Eun","1YbVUdvO2FZ0PsoYfC472M","[Verse 1: 김효은]
나는 셀 거야 100억, 정말 세버리지, 헉
나는 돈에 미쳤어, 내꺼 넘보면 죽여
절대로 아니지 뻥, 내꺼 넘보면 죽어
지폐로 쌓을래 성, 살게 할 거야 내 년
새끼들 도대체 뭐라는지, 닫아 버린다고 나의 두 귀
내 가사는 한국에서 제일, 내 가사는 한국에서 제일
내리게도 할 수 있지 돈 비, 나는 필요할거 같아 우비
빽빽히 박아버려 Louis V, 빗속에 박아버려 너의 뒤
Bitch i make money rain, 둑을 쌓아 hunnit bands
알아보라고 Mercedes, Benz, 알아보라고 이 billionaire
Bitch i make money rain, 둑을 쌓아 hunnit bands
알아보라고 Mercedes, Benz, 알아보라고 이 billionaire

[Hook: 김효은]
Bitch I make money rain
주룩 주룩, 주룩 주룩, 주룩 주룩 주룩
Bitch I make money rain
주룩 주룩, 주룩 주룩, 주룩 주룩 주룩

[Verse 2: Hash Swan]
난 단위 개념 같은 건 몰라 돈, 면허 교육받으며 골라 Porsche
유지비 얘길 하면 내가 내는 세금에 대해서 좆도 몰라 넌
어쩌면 그 편이 더 좋아 보여, 난 차라리 바보에겐 속아줘
어차피 걔네 인생 전부 다 뻥, 난 건조대론 절대 못써 훌라후프
Ya, money rain, 비를 맞지, 누구에게는 쓰나미 근데 뭐 기름값
내 현금에서는 네 여자친구의 지문 나오지
Ya, money rain bition time, money rain bition
우린 꼼수뿐인 너의 게임에다 바로 이어빵
또 주룩주룩, 또 주룩주룩, see It’s not once in a blue moon
내 통장은 나의 밤의 확장팩, yeah It’s like Brood War
또 주룩주룩 또 주룩주룩, 강 되면 필요해 크루즈
그럼 난 만들지, 그 강에다 던져놓을 루어, bitch

[Hook: 김효은]
Bitch I make money rain
주룩 주룩, 주룩 주룩, 주룩 주룩 주룩
Bitch I make money rain
주룩 주룩, 주룩 주룩, 주룩 주룩 주룩

[Verse 3: 김효은]
빗소리가 들려 내가 굳이
말을 하지 않아도 알 수 있어 얼마를 버는지
씹어 먹을 만큼 씹어 먹고
단물, 짠물 다 빨고 갈아 끼워 어금니
내 통장 안은 이미 너무 거금이
나는 아직도 안 됐다고 서른이
니 남자는 뭐 해 다 큰 어른이
그니까 예쁜이 내게 --
나는 비 내려 무대 위에서 니 기분은 엿 먹어
보여 줄게 새끼들아 진짜 멋, 니 여자는 때려 멍
너를 때려 멍, 돈을 벌어 bro
내꺼 노리고 또 쳐 맞아 퍽, 퍽, 퍽
내 통장 안은 이미 너무 거금이
나는 아직도 안 됐다고 서른이
니 남자는 뭐 해 다 큰 어른이
그니까 예쁜이 내게 벌려
니 값싼 money clip, clip, clip

[Hook: 김효은]
Bitch I make money rain
주룩 주룩, 주룩 주룩, 주룩 주룩 주룩
Bitch I make money rain
주룩 주룩, 주룩 주룩, 주룩 주룩 주룩","","","","",""
"Sailing Boat","Keem Hyo-Eun","28LXvrD3H6zb9Mfv7L5ZOx","[Chorus: Keem Hyo Eun]
마치 바다 위 난 돛단배야 baby
내 맘속엔 파도가 치잖아, yeah, yeah
그 어디로 흘러갈지 몰라, yeah, yeah
이미 많은 눈물도 흘렸잖아
네게로 향한 난 돛단배야 baby
내 맘속엔 비바람 불잖아, yeah, yeah
그 어디로 흘러갈지 몰라, yeah, yeah
어서 너의 품 속에 나를 담아

[Verse 1: Keem Hyo Eun]
못 뺏어가 날 네게서
악마들이 밤새 창문에 드리워
곁에 너를 두고 이렇겐 못 디져
코로나가 왔어도 난 억은 벌어
부디 내 손을 놓지는 말아줘
나는 하루 수백 번도 흔들려
그 속에서도 난 널 그려
어쩌면 바다 깊이 잠기겠지
아무것도 난 할 수는 없겠지
때가 됨 의사 전화가 오겠지, oh
그 누구도 나를 외면하겠지
내가 이대로 죽길 바랄 테니
그 전에 내가 먼저 너를 해치워

[Chorus: Keem Hyo Eun]
마치 바다 위 난 돛단배야 baby
내 맘속엔 파도가 치잖아, yeah, yeah
그 어디로 흘러갈지 몰라, yeah, yeah
이미 많은 눈물도 흘렸잖아
네게로 향한 난 돛단배야 baby
내 맘속엔 비바람 불잖아, yeah, yeah
그 어디로 흘러갈지 몰라, yeah, yeah
어서 너의 품 속에 나를 담아

[Verse 2: 뱃사공]
내가 돌아갈 때까지 너는 나를 품에 담아
나 홀로였던 만큼 해줄 말이 많아
걔가 너를 대신해도 나 지금은 참아
이 파도가 꺼질 때까지 난 여기 남아
수백 번 깨지고 다시 배워
더 외롭게 돛단배에 나를 태워
눈이 감기려 할 때 파도는 나를 때려
허전한 맘을 rhyme으로 채워, yo
나를 잊지 말어 절대
너는 나를 놓지 못해
이 파도가 나를 높게
태울 때 너를 지켜볼게
홀로 외로워도 go way
이대로 멈추는 건 no way
나를 잊지 말어 절대
너는 나를 놓지 못해

[Chorus: Keem Hyo Eun]
마치 바다 위 난 돛단배야 baby
내 맘속엔 파도가 치잖아, yeah, yeah
그 어디로 흘러갈지 몰라, yeah, yeah
이미 많은 눈물도 흘렸잖아
네게로 향한 난 돛단배야 baby
내 맘속엔 비바람 불잖아, yeah, yeah
그 어디로 흘러갈지 몰라, yeah, yeah
어서 너의 품 속에 나를 담아","143.86700000000005","0.309","0.374","-9.887","0.33"
"grow up","Keem Hyo-Eun","2LpRnqs9IwKMI8RdYFZF4s","저리들 좀 비켜
내가 시작할 때는 겉절이들도 치워
이제라도 제일 주인공이 되고 싶어
돌려, 시뮬레이션
아저씨처럼 거울 속에 내 모습을 비춰
그 바리깡은 마이크
되찾아야 했지 순수함이라는 아이
그렇게 우리나라 정상의 별들 사이
유독 찬란하게 빛을 내는
지금의 바로 내 모습을 기억해
Honestly 그것이 나의 마지막 별빛이
어쩌면 될 수도 있겠지
물론 이 바닥에 나이 마흔까지
끌고 다니고 싶지 않아 힙합바지
단지 놀고 싶은 거야 나이에 맞게
어른이 되어도 나는 언제나 힙합하지
세월 지나면 잊혀질 핫바지로 가 아닌
영원한 너희의 빅 파파지
증명해야 될게 너무도 많아
이 비트 역시 죽여야 한다고 생각했지
초심에 돌아가 간절함을 뱉지
더 늦는다면 그 간절함은 객기
다시 불태우는 열정과 패기
어줍잖은 어린놈들 못 둬 개기게
원한다면 Battle 보여주지 level
부를 찌워 체급은 더구나 Heavyweight
Everyday I chasing
I can't be catched (Woo)
Tell 'em my fams
I get paid in a second
Like I said it (like I said it)
In a second
내 이마에 주름 잡힐수록 주름잡아
Don't flex on 번데기
Oh my god
철없는 아이처럼 사고 쳐도 돼, 뭐 어때
(너희 나잇값)
어차피 랩도 나잇값도 너넨 다 못해
(너흰 몰라, 인마)
너네 다 내 나이 돼도 Never, 내가 못돼
(Oh my god)
애xx, 어른 xx 전부 제대로 챙기질 못해
Kill the hook like Peter Pan
매일 바뀌어 팅커벨
Fly boy 아저씨 돼도
날아다녀 Business class
While you bxxching in the net
매주 다른 도시 Stage
환전은 까먹은 채로 탔어
다음 공연 향한 내 비행
이 xx들 Pull up 한다더니
느려 해외 배송 보다 더
코빼기도 안 보여 x밥들
변기에 키스하며 몸 떠느라 Brr
너희 엄마 또 운다 또르르
변명 안 통해 이젠 No, no, no
You only live once but 얼라들
얼라라 하는 사이 청춘 지나가
너 나이 먹고 뭐 할라고, Bruh?
애들처럼 놀고 벌인 어른보다 위
틀니 맞춘 다면 박아 얼음도 같이
머리 어깨 무릎 발 현금 보따리
너는 못 사지 털어봐라 저금통까지
화폐 전쟁 속에 넌 동전을 논하지
말이 안 통해 그냥 보여줄 테니까
좀 매, 아가들과 아저씨 아가리 싹
너희 다 너무 싸구려야 나잇값, bxxch
Everyday I chasing
I can't be catched (Woo)
Tell 'em my fams
I get paid in a second
Like I said it (like I said it)
In a second
내 이마에 주름 잡힐수록 주름잡아
Don't flex on 번데기
Oh my god
This sxxx like fine wine
반대로 먹지 너희 나이완
(너희 나잇값)
긴장과 이완
알고 있어 양쪽 Side 다
(너흰 몰라, 인마)
돈에 대해 생존에 대해 알고 싶으면 보고 배워
(Oh my god)
With knees bent
경건히 예배를 올리도록 해 이 교회에
나잇값 못 하는 xx들이 꽤 많아
난 시간을 금으로 치환해 계산하지
그 어떤 파티보다 화려할 내 제삿밥
배아픔 듣지마 듣지마 듣지마","100.568","0.486","0.638","-9.985","0.402"
"city light","Keem Hyo-Eun","1UCoIhGIA2aeyQk64ho2G7","별들은 빛이 나지 밤에
나 역시 때를 기다리며 들지 못해 잠에
어쩌면 닿을지 모를 저 밤 하늘 무대 아래
우리는 저마다의 불빛을 찬란하게 수놓지
That's the city light (city light)
어둡고 외로운 도시에 서로를 의지하지
우리는 저마다의 불빛을 찬란하게 수놓지
That's the
밤이 깊어지는지도 모른 채로
머릿속의 별들을 꺼내서 하나둘 곡을 채워
지구에 내려 온 우주를 전시해 이 노랜
노란색 가로등 켜질 때 끄덕여 네 고개
That's the city light 날파리가 꼬이는
덮인 어둠에 외로워 삼삼오오 모이는
멀리서 혼자 견디는 너에게도 보이는
그런 깜깜한 도시에 혼자가 아니란 소식들
떠난 너의 인스타 게시물 땜에 심란한 잠자리에
뒤척이다 적막 대신에 이 음악이 자리해
어디 연락하긴 늦어 혼자 이렇게 이야기해
이럴 때일수록 시간이 가는 건 달팽이 같기에
자고 일어나면 그만일까 싶은 적도 한두 번
안 아프겠지 생각한 적도 모든 걸 관두면
우리 모두 새까만 핀 조명 쳐진 무대 위에
반사돼 반짝이는 금은보환 두 눈에 깊게
That's the city light (city light)
어둡고 외로운 도시에 서로를 의지하지
우리는 저마다의 불빛을 찬란하게 수놓지
That's the
That's the city light (city light)
Yes, in the night, yuh
나 몰래 어느새 찾아오는 밤에
불을 켜줘 환하게
저 낮보다 더 밝게
주황색 조명 마치 노을
이 밤이 시작되고 나는 결코 그 끝을 놓을 수 없어
지금 이 순간 내 앞에는 Microphone
다시는 어둠 속에 두지 않아 홀로
가까이 놓지 내 진심이 닿을 거리에
부디 이 노래가 울려 퍼지게 거리에
혹시 날 기다렸던 팬들은 어디에
대답 없는 이 정적이 싫어 누른 플레이 버튼
밤새 흘러 비트는 돌 듯 쳇바퀴
찾고 있어 복잡한 머릿속 라임들의 행방
더는 나를 물들게 냅두지 않지 Bad vibes
어쩌면 내 목숨을 팔아 지불했던
그 대가로 채운 Rolex watch
손목에 박아놓은 Shooting stars
그리 비싸지 않아 그것이 나의 꿈이면
삶이라는 영화 속 오늘도
이 밤의 주인공이 아니라면
다음 Scene을 위해 이만 자야겠어, cut
That's the city light (city light)
어둡고 외로운 도시에 서로를 의지하지
우리는 저마다의 불빛을 찬란하게 수놓지
That's the
That's the city light (city light)
Yes, in the night, yuh
나 몰래 어느새 찾아오는 밤에
불을 켜줘 환하게
저 낮보다 더 밝게","75.176","0.0494","0.1009999999999999","-27.584","0.0339"
"hip_hop_","Keem Hyo-Eun","19yxkg8Zm33knJr8EfNG1y","살아 있길 잘했단 말을 공감할 수 있겠어?
몇 해 전의 난 말해, '그걸 어떻게 믿겠어'
'어쩜 날 미워하고 계신 걸지도, 신께서'
소귀에 경, 정신병자에게 성경이 뭔 의미겠어
야, Get money, fxxx the system and break the law
백날 좋은 걸 봐도 더 와닿는 건 분노
억울하고 지겨워, 이니 미니 마니 모
오지 않는 순서 기다려왔지 이미 많이도
뻘짓 할 시간에 벌러 가야겠어, 돈
감정보다 비싸지 야망을 향한 내 손목
싸구려는 싫어해 난 안 하지 취급도
관심 안 둬 삼 개월 뒤엔 잊혀질 그 이름표
더 짙어지는 톤 그림을 채워 나가
꿈꾸던 거기와 눈높일 맞출람 배워야만 하지
이 바닥의 논리, 또 바닥치고 올라가는 법
바닥 칠 후회를 줄게 날 몰라봤던 너에게
끝을 보기 전에 못가
목줄 말고 발로 뛰어 만나 Most high
두 눈 안에 담아둔 걸 향해 쫓아
Let 'em know mufxxxers, we don't stop
어쩌면 끝에 이미 도착
허나 내가 서야 할 곳은 훨씬 높아
벼랑 끝에서 보란 듯이 날아올라
Let 'em know mufxxxers, we don't stop
살아있길 잘 했단 말을 공감할 수 있겠어?
죽음을 노래했지 누가 가장 가슴을 찢겠어?
결국 의사에게 아픈 엄마의 가슴을 찢게 했어
이제는 살아가야 해 적어도 그녀를 위해서
이 세상 가장 위에서
새겨 My name, 저 하늘 위에
지금은 아냐 나를 데려갈 때
그렇게 멀지 않게
끝이 보이던 삶의 언저리
다다랐을 즈음에 거의 억지로 눈을 떴지
꿈은 그제서야 깨
꿈이라고 인지해버리는 경지
살아있음을 감사함에 보이는 이 경치
다시는 하지 않아 저 우울의 늪으로 번지
오히려 이 노래를 통해 내 목숨 하나 더 벌지 Uh
나를 결국 죽이지 못했지 이 정신병
보란 듯 여전히 그 자리에 우뚝 서 있어
마치 내 휴대폰 배경 속 엠파이어 스테이트
너의 천국 안에 살면 돼
끝을 보기 전에 못가
목줄 말고 발로 뛰어 만나 Most high
두 눈 안에 담아둔 걸 향해 쫓아
Let 'em know mufxxxers, we don't stop
어쩌면 끝에 이미 도착
허나 내가 서야 할 곳은 훨씬 높아
벼랑 끝에서 보란 듯이 날아올라
Let 'em know mufxxxers, we don't stop
Yeah, we don't stop, 어, 어
All I see is go sign, 어, 어
₩ sign, 고 사이에 또 쌓인 어, 어, 어딜 가던
내 턱 밑에 새긴 말은 World is ours
Yeah, we don't stop, 어, 어
All I see is go sign, 어, 어
₩ sign, 고 사이에 또 쌓인 어, 어, 어딜 가던
내 턱 밑에 새긴 말은 World is ours","104.616","0.906","0.823","-6.106","0.5870000000000001"
"GoinBackToYouWithThisSong","Keem Hyo-Eun","0UFz97mEbYz25cu1OA0kl0","[Chorus]
너에게 돌아가고 있어, 이 노래로
그래, 나는 널 부르는 거야, 오늘도
나는 여전히 네 마음을 잘 모르고
내가 또다시 널 울리고 말았어, 기어코
나도 날 잘 몰라, 왜 이러는지 조차
언제쯤 네게 도착, 어쩌면 네게 못 가

[Verse]
너를 남겨두고 홀로
난 계속 제자리를 돌고
가는 거야 난 어디로
돌아가야 해 난 뒤로
알겠어, 이제서야
너에게 향한 내 맘
그걸 알아줘 제발
너에게 닿을 때야

[Chorus]
너에게 돌아가고 있어, 이 노래로
그래, 나는 널 부르는 거야, 오늘도
나는 여전히 네 마음을 잘 모르고
내가 또다시 널 울리고 말았어, 기어코
나도 날 잘 몰라, 왜 이러는지 조차
언제쯤 네게 도착, 어쩌면 네게 못 가","","","","",""
"her","Keem Hyo-Eun","4I0ANQsYmQNQtlNcZFeN7o","[Chorus]
내 머릿속에서 떠나
사라지라고 개년아
할 생각은 없어 대화
너 때문에 나는 화나
후회가 되지도 않아
니가 와서 나를 안아
내 심장은 깨져 너를 찔러 버리고 말아
나는 다시 그녀에게로 (나를 다시 그녀에게로)
나는 다시 그녀에게로 (나를 다시 그녀에게로)

[Verse]
너 때문에 나는 좆 됐어
이제는 시발 병원에 다녀
나는 내 얼굴을 반쯤 가려
세상 소리는 좆도 안 들어
저 x들 웃음소리가 여기까지 들려
이제는 안 도망쳐
나는 너희의 기대를 망쳐
그리고 결국 노래 만들어
너에게 들리길 바라
너는 내가 죽길 바라
내가 미치 길 바라는
의사도 앞에 있잖아
내가 아프기는 지랄
그저 원한다고 사랑
술에 취해 나 오늘 밤에는
자고 싶어 쟤랑 (Woo, woo)
너에게 들리길 바라
너는 내가 죽길 바라 (Woo, woo)
내가 아프기는 지랄
그저 원한다고 사랑

[Chorus]
내 머릿속에서 떠나
사라지라고 개년아
할 생각은 없어 대화
너 때문에 나는 화나
후회가 되지도 않아
니가 와서 나를 안아
내 심장은 깨져 너를 찔러 버리고 말아
나는 다시 그녀에게로 (나를 다시 그녀에게로)
나는 다시 그녀에게로 (나를 다시 그녀에게로)","82.067","0.394","0.665","-11.567","0.499"
"Rap Star","Keem Hyo-Eun","6NihAcG4kJ13X1gIfs0yXO","[Verse 1: 김효은]
새벽이 가고 때가 됐지 눈을 떠
내 여잔 답답한
이 품속에 간신히 숨을 쉬
어떤 앤 네 옆에서 밤새 내 꿈을 꿔
게임의 룰을 어겨
내 뒤로 붙거나 아님 죽은척 해
소문을 퍼뜨려 내 이름 내 회사
계약금은 죄다 엄마께
그저 난 집중하지 내 앨범에
걔네 사정은 참 애석해 yo
함께였지만 지금 내 옆엔
우러러봤던 형들이
모든 건 처음에
이미 정해졌었지
도훈이도 알지
내가 했던 말들
속으론 날 욕했든 말든
기다리고 있지
이젠 내 연락을
넌 아무것도 아니란
엄마의 말씀이
언젠간 그렇게 날 정상에
맘에 걸려 이걸 듣고 있을
내 친구들 너네 다
그저 난 너희가
다 행복하길 바래

[Hook: 김효은]
I'm gonna be a rapstar 그리 멀지 않지
전국 곳곳에 여자들 연락질
바로 옆에서 묻혀 도끼형의 간지
도끼형의 간지
I'm gonna be a rapstar 그리 멀지 않지
전국 곳곳에 여자들 연락질
바로 옆에서 묻혀 도끼형의 간지
도끼형의 간지

[Verse 2: 김효은]
Yo 내게 물어
다 가짐 행복할 것 같냐고
행복할 것 같다고
일부러 이 외로움 속에 날 가둬
느낄 수 없지 너흴 하나도
스물 넷 층 사무실 view로 바라본
내 비젼은 너무 머네
겨울처럼 차가운 내 맘은 억 단윌 버네
Seoul city 나도 여의도 도덕 형네 옆
이 생각은 진짜 불과 얼마 전에 처음
누가 뭐라던 내 거울 속엔 건방진
백 열두 가지 꿈을 가진 형들 기대에
무조건 만족시킬
생각은 없지 위대해
걍 내 친구이름이내
A M B I T I O N 쌓인
내 엄마 빚을 갚을 거야
같이 올해 안에
카펠 차려드려 좋은 데 다
구름 위 기분
그 어딜가도 마치
이제는 다 내 동네

[Hook: 김효은]
I'm gonna be a rapstar 그리 멀지 않지
전국 곳곳에 여자들 연락질
바로 옆에서 묻혀 도끼형의 간지
도끼형의 간지
I'm gonna be a rapstar 그리 멀지 않지
전국 곳곳에 여자들 연락질
바로 옆에서 묻혀 도끼형의 간지
도끼형의 간지

[Verse 3: Dok2]
Yeah yeah Yeah
We the am b i t i on we live we fly
힙합, 이 하나로 지하에서 tip top
진짜들만 이해 할 수 있는 얘기
효은이의 꿈 쩌는 야망 또는 패기
내기 모 아님 도 go 아님 no
뭘 하든 올인 할 자신 없음 집에 가라
누구 따라만하다 살다 넌 yaint gettin nada
여기 랩퍼들 모아봤자 겉만 화려한 가라
I aint fuckin with that fake shit
Mix it up with some balenciaga bape shit
트랩이니 붐뱁이니 그딴 말 다 집어치고
마이크나 똑바로 집어 들어 이건 rap shit
Just rap bitch 여긴 rhyme 하나 없는 랩퍼들이
리듬도 제대로 못 타면서 대중성을 섞고 있지
돈 많은 회사 하나 잡으면 성공이라도 한듯
어설픈 연예인 행세 하며 썩고 있지
우리는 그딴짓은 안 해 적어도
노예 계약서에 이름 석자 안적어도
웬만한 연예인들 보다 우린 훨씬 벌어 더
너넨 언제 망할지 모르니 바짝 벌어둬

[Hook: Dok2]
You wanna be a rapstar 이건 쉽지 않지
우린 바닥에서 왔고 그걸 잊진 않지
Illionaire ambition 꿈을 살 때까지
Illionaire ambition 끝이 날 때까지
You wanna be a rapstar 이건 쉽지 않지
우린 바닥에서 왔고 그걸 잊진 않지
Illionaire ambition 꿈을 살 때까지
Illionaire ambition 끝이 날 때까지","82.14200000000002","0.812","0.8190000000000001","-5.5710000000000015","0.894"
"Boss","Keem Hyo-Eun","1Z54JutunmO1gLHjaJUp6R","하늘 위에 새겨줘 내 이름
모두가 넘본다고 내 자리를
I’m doing like a king do
But you ain’t shit
You never know I been
Through 가시밭길
So lonley but I go
I was 꼬맹이 but I’m boss now
So lonley but I go
I was 꼬맹이 but I’m boss now
주인도 못 알아보면서 대들지
그러니 아직도 개새끼거나 개 그지
나는 겨우 억을 벌고 있다고 게을리
그런 놈은 버려야지
내 손을 잡아 예쁘니
오케이 i got bitches
내 벌이는 합법
나의 오른팔이 나를 팔기 전에 팔 꺾
친구 새끼들도 내 성공에 빡쳐
내가 사랑한 여자는 돼버렸지 ㅆㄴ
나는 안 망해 yea 커져만 가겠지
신의 귀싸대기 날려버리는 이
눈물로 얼룩진 놈에게는
없지 아래 위
승리의 날개짓 담아라 픽 웃어 줘
씩 어금니 bling 씹어먹지
바다 건너까지 내 야망이 번져
내가 죽고 나면 여기 남을 거야 전설
이 순간에도 쟤네들은 개 뻥쳐
나는 겨우 억을 벌고 있다고
너는 꿈도 못 꾸지 잘 자 son
하늘 위에 새겨줘 내 이름
모두가 넘본다고 내 자리를
I’m doing like a king do
But you ain’t shit
You never know I been
Through 가시밭길
So lonley but I go
I was 꼬맹이 but I’m boss now
So lonley but I go
I was 꼬맹이 but I’m boss now
Woke up in the night I sing
Fella this is how I feel
쟤넨 절대 몰라 이 기분
마치 cop a nice kick
Big booty nice tits
다 좋지만 tell em cover
Cuz I gotta lotta things
To do I'm too bossy
For u
Rappers wanna shoot me
Like cole bennett
내 현실과 너가 느끼는 현실
달라 level 이
I'm surfin on my wave
Fellas 여긴 마치 케베
물 맞고 살고있어 효은이형
Make it rain 매일 벌지
Ay smoke so loud
Like a heavymetal
돈을 챙겨 콰이엇씨 말대로
살고 있어 내 삶 내 맘대로
Like all the greatest 들 했던 대로
If they wanna fight me
Tell em quit the envy
병신들은 같이 할 시간이 nothing
다시 한번 바삐 움직이네 가치
만들어내 장식 같은 놈들 bye bitch
하늘 위에 새겨줘 내 이름
모두가 넘본다고 내 자리를
I’m doing like a king do
But you ain’t shit
You never know I been
Through 가시밭길
So lonley but I go
I was 꼬맹이 but I’m boss now
So lonley but I go
I was 꼬맹이 but I’m boss now","119.999","0.789","0.803","-3.434","0.647"
"Shadow","Keem Hyo-Eun","2IvcuZBMpUV33KQiWkShff","[Verse 1: Keem Hyo Eun]
겁쟁이 새끼지 난
도망치고만 있잖아
혹시라도 멀어질까
차라리 다, yeah
내 목숨마저 가져가
너도 그걸 원한 거잖아
그렇게 너란 그림자는

[Chorus: Keem Hyo Eun]
절대 저 조명도 날 비추면 안 돼
난 이렇게 그냥 노래밖엔 할 수 없단 걸 알잖아
후에 너의 눈물이 다 흐른 뒤에
내가 이 어둠 속에 잠길 때
넌 날 구해주란 말이야
그 속에서 날

[Verse 2: Keem Hyo Eun]
아니, 전혀, 네 얼굴이 안 보여
너의 눈물조차 나는 알 수 없게
지금 내 옆에 이 여잘 안고서
난 어쩌면 그녀 품 안에 숨었네
넌 내 방안의 그림자
그래서 난 불을 껐잖아
괴롭히지마
눈을 감아도 너가 있잖아

[Verse 3: Rakon]
한참을 도망쳐 부딪힌 벽 앞에
너를 마주하는 이 밤
머리가 시끄러워져 문을 닫네
그래봤자 넌 이미 안에
신경 안 썼었어, 여까지 오기 전엔
요즘에는 취하지 않음 불편해
너와 있는 게 익숙해진 게 어색해서
날 내 버리네, 줍게 되면 보내주라 어디
당연히도 초라하지 않은 밤
꿈에게 독촉 당하지 않는 낮
하늘 위로 나 긴 소풍 가는 날
여길 떠나, 그래, 거기서 봐

[Chorus: Keem Hyo Eun]
절대 저 조명도 날 비추면 안 돼
난 이렇게 그냥 노래밖엔 할 수 없단 걸 알잖아
후에 너의 눈물이 다 흐른 뒤에
내가 이 어둠 속에 잠길 때
넌 날 구해주란 말이야
그 속에서 날","123.951","0.718","0.786","-6.292","0.525"
"daydream","Keem Hyo-Eun","03u6vAFQqm50oVFHNGIpAB","겁먹은 적 없던 척하며 걸었던 16
열여섯 마디 뭔지도 모르면서 썼던
가산 덮였어 그다음 장에
또 그다음 장에, 또 그다음 장에
뭐가 있는 것처럼 그다음을 향해
사실은 거기엔 뭐 어떤 것도 없었어
백지 말곤 그저 Rhyme을 한 개 두 개 찾아
채워 넣었던 공책은 마치 새까만 흙 밭 위
거기에서 자란 Money tree, 그늘 삼지
난 사실 미래를 그려본 적 따위 없어
현재를 채워갔을 뿐 뭘 원한 지 헷갈려
과거의 내가 원하는 삶에 도달한 거처럼 보여
그때랑 마찬가지 고전하지 여전
Smoke loud, that's a 백일몽
조심해 내일이 온대도 깨지 못해버린
꿈들의 무덤, 무던해질 때까지 묻어 내 삽질
한번 뭉친 흙과 핏덩이가 묻어 I mean
Life is you know
So, I fxxx her never met
Cough and cough
겹에 겹쳐있는 연기 너머에서
어린 나를 발견하곤 할 때마다
참 멀리에서도 돌아왔네
재와 먼지였지 행복이란 말을 쫓은 자의 손안엔
몇 알의 안정제 위에 얹힌 가사말들 몇 개
될 때마다 기록했지 그때의 정신 상태
뭐가 더 필요할까 내가 만들 멋진 삶에
그저 더 보탤 수 있음 하지 이 노래가 점심값에
Same sxxx
Different day makes some different sxxx
그날을 기도하며 지새운 지 벌써
비스듬히 봐도 아홉 살 째
이거다 싶었던 시절도 생각하면 I was like ten
언제나 운 좋은 놈 누울 자리 만들어 내 두 팔로
난 필요해 빼놓을 수 없어 단 한순간도
New money, new problem 발자국 남겨
흉 안져 I just got new tattoo 괜찮아 나두 상처
수많은 별 들 중 하나에 내 이름이 적혀
잠깐 번쩍이는 게 아냐 이 빛은 영원
어둡기만 했던 내 마음속의 믿음처럼
너를 비출게 언제나 그 자리에서 지금처럼
지샜던 수많은 밤들
꿈을 꿨지 물론 들지 않는 채로 잠은
다가갈수록 멀어지는 저 별을 잡으려
허나 그 별은 내 안에 있었다는 것을 안 후로
그러니 더는 함부로
입에 담지 못해 내 가치에 대해서
빛을 잃었던 과거마저 찬란하게 재해석
오랜 기다림 끝에 이제는 드디어 때가 됐어
온전히 내가 됐어 이 순간만큼은
곧 세상에서 가장 눈부셔 그 무엇보다
닮고 싶게 내가 되려 했던 별조차
각자의 위치에서 또 각자의 시간 속에
빛을 내는 나를 찾을 수 있니
Sun goes down
Life is you know
So, I fxxx her never met
Life is you know
So, I fxxx her never met","90.006","0.371","0.818","-8.319","0.39"
"pink lens effect","Keem Hyo-Eun","2E7GcKCOJEE294AdvOgAxA","많은 장면들이 지나갔지
그중 괜찮은 것만 손에 잡지
처음부터 없었던 거 같아 답진
하나 둘 새로 만들어 나만의 방식
누군 간 내가 넘어지길 기도해
내 상처를 보고 박수를 치곤해
그 박자에 맞춰서 만든 이 노래
그 노랠 틀어놓고 춤을 추는 나를 기억해
메모장은 켜져 있어 밤새
새 Flow에 몸을 맡기며 bounce back
평화와 평가는 번갈아 찾아오지
이번엔 내 앞에 온 건 누구 같애?
그게 누가 됐던 전부 다 게임의 일부
한 발짝 나아간 거지 이기든 지든
가장 중요한 건 믿음 그게 전부
들어가 늘 돌아가고 있었어 회전문
약한 말은 못 하지
나는 벌어야 해 뭣 같이
이겨본 적 없어 아직
Life is bxxch, 나는 콩깍지
나는 아주 급해 마음이
없어 주저할 시간 따위는
기회가 왔으면 잡아야지
Life is bxxch, 나는 콩깍지
기회를 놓쳤어 아주 많이
부디 내게도 있기를 바라 다음이
그리 많진 않은 것 같아 시간이
그러니 내가 만들고 있는 이 음악이
오랫동안 너희 귓가에 남을 수 있게
그동안 받기만 했으니 이제는 돌려줄게
함께했던 시간도 거기 그대로 둘게
삶은 계속되니 줄여야지 무게를
나아가야 해 헤치며 수많은 시련들
뒤로 한 채 돌아보면 남는 미련들
이 길의 끝을 향해 한 발씩 내딘
걸음들이 곧 밑거름이 되어 꽃피워
그렇게 내가 주인공이었음을
꽃이 지고 나서야 그게 봄이었음을
세상이 알게 되더라도
나 역시도 이제야 비로소 깨닫게 되더라고
이 노래가 어쩌면 꿈만 같던
나의 이야기의 엔딩곡이었음을
약한 말은 못 하지
나는 벌어야 해 뭣 같이
이겨본 적 없어 아직
Life is bxxch, 나는 콩깍지
나는 아주 급해 마음이
없어 주저할 시간 따위는
기회가 왔으면 잡아야지
Life is bxxch, 나는 콩깍지","","","","",""
"Take Care","Keem Hyo-Eun","6wI32jcffEI4rbpSqv0War","[Chorus]
내가 미안해, 결국 이런 놈이라서
망가져 이렇게, 그냥 이대로 사라져
잘 지내, 내 목소리가 들려?
잘 지내, 나도 그곳에서

[Verse]
자기야, 내 손을 잡아
너는 말해, ""이제 그만""
너에게 써 놓은 한 마디
난 그 손을 놓치고 말아
마음이 떠난 게 아니야
내가 너에게 늦은 거야
넌 내게 걸지만 전화
난 또 안 받을지도 몰라
그렇게 너가 울어버리면 내 심장이 갈라져
이런 나를 지우기엔 너의 눈물이 아까워
나도 너와 그렸던 우리 미래가 정말 그리워
Woah, woah, woah

[Chorus]
내가 미안해, 결국 이런 놈이라서
망가져 이렇게, 그냥 이대로 사라져
잘 지내, 내 목소리가 들려?
잘 지내, 나도 그곳에서","120.039","0.637","0.805","-6.503","0.577"
"Jayourowoa","Keem Hyo-Eun","7t0OPzCZzezIXqa50JlhH9","[Chorus]
나는 널 불러, 노래를 불러
이 밤은 어디쯤 너만 기다려
아니, 가버려, 내 심장도 멈춰
마침내 내 머릿속에서 난 자유로

[Refrain]
Oh, oh, oh
자유로워
Oh, oh, oh

[Verse 1]
나를 놔줄래
이 어둠 속에 날 가둘래
이 고통에 너무나도 지쳐
내 눈물을 혹시라도 너는 알까 싶어
난 해야 돼 빨리 네 얼굴을 기억
내 눈물샘은 또 위험
그런 너를 붙잡기 전에 내게서 멀리 go
안 돼, no
난 절대로 (No, no, no, no)

[Pre-Chorus]
더는 너를 못 잃어
무릎 꿇고 난 빌어
달도 날 그만 비춰

[Chorus]
나는 널 불러, 노래를 불러
이 밤은 어디쯤 너만 기다려
아니, 가버려, 내 심장도 멈춰
마침내 내 머릿속에서 난 자유로

[Refrain]
Oh, oh, oh
자유로워
Oh, oh, oh

[Verse 2]
저 멀리로 날아가고 싶어
너무나 많은 시간을 참아왔던 만큼
눈물도 흘러 버렸어
내 꿈 안의 예쁜 너의 모습도
어쩌면 이대로 여기 나 조차도 날 떠나 버리면
그땐 몰라 처음처럼 모든 게 자유로울지도

[Pre-Chorus]
더는 너를 못 잃어
무릎 꿇고 난 빌어
달도 날 그만 비춰

[Chorus]
나는 널 불러, 노래를 불러
이 밤은 어디쯤 너만 기다려
아니, 가버려, 내 심장도 멈춰
마침내 내 머릿속에서 난 자유로

[Outro]
자유로워","","","","",""
"interlude","Keem Hyo-Eun","5Y9d6O994n6x0OWU5bmIep","[Verse]
돌아오고 있어줘
결국 너를 잃었어
너에게 난 빌었어
네 사랑이 그리워
아무 기억도 난 나지 않는데
너는 왜 그렇게 내게 화를 내
이미 끝이라는 것도 아는데
내게 와서 다시 한번 말을 해
그럼 널 볼 수 있잖아
마지막이어도 괜찮아
내가 다 잘못 했잖아
넌 듣고 싶지 않나 봐
시간이 지나면 날 용서하겠니
그때쯤 넌 다른 사랑을 하겠지
서로에게 우린 과거로 남겠지

[Outro]
Woo
Woo
Woo","100.079","0.0831","0.584","-21.379","0.591"
"Finally","Keem Hyo-Eun","6OUZfEyyYTHmlPFbeOrcSC","[Chorus: Keem Hyo Eun]
사랑할지도 몰라
내가 너를 이제야
우리 함께 했던 시간
그거 모두 거짓이야
내 머릿속은 정말, no
내 심장이 뛰잖아
나는 그걸로 좋아

[Verse 1: Keem Hyo Eun]
너무나도 오래 걸렸어
너를 위해 노래를 불러
자기야 여전히 두려워
니 눈물에 마음이 무너져
이대로 놓지마 내 손, no

[Chorus: Keem Hyo Eun]
사랑할지도 몰라
내가 너를 이제야
우리 함께 했던 시간
그거 모두 거짓이야
내 머릿속은 정말, no
내 심장이 뛰잖아
나는 그걸로 좋아

[Verse 2: Leellamarz]
Running to you babe
사람들이 뭐라든 간에 너면 충분해
Look at my racks, yeah, yeah
쌓아뒀네, yeah, yeah, 너를 위해
Now its time to spend it everyday
No way, 너가 없는 내일에는
Should be hell, you my angel
평생 남아있어 내 곁에
난 너를 위해 쓸어 담고 노래 할거야
보살펴줘 옆에서 평생
그럼 나의 모든 가사들은 너가 될 거야

[Chorus: Keem Hyo Eun]
사랑할지도 몰라
내가 너를 이제야
우리 함께 했던 시간
그거 모두 거짓이야
내 머릿속은 정말, no
내 심장이 뛰잖아
나는 그걸로 좋아","124.993","0.728","0.88","-8.629","0.895"
"LA LA LA","Keem Hyo-Eun","6uaGJVsuBVoGHdKNE2gboD","[Verse 1: 김효은]
사람들은 내가 벌써
부자가 된 줄 알아
근데 벌써 부자라 불림 재미없잖아
짠하자고 친구들아 걍
내 아버지와 이제는
사이좋은 부자가 된 줄 알아
짠하다고 걔넨 뭐하냐
빠동 이 새끼는 새끼를 걸고
약속한 얘기들 어따 팔고
왜 힘든 얘기를 못해 외길을 걸어
내 지금 얘기는 니 옆에 속도를
늦춘 채 뛰는 track 임을 책임은
못 져도 술 한잔 생각남 친구야
여긴 내가 산다 기분야 정말로
꿈속에 사는 기분야
꿈속에 살 수 있게 해 준건
믿음야 야 야 야
여기로 붙어라 라라라 집에서
잠 못드는 울 엄마 mama 마 걱정
이제는 편히 발 뻗어
진탕 먹고 난 뻗어

[Hook: 김효은]
혼자 방에 신나서 라라라
내 옆에 친구 놈도 라라라
요즘 좋은 일이 너무 많잖아
이리 와 너도 같이 라라라
혼자 방에 신나서 라라라
내 옆에 친구 놈도 라라라
요즘 좋은 일이 너무 많잖아
오늘은 우리 모두 라라라

[Verse 2: 창모]
너무 떴어 너무 떴어 저 덕소애
Bubble bubble bubble bubble
Fuck that
바닥과 결혼
I was in trouble 이혼했으
콰 대신 광명 찾은 난 멋진 머슴애
2017년 여름에 나는 아마
호텔의 풀로 가는데 이골이 나겠지
효은 행님과의 추억을
위해선 참을 수 있어
우린 비즈니스보다
더한 피보다 더한
지연을 갖고 있으니 bro
구리 덕소 면적보다
우리 덩치 커졌어
성공한 덕소놈 땜에 덕소는 떴어
구리는 우릴 향해 힘줬던 눈 풀었어
평화가 오셨어 그래 우린 하나
여 해쉬스완 시간 남 구리시 와
거에서 1차 그 다음은 리 안의 PC방
티스푼이던 이 시끼 입진
서울시 속까지
퍼졌으니 돈 쓸 시간
Oh look at my wrist watch

[Hook: 김효은]
혼자 방에 신나서 라라라
내 옆에 친구 놈도 라라라
요즘 좋은 일이 너무 많잖아
이리 와 너도 같이 라라라
혼자 방에 신나서 라라라
내 옆에 친구 놈도 라라라
요즘 좋은 일이 너무 많잖아
오늘은 우리 모두 라라라

[Verse 3: 김효은]
카톡 하지마 난 신나게 돈 벌어
그들과 함께 일하는 기분 좀 쩔어
어딜가 이런 소고기는 못 먹어
So 이제 딴 건 못 먹어 소고기는
뭐 거 못 잡아먹어 놈 들은 bro
그래 내 머리 위에 창 to the 모
덕광이도 이제 곧 막 뜰 거고
나도 진짜 음악을 만들거여
들 거여 맘에
무거워 들 거여 맘의 짐들
아니 걍 둘 거여 맘에
자고 일어남 내일이
비워 둘 거여 맘을
예쁜 girl 들을 봄 무뎌져 맘은
쟤네들이 내 여자가 되면
줄 거여 맘을
라라라 라라라 살맛나
혀가 말해주잖냐
창모와 효은이가
술 한잔한다 하면
구리 덕소 모여 모여 돌다리 way
쟤넨 뭐여 뭐여 몰라 니넨

[Hook: 김효은]
혼자 방에 신나서 라라라
내 옆에 친구 놈도 라라라
요즘 좋은 일이 너무 많잖아
이리 와 너도 같이 라라라
혼자 방에 신나서 라라라
내 옆에 친구 놈도 라라라
요즘 좋은 일이 너무 많잖아
오늘은 우리 모두 라라라","87.248","0.2","0.42","-18.827","0.164"
"SONAGI","Keem Hyo-Eun","1TwxpdEsjVOPhSs3igbq7v","[Intro: 김효은]
흐려져 가
내 그녀가
눈물이 나
내가 떠나
그 미소가
무지개와 같길 바라

[Verse 1: 김효은]
뿌연 구름이 덮쳐
내 시간은 말해 fucked up
내 시계가 말해 ""멈춰""
소나기처럼 i fall
내 가면의 색은 검정
이 어둠에 나를 섞어
이 어둠에 나는 썩어

[Chorus: 김효은]
So tell me where’d you go
떠났지 너가 날 두고
내 마음속의 빛이 겨우
밝히고 있어 별처럼
So tell me where’d you go
떠났지 너가 날 두고
내 마음속의 빛도 결국
밝히지 못해 별처럼
Oh oh

[Verse 2: ASH ISLAND]
흐려져 가, 내 거울 안에 먼지는 자욱해
넌 검은 어둠 속에 안개, 어때, 너한테는 절대
Okay, 난 Okay, I'm fine, 넌 always
어디로 가는지도 모른대
난 죽은 별이고
타올랐지 남은 재 위로
넌 웃을 때 밤 하늘과 난 fallin' down

[Chorus: 김효은]
So tell me where’d you go
떠났지 너가 날 두고
내 마음속의 빛이 겨우
밝히고 있어 별처럼
So tell me where’d you go
떠났지 너가 날 두고
내 마음속의 빛도 결국
밝히지 못해 별처럼
Oh oh","","","","",""
"Beautiful Life","Keem Hyo-Eun","3EZS155EgOD2EwwzXCgzI8","[Verse 1]
기분이 좋아 그 날만
생각하며 앞을 봐
의심한 적 없어 한순간도
닿을 수만 있다면 아니 임마
형들이 이제는 날 기다려
니들 얘기도 이게 마지막이여
과건 더 이상 아무 도움도
안 돼 겨우 몇 만원 돈 도
아무렇지도 않게 폴로
매장 들어가 구경하지
온 김에 여자친구꺼 까지
내가 얠 좋아함은 분명하지
두려움과 믿음 그 속에서
결국 난 빛을
가족들의 기쁨 이제야
좀 맘의 빚을
갚을 수 있다는 게
줄 수 있다는 게
감사해 나도 이젠
그들 같은 생각을 해
잠을 깨니 내 눈앞엔
어젯밤 꿈꿔 왔던
것들이 불안해져
물론 지금 이 순간에도
Track 위 중간에서
걍 달릴꺼야 저 끝을 향해서

[Hook : 김민선]
바닥에서 이곳으로
내 삶이란 건 미울 수 없어
내 팀은 위로
내 hater들 fade
과거는 끝 이제는 미래
Say goodbye say goodbye
부를래 내 삶
Beautiful life
Oh oh is beautiful life
Oh oh is beautiful life

[Verse 2]
녹음이 끝나면 클럽에
근데 취하진 않아 절대
다음 날도 공연 기억해
내 옆에 누가 있는지
내가 볼 땐 창모는 천재지
의심 하지 않어 내 성공처럼
가까워 조금 씩 정말로 살만해
엄만 요새 아들 자랑만 해
난 정말 모든 걸 바라네
갖고 싶은 건 무조건 다 갖네
등 돌렸던 너희 마저 사랑해
때가 됨 말 할게 눈을 감은 다음
주문 같은 할 수 있단
말과 함께 멋진 나의 미랠
그려 선명하게 말도 안 돼
콰이엇 형께 부탁드린
내 훅이 방금 막 도착해
내가 봐도 참 볼 만해
니들 입장의 내 삶
그러니 너도 시작해 봐
몹시 나에겐 아무것도
아닌 내딛는 첫 발
저 멀리서 방금 또 섭외 전화

[Hook : 김민선]
바닥에서 이곳으로
내 삶이란 건 미울 수 없어
내 팀은 위로
내 hater들 fade
과거는 끝 이제는 미래
Say goodbye say goodbye
부를래 내 삶
Beautiful life
Oh oh is beautiful life
Oh oh is beautiful life

[Outro : 김민선 & 김효은]
봄베이 한잔 센티멘탈한
이 도시의 밤에
내가 이 밤을 즐길 수 있는
이유는 내가 지킨
Ma way
사실 이곳에 나온 순간
불안을 감싸고 있던 나인데
이젠 즐겨
Beautiful life
Is beautiful life
Is beautiful life
Is beautiful life
구름처럼 가벼운 맘
뭐 너희가 어떻게
이 기분을 알까
Is beautiful life
Is beautiful life
Is beautiful life
구름처럼 가벼운 맘
뭐 너희가 어떻게
이 기분을 알까
Is beautiful life
Is beautiful life
이 기분을 알까","135.03","0.909","0.86","-7.372","0.947"
"Hit Em Up","Keem Hyo-Eun","2xvIbjW9O2lCHkSSqEYIPy","[Verse 1 : 김효은]
나갈거야 지옥 같은
숨 막히는 이곳에서
죽어가는 나를 위해 기도해 줘
온몸이 뜨겁고 잇몸에선 피가 나며
지독해져 절망적인
비극의 역한 냄새가 위독해
영혼마저 간신히 깨워
꺼져버린 내 안의 빛을
계집들 속옷에 깃든
내 숨소리조차 제 기능해야 돼
지금 여기 나를 끌어내리는
좀비 같은 새끼들과의 타락의 리듬
충분히 다 봤지 니 여자와 재미는
들리냐 내 목소리가 하 하 모조리 다
차라리 침이나 뱉기를
이곳이 내 무덤이라 생각한다면
Uh 거짓된 웃는 얼굴이나
가다 넘어져 갈아버려
너는 크게 될 거라던 머리 좋은
그녀가 내 걸 빨아줬어

[Hook]
내겐 더 이상 영웅 따위는 없거든
병신아 너넨 지금 화장 떴거든
니 차례도 올거야 내 몸이 썩거든
지금 내가 갈거라고 귀척하는 Sucker들
Hit em up hit em up hit em up yeah
Hit em up hit em up hit em up yeah
Hit em up hit em up hit em up yeah
기분이 풀릴 때까지 Hit em up

[Verse 2 : IGNITO]
난 그 지옥 같은
늪에서 몸부림쳤군
동료의 썩은 주검을 먹는
구더기들의 천국
그곳은 속물 같은 것들끼리
몸을 섞은 대가로 얻은 성공을
늘어놓는 구정물
욕심에 일그린 표정은
화장 따위로 가리고
어색해진 낯으로 선택지를 맞닥뜨려
따를 결정은 항상 기회주의가 바탕
볼품없는 계약서를 장착하곤 위풍당당
여전히 달려드는 수많은 불나방들
벌써 비열함부터 갖춘 어린 악마들
자기들 딴에 한 번 잘해보길 바래
일단 맛을 봤다면 절대
과거로 돌아갈 순 없다네
대신 난 기대를 접어두겠어 완전히
애송이들이 싸지르는
난장판의 뒤치다꺼리
지긋 지긋하지 멀리 거리를 둔 채로
높은 데서 살피고 두들기지 두 배로

[Hook]
내겐 더 이상 영웅 따위는 없거든
병신아 너넨 지금 화장 떴거든
니 차례도 올거야 내 몸이 썩거든
지금 내가 갈거라고 귀척하는 Sucker들
Hit em up hit em up hit em up yeah
Hit em up hit em up hit em up yeah
Hit em up hit em up hit em up yeah
기분이 풀릴 때까지 Hit em up","95.192","0.807","0.815","-3.778","0.818"
"her","Keem Hyo-Eun","0B92SCVFDUbwinbTLPTX0r","[Chorus]
내 머릿속에서 떠나
사라지라고 개년아
할 생각은 없어 대화
너 때문에 나는 화나
후회가 되지도 않아
니가 와서 나를 안아
내 심장은 깨져 너를 찔러 버리고 말아
나는 다시 그녀에게로 (나를 다시 그녀에게로)
나는 다시 그녀에게로 (나를 다시 그녀에게로)

[Verse]
너 때문에 나는 좆 됐어
이제는 시발 병원에 다녀
나는 내 얼굴을 반쯤 가려
세상 소리는 좆도 안 들어
저 x들 웃음소리가 여기까지 들려
이제는 안 도망쳐
나는 너희의 기대를 망쳐
그리고 결국 노래 만들어
너에게 들리길 바라
너는 내가 죽길 바라
내가 미치 길 바라는
의사도 앞에 있잖아
내가 아프기는 지랄
그저 원한다고 사랑
술에 취해 나 오늘 밤에는
자고 싶어 쟤랑 (Woo, woo)
너에게 들리길 바라
너는 내가 죽길 바라 (Woo, woo)
내가 아프기는 지랄
그저 원한다고 사랑

[Chorus]
내 머릿속에서 떠나
사라지라고 개년아
할 생각은 없어 대화
너 때문에 나는 화나
후회가 되지도 않아
니가 와서 나를 안아
내 심장은 깨져 너를 찔러 버리고 말아
나는 다시 그녀에게로 (나를 다시 그녀에게로)
나는 다시 그녀에게로 (나를 다시 그녀에게로)","82.067","0.394","0.665","-11.567","0.499"
"LOVE LOOKS PRETTY ON YOU","Nessa Barrett","5JoJcuOsBkwRusNgq04nsT","[Intro]
Love looks pretty on you, look pretty on me
If Heaven's for lovers, that's where we'll be

[Verse 1]
You see more than my naked body
Close the door and lay me down gently
Kiss me sweet and light a candle
Oh, my darling, take me now

[Pre-Chorus]
For the first time
This isn't painful
I feel like an angel in white sheets

[Chorus]
Love looks pretty on you, look pretty on me
If Heaven's for lovers, that's where we'll be
Love looks pretty on you, my pretty baby
I love how you love mе so delicately
So delicatеly

[Verse 2]
You're the one, the one and only
To stay and hold me like a lady
Dainty muse, I must be dreaming
Keep me safe, love me to death
I know it's more than sex

[Pre-Chorus]
For the first time
This isn't painful
I feel like an angel in white sheets

[Chorus]
Love looks pretty on you, look pretty on me
If Heaven's for lovers, that's where we'll be
Love looks pretty on you, my pretty baby
I love how you love me so delicately
So delicately

[Bridge]
You're the one, the one and only
To stay and hold, to stay and hold me

[Chorus]
Love looks pretty on you, look pretty on me
If Heaven's for lovers, that's where we'll be
Love looks pretty on you, my pretty baby
I love how you love me so delicately
So delicately","","","","",""
"la di die (feat. Jaden Hossler)","Nessa Barrett","3RLshk3cDQOqWhSIRCVaXL","[Intro: jxdn]
Okay

[Verse 1: Nessa Barrett]
Does it rain in California?
Only dream I've ever known
Will they love you when you're famous?
Where you'll never be alone
Hope someday I'll find nirvana
I'll be looking down below
I'll be dead at twenty-seven
Only nine more years to go
I got a bully in my head
Fake love, fake friends
I was broken when you left
Now you hear me everywhere you go

[Chorus: Nessa Barrett]
La-dah-dee, oh, la-dee-dah
Gonna be a supеrstar
Be the girl you used to know
Playing on thе radio
La-dah-dee, oh, la-dee-die
Loving me is suicide
I'm a dreamer, I'm on fire
La-dah-dee, run for your life

[Post-Chorus: jxdn]
Oh-oh, oh-oh, oh-oh, oh-oh
Yeah, yeah, I'm jxdn, I'm jxdn

[Verse 2: jxdn]
Said I'm gonna be a rockstar, yeah, yeah, yeah
Told her I don't want a war, yeah, yeah, yeah
I don't see me going far, yeah, yeah, yeah
That's what happens when I fall apart
All of me wants all of you
But I'm far away and I can't choose
Got a lot of lessons that I need to learn
Got a lot of lessons
My depression and misconceptions
And all the mistakes that lead to lessons
My depression, it makes me question
My depression, it makes me question

[Chorus: Nessa Barrett]
La-dah-dee, oh, la-dee-dah
Gonna be a superstar
Be the girl you used to know
Playing on the radio
La-dah-dee, oh, la-dee-die
Loving me is suicide
I'm a dreamer, I'm on fire
La-dah-dee, run for your life

[Bridge: Nessa Barrett]
Does it rain in California
Where the angels cry for me?
Want the drugs that taste like candy
And blood diamonds in my teeth
(Ah!)

[Chorus: Nessa Barrett & jxdn]
La-dah-dee, oh, la-dee-dah
Gonna be a superstar
Be the girl you used to know
Playing on the radio
La-dah-dee, oh, la-dee-die
Loving me is suicide
I'm a dreamer, I'm on fire
La-dah-dee, run for your life (Oh)
(Oh)

[Outro: Nessa Barrett & jxdn]
Yeah, I'm gonna be a superstar","163.97","0.643","0.484","-4.72","0.345"
"P*RNSTAR","Nessa Barrett","0IVAYMUDvpzFxIEuGc71SM","[Verse 1]
I wanna watch you like a movie
I wanna put you on the stage
I wanna know what you'd do to me
I wanna put you on the tape

[Pre-Chorus]
Flashing red light
(Baby, baby, baby)
Baby, you're a star
Fuck me all night
(Show me, show me, show me)
Show me who you are

[Chorus]
Pornsta-a-a-a-a-a-a-a-ar
Pornsta-a-a-a-a-a-a-a-a-ar
Show me who you a-a-a-a-a-a-a-a-are
Pornsta-a-a-a-a-a-a-a-a-ar

[Verse 2]
I wanna hear you talking dirty
I wanna see it on your face
I wanna feel you put the work in
I wanna watch you entertain

[Pre-Chorus]
Flashing red light
(Baby, baby, baby)
Baby, you're a star
Fuck me all night
(Show me, show me, show me)
Show me who you are

[Chorus]
Pornsta-a-a-a-a-a-a-a-ar (Pornstar)
Pornsta-a-a-a-a-a-a-a-a-ar (Pornstar)
Show me who you a-a-a-a-a-a-a-a-are (Are)
Pornsta-a-a-a-a-a-a-a-a-ar (Pornstar)

[Outro]
Pornstar (Ah, ah, ah)
Pornstar (Ah, ah, ah)
Show me who you a-a-a-a-a-a-a-a-are (Ah, ah, ah)
Pornsta-a-a-a-a-a-a-a-a-ar (Ah, ah, ah)
Baby, baby, baby (Ah)","","","","",""
"Buffalo 66","Nessa Barrett","1mMxIUFIpF3K5YJ6UXHTKd","[Verse 1]
You could really be the death of me, but somehow I'm not moving on
If I could, I would actually leave, but I don't like it when you're gone

[Pre-Chorus]
Tell me what you want from me, what you need me to do
You don't have to tell me, ""Please,"" I'll sit pretty for you

[Chorus]
Why am I in? Why am I in love?
(
Why am I in love? Why am I in love? Why am I?
)
(
Why am I in love? Why am I in love? Why am I?
)
In love with the one who holds the gun
(
Why am I in love? Why am I in love? Why am I?
)
(
Why am I in love? Why am I in love? Why am I?
)
Why is it we love what's bad for us?
(Why am I in love? Why am I in love? Why am I?)
(Why am I in love? Why am I in love? Why am I?)
Why do I pray? God knows I should run
(Why am I in love? Why am I in love? Why am I?)
But I'd go back to us
(Why am I in love? Why am I in love? Why am I?)
(Why am I in love? Why am I in love? Why am I?)
(Why am I in love? Why am I in love? Why am I?)
(Why am I in love? Why am I in love? Why am I?)
But I'd go back to us
(Why am I in love? Why am I in love? Why am I?)

[Verse 2]
Handcuff me, I'll throw away the keys, 'cause I don't mind, to you I'm bound
I promise I won't scream, don't need to breathe at all as long as you're around

[Pre-Chorus]
Tell me what you want from me, what you need me to do
You don't have to tell me, ""Please,"" I'm never leaving you

[Chorus]
Why am I in? Why am I in love?
(
Why am I in love? Why am I in love? Why am I?
)
(
Why am I in love? Why am I in love? Why am I?
)
In love with the one who holds the gun
(
Why am I in love? Why am I in love? Why am I?
)
(
Why am I in love? Why am I in love? Why am I?
)
Why is it we love what's bad for us?
(Why am I in love? Why am I in love? Why am I?)
(Why am I in love? Why am I in love? Why am I?)
Why do I pray? God knows I should run
(Why am I in love? Why am I in love? Why am I?)
But I'd go back to us
Oh (Why am I in love? Why am I in love? Why am I?)
Oh (Why am I in love? Why am I in love? Why am I?)
Oh (Why am I in love? Why am I in love? Why am I?)
But I'd go back to us (Why am I in love? Why am I in love? Why am I?)

[Outro]
Oh (Why am I in love? Why am I in love? Why am I?)
Oh (Why am I in love? Why am I in love? Why am I?)
Oh (Why am I in love? Why am I in love? Why am I?)
But I'd go back to us (Why am I in love? Why am I in love? Why am I?)","","","","",""
"die first","Nessa Barrett","3TfDUStpnEVIlsNlgcKQgJ","[Verse 1]
You're all I ever wanted
So, how come I'm still haunted
By the thoughts inside my head?
You love me, but no matter what you say
There's only one of two ways
That this is gonna end

[Pre-Chorus]
Someone dies or someone gets hurt
But if one of us dies

[Chorus]
I hope I die first
'Cause I don't wanna live without you
I don't wanna ever learn
How to fall asleep without you
Tell me what's worse
Losing you now or later
Maybe I can break the curse
And I can be in love forever
If I die

[Verse 2]
You're my fire and my safety
You never mean to break me
And that's why I'm afraid
'Cause someday, everybody's leaving
You promise that you'll stay
But that's a promise you can't make

[Pre-Chorus]
Someone dies or someone gets hurt
But if one of us dies

[Chorus]
I hope I die first
'Cause I don't wanna live without you
I don't wanna ever learn
How to fall asleep without you
Tell me what's worse
Losing you now or later
Maybe I can break the curse
And I can be in love forever
If I die first

[Post-Chorus]
I hope I die first
I can be in love forever, love forever, love forever

[Bridge]
Can't escape it, that's how it works
Someone dies or someone gets hurt
But if one of us dies

[Chorus]
I hope I die first
'Cause I don't wanna live without you
I don't wanna ever learn
How to fall asleep without you
Tell me what's worse
Losing you now or later
Maybe I can break the curse
And I can be in love forever
If I die first

[Outro]
I hope I die first
I can be in love forever, love forever, love forever
If I die first
I hope I die first
I can be in love forever, love forever, love forever","183.441","0.669","0.444","-6.727","0.44"
"LOVE LOOKS PRETTY ON YOU","Nessa Barrett","5S48exJMllV1UZfluzUpbp","[Intro]
Love looks pretty on you, look pretty on me
If Heaven's for lovers, that's where we'll be

[Verse 1]
You see more than my naked body
Close the door and lay me down gently
Kiss me sweet and light a candle
Oh, my darling, take me now

[Pre-Chorus]
For the first time
This isn't painful
I feel like an angel in white sheets

[Chorus]
Love looks pretty on you, look pretty on me
If Heaven's for lovers, that's where we'll be
Love looks pretty on you, my pretty baby
I love how you love mе so delicately
So delicatеly

[Verse 2]
You're the one, the one and only
To stay and hold me like a lady
Dainty muse, I must be dreaming
Keep me safe, love me to death
I know it's more than sex

[Pre-Chorus]
For the first time
This isn't painful
I feel like an angel in white sheets

[Chorus]
Love looks pretty on you, look pretty on me
If Heaven's for lovers, that's where we'll be
Love looks pretty on you, my pretty baby
I love how you love me so delicately
So delicately

[Bridge]
You're the one, the one and only
To stay and hold, to stay and hold me

[Chorus]
Love looks pretty on you, look pretty on me
If Heaven's for lovers, that's where we'll be
Love looks pretty on you, my pretty baby
I love how you love me so delicately
So delicately","","","","",""
"Stay With Me","Nessa Barrett","5Lu0RsvwyI37fzUAjIb6RL","[Chorus]
Maybe I'm not meant to be held
I get close, and they always leave
Will you be like everyone else
Or will you stay with me?

[Verse 1]
They stole all my innocence and
Turned me to a masochist
Consumed in all my darkness when I weep

[Verse 2]
You walked in so heaven-sent and
Laid me in my bed to rest and
My lonely dying garden where I sleep
When I wake, will you leave?

[Chorus]
Maybe I'm not mеant to be held
I get closе and they always leave
Will you be like everyone else
Or will you stay with me?
Maybe I've done this to myself
Another love that I've had to grieve
Will you be like everyone else
Or will you stay with me?

[Verse 3]
I can't afford to lose another
Please don't turn out like my mother
I'm terrified you'll hurt me when I'm weak

[Verse 4]
You could be the one to take
All my pretty pain away
Just promise that your love is mine to keep
If I break, will you leave?

[Chorus]
Maybe I'm not meant to be held
I get close and they always leave
Will you be like everyone else
Or will you stay with me? (Ah-ah)
Maybe I've done this to myself (Ah-ah)
Another love that I've had to grieve (Ah-ah)
Will you be like everyone else
Or will you stay with me?","86.997","0.258","0.664","-10.975","0.358"
"dying on the inside","Nessa Barrett","6h1s7cKnUtsbRpE5bwnUTf","[Verse 1]
You should take it as a compliment
If I were you, I would be more confident
You're lucky that you're pretty
Why are you obsessed with your appearance?
I don't wanna hear it, you're fine

[Pre-Chorus]
It's been my best-kept secret for a while now
No one ever sees it, but it's all around
It's the dinner conversation no one talks about
Don't know how much longer I can keep this down

[Chorus]
Beauty is a knife, I've been holding by the blade
Swallowing my pride so I won't eat anything
It's all a lie, honestly, it's eating me alive
They're all like
""Did you change your hair? Did you lose a little weight?""
""You should keep it up, 'cause it really looks great""
I hate that I always look my best
When I'm dying on the inside
When I'm dying on the inside

[Verse 2]
I wish I could break the mirror
It makes me feel like I should fucking disappear
And drown my demons in a bathtub filled with tears
No matter what I try, they always seem to come back to life

[Pre-Chorus]
What if I didn't do this to my body?
What if I quit and then you don't want me?
The dinner conversation no one talks about
Don't know how much longer I can keep this down

[Chorus]
Beauty is a knife, I've been holding by the blade
Swallowing my pride so I won't eat anything
It's all a lie, honestly, it's eating me alive
They're all like
""Did you change your hair? Did you lose a little weight?""
""You should keep it up, 'cause it really looks great""
I hate that I always look my best
When I'm dying on the inside
When I'm dying on the inside
When I'm dying on the inside

[Bridge]
You should take it as a compliment
If I were you, I would be more confident
You're lucky that you're pretty
Why are you obsessed with your appearance?
I don't wanna hear it, you're fine

[Chorus]
Beauty is a knife, I've been holding by the blade
Swallowing my pride so I won't eat anything
It's all a lie, honestly, it's eating me alive
They're all like
""Did you change your hair? Did you lose a little weight?""
""You should keep it up, 'cause it really looks great""
I hate that I always look my best
When I'm dying on the inside","95.984","0.826","0.504","-7.006","0.353"
"Buffalo 66","Nessa Barrett","2z0kgKZro0Ul8DtORoGoGe","[Verse 1]
You could really be the death of me, but somehow I'm not moving on
If I could, I would actually leave, but I don't like it when you're gone

[Pre-Chorus]
Tell me what you want from me, what you need me to do
You don't have to tell me, ""Please,"" I'll sit pretty for you

[Chorus]
Why am I in? Why am I in love?
(
Why am I in love? Why am I in love? Why am I?
)
(
Why am I in love? Why am I in love? Why am I?
)
In love with the one who holds the gun
(
Why am I in love? Why am I in love? Why am I?
)
(
Why am I in love? Why am I in love? Why am I?
)
Why is it we love what's bad for us?
(Why am I in love? Why am I in love? Why am I?)
(Why am I in love? Why am I in love? Why am I?)
Why do I pray? God knows I should run
(Why am I in love? Why am I in love? Why am I?)
But I'd go back to us
(Why am I in love? Why am I in love? Why am I?)
(Why am I in love? Why am I in love? Why am I?)
(Why am I in love? Why am I in love? Why am I?)
(Why am I in love? Why am I in love? Why am I?)
But I'd go back to us
(Why am I in love? Why am I in love? Why am I?)

[Verse 2]
Handcuff me, I'll throw away the keys, 'cause I don't mind, to you I'm bound
I promise I won't scream, don't need to breathe at all as long as you're around

[Pre-Chorus]
Tell me what you want from me, what you need me to do
You don't have to tell me, ""Please,"" I'm never leaving you

[Chorus]
Why am I in? Why am I in love?
(
Why am I in love? Why am I in love? Why am I?
)
(
Why am I in love? Why am I in love? Why am I?
)
In love with the one who holds the gun
(
Why am I in love? Why am I in love? Why am I?
)
(
Why am I in love? Why am I in love? Why am I?
)
Why is it we love what's bad for us?
(Why am I in love? Why am I in love? Why am I?)
(Why am I in love? Why am I in love? Why am I?)
Why do I pray? God knows I should run
(Why am I in love? Why am I in love? Why am I?)
But I'd go back to us
Oh (Why am I in love? Why am I in love? Why am I?)
Oh (Why am I in love? Why am I in love? Why am I?)
Oh (Why am I in love? Why am I in love? Why am I?)
But I'd go back to us (Why am I in love? Why am I in love? Why am I?)

[Outro]
Oh (Why am I in love? Why am I in love? Why am I?)
Oh (Why am I in love? Why am I in love? Why am I?)
Oh (Why am I in love? Why am I in love? Why am I?)
But I'd go back to us (Why am I in love? Why am I in love? Why am I?)","","","","",""
"PASSENGER PRINCESS","Nessa Barrett","6ob8d5WCrcxYGwBy6wLeQ1","[Intro]
I'm your shotgun, baby, for the long run
Don't you know I'd die for you?
I ride for you

[Verse 1]
Sin City (Uh, uh-uh-uh)
Baby, come with me (Uh, uh-uh-uh)
I can sit pretty (Uh, uh-uh-uh)
On your famous leather seats
Flashing lights (Uh, uh-uh-uh)
Put it into drive (Uh, uh-uh-uh)
Up and down my thighs (Uh, uh-uh-uh)
I'm your favorite fantasy

[Pre-Chorus]
Can you feel my heartbeat? (Can you feel my heartbeat?)
When you hit it full speed (When you hit it full speed)
Anywhere you take me (Anywhere you take me)
I'll go (I'll go)

[Chorus]
I'm your shotgun, baby, for the long run
Don't you know I'd die for you?
I ride for you
Say you're all mine, touch me under streetlights
Don't you know I'd die for you?
I ride for you

[Verse 2]
Supersonic (Uh, uh-uh-uh)
Yeah, I know you want it (Uh, uh-uh-uh)
Bumper sticker on it (Uh, uh-uh-uh)
I'm your babygirl on board

[Pre-Chorus]
Can you feel my heartbeat? (Can you feel my heartbeat?)
When you hit it full speed (When you hit it full speed)
Anywhere you take me (Anywhere you take me)
I'll go (I'll go)

[Chorus]
I'm your shotgun, baby, for the long run
Don't you know I'd die for you?
I ride for you
Say you're all mine, touch me under streetlights
Don't you know I'd die for you?
I ride for you

[Outro]
I'm your passenger, I'm your passenger princess
Passenger, I'm your passenger princess","","","","",""
"PINS AND NEEDLES","Nessa Barrett","6GZVFBsEiWVxWS98yU35F6","[Verse 1]
Hand on the stove, I barely feel it
And when I let go, I'm already healing
They say your name, I don't even hear it
You dug your own grave and nobody's grieving

[Pre-Chorus]
Who are you?
Who are you?

[Chorus]
Blocked your number on my phone
Shot my heart with Novocain
I feel nothin' for you, nothin' for you
Ice-cold, cut off my blood flow
It's all pins and needles, babe
I feel nothin' for you, nothin' for you

[Verse 2]
Don't call me your ex 'cause I never met you
We've never had sex, we never got tattoos
You think you're important, boy, I got bad news
You're mean and you're boring, they'll all forget you

[Pre-Chorus]
Who are you?
Who are you?

[Chorus]
Blocked your number on my phone
Shot my heart with Novocain
I feel nothin' for you, nothin' for you
Ice-cold, cut off my blood flow
It's all pins and needles, babe
I feel nothin' for you, nothin' for you

[Bridge]
I feel nothing, yeah (Woah-oh)
I feel nothing, yeah (Woah-oh)
I feel nothing
Nothing for you, nothing for you
I feel nothing, yeah (Woah-oh)
I feel nothing, yeah (Woah-oh)
I feel nothing
Nothing for you, nothing for you

[Chorus]
Blocked your number on my phone
Shot my heart with Novocain
I feel nothin' for you, nothin' for you
Ice-cold, cut off my blood flow
It's all pins and needles, babe
I feel nothin' for you, nothin' for you","84.169","0.394","0.578","-11.752","0.583"
"die first","Nessa Barrett","21szgNA72iLwvBxHQLgwBh","[Verse 1]
You're all I ever wanted
So, how come I'm still haunted
By the thoughts inside my head?
You love me, but no matter what you say
There's only one of two ways
That this is gonna end

[Pre-Chorus]
Someone dies or someone gets hurt
But if one of us dies

[Chorus]
I hope I die first
'Cause I don't wanna live without you
I don't wanna ever learn
How to fall asleep without you
Tell me what's worse
Losing you now or later
Maybe I can break the curse
And I can be in love forever
If I die

[Verse 2]
You're my fire and my safety
You never mean to break me
And that's why I'm afraid
'Cause someday, everybody's leaving
You promise that you'll stay
But that's a promise you can't make

[Pre-Chorus]
Someone dies or someone gets hurt
But if one of us dies

[Chorus]
I hope I die first
'Cause I don't wanna live without you
I don't wanna ever learn
How to fall asleep without you
Tell me what's worse
Losing you now or later
Maybe I can break the curse
And I can be in love forever
If I die first

[Post-Chorus]
I hope I die first
I can be in love forever, love forever, love forever

[Bridge]
Can't escape it, that's how it works
Someone dies or someone gets hurt
But if one of us dies

[Chorus]
I hope I die first
'Cause I don't wanna live without you
I don't wanna ever learn
How to fall asleep without you
Tell me what's worse
Losing you now or later
Maybe I can break the curse
And I can be in love forever
If I die first

[Outro]
I hope I die first
I can be in love forever, love forever, love forever
If I die first
I hope I die first
I can be in love forever, love forever, love forever","183.441","0.669","0.444","-6.727","0.44"
"High On Heaven","Nessa Barrett","4VDT0bb5RpkfoUoiVjGlrR","[Verse 1]
I know it's late
But, darling, I need you now, I'm freakin' out
Straight in my veins
Come get me, love-strung out, so I won't come down

[Pre-Chorus]
So good that I could die
Baby, I wouldn't even mind
'Cause right now, I'm in heaven

[Chorus]
Nothing could make me feel better than
Better than you do
I don't need to get high on heroin
When I got a man like you

[Verse 2]
Bitin' my nails
My fingers are black and blue from wantin' you
Leave me on the floor
And still, I crawl back to you and beg for more

[Pre-Chorus]
So good that I could die
And I'm gettin' close tonight
'Cause right now, you're my heaven

[Chorus]
Nothing could make me feel better than
Better than you do
I don't need to get high on heroin
When I got a man like you

[Outro]
High, high
High on you
A man is a woman's worst drug (High)
Fuck it, I'm in love (High)
Fuck it, I'm in love (High on you)
High, high
High on you
A man is a woman's worst drug (High)
Fuck it, I'm in love (High)
Fuck it, I'm in love (High on you)","","","","",""
"lie","Nessa Barrett","2GQqCyDCD0Z7BL2otJkFRh","[Verse 1]
The hardest pill to swallow
Is knowing that tomorrow, you're not
Mine, mine, mine
If I don't get to have you
Thank God our matching tattoos last for
Life, life, life

[Pre-Chorus]
Oh, I know I can't help
If you meet someone else
If you meet someone else

[Chorus]
You can take her home
She can get you high
You can hold her heart
Even after you broke mine
You can kiss her softly
Never make her cry
You can tell her that you love her
As long as it's a lie
[Post-Chorus]
As long as it's a lie
Promisе you'll lie
Promise you'll lie

[Verse 2]
I still kеpt the ring
Even if I'll never be your
Bride, why? Why?
You can grow old together
As long as the last name on your lips is
Mine, mine, mine

[Pre-Chorus]
Oh, I know I can't help
If you meet someone else
If you meet someone else

[Chorus]
You can take her home
She can get you high
You can hold her heart
Even after you broke mine
You can kiss her softly
Never make her cry
You can tell her that you love her
As long as it's a lie
[Post-Chorus]
As long as it's a lie
Promise you'll lie
Promise you'll lie
As long as it's a lie
Promise you'll lie
Promise you'll lie

[Outro]
Mm-mm-mm-mm
Mm-mm-mm-mm
Mm-mm-mm
Mm-mm-mm
Mm-mm-mm-mm
Mm-mm-mm-mm
Mm-mm-mm
Mm-mm-mm","94.069","0.779","0.541","-5.581","0.501"
"i hope ur miserable until ur dead","Nessa Barrett","4ka1FkKAMde6dQAFFMXKac","[Verse 1]
I still hear your voice, tryna rip my world to pieces
But I'm not your toy, you can break and leave there bleeding
The damage is done, moving on if I'm ready or not
But you drag me through mud, here I come, now I'm petty as fuck
(I'm petty as fuck)

[Chorus]
I hope you never fall in love again
I hope you be yourself and lose your friends
I hope they call you out for shit you said
I hope you're miserable until you're dead

[Post-Chorus]
I hope you're miserable
So fucking miserable
I hopе you're miserable
I hopе you're miserable until you're dead

[Verse 2]
Been keeping your shit to myself
If I said it out loud, you'd be burning in Hell
And I can make everybody hate you
Almost as much as you hate yourself
But I won't 'cause (I won't), I know (I know)
One day it'll come around, but fuck you for now

[Chorus]
I hope you never fall in love again
I hope you be yourself and lose your friends (Lose your friends)
I hope they call you out for shit you said (You said)
I hope you're miserable until you're dead

[Bridge]
The damage is done, moving on if I'm ready or not
But you drag me through mud, here I come, now I'm petty as fuck
(I'm petty as fuck)

[Chorus]
I hope you never fall in love again
I hope you be yourself and lose your friends
I hope they call you out for shit you said (You said)
I hope you're miserable until you're dead
I hope you're haunted by all your regrets
I hope they fuck you up inside your head
You know I don't forgive, I don't forget
I hope you're miserable until you're dead

[Outro]
I hope you never fall in love again
I hope you be yourself and lose your friends
I hope they call you out for shit you said
I hope you're miserable until you're dead","","","","",""
"DIRTY LITTLE SECRET","Nessa Barrett","2LaLzmU2vny0lwlyi6sCp2","[Intro]
(My dirty little secret)

[Verse 1]
I'm done playing nice, so baby, don't give me your heart
You can't stay the night, so baby, I'll call you a car
Didn't even mean for this to ever get this far
Dirty little secret, can't we keep it in the dark?

[Pre-Chorus]
Don't you look at me like that, it's just too real
Feels so good when I don't know the way you feel

[Chorus]
I don't have to be the one
We don't have to be in love
Let's keep it discreet, sneaking out the back door
You're so into me, what you doing that for?
I don't wanna be the one

[Verse 2]
I like your attеntion, yeah, I like it when I'm borеd
But I know your intentions, yeah, you wish that I was yours
But that's not what I call you for, ah-ah

[Pre-Chorus]
Don't you look at me like that, it's just too real
Feels so good when I don't know the way you feel

[Chorus]
I don't have to be the one (Don't have to be the one)
We don't have to be in love (Don't have to be in love)
Let's keep it discreet, sneaking out the back door
You're so into me (You're so into me), what you doing that for?
I don't wanna be the one

[Bridge]
My dirty little secret
That's how I wanna keep it
My dirty little secret
That's how I wanna keep it

[Outro]
(My dirty little secret, secret)","96.985","0.572","0.868","-6.217","0.485"
"do you really want to hurt me?","Nessa Barrett","2xMY0vcPCP5GHHqom5i6Gl","[Chorus]
Do you really wanna hurt me?
Do you really wanna make me cry?
Do you really wanna hurt me?
Do you really wanna make me cry?

[Post-Chorus]
You're gonna make me cry
You're gonna make me cry

[Verse]
Precious kisses, words that burn me
Don't you know that lovers never ask you why?
In my heart, the fire's burning
Don't you know that lovers shouldn't make you cry?
You're gonna make me cry

[Chorus]
Do you really wanna hurt me?
Do you really wanna make me cry?
Do you really wanna hurt me?
Do you really wanna make me cry?

[Outro]
You're gonna make me cry","100.495","0.408","0.74","-12.99","0.38"
"'Til Death Do Us Part","Nessa Barrett","5THNBQK9Nq8gGqENHBvDpL","[Verse 1]
I'm betting everything on you
Married in Vegas, say, ""I do""
It's so romantic when I cry
Fuck me so good I wanna die
I'm dirty dancing, Moulin Rouge
I make you kiss all my tattoos
It's so romantic when you cry
Fuck you so good you wanna die

[Chorus]
'Til death do us part, I'm in love, you're so handsome, handsome
You're seeing stars, throwing cash while I'm dancing, dancing
Look at you, baby
Look at me, baby

[Verse 2]
He lights my cigarette for me
Says I'm so pretty on my knees
It's so romantic when we cry
Fuck me for life, I'll be your bride

[Chorus]
'Til death do us part, I'm in love, you're so handsome, handsome
You're seeing stars, throwing cash while I'm dancing, dancing
Look at you, baby
I can live in your house, be a Playboy bunny
Look at me, baby (Look at mе)
While I'm taking it off, do you like that, honey?

[Bridge]
It's so romantic whеn you cry
Fuck you so good you wanna die

[Outro]
I'm dirty dancing, Moulin Rouge","122.481","0.476","0.493","-10.485","0.149"
"lovebomb","Nessa Barrett","6g5ToBz8mGURaauPqfyYvU","[Verse 1]
I don't even remember how it started
Something you said must've set me off
My words are bullets, and you're my favorite target
This isn't what I wanted, but I can't drop the gun

[Pre-Chorus]
Mmm-mmm
Even I can't stop me
Mmm-mmm
Just so you know, I'm sorry

[Chorus]
I'll send you love bombs after the war
Even though I know they don't work anymore
I'll wave the white flag after the storm
I promise I've calmed down, I'm not manic like before
So you lift the rug and I'll sweep the glass
And we can pretend likе this never happenеd
Love bombs after the war
Even though I know they don't work anymore

[Verse 2]
Even when I say it, I don't hate you
I'm trying even when I lose control
And it's not fair to pull you into my chaos
But after we're out of the trenches, I love you more

[Pre-Chorus]
Mmm-mmm
Just so you know, I'm sorry

[Chorus]
I'll send you lovebombs after the war
Even though I know they don't work anymore
I'll wave a white flag after the storm
I promise I've calmed down, I'm not manic like before
So you lift the rug and I'll sweep the glass
And we can pretend like this never happened
Love bombs after the war
Even though I know they don't work anymore

[Outro]
Mmm-mmm
I'm so sorry
Love, uh
Love, eh, bombin'
Don't go, don't go, I don't hate you, mm
Don't go, I don't","","","","",""
"american jesus","Nessa Barrett","6gnjE8oBkosBIEZroEjq4I","[Verse 1]
He's got a cross on his neck, but he spends Sundays in my bed
He's my blue jean little baby, with a halo on his head
He's got lips like cherry wine, and cigarette smoke on his breath
He's got pretty long brown hair, green eyes that look like sex

[Pre-Chorus]
Knees down at your altar
Please don't fail me now

[Chorus]
You know all my secrets
American Jesus, baby
Won't you take me to Heaven tonight?
You know you're my weakness
American Jesus, save me
You'rе the greatest lovе of my life
American Jesus

[Verse 2]
Let's drive off into the sunset, baby we can be reborn
Walk on water in the desert, make a saint out of a whore

[Pre-Chorus]
Knees down at your altar
My cowboy in the crown

[Chorus]
You know all my secrets
American Jesus, baby
Won't you take me to Heaven tonight? (Tonight)
You know you're my weakness
American Jesus, save me
You're the greatest love of my life (My life)
American Jesus

[Post-Chorus]
You got me red, white, and blue
Pledging my allegiance to you
Tell me you believe in me too, ""I do""
Ooh, seein' the stars in your eyes
No, I've never felt so alive
We can ride 'til we die

[Chorus]
You know all my secrets
American Jesus, baby
Won't you take me to Heaven tonight? (Tonight)
You know you're my weakness
American Jesus, save me
You're the greatest love of my life (My life)
American Jesus

[Post-Chorus]
You got me red, white, and blue
Pledging my allegiance to you
Tell me you believe in me too, ""I do""
Ooh, seein' the stars in your eyes
No, I've never felt so alive
We can ride 'til we die

[Outro]
Ah, ah-ah
Ah, ah-ah
Ah, ah-ah
My American Jesus","","","","",""
"girl in new york","Nessa Barrett","3eGIiMTMZduPDb4MN0NTqD","[Verse 1]
Bags in your hand as you kiss me
Tellin' me you're gonna miss me
Promise you'll be on your best behavior
Give me your flight information
Call when you land, say you made it
Sweet little me told you, ""Go have a good time""

[Pre-Chorus]
I didn't mean forget about me
Ridin' in a yellow taxi
Who the hell are you on your way to?

[Chorus]
You said I was yours
Maybe just on the West Coast
'Cause as soon as you left home
You got wanderin' eyes
So I guess you lied
When you said I was special
You're not as smart as you think you are
Baby, I know about the girl in New York

[Post-Chorus]
Who the hеll is she
Taking you from me?
Baby, I know about the girl in Nеw York

[Verse 2]
I know there's always temptation
Guess I'm a little more patient
Baby, I've been on my best behavior
Fuck you for makin' me crazy
While you buy her drinks out on Eighth Street
Sweet little you showin' her such a good time

[Pre-Chorus]
You easily forget about me
Ridin' in a yellow taxi
Back to your hotel, and she's comin' with you

[Chorus]
You said I was yours
Maybe just on the West Coast
'Cause as soon as you left home
You got wanderin' eyes
So I guess you lied
When you said I was special
You're not as smart as you think you are
Baby, I know about the girl in New York

[Post-Chorus]
Who the hell is she
Takin' you from me?
Baby, I know about the girl in New York

[Outro]
Who the hell is she
Takin' you from me?
Baby, I know about the girl in New York","82.336","0.149","0.376","-17.803","0.176"
"MUSTANG BABY (FT. ARTEMAS)","Nessa Barrett","31rLeplcJIGfbvUBpPa9f7","[Chorus: Nessa Barrett]
I just wanna be your little Mustang
I can make your heart race, baby (Baby, baby)
Kiss me doin' ninety on the highway
You can make a good girl crazy (Crazy, crazy)

[Verse 1: Nessa Barrett, Nessa Barrett & Artemas]
You're such a cowboy, baby
And I've never been anywhere
I like the gold on your tooth
And you like the wind in my hair
I've never tasted freedom
You live so wild and free
You lit a fire, somethin' wild in me

[Chorus: Nessa Barrett]
I just wanna be your little Mustang
I can make your heart race, baby (Baby, baby)
Kiss me doin' ninety on the highway
You can make a good girl crazy (Crazy, crazy)
Mustang, Mustang, Mustang, baby
Good girl, good girl, good girl, crazy
I just wanna be your little Mustang
Be your little Mustang, baby

[Verse 2: Artemas & Nessa Barrett]
I just wanna drive that little Mustang
I want her to feel it in her bones
We get loud, no, she don't wanna slow dance
And I think that it's pretty when she moans
Ridin' shotgun, put your hands up
Fuck you on the 101, mhm
Fuck me
 on the 101, ah-ah, ah-ah, ah

[Chorus: Nessa Barrett & Artemas, Nessa Barrett]
I just wanna be your little Mustang
I can make your heart race, baby (
Baby, baby
)
Kiss me doin' ninety on the highway
You can make a good girl crazy (
Crazy, crazy
)
Mustang, Mustang, Mustang, baby
Good girl, good girl, good girl, crazy
I just wanna be your little Mustang
Be your little Mustang, baby

[Interlude]
(Baby, baby, baby, baby, baby, baby)
(Mustang, baby, Mustang, Mustang)
(Mustang, baby, baby, baby)

[Bridge: Nessa Barrett & Artemas, Nessa Barrett & Artemas]
Say I'm your favorite cowgirl
And I'll let you ride it all night
Show me how bad you want it
From sunset to the sunrise
Ridin' shotgun with my hands up
Fuck me on the 101 ('01), ah-ah
Fuck me
 on the 101, ah-ah, ah-ah, ah

[Chorus: Nessa Barrett & Artemas, Nessa Barrett]
I just wanna be your little Mustang
I can make your heart race, baby (
Baby, baby
)
Kiss me doin' ninety on the highway
You can make a good girl crazy (
Crazy, crazy
)
Mustang, Mustang, Mustang, baby
Good girl, good girl, good girl, crazy
I just wanna be your little Mustang
Be your little Mustang, baby","","","","",""
"DISCO (FT. TOMMY GENESIS)","Nessa Barrett","2kiZ6klK4KFOAMEmj66WYg","[Intro: Nessa Barrett]
Let's go dancing

[Verse 1: Nessa Barrett]
Take me to the disco, set my heart on fire
Wanna see where this goes, make me feel alive
Take me to the disco in your suit and tie
Heaven when we're this close, dance with me tonight

[Chorus: Nessa Barrett]
(Ooh-ooh-ooh-ooh)
Dance with me tonight
(Ooh-ooh-ooh-ooh)
Dance with me tonight

[Verse 2: Nessa Barrett]
Take me to the disco, dirty when we speak
You know I like it real slow, you control the speed
Take me to the disco, only sweat and skin
Am I falling in lovе? Or falling into sin?

[Chorus: Nessa Barrett]
(Ooh-ooh-ooh-ooh)
Dance with me tonight
(Ooh-ooh-ooh-ooh)
Dance with mе tonight

[Post-Chorus: Nessa Barrett]
Take me to the disco-oh-oh-oh-oh-oh
Take me to the disco-oh-oh-oh-oh-oh
Take me to the disco-oh-oh-oh-oh-oh
Take me to the disco-oh-oh-oh-oh-oh

[Verse 3: Tommy Genesis]
I'm not a habit, baby, I'm a bandit
Know me as a bad bitch, I could be your band-aid
I could wreak some havoc, I'm really into bad boys
Saw you at the disco, I could be your good girl
Watch the lights like water underneath my skin
And my blood boils hotter, I can feel you swim
In my veins like somethin's forcin' me to sin
I'm on my knees in the club, pray to God, you're him
It's like I'm walkin' on water over next to you
It's like I'm walkin' on water over next to you

[Chorus: Nessa Barrett]
(Ooh-ooh-ooh-ooh)
Dance with me tonight
(Ooh-ooh-ooh-ooh)
Dance with me tonight

[Post-Chorus: Nessa Barrett]
Take me to the disco-oh-oh-oh-oh-oh
Take me to the disco-oh-oh-oh-oh-oh
Take me to the disco-oh-oh-oh-oh-oh
Take me to the disco-oh-oh-oh-oh-oh","173.083","0.621","0.473","-8.698","0.782"
"West Coast Prayer","Nessa Barrett","5LathR6JPE1xSQa15wVbzD","[Chorus]
Is there a god in the West Coast?
'Cause I'm in love
I need you like a prayer
Is there a god in the West Coast?
Could she save us?
'Cause I need you like a prayer

[Verse 1]
Finally found a man
Don't wanna let him go
Cheap perfume and leather
Hollywood forever
It's a lonely land
For love, there isn't hope
Let's get high together
Ride or die forever

[Pre-Chorus]
Ooh-ooh

[Chorus]
Is there a god in the West Coast?
'Causе I'm in love
I need you like a prayer
Is thеre a god in the West Coast?
Could she save us?
'Cause I need you like a prayer

[Verse 2]
You're a wild horse
I always had a thing for cowboys, baby
California's damned
Lovers come and go
But could you stay with me?

[Pre-Chorus]
Ooh-ooh

[Chorus]
Is there a god in the West Coast?
'Cause I'm in love
I need you like a prayer
Is there a god in the West Coast?
Could she save us?
'Cause I need you like a prayer

[Outro]
Ah-ah, ah-ah
Kiss me, baby, know you wanna
Jesus loves a prima donna
Ah-ah, ah-ah
Kiss me, baby, know you wanna
Jesus loves a prima donna","","","","",""
"gaslight","Nessa Barrett","1w6EDue1Ze95AzYcjr8ED3","[Verse 1]
Caught in a lie
I can tell by the look in your eyes
Why'd you say that there's nothing to hide
When you look so guilty, baby?
Holding my breath
'Cause I swear I could love you to death
When we kiss, your shoulders are tense
Yeah, you look so guilty, baby

[Pre-Chorus]
I should've known
But I went through your phone anyways
I should've known
Love's a dangerous game

[Chorus]
Why am I jealous if I'm yours?
Why do you make me insecure?
Why do you tell me not to worry
When you always fuckin' hurt me?
Why am I jealous if you're mine?
Why am I not even your type?
Why do you tell me that I'm crazy?
Gaslight
I'm not crazy if I'm right

[Verse 2]
You talk in your sleep
Telling me all the secrets you keep
But if I was the girl in your dreams
Would you still look guilty, baby?

[Pre-Chorus]
I should've known
But I went through your phone anyways
I should've known
Love's a dangerous game

[Chorus]
Why am I jealous if I'm yours?
Why do you make me insecure?
Why do you tell me not to worry
When you always fuckin' hurt me?
Why am I jealous if you're mine?
Why am I not even your type?
Why do you tell me that I'm crazy?
Gaslight
I'm not crazy if I'm right

[Bridge]
Turn me to a girl I don't wanna be
Paranoid, yeah, look what you've done to me
Turn me to someone I don't wanna be
I'm not crazy if I'm right
I'm not crazy if I'm right

[Chorus]
Why am I jealous if I'm yours?
Why do you make me insecure?
Why do you tell me not to worry
When you always fuckin' hurt me?
Why am I jealous if you're mine?
Why am I not even your type?
Why do you tell me that I'm crazy?
Gaslight
I'm not crazy if I'm right","103.066","0.336","0.377","-10.005","0.434"
"club heaven","Nessa Barrett","1nO6DT2QIYTxwLGrfQvIt3","[Verse 1]
You always liked an afterparty, so I guess I shoulda known
Said we hate the paparazzi, now you're somewhere they can't go
I hope you know I'm sorry that I'm not with you right now
Can't pick up when you call me, can't hear it through the clouds

[Pre-Chorus]
I've been waitin' right outside
Tryna bribe the bouncer
He says, ""Not tonight""

[Chorus]
I hope you're dancin' in Club Heaven (Yeah)
Smokin' some Blue Dream with your legends (Yeah)
I bet you're up in the VIP, raisin' some hell for me
Until I get in (I can't get in)
To Club Heaven

[Verse 2]
The music's never stoppin' and the lights never turn on
The saints are all on molly and you're talkin' shit with God
I'm searchin' for your halo 'cause I'm not havin' fun
In a city full of angels that's missin' the best one

[Pre-Chorus]
I wish I could cut the line
Been tryna bribe the bouncer
He says, ""Not tonight""

[Chorus]
I hope you're dancin' in Club Heaven (Yeah)
Smokin' some Blue Dream with your legends (Yeah)
I bet you're up in the VIP, raisin' some hell for me
Until I get in (I can't get in)
To Club Heaven

[Bridge]
What if I can't get in?
How will I see you again?
What if I can't get in?
How will I see you again?

[Outro]
I hope you're dancin' in Club Heaven","","","","",""
"tired of california","Nessa Barrett","2SOhUiyKpnlshR3SFh733w","[Intro]
(I'm so tired of California, I'm so tired of LA)
(Where the real thing comes as often as the California rain)

[Verse 1]
I get sick of sunshine on my perfect skin
Vapid conversation giving me the spins
Driving down Mulholland, closing both my eyes
'Cause they say you get more famous when you die

[Pre-Chorus]
And everyone seems fine
Am I losing my mind?

[Chorus]
I'm so tired of California, I'm so tired of LA
Where the real thing comes as often as the California rain
I got all these legal toxins in my blood and in my brain
I keep saying that I'm leaving, but it doesn't work that way

[Verse 2]
I can't feel my hеartbeat way up in the Hills
Burning down my mansion, didn't write a will
Front row at my funеral, crocodile tears
Came here for the weekend, but I haven't left in years
(Is that weird?)

[Chorus]
I'm so tired of California, I'm so tired of LA
Where the real thing comes as often as the California rain
I got all these legal toxins in my blood and in my brain
I keep saying that I'm leaving, but it doesn't work that way

[Bridge]
Can I be young forever?
Would it be fun forever?
Can I be young forever?
Would it be fun forever?

[Chorus]
(We're so tired of California, we're so tired of LA)
(Where the real thing comes as often as the California rain)
(We got all these legal toxins in our blood and in our brain)
(We keep saying that we're leaving, but it doesn't work that way)

[Outro]
I'm so tired of California, I'm so tired of LA
Where the real thing comes as often as the California rain
I got all these legal toxins in my blood and in my brain
I keep saying that I'm leaving, but it doesn't work that way","92.014","0.731","0.712","-6.313","0.638"
"madhouse","Nessa Barrett","1s9e1EBT6eYbDOneeBB6r0","[Verse 1]
I'm gonna star in my own psychological thriller
So go grab a seat now
There will be blood and gore
A box office killer, a sellout
Make me a spectacle
I'll have a beautiful chemical meltdown
Losing the screws in my brain, could be any day now

[Chorus]
They gon' put me in a madhouse
Shove pills down my throat 'til I space out
They wanna love me, hate me, then slut-shame me
Batshit crazy, can you bla-bla-blame me? (La-la-la-la-la-la)
They gon' put me in a madhouse
But is it you or is it me?

[Verse 2]
No more brain, serotonin, kerosene
Diagnosed with seeing things
Maybe 'cause I know my brain (Brain, brain)
Go ahead, take a peek
Maybe let you under the hood
I'll scare the shit outta you like nothing else ever could
I scare myself sometimes, I almost took my life
Now look who's got the knife

[Chorus]
They gon' put me in a madhouse
Shove pills down my throat 'til I space out
They wanna love me, hate me, then slut-shame me
Batshit crazy, can you bla-bla-blame me? (La-la-la-la-la-la)
They gon' put me in a madhouse
But is it you or is it me?

[Bridge]
(But is it you or is it me?)

[Chorus]
They gon' put me in a madhouse
Shove pills down my throat 'til I space out
They wanna love me, hate me, then slut-shame me
Batshit crazy, can you bla-bla-blame me? (La-la-la-la-la-la)
They gon' put me in a madhouse
But is it you or is it me?","95.021","0.681","0.683","-6.392","0.477"
"Drunken Tiger kids (feat. Innovator, Gwangil Jo, Sikboy, WONA & Jung Sangsoo)","New Champ","2sksHwq75PdCJItBDL3NWo","[Black Nut]
너와 나의 연결... 아니지
서울!
가서 찢어라

[Verse 1: Black Nut]
엄마한테 말했지. ""내가 다시 이 집에 돌아올 땐
버스 한가득 창녀들을 태운 뒤에 정기가 다 빨린 채
폐병 환자 같은 몰골을 하고선 돈다발과 함께
돌아올테니 이사 갈 준비해놔. 나 금방 갔다올게""
꺼져, 래퍼들. 나 우리 엄마 빚 갚아야 해. 밥그릇들 치워
너희들을 눕히는 건 주사기 든 간호사보다 더 쉬워
내가 거품이라면 너희 돈은 스푼이지. 빨리들 걷어내
허나 이 바닥을 치는 실력으로 난 딱지치기처럼 다 뒤집었네
넌 내가 자녹게에서 허우적대던 때부터 날 기억해
허나 점차 수면 위로 떠올라갔지, 문 스윙스의 뱃살 꽉 쥐고, yeah
그래, 알아, 날 띄운 건 내 실력이 아닌 삼행시처럼 그저 운이란 걸
근데 또 없어, 지금 나만큼 뚜렷한 작업물 없이 스포트라이트 받는 놈
난 여성부 장관 같은 놈: 이 바닥에 대들보지. Get it?
목욕탕 때밀이처럼 박수를 쳐줘. 그럼 내가 뒤집을테니
Fuck Hi-Lite, fuck Grandline, fuck AOMG, fuck Illionaire, shit
내 포부는 내 팀마저도 낭떠러지로 싹 다 밀어내지 (fuck JM!)
내가 최고야. 다 엿 처먹어. 증명해줄게. 허풍은 0%
니가 걷는 길을 다 가시밭길로 만들게, bitches, 마치 럴커처럼

[Hook: 천재노창]
비속어 양해를 구해야 해... 야 개씨발
'찬경'하지 않는다면 넌 신의 저주를 받게 돼
진짜 갇뎀. 카니예, 니 이름 앞에 갇 떼
빈말 안 해. 모두 다 외치거라, 그분의 존함 '갓대웅'
갇뎀! 갓대웅! 찬양 경배해!

[Bridge: Black Nut & 천재노창]
아 닥쳐. 내 노래야. 씨발 끼지 마. 꺼져
""사장님 가라사대"" 이런 거 하지 마, 총 맞기 싫으면
(찬양 경배!)
닥쳐, 씨발 훅 중독자 새꺄. 훅 하지마
꺼져. 훅 필요 없어

[Verse 2: Black Nut]
Black Nut vs DO, VJ, San E
Garion, Sean2slow, P-Type
Drunken Tiger, T, 리쌍, Dynamic Duo
TBNY and Epik High
E SENS, J-Tong, Simon D
GRAY, Crush, Loco, Elo, Zion.T
Beenzino, Dok2, The Quiett
Mad C, Soul Dive, Outsider
배치기, 취랩, MC Sniper
DOC, 물론 제외할게, 스트리트 파이터는
Paloalto, B-Free, Okasian
화지, Geeks, Crucial Star and TakeOne
Basick, Jay Moon and Innovator
Kid Ash, Reddy, Huckleberry P
JJK, Double K, Sool J, Jerry.K
Rhyme-A-, Minos, Fana Kim
Dead'P, Addsp2ch, Ignito
깐모, 한해, Andup, Ugly Duck, ZICO and
Rimi, KittiB, Jolly V, Tymee
Kebee, GD, DG, YDG, Illinit, Bizzy
주석, Skull, Masta Wu, 진돗개
Qwala, 넉살, New Champ, Young Jay
Deep, Odee, Wutan, Row Digga
Sleeq, Don Mills, Qim Isle, Olltii와
Swings, Vasco, C Jamm, 노창, GIRIBOY
그 외의 래퍼들 다 꺼져. 내가 이기죠

[Outro: Black Nut]
야, 이 씨발놈들아
욕해서 미안해
근데 이 노래 제목이 왜 100인 줄 알아?
내가 작년에 말했지, 'Still Not Over'에서?
한국 래퍼 100프로 전부 좆까고 집으로 꺼지라고
나 그거 거짓말 아닌데?
아직도 몰라? 100이라고, 100
다 덤벼, 이 씹새끼들아
드루와 드루와 드루와, 이 씨발놈들아
들어오지 마. 죄송합니다
농담입니다. 죄송합니다","","","","",""
"나의 투쟁","New Champ","33NrktsmuB62oIDLfQAoRN","서문
조선민주주의인민공화국은 위대한 수령 김일성동지의 사상과 령도를 구현한 주체의 사회주의 조국이다.

위대한 수령 김일성동지는 조선민주주의인민공화국의 창건자이시며 사회주의 조선의 시조이시다.

김일성동지께서는 영생불멸의 주체사상을 창시하시고 그 기치 밑에 항일혁명투쟁을 조직령도하시여 영광스러운 혁명전통을 마련하시고 조국 광복의 력사적 위업을 이룩하시였으며 정치, 경제, 문화, 군사 분야에서 자주독립국가 건설의 튼튼한 토대를 닦은 데 기초하여 조선민주주의인민공화국을 창건하시였다.

김일성동지께서는 주체적인 혁명로선을 내놓으시고 여러 단계의 사회혁명과 건설사업을 현명하게 령도하시여 공화국을 인민대중 중심의 사회주의 나라로, 자주, 자립, 자위의 사회주의 국가로 강화발전시키시였다.

김일성동지께서는 국가건설과 국가활동의 근본원칙을 밝히시고 가장 우월한 국가사회제도와 정치방식, 사회 관리체계와 관리방법을 확립하시였으며 사회주의 조국의 부강번영과 주체혁명 위업의 계승완성을 위한 확고한 토대를 마련하시였다.

김일성동지께서는 <이민위천>을 좌우명으로 삼으시여 언제나 인민들과 함께 계시고 인민을 위하여 한평생을 바치시였으며 숭고한 인덕정치로 인민들을 보살피시고 이끄시여 온 사회를 일심단결된 하나의 대가정으로 전변시키시였다.

위대한 수령 김일성동지는 민족의 태양이시며 조국통일의 구성이시다. 김일성동지께서는 나라의 통일을 민족지상의 과업으로 내세우시고 그 실현을 위하여 온갖 로고와 심혈을 다 바치시였다.

김일성동지께서는 공화국을 조국 통일의 강유력한 보루로 다지시는 한편 조국 통일의 근본 원칙과 방도를 제시하시고 조국 통일 운동을 전민족적인 운동으로 발전시키시여 온 민족의 단합된 힘으로 조국 통일 위업을 성취하기 위한 길을 열어놓으시였다.

위대한 수령 김일성동지께서는 조선민주주의인민공화국의 대외정책의 기본리념을 밝히시고 그에 기초하여 나라의 대외관계를 확대발전시키시였으며 공화국의 국제적 권위를 높이 떨치게 하시였다. 김일성동지는 세계정치의 원로로서 자주의 새 시대를 개척하시고 사회주의 운동과 쁠럭불가담 운동의 강화발전을 위하여, 세계 평화와 인민들사이의 친선을 위하여 정력적으로 활동하시였으며 인류의 자주위업에 불멸의 공헌을 하시였다.

김일성동지는 사상리론과 령도예술의 천재이시고 백전백승의 강철의 령장이시였으며 위대한 혁명가, 정치가이시고 위대한 인간이시였다.

김일성동지의 위대한 사상과 령도업적은 조선혁명의 만년재보이며 조선민주주의인민공화국의 륭성번영을 위한 기본담보이다.

조선민주주의인민공화국과 조선인민은 조선로동당의 령도밑에 위대한 수령 김일성동지를 공화국의 영원한 주석으로 높이 모시며 김일성동지의 사상과 업적을 옹호고수하고 계승발전시켜 주체혁명위업을 끝까지 완성하여나갈것이다.

조선민주주의인민공화국 사회주의헌법은 위대한 수령 김일성동지의 주체적인 국가건설사상과 국가건설업적을 법화한 김일성헌법이다.

제1장 정치
제1조
조선민주주의인민공화국은 전체 조선인민의 리익을 대표하는 자주적인 사회주의국가이다.
제2조
조선민주주의인민공화국은 제국주의침략자들을 반대하며 조국의 광복과 인민의 자유와 행복을 실현하기 위한 영광스러운 혁명투쟁에서 이룩한 빛나는 전통을 이어받은 혁명적인 국가이다.
제3조
조선민주주의인민공화국은 사람중심의 세계관이며 인민대중의 자주성을 실현하기 위한 혁명사상인 주체사상을 자기 활동의 지도적지침으로 삼는다.
제4조
조선민주주의인민공화국의 주권은 로동자, 농민, 근로인테리와 모든 근로인민에게 있다.
근로인민은 자기의 대표기관인 최고인민회의와 지방 각급 인민회의를 통하여 주권을 행사한다.
제5조
조선민주주의인민공화국에서 모든 국가기관들은 민주주의중앙집권제원칙에 의하여 조직되고 운영된다.
제6조
군인민회의로부터 최고인민회의에 이르기까지의 각급 주권기관은 일반적, 평등적, 직접적 원칙에 의하여 비밀투표로 선거한다.
제7조
각급 주권기관의 대의원은 선거자들과 밀접한 련계를 가지며 자기 사업에 대하여 선거자들앞에 책임진다.
선거자들은 자기가 선거한 대의원이 신임을 잃은 경우에 언제든지 소환할수 있다.
제8조
조선민주주의인민공화국의 사회제도는 근로인민대중이 모든것의 주인으로 되고있으며 사회의 모든것이 근로인민대중을 위하여 복무하는 사람중심의 사회제도이다.
국가는 착취와 압박에서 해방되여 국가와 사회의 주인으로 된 로동자, 농민, 근로인테리와 모든 근로인민의 리익을 옹호하며 보호한다.
제9조
조선민주주의인민공화국은 북반부에서 인민정권을 강화하고사상, 기술, 문화의 3대혁명을 힘있게 벌려 사회주의의 완전한 승리를 이룩하며 자주, 평화통일, 민족대단결의 원칙에서 조국통일을 실현하기 위하여 투쟁한다.
제10조
조선민주주의인민공화국은 로동계급이 령도하는 로농동맹에 기초한 전체 인민의 정치사상적통일에 의거한다.
국가는 사상혁명을 강화하여 사회의 모든 성원들을 혁명화, 로동계급화하며 온 사회를 동지적으로 결합된 하나의 집단으로 만든다.
제11조
조선민주주의인민공화국은 조선로동당의 령도밑에 모든 활동을 진행한다.
제12조
국가는 계급로선을 견지하며 인민민주주의독재를 강화하여 내외적대분자들의 파괴책동으로부터 인민주권과 사회주의제도를 굳건히 보위한다.
제13조
국가는 군중로선을 구현하며 모든 사업에서 우가 아래를 도와주고 대중속에 들어가 문제해결의 방도를 찾으며 정치사업, 사람과의 사업을 앞세워 대중의 자각적열성을 불러일으키는 청산리정신, 청산리방법을 관철한다.
제14조
국가는 3대혁명붉은기쟁취운동을 비롯한 대중운동을 힘있게 벌려 사회주의건설을 최대한으로 다그친다.
제15조
조선민주주의인민공화국은 해외에 있는 조선동포들의 민주주의적민족권리와 국제법에서 공인된 합법적 권리와 리익을 옹호한다.
제16조
조선민주주의인민공화국은 자기 령역안에 있는 다른 나라사람의 합법적 권리와 리익을 보장한다.
제17조
자주, 평화, 친선은 조선민주주의인민공화국의 대외정책의 기본리념이며 대외활동원칙이다.
국가는 우리 나라를 우호적으로 대하는 모든 나라들과 완전한 평등과 자주성, 호상존중과 내정불간섭, 호혜의 원칙에서 국가적 또는 정치, 경제, 문화적 관계를 맺는다.
국가는 자주성을 옹호하는 세계인민들과 단결하며 온갖 형태의 침략과 내정간섭을 반대하고 나라의 자주권과 민족적, 계급적 해방을실현하기 위한 모든 나라 인민들의 투쟁을 적극 지지성원한다.
제18조
조선민주주의인민공화국의 법은 근로인민의 의사와 리익의 반영이며 국가관리의 기본무기이다.
법에 대한 존중과 엄격한 준수집행은 모든 기관, 기업소, 단체와 공민에게 있어서 의무적이다.
국가는 사회주의법률제도를 완비하고 사회주의법무생활을 강화한다.
제2장 경제
제19조
조선민주주의인민공화국은 사회주의적생산관계와 자립적민족경제의 토대에 의거한다.
제20조
조선민주주의인민공화국에서 생산수단은 국가와 사회협동단체가 소유한다.
제21조
국가소유는 전체 인민의 소유이다.
국가소유권의 대상에는 제한이 없다.
나라의 모든 자연부원, 철도, 항공, 운수, 체신 기관과 중요 공장, 기업소, 항만, 은행은 국가만이 소유한다.
국가는 나라의 경제발전에서 주도적역할을 하는 국가소유를 우선적으로 보호하며 장성시킨다.
제22조
사회협동단체소유는 해당 단체에 들어있는 근로자들의 집단적소유이다.
토지, 농기계, 배, 중소 공장, 기업소 같은것은 사회협동단체가 소유할수 있다.
국가는 사회협동단체소유를 보호한다.
제23조
국가는 농민들의 사상의식과 기술문화수준을 높이고 협동적소유에 대한 전인민적소유의 지도적역할을 높이는 방향에서 두 소유를 유기적으로 결합시키며 협동경리에 대한 지도와 관리를 개선하여 사회주의적협동경리제도를 공고발전시키며 협동단체에 들어있는 전체 성원들의 자원적의사에 따라 협동단체소유를 점차 전인민적소유로 전환시킨다.
제24조
개인소유는 공민들의 개인적이며 소비적인 목적을 위한 소유이다.
개인소유는 로동에 의한 사회주의분배와 국가와 사회의 추가적혜택으로 이루어진다.
터밭경리를 비롯한 개인부업경리에서 나오는 생산물과 그밖의 합법적인 경리활동을 통하여 얻은 수입도 개인소유에 속한다.
국가는 개인소유를 보호하며 그에 대한 상속권을 법적으로 보장한다.
제25조
조선민주주의인민공화국은 인민들의 물질문화생활을 끊임없이 높이는것을 자기 활동의 최고원칙으로 삼는다.
세금이 없어진 우리 나라에서 늘어나는 사회의 물질적부는 전적으로 근로자들의 복리증진에 돌려진다.
국가는 모든 근로자들에게 먹고 입고 쓰고 살수 있는 온갖 조건을 마련하여 준다.
제26조
조선민주주의인민공화국에 마련된 자립적민족경제는 인민의 행복한 사회주의생활과 조국의 륭성번영을 위한 튼튼한 밑천이다.
국가는 사회주의자립적민족경제건설로선을 틀어쥐고 인민경제의 주체화, 현대화, 과학화를 다그쳐 인민경제를 고도로 발전된 주체적인 경제로 만들며 완전한 사회주의사회에 맞는 물질기술적토대를 쌓기 위하여 투쟁한다.
제27조
기술혁명은 사회주의경제를 발전시키기 위한 기본고리이다.
국가는 언제나 기술발전문제를 첫자리에 놓고 모든 경제활동을 진행하며 과학기술발전과 인민경제의 기술개조를 다그치고 대중적기술혁신운동을 힘있게 벌려 근로자들을 어렵고 힘든 로동에서 해방하며 육체로동과 정신로동의 차이를 줄여나간다.
제28조
국가는 도시와 농촌의 차이, 로동계급과 농민의 계급적차이를 없애기 위하여 농촌기술혁명을 다그쳐 농업을 공업화, 현대화하며 군의 역할을 높이고 농촌에 대한 지도와 방조를 강화한다.
국가는 협동농장의 생산시설과 농촌문화주택을 국가부담으로 건설하여준다.
제29조
사회주의, 공산주의는 근로대중의 창조적로동에 의하여 건설된다.
조선민주주의인민공화국에서 로동은 착취와 압박에서 해방된 근로자들의 자주적이며 창조적인 로동이다.
국가는 실업을 모르는 우리 근로자들의 로동이 보다 즐거운것으로, 사회와 집단과 자신을 위하여 자각적열성과 창발성을 내여 일하는 보람찬것으로 되게 한다.
제30조
근로자들의 하루 로동시간은 8시간이다.
국가는 로동의 힘든 정도와 특수한 조건에 따라 하루 로동시간을 이 보다 짧게 정한다.
국가는 로동조직을 잘하고 로동규률을 강화하여 로동시간을 완전히 리용하도록 한다.
제31조
조선민주주의인민공화국에서 공민이 로동하는 나이는 16살부터이다.
국가는 로동하는 나이에 이르지 못한 소년들의 로동을 금지한다.
제32조
국가는 사회주의경제에 대한 지도와 관리에서 정치적지도와 경제기술적지도, 국가의 통일적지도와 매개 단위의 창발성, 유일적지휘와 민주주의, 정치도덕적자극과 물질적자극을 옳게 결합시키는 원칙을 확고히 견지한다.
제33조
국가는 생산자대중의 집체적힘에 의거하여 경제를 과학적으로, 합리적으로 관리운영하는 사회주의경제관리형태인 대안의 사업체계와 농촌경리를 기업적방법으로 지도하는 농업지도체계에 의하여 경제를 지도관리한다.
국가는 경제관리에서 대안의 사업체계의 요구에 맞게 독립채산제를 실시하며 원가, 가격, 수익성 같은 경제적공간을 옳게 리용하도록 한다.
제34조
조선민주주의인민공화국의 인민경제는 계획경제이다.
국가는 사회주의경제발전법칙에 따라 축적과 소비의 균형을 옳게 잡으며 경제건설을 다그치고 인민생활을 끊임없이 높이며 국방력을 강화할수 있도록 인민경제발전계획을 세우고 실행한다.
국가는 계획의 일원화, 세부화를 실현하여 생산장성의 높은 속도와 인민경제의 균형적발전을 보장한다.
제35조
조선민주주의인민공화국은 인민경제발전계획에 따르는 국가예산을 편성하여 집행한다.
국가는 모든 부문에서 증산과 절약 투쟁을 강화하고 재정통제를 엄격히 실시하여 국가축적을 체계적으로 늘이며 사회주의적소유를 확대발전시킨다.
제36조
조선민주주의인민공화국에서 대외무역은 국가 또는 사회협동단체가 한다.
국가는 완전한 평등과 호혜의 원칙에서 대외무역을 발전시킨다.
제37조
국가는 우리 나라 기관, 기업소, 단체와 다른 나라 법인 또는 개인들과의 기업 합영과 합작, 특수 경제지대에서의 여러가지 기업창설운영을 장려한다.
제38조
국가는 자립적민족경제를 보호하기 위하여 관세정책을 실시한다.
제3장 문화
제39조
조선민주주의인민공화국에서 개화발전하고있는 사회주의적문화는 근로자들의 창조적능력을 높이며 건전한 문화정서적수요를 충족시키는데 이바지한다.
제40조
조선민주주의인민공화국은 문화혁명을 철저히 수행하여 모든 사람들을 자연과 사회에 대한 깊은 지식과 높은 문화기술수준을 가진 사회주의, 공산주의 건설자로 만들며 온 사회를 인테리화한다.
제41조
조선민주주의인민공화국은 사회주의근로자들을 위하여 복무하는 참다운 인민적이며 혁명적인 문화를 건설한다.
국가는 사회주의적민족문화건설에서 제국주의의 문화적침투와 복고주의적경향을 반대하며 민족문화유산을 보호하고 사회주의현실에 맞게 계승발전시킨다.
제42조
국가는 모든 분야에서 낡은 사회의 생활양식을 없애고 새로운 사회주의적생활양식을 전면적으로 확립한다.
제43조
국가는 사회주의교육학의 원리를 구현하여 후대들을 사회와 인민을 위하여 투쟁하는 견결한 혁명가로, 지덕체를 갖춘 공산주의적 새 인간으로 키운다.
제44조
국가는 인민교육사업과 민족간부양성사업을 다른 모든 사업에 앞세우며 일반교육과 기술교육, 교육과 생산로동을 밀접히 결합시킨다.
제45조
국가는 1년동안의 학교전의무교육을 포함한 전반적11년제의무교육을 현대과학기술발전추세와 사회주의건설의 현실적요구에 맞게 높은 수준에서 발전시킨다.
제46조
국가는 학업을 전문으로 하는 교육체계와 일하면서 공부하는 여러가지 형태의 교육체계를 발전시키며 기술교육과 사회과학, 기초과학 교육의 과학리론수준을 높여 유능한 기술자, 전문가들을 키워낸다.
제47조
국가는 모든 학생들을 무료로 공부시키며 대학과 전문학교 학생들에게는 장학금을 준다.
제48조
국가는 사회교육을 강화하며 모든 근로자들이 학습할수있는 온갖 조건을 보장한다.
제49조
국가는 학령전 어린이들을 탁아소와 유치원에서 국가와 사회의 부담으로 키워준다.
제50조
국가는 과학연구사업에서 주체를 세우며 선진과학기술을 적극 받아들이고 새로운 과학기술분야를 개척하여 나라의 과학기술을 세계적수준에 올려세운다.
제51조
국가는 과학기술발전계획을 바로 세우고 철저히 수행하는 규률을 세우며 과학자, 기술자들과 생산자들의 창조적협조를 강화하도록 한다.
제52조
국가는 민족적형식에 사회주의적내용을 담은 주체적이며 혁명적인 문학예술을 발전시킨다.
국가는 창작가, 예술인들이 사상예술성이 높은 작품을 많이 창작하며 광범한 대중이 문예활동에 널리 참가하도록 한다.
제53조
국가는 정신적으로, 육체적으로 끊임없이 발전하려는 사람들의 요구에 맞게 현대적인 문화시설들을 충분히 갖추어주어 모든 근로자들이 사회주의적문화정서생활을 마음껏 누리도록 한다.
제54조
국가는 우리 말을 온갖 형태의 민족어말살정책으로부터 지켜내며 그것을 현대의 요구에 맞게 발전시킨다.
제55조
국가는 체육을 대중화, 생활화하여 전체 인민을 로동과국방에 튼튼히 준비시키며 우리 나라 실정과 현대 체육기술발전추세에 맞게 체육기술을 발전시킨다.
제56조
국가는 전반적무상치료제를 공고발전시키며 의사담당구역제와 예방의학제도를 강화하여 사람들의 생명을 보호하며 근로자들의 건강을 증진시킨다.
제57조
국가는 생산에 앞서 환경보호대책을 세우며 자연환경을보존, 조성하고 환경오염을 방지하여 인민들에게 문화위생적인 생활환경과 로동조건을 마련하여준다.
제4장 국방
제58조
조선민주주의인민공화국은 전인민적, 전국가적 방위체계에 의거한다.
제59조
조선민주주의인민공화국 무장력의 사명은 근로인민의 리익을 옹호하며 외래침략으로부터 사회주의제도와 혁명의 전취물을 보위하고 조국의 자유와 독립과 평화를 지키는데 있다.
제60조
국가는 군대와 인민을 정치사상적으로 무장시키는 기초우에서 전군간부화, 전군현대화, 전민무장화, 전국요새화를 기본내용으로하는 자위적군사로선을 관철한다.
제61조
국가는 군대안에서 군사규률과 군중규률을 강화하며 관병일치, 군민일치의 고상한 전통적미풍을 높이 발양하도록 한다.
제5장 공민의 기본권리와 의무
제62조
조선민주주의인민공화국 공민이 되는 조건은 국적에 관한 법으로 규정한다.
공민은 거주지에 관계없이 조선민주주의인민공화국의 보호를 받는다.
제63조
조선민주주의인민공화국에서 공민의 권리와 의무는 <하나는 전체를 위하여, 전체는 하나를 위하여>라는 집단주의원칙에 기초한다.
제64조
국가는 모든 공민에게 참다운 민주주의적 권리와 자유, 행복한 물질문화생활을 실질적으로 보장한다.
조선민주주의인민공화국에서 공민의 권리와 자유는 사회주의제도의 공고발전과 함께 더욱 확대된다.
제65조
공민은 국가사회생활의 모든 분야에서 누구나 다같은 권리를 가진다.
제66조
17살이상의 모든 공민은 성별, 민족별, 직업, 거주기간, 재산과 지식정도, 당별, 정견, 신앙에 관계없이 선거할 권리와 선거받을 권리를 가진다.
군대에 복무하는 공민도 선거할 권리와 선거받을 권리를 가진다.
재판소의 판결에 의하여 선거할 권리를 빼앗긴자, 정신병자는 선거할 권리와 선거받을 권리를 가지지 못한다.
제67조
공민은 언론, 출판, 집회, 시위와 결사의 자유를 가진다.
국가는 민주주의적 정당, 사회단체의 자유로운 활동조건을 보장한다.
제68조
공민은 신앙의 자유를 가진다.
이 권리는 종교건물을 짓거나 종교의식같은것을 허용하는것으로 보장된다.
종교를 외세를 끌어들이거나 국가사회질서를 해치는데 리용할수없다.
제69조
공민은 신소와 청원을 할수 있다.
국가는 신소와 청원을 법이 정한데 따라 공정하게 심의처리하도록한다.
제70조
공민은 로동에 대한 권리를 가진다.
로동능력있는 모든 공민은 희망과 재능에 따라 직업을 선택하며 안정된 일자리와 로동조건을 보장받는다.
공민은 능력에 따라 일하며 로동의 량과 질에 따라 분배를 받는다.
제71조
공민은 휴식에 대한 권리를 가진다.
이 권리는 로동시간제, 공휴일제, 유급휴가제, 국가비용에 의한 정휴양제, 계속 늘어나는 여러가지 문화시설들에 의하여 보장된다.
제72조
공민은 무상으로 치료받을 권리를 가지며 나이많거나 병 또는 불구로 로동능력을 잃은 사람, 돌볼 사람이 없는 늙은이와 어린이는 물질적방조를 받을 권리를 가진다. 이 권리는 무상치료제, 계속 늘어나는 병원, 료양소를 비롯한 의료시설, 국가사회보험과 사회보장제에 의하여 보장된다.
제73조
공민은 교육을 받을 권리를 가진다.이 권리는 선진적인 교육제도와 국가의 인민적인 교육시책에 의하여 보장된다.
제74조
공민은 과학과 문학예술 활동의 자유를 가진다.
국가는 발명가와 창의고안자에게 배려를 돌린다.
저작권과 발명권, 특허권은 법적으로 보호한다.
제75조
공민은 거주, 려행의 자유를 가진다.
제76조
혁명투사, 혁명렬사가족, 애국렬사가족, 인민군후방가족, 영예군인은 국가와 사회의 특별한 보호를 받는다.
제77조
녀자는 남자와 똑같은 사회적 지위와 권리를 가진다.
국가는 산전산후휴가의 보장, 여러 어린이를 가진 어머니를 위한 로동시간의 단축, 산원, 탁아소와 유치원망의 확장, 그밖의 시책을 통하여 어머니와 어린이를 특별히 보호한다.
국가는 녀성들이 사회에 진출할 온갖 조건을 지어준다.
제78조
결혼과 가정은 국가의 보호를 받는다.
국가는 사회의 기층생활단위인 가정을 공고히 하는데 깊은 관심을 돌린다.
제79조
공민은 인신과 주택의 불가침, 서신의 비밀을 보장받는다.
법에 근거하지 않고는 공민을 구속하거나 체포할수 없으며 살림집을 수색할수 없다.
제80조
조선민주주의인민공화국은 평화와 민주주의, 민족적독립과 사회주의를 위하여, 과학, 문화 활동의 자유를 위하여 투쟁하다가 망명하여온 다른 나라 사람을 보호한다.
제81조
공민은 인민의 정치사상적 통일과 단결을 견결히 수호하여야 한다.
공민은 조직과 집단을 귀중히 여기며 사회와 인민을 위하여 몸바쳐 일하는 기풍을 높이 발휘하여야 한다.
제82조
공민은 국가의 법과 사회주의적생활규범을 지키며 조선민주주의인민공화국의 공민된 영예와 존엄을 고수하여야 한다.
제83조
로동은 공민의 신성한 의무이며 영예이다.
공민은 로동에 자각적으로 성실히 참가하며 로동규률과 로동시간을 엄격히 지켜야 한다.
제84조
공민은 국가재산과 사회협동단체재산을 아끼고 사랑하며 온갖 탐오랑비현상을 반대하여 투쟁하며 나라 살림살이를 주인답게 알뜰히 하여야 한다.
국가와 사회협동단체 재산은 신성불가침이다.
제85조
공민은 언제나 혁명적경각성을 높이며 국가의 안전을 위하여 몸바쳐 투쟁하여야 한다.
제86조
조국보위는 공민의 최대의 의무이며 영예이다.
공민은 조국을 보위하여야 하며 법이 정한데 따라 군대에 복무하여야 한다.
제6장 국가기구
제1절 최고인민회의
제87조
최고인민회의는 조선민주주의인민공화국의 최고 주권기관이다.
제88조
최고인민회의는 립법권을 행사한다.
최고인민회의 휴회중에는 최고인민회의 상임위원회도 립법권을 행사할수 있다.
제89조
최고인민회의는 일반적, 평등적, 직접적 선거원칙에 의하여 비밀투표로 선거된 대의원들로 구성한다.
제90조
최고인민회의 임기는 5년으로 한다.
최고인민회의 새 선거는 최고인민회의 임기가 끝나기전에 최고인민회의 상임위원회의 결정에 따라 진행한다.
불가피한 사정으로 선거를 하지 못할 경우에는 선거를 할 때까지그 임기를 연장한다.
제91조
최고인민회의는 다음과 같은 권한을 가진다.
헌법을 수정, 보충한다.
부문법을 제정 또는 수정, 보충한다.
최고인민회의 휴회중에 최고인민회의 상임위원회가 채택한 중요부문법을 승인한다.
국가의 대내외정책의 기본원칙을 세운다.
조선민주주의인민공화국 국방위원회 위원장을 선거 또는 소환한다.
최고인민회의 상임위원회 위원장을 선거 또는 소환한다.
조선민주주의인민공화국 국방위원회 위원장의 제의에 의하여 국방위원회 제1부위원장, 부위원장, 위원들을 선거 또는 소환한다.
최고인민회의 상임위원회 부위원장, 명예부위원장, 서기장, 위원들을 선거 또는 소환한다.
내각총리를 선거 또는 소환한다.
내각총리의 제의에 의하여 내각 부총리, 위원장, 상, 그밖의 내각성원들을 임명한다.
중앙검찰소 소장을 임명 또는 해임한다.
중앙재판소 소장을 선거 또는 소환한다.
최고인민회의 부문위원회 위원장, 부위원장, 위원들을 선거또는 소환한다.
국가의 인민경제발전계획과 그 실행정형에 관한 보고를 심의하고 승인한다.
국가예산과 그 집행정형에 관한 보고를 심의하고 승인한다.
필요에 따라 내각과 중앙기관들의 사업정형을 보고받고 대책을 세운다.
최고인민회의에 제기되는 조약의 비준, 페기를 결정한다.
제92조
최고인민회의는 정기회의와 림시회의를 가진다.
정기회의는 1년에 1∼2차 최고인민회의 상임위원회가 소집한다.
림시회의는 최고인민회의 상임위원회가 필요하다고 인정할 때 또는 대의원 전원의 3분의 1이상의 요청이 있을 때에 소집한다.
제93조
최고인민회의는 대의원전원의 3분의 2이상이 참석하여야 성립된다.
제94조
최고인민회의는 의장과 부의장을 선거한다.
의장은 회의를 사회한다.
제95조
최고인민회의에서 토의할 의안은 최고인민회의 상임위원회, 내각과 최고인민회의 부문위원회가 제출한다.
대의원들도 의안을 제출할수 있다.
제96조
최고인민회의 매기 제1차 회의는 대의원자격심사위원회를 선거하고 그 위원회가 제출한 보고에 근거하여 대의원자격을 확인하는 결정을 채택한다.
제97조
최고인민회의는 법령과 결정을 낸다.
최고인민회의가 내는 법령과 결정은 거수가결의 방법으로 그 회의에 참석한 대의원의 반수이상이 찬성하여야 채택된다.
헌법은 최고인민회의 대의원전원의 3분의 2이상이 찬성하여야 수정, 보충된다.
제98조
최고인민회의는 법제위원회, 예산위원회 같은 부문위원회를 둔다.
최고인민회의 부문위원회는 위원장, 부위원장, 위원들로 구성한다.
최고인민회의 부문위원회는 최고인민회의 사업을 도와 국가의 정책안과 법안을 작성하거나 심의하며 그 집행을 위한 대책을 세운다.
최고인민회의 부문위원회는 최고인민회의 휴회중에 최고인민회의 상임위원회의 지도밑에 사업한다.
제99조
최고인민회의 대의원은 불가침권을 보장받는다.
최고인민회의 대의원은 현행범인 경우를 제외하고는 최고인민회의, 그 휴회중에 최고인민회의 상임위원회의 승인없이 체포하거나 형사처벌을 할수 없다.
제2절 국방위원회
제100조
국방위원회는 국가주권의 최고군사지도기관이며 전반적국방관리기관이다.
제101조
국방위원회는 위원장, 제1부위원장, 부위원장, 위원들로구성한다.
국방위원회 임기는 최고인민회의 임기와 같다.
제102조
조선민주주의인민공화국 국방위원회 위원장은 일체 무력을 지휘통솔하며 국방사업전반을 지도한다.
제103조
국방위원회는 다음과 같은 임무와 권한을 가진다.
국가의 전반적무력과 국방건설사업을 지도한다.
국방부문의 중앙기관을 내오거나 없앤다.
중요군사간부를 임명 또는 해임한다.
군사칭호를 제정하며 장령이상의 군사칭호를 수여한다.
나라의 전시상태와 동원령을 선포한다.
제104조
국방위원회는 결정과 명령을 낸다.
제105조
국방위원회는 자기 사업에 대하여 최고인민회의앞에 책임진다.
제3절 최고인민회의 상임위원회
제106조
최고인민회의 상임위원회는 최고인민회의 휴회중의 최고주권기관이다.
제107조
최고인민회의 상임위원회는 위원장, 부위원장, 서기장, 위원들로 구성한다.
제108조
최고인민회의 상임위원회는 약간명의 명예부위원장을 둘수 있다.
최고인민회의 상임위원회 명예부위원장은 최고인민회의 대의원가운데서 오랜 기간 국가건설사업에 참가하여 특출한 기여를 한 일군이 될수 있다.
제109조
최고인민회의 상임위원회 임기는 최고인민회의 임기와 같다.
최고인민회의 상임위원회는 최고인민회의 임기가 끝난후에도 새 상임위원회가 선거될 때까지 자기 임무를 계속 수행한다.
제110조
최고인민회의 상임위원회는 다음과 같은 임무와 권한을 가진다.
최고인민회의를 소집한다.
최고인민회의 휴회중에 제기된 새로운 부문법안과 규정안, 현행부문법과 규정의 수정, 보충안을 심의채택하며 채택실시하는 중요부문법을 다음번 최고인민회의의 승인을 받는다.
불가피한 사정으로 최고인민회의 휴회기간에 제기되는 국가의인민경제발전계획, 국가예산과 그 조절안을 심의하고 승인한다.
헌법과 현행 부문법, 규정을 해석한다.
국가기관들의 법준수집행을 감독하고 대책을 세운다.
헌법, 최고인민회의 법령, 결정, 국방위원회 결정, 명령, 최고인민회의 상임위원회 정령, 결정, 지시에 어긋나는 국가기관의 결정, 지시를 페지하며 지방인민회의의 그릇된 결정집행을 정지시킨다.
최고인민회의 대의원선거를 위한 사업을 하며 지방인민회의 대의원선거사업을 조직한다.
최고인민회의 대의원들과의 사업을 한다.
최고인민회의 부문위원회와의 사업을 한다.
내각 위원회, 성을 내오거나 없앤다.
최고인민회의 휴회중에 내각총리의 제의에 의하여 부총리, 위원장, 상, 그밖의 내각성원들을 임명 또는 해임한다.
최고인민회의 상임위원회 부문위원회 성원들을 임명 또는 해임한다.
중앙재판소 판사, 인민참심원을 선거 또는 소환한다.
다른 나라와 맺은 조약을 비준 또는 페기한다.
다른 나라에 주재하는 외교대표의 임명 또는 소환을 결정하고 발표한다.
훈장과 메달, 명예칭호, 외교직급을 제정하며 훈장과 메달, 명예칭호를 수여한다.
대사권과 특사권을 행사한다.
행정단위와 행정구역을 내오거나 고친다.
제111조
최고인민회의 상임위원회 위원장은 상임위원회사업을 조직지도한다.
최고인민회의 상임위원회 위원장은 국가를 대표하며 다른 나라 사신의 신임장, 소환장을 접수한다.
제112조
최고인민회의 상임위원회는 전원회의와 상무회의를 가진다.
전원회의는 위원전원으로 구성하며 상무회의는 위원장, 부위원장, 서기장들로 구성한다.
제113조
최고인민회의 상임위원회 전원회의는 상임위원회의 임무와 권한을 실현하는데서 나서는 중요한 문제들을 토의결정한다.
상무회의는 전원회의에서 위임한 문제들을 토의결정한다.
제114조
최고인민회의 상임위원회는 정령과 결정, 지시를 낸다.
제115조
최고인민회의 상임위원회는 자기 사업을 돕는 부문위원회를 둘수 있다.
제116조
최고인민회의 상임위원회는 자기 사업에 대하여 최고인민회의앞에 책임진다.
제4절 내각
제117조
내각은 최고주권의 행정적집행기관이며 전반적국가관리기관이다.
제118조
내각은 총리, 부총리, 위원장, 상과 그밖에 필요한 성원들로 구성한다.
내각의 임기는 최고인민회의 임기와 같다.
제119조
내각은 다음과 같은 임무와 권한을 가진다.
국가의 정책을 집행하기 위한 대책을 세운다.
헌법과 부문법에 기초하여 국가관리와 관련한 규정을 제정 또는 수정, 보충한다.
내각의 위원회, 성, 내각 직속기관, 지방인민위원회의 사업을 지도한다.
내각 직속기관, 중요 행정경제기관, 기업소를 내오거나 없애며 국가관리기구를 개선하기 위한 대책을 세운다.
국가의 인민경제발전계획을 작성하며 그 실행대책을 세운다.
국가예산을 편성하며 그 집행대책을 세운다.
공업, 농업, 건설, 운수, 체신, 상업, 무역, 국토관리, 도시경영, 교육, 과학, 문화, 보건, 체육, 로동행정, 환경보호, 관광, 그밖의 여러 부문의 사업을 조직집행한다.
화페와 은행 제도를 공고히 하기 위한 대책을 세운다.
국가관리질서를 세우기 위한 검열, 통제 사업을 한다.
사회질서유지, 국가 및 사회협동단체의 소유와 리익의 보호, 공민의 권리보장을 위한 대책을 세운다.
다른 나라와 조약을 맺으며 대외사업을 한다.
내각 결정, 지시에 어긋나는 행정경제기관의 결정, 지시를 페지한다.
제120조
내각총리는 내각사업을 조직지도한다.
내각총리는 조선민주주의인민공화국 정부를 대표한다.
제121조
내각은 전원회의와 상무회의를 가진다.
내각 전원회의는 내각성원전원으로 구성하며 상무회의는 총리, 부총리와 그밖에 총리가 임명하는 내각성원들로 구성한다.
제122조
내각전원회의는 행정경제사업에서 나서는 새롭고 중요한 문제들을 토의결정한다.
상무회의는 내각전원회의에서 위임한 문제들을 토의결정한다.
제123조
내각은 결정과 지시를 낸다.
제124조
내각은 자기 사업을 돕는 비상설부문위원회를 둘수있다.
제125조
내각은 자기 사업에 대하여 최고인민회의와 그 휴회중에 최고인민회의 상임위원회앞에 책임진다.
제126조
새로 선거된 내각총리는 내각성원들을 대표하여 최고인민회의에서 선서를 한다.
제127조
내각 위원회, 성은 내각의 부문별 집행기관이며 중앙의부문별 관리기관이다.
제128조
내각 위원회, 성은 내각의 지도밑에 해당 부문의 사업을 통일적으로 장악하고 지도관리한다.
제129조
내각 위원회, 성은 위원회회의와 간부회의를 운영한다.
위원회, 성 위원회회의와 간부회의에서는 내각 결정, 지시 집행대책과 그밖의 중요한 문제들을 토의결정한다.
제130조
내각 위원회, 성은 지시를 낸다.
제5절 지방인민회의
제131조
도(직할시), 시(구역), 군 인민회의는 지방주권기관이다.
제132조
지방인민회의는 일반적, 평등적, 직접적 선거원칙에 의하여 비밀투표로 선거된 대의원들로 구성한다.
제133조
도(직할시), 시(구역), 군 인민회의 임기는 4년으로 한다.
지방인민회의 새 선거는 지방인민회의 임기가 끝나기 전에 해당 지방인민위원회의 결정에 따라 진행한다.
불가피한 사정으로 선거를 하지 못할 경우에는 선거를 할때까지 그 임기를 연장한다.
제134조
지방인민회의는 다음과 같은 임무와 권한을 가진다.
지방의 인민경제발전계획과 그 실행정형에 대한 보고를 심의하고 승인한다.
지방예산과 그 집행에 대한 보고를 심의하고 승인한다.
해당 지역에서 국가의 법을 집행하기 위한 대책을 세운다.
해당 인민위원회 위원장, 부위원장, 사무장, 위원들을 선거 또는 소환한다.
해당 재판소의 판사, 인민참심원을 선거 또는 소환한다.
해당 인민위원회와 하급인민회의, 인민위원회의 그릇된 결정, 지시를 페지한다.
제135조
지방인민회의는 정기회의와 림시회의를 가진다.
정기회의는 1년에 1내지2차 해당 인민위원회가 소집한다.
림시회의는 해당 인민위원회가 필요하다고 인정할 때 또는 대의원전원의 3분의 1이상의 요청이 있을 때 소집한다.
제136조
지방인민회의는 대의원전원의 3분의 2이상이 참석하여야 성립된다.
제137조
지방인민회의는 의장을 선거한다.
의장은 회의를 사회한다.
제138조
지방인민회의는 결정을 낸다.
제6절 지방인민위원회
제139조
도(직할시), 시(구역), 군 인민위원회는 해당 인민회의 휴회중의 지방주권기관이며 해당 지방주권의 행정적집행기관이다.
제140조
지방인민위원회는 위원장, 부위원장, 사무장, 위원들로 구성한다.
지방인민위원회 임기는 해당 인민회의 임기와 같다.
제141조
지방인민위원회는 다음과 같은 임무와 권한을 가진다.
인민회의를 소집한다.
인민회의 대의원선거를 위한 사업을 한다.
인민회의 대의원들과의 사업을 한다.
해당 인민회의와 상급인민회의, 인민위원회, 내각과 내각 위원회, 성의 법령, 정령, 결정, 지시를 집행한다.
해당 지방의 모든 행정사업을 조직집행한다.
지방의 인민경제발전계획을 작성하며 그 실행대책을 세운다.
지방예산을 편성하며 그 집행대책을 세운다.
해당 지방의 사회질서유지, 국가 및 사회협동단체의 소유와 리익의 보호, 공민의 권리보장을 위한 대책을 세운다.
해당 지방에서 국가관리질서를 세우기 위한 검열, 통제 사업을 한다.
하급인민위원회 사업을 지도한다.
하급인민위원회의 그릇된 결정, 지시를 페지하며 하급인민회의의 그릇된 결정의 집행을 정지시킨다.
제142조
지방인민위원회는 전원회의와 상무회의를 가진다.
지방인민위원회 전원회의는 위원전원으로 구성하며 상무회의는 위원장, 부위원장, 사무장들로 구성한다.
제143조
지방인민위원회 전원회의는 자기의 임무와 권한을 실현하는데서 나서는 중요한 문제들을 토의결정한다.
상무회의는 전원회의가 위임한 문제들을 토의결정한다.
제144조
지방인민위원회는 결정과 지시를 낸다.
제145조
지방인민위원회는 자기 사업을 돕는 비상설부문위원회를 둘수 있다.
제146조
지방인민위원회는 자기 사업에 대하여 해당 인민회의앞에 책임진다.
지방인민위원회는 상급인민위원회와 내각에 복종한다.
제7절 검찰소와 재판소
제147조
검찰사업은 중앙검찰소, 도(직할시), 시(구역), 군 검찰소와 특별검찰소가 한다.
제148조
중앙검찰소 소장의 임기는 최고인민회의 임기와 같다.
제149조
검사는 중앙검찰소가 임명 또는 해임한다.
제150조
검찰소는 다음과 같은 임무를 수행한다.
기관, 기업소, 단체와 공민들이 국가의 법을 정확히 지키는가를 감시한다.
국가기관의 결정, 지시가 헌법, 최고인민회의 법령, 결정, 국방위원회 결정, 명령, 최고인민회의 상임위원회 정령, 결정, 지시, 내각 결정, 지시에 어긋나지 않는가를 감시한다.
범죄자를 비롯한 법위반자를 적발하고 법적책임을 추궁하는것을 통하여 조선민주주의인민공화국의 주권과 사회주의제도, 국가와 사회협동단체 재산, 인민의 헌법적권리와 생명재산을 보호한다.
제151조
검찰사업은 중앙검찰소가 통일적으로 지도하며 모든 검찰소는 상급검찰소와 중앙검찰소에 복종한다.
제152조
중앙검찰소는 자기 사업에 대하여 최고인민회의와 그휴회중에 최고인민회의 상임위원회앞에 책임진다.
제153조
재판은 중앙재판소, 도(직할시)재판소, 인민재판소와 특별재판소가 한다.
판결은 조선민주주의인민공화국의 이름으로 선고한다.
제154조
중앙재판소 소장의 임기는 최고인민회의 임기와 같다.
중앙재판소, 도(직할시)재판소, 인민재판소의 판사, 인민참심원의 임기는 해당 인민회의 임기와 같다.
제155조
특별재판소의 소장과 판사는 중앙재판소가 임명 또는 해임한다.
특별재판소의 인민참심원은 해당 군무자회의 또는 종업원회의에서 선거한다.
제156조
재판소는 다음과 같은 임무를 수행한다.
재판활동을 통하여 조선민주주의인민공화국의 주권과 사회주의제도, 국가와 사회협동단체 재산, 인민의 헌법적권리와 생명재산을 보호한다.
모든 기관, 기업소, 단체와 공민들이 국가의 법을 정확히 지키고 계급적원쑤들과 온갖 법위반자들을 반대하여 적극 투쟁하도록 한다.
재산에 대한 판결, 판정을 집행하며 공증사업을 한다.
제157조
재판은 판사 1명과 인민참심원 2명으로 구성된 재판소가 한다.특별한 경우에는 판사 3명으로 구성하여 할수 있다.
제158조
재판은 공개하며 피소자의 변호권을 보장한다.
법이 정한데 따라 재판을 공개하지 않을수 있다.
제159조
재판은 조선말로 한다.
다른 나라 사람들은 재판에서 자기 나라 말을 할수 있다.
제160조
재판소는 재판에서 독자적이며 재판활동을 법에 의거하여 수행한다.
제161조
중앙재판소는 조선민주주의인민공화국의 최고재판기관이다.
중앙재판소는 모든 재판소의 재판사업을 감독한다.
제162조
중앙재판소는 자기 사업에 대하여 최고인민회의와 그휴회중에 최고인민회의 상임위원회앞에 책임진다.
제7장 국장, 국기, 국가, 수도
제163조
조선민주주의인민공화국의 국장은 <조선민주주의인민공화국>이라고 쓴 붉은 띠로 땋아올려 감은 벼이삭의 타원형테두리안에 웅장한 수력발전소가 있고 그우에 혁명의 성산 백두산과 찬연히 빛나는 붉은 오각별이 있다.
제164조
조선민주주의인민공화국의 국기는 기발의 가운데에 넓은 붉은 폭이 있고 그 아래우에 가는 흰폭이 있으며 그다음에 푸른폭이 있고 붉은 폭의 기대달린쪽 흰 동그라미안에 붉은 오각별이 있다.
기발의 세로와 가로의 비는 1대 2이다.
제165조
조선민주주의인민공화국의 국가는 <애국가>이다.
제166조
조선민주주의인민공화국의 수도는 평양이다.Preamble
The Democratic People`s Republic of Korea is a self-reliant socialist state that has realized the ideas and leadership of Kim Il Sung.
The great leader Comrade Kim Il Sung is the founder of the Democratic People’s Republic of Korea and the father of socialist Korea. Comrade Kim Il Sung authored the immortal Juche idea and, by organizing and leading the anti-Japanese revolutionary struggle under its banner, created the glorious revolutionary traditions and achieved the historic cause of the restoration of national sovereignty.
On the basis of laying a solid foundation for the building of an independent and sovereign State in the political, economic, cultural, and military fields, he founded the Democratic People’s Republic of Korea. Having put forward Juche-oriented revolutionary lines, Comrade Kim Il Sung wisely led various stages of social revolution and construction to strengthen and develop the Republic into a socialist country centred on the masses, into a socialist State which is independent, self-sufficient and self-reliant in defence.
Comrade Kim Il Sung elucidated the fundamental principles of nation building and State activities, established the best State and social system, the best mode of politics and system and methods of administering society, and laid solid foundations for the prosperity of the socialist motherland and for the continuation and consummation of the revolutionary cause of Juche. Regarding “The people are my God” as his maxim, Comrade Kim Il Sung always mixed with the people, devoted his whole life for them and turned the whole of society into a large family which is united in one mind by taking care of the people and leading them through his noble benevolent politics. The great leader Comrade Kim Il Sung is the sun of the nation and the lodestar of national reunification. Regarding the reunification of the country as the supreme national task, Comrade Kim Il Sung devoted all his efforts and care for its realization.
He made the Republic a powerful bastion for national reunification. At the same time, he set forth the fundamental principle and ways of national reunification and developed the movement for national reunification into a nationwide movement, opening the way for achieving the cause of reunification through the united efforts of the whole nation. The great leader Comrade Kim Il Sung clarified the basic ideals of the foreign policy of the Democratic People’s Republic of Korea. On the basis of this, he expanded and developed the country’s foreign relations and ensured that the international prestige of the Republic was exalted. As a veteran statesman in the world, Comrade Kim Il Sung opened up the new era of independence, carried out energetic activities for the strengthening and development of the socialist movement and the non-aligned movement as well as for world peace and for friendship among the peoples and made an imperishable contribution to the cause of human independence. Comrade Kim Il Sung was a genius in ideology and theory, a master of leadership, an ever-victorious iron-willed brilliant commander, a great revolutionary and politician and a great man.
The great idea of Comrade Kim Il Sung and the great achievements made under his leadership are the lasting treasures of the Korean revolution and the basic guarantee for the prosperity of the Democratic People’s Republic of Korea. Under the leadership of the Workers’ Party of Korea, the Democratic People’s Republic of Korea and the Korean people will hold the great leader Comrade Kim Il Sung in high esteem as the eternal President of the Republic and carry the revolutionary cause of Juche through to completion by defending and carrying forward the idea and achievements of Comrade Kim Il Sung. The Socialist Constitution of the Democratic People’s Republic of Korea shall be called Kim Il Sung’s Constitution, the codification of the great leader Comrade Kim Il Sung’s Juche-oriented ideas on and exploits in State building.
CHAPTER I. POLITICS
Article 1. The Democratic People’s Republic of Korea is an independent socialist State representing the interests of all the Korean people.
Article 2. The Democratic People’s Republic of Korea is a revolutionary State which has inherited the brilliant traditions formed during the glorious revolutionary struggle against the imperialist aggressors, in the struggle to achieve the liberation of the homeland and the freedom and well-being of the people.
Article 3. The Democratic People’s Republic of Korea is guided in its activities by the Juche idea, a world outlook centred on people, a revolutionary ideology for achieving the independence of the masses of people.
Article 4. The sovereignty of the Democratic People’s Republic of Korea resides in the workers, peasants, working intellectuals and all other working people. The working people exercise power through their representative organs―the Supreme People’s Assembly and local People’s Assemblies at all levels.
Article 5. All State organs in the Democratic People’s Republic of Korea are formed and function on the principle of democratic centralism.
Article 6. The organs of State power at all levels, from the county People’s Assembly to the Supreme People’s Assembly, are elected on the principle of universal, equal and direct suffrage by secret ballot.
Article 7. Deputies to the organs of State power at all levels have close ties with their constituents and are accountable to them for their work. The electors may recall the deputies they have elected if the latter are not to be trusted.
Article 8. The social system of the Democratic People’s Republic of Korea is a people-centered system under which the working people are the masters of everything and everything in society serves the working people. The State shall defend and protect the interests of the workers, peasants, working intellectuals and all other working people who have been freed from exploitation and oppression and become masters of the State and society.
Article 9. The Democratic People’s Republic of Korea shall strive to achieve the complete victory of socialism in the northern half of Korea by strengthening the people’s power and vigorously performing the three revolutions-the ideological, technical and cultural-and reunify the country on the principle of independence, peaceful reunification and great national unity.
Article 10. The Democratic People’s Republic of Korea rests on the politico-ideological unity of all the people based on the worker-peasant alliance led by the working class. The State shall revolutionize all the members of society, and assimilate them to the working class by intensifying the ideological revolution, and shall turn the whole of society into a collective, united in a comradely way.
Article 11. The Democratic People’s Republic of Korea shall conduct all activities under the leadership of the Workers’ Party of Korea.
Article 12. The State shall adhere to the class line, strengthen the dictatorship of people’s democracy and firmly defend the people’s power and socialist system against all subversive acts of hostile elements at home and abroad.
Article 13. The State shall implement the mass line and apply the Chongsanri spirit and Chongsanri method to all its activities, the spirit and method by which superiors assist their subordinates, mix with the masses to find solutions to problems and rouse them to conscious enthusiasm preferentially through political work, work with people.
Article 14. The State shall powerfully conduct the Three-Revolution Red Flag Movement and other mass movements and accelerate the building of socialism to the maximum.
Article 15. The Democratic People’s Republic of Korea shall champion the democratic national rights of Koreans overseas and their rights recognized by the international law as well as their interests.
Article 16. The Democratic People’s Republic of Korea shall guarantee the legal rights and interests of foreigners in its region.
Article 17. Independence, peace and friendship are the basic ideals of the foreign policy and the principles of external activities of the Democratic People’s Republic of Korea. The State shall establish diplomatic as well as political, economic and cultural relations with all friendly countries, on principles of complete equality, independence, mutual respect, noninterference in each other’s affairs and mutual benefit. The State shall promote unity with the world public defending independence, resolutely support and encourage the struggle of all peoples who oppose all forms of aggression and interference and fight for their countries’ independence and national and class emancipation.
Article 18. The law of the Democratic People’s Republic of Korea reflects the wishes and interests of the working people and is a basic instrument for State administration. Respect for the law and its strict adherence and execution is the duty of all institutions, enterprises, organizations and citizens. The State shall perfect the system of socialist law and promote the socialist law-abiding life.
CHAPTER II. THE ECONOMY
Article 19. The Democratic People’s Republic of Korea relies on the socialist production relations and on the foundation of an independent national economy.
Article 20. In the Democratic People’s Republic of Korea the means of production are owned by the State and social, cooperative organizations.
Article 21. The property of the State belongs to the entire people. There is no limit to the property which the State can own. All natural resources of the country, railways, air transport service and communications establishments, as well as major factories and enterprises, ports and banks are owned solely by the State. The State shall protect and develop on a preferential basis State property playing the leading role in the economic development of the country.
Article 22. The property of social, cooperative organizations is collectively owned by the working people involved in the organizations concerned. Land, farm machines, ships, as well as small and medium-size factories and enterprises may be owned by social, cooperative organizations. The State shall protect the property of social, cooperative organizations.
Article 23. The State shall enhance the ideological consciousness and the technical and cultural level of the peasants, increase the role of the property of the entire people in leading the cooperative property so as to combine the two forms of property in an organic way, shall consolidate and develop the socialist cooperative economic system by improving the guidance and management of the cooperative economy and gradually transform the property of cooperative organizations into the property of the people as a whole based on the voluntary will of all their members.
Article 24. Private property is property owned and consumed by individual citizens. Private property is derived from socialist distribution according to work done and from fringe benefits granted by the State and society. The products of individual sideline activities including those from the kitchen gardens, as well as the income from other legal economic activities shall also be private property. The State shall protect private property and guarantee the right to inherit it by law.
Article 25. The Democratic People’s Republic of Korea regards the steady improvement of the material and cultural standards of the people as the supreme principle of its activities. The increasing material wealth of society in our country, where taxes have been abolished, is used entirely to promote the well-being of the working people. The State shall provide all working people with every condition for obtaining food, clothing and housing.
Article 26. The independent national economy in the Democratic People’s Republic of Korea is a solid foundation for the people’s happy socialist life and for the country’s prosperity. The State, adhering to the socialist line of building an independent national economy, shall endeavour to promote the national economy onto a Juche-oriented, modern and scientific basis so as to make the national economy highly developed, Juche-oriented economy and build material and technical foundations commensurate with a completely socialist society.
Article 27. The technical revolution is a basic link for developing the socialist economy. The State shall conduct all economic activities giving primary preference to technical development, push ahead with scientific and technical development and the technical renovation of the national economy and vigorously launch the mass technical innovation movement so as to free the working people from difficult, tiresome labour and to narrow down the distinctions between physical and mental labour.
Article 28. The State shall industrialize and modernize agriculture through the rural technical revolution and improve the role of the county and its guidance and assistance to rural areas in order to eliminate the difference between town and country and the class distinction between workers and peasants. The State shall undertake, at its own expense, the building of production facilities for the cooperative farms and modern houses in the countryside.
Article 29. Socialism and communism are built by the creative labour of the working people. Labour in the Democratic People’s Republic of Korea is the independent and creative labour of the working people, freed from exploitation and oppression. The State renders the labour of our working people, who do not worry about unemployment, more joyful and worthwhile, so that they willingly work with enthusiasm and creativeness for society, the collective and themselves.
Article 30. The working day shall be eight hours. The length of the working day shall be reduced by the State in arduous trades and other special categories of work. The State shall guarantee that the working hours are fully utilized through proper organization of labour and enforcement of labour discipline.
Article 31. In the Democratic People’s Republic of Korea the minimum working age is 16 years. The State shall prohibit the employment of children under the minimum working age.
Article 32. The State shall firmly adhere to the principle of properly combining political guidance with economic and technical guidance, the unified guidance of the State with the creativeness of each unit, unitary direction with democracy, political and moral incentive with material incentive in the guidance and management of the socialist economy.
Article 33. The State shall direct and manage the national economy through the Taean work system, a socialist form of economic management whereby the economy is operated and managed scientifically and rationally on the basis of collective effort of the producer masses, and through the system of agricultural guidance whereby agricultural management is conducted by industrial methods. The State shall enforce the self-financing system in economic management to meet the requirements of the Taean work system and make proper use of such economic levers as cost, price and profit.
Article 34. The national economy of the Democratic People’s Republic of Korea is a planned economy. The State shall draw up and implement the plans for the development of the national economy in accordance with the laws of socialist economic development so that the balance of accumulation and consumption can be maintained correctly, economic construction accelerated, the people’s living standard steadily raised and the nation’s defence capability strengthened. The State shall ensure a high rate of growth in production and a balanced development of the national economy by implementing unified and detailed planning.
Article 35. The Democratic People’s Republic of Korea shall compile and implement the State budget according to the national economic development plan. The State shall systematically increase its accumulations and expand and develop socialist property by intensifying the campaign for increased production and greater economy, and by exercising strict financial control in all spheres.
Article 36. In the Democratic People’s Republic of Korea foreign trade shall be conducted by the State or social, cooperative organizations. The State shall develop foreign trade on the principles of complete equality and mutual benefit.
Article 37. The State shall encourage institutions, enterprises and organizations in our country to joint ventures and cooperation of enterprise with foreign corporations and individuals as well as the establishment and operation of a variety of enterprise in special economic zones.
Article 38. The State shall pursue a tariff policy to protect the independent national economy.
CHAPTER III. CULTURE
Article 39. Socialist culture, which is flourishing and developing in the Democratic People’s Republic of Korea, contributes to the improvement of the creative ability of all the people and to meeting their sound cultural and aesthetic demands.
Article 40. The Democratic People’s Republic of Korea shall, by carrying out a thorough cultural revolution, train all the people to be builders of socialism and communism equipped with a profound knowledge of nature and society and a high level of culture and technology, thus making the whole of society intellectual.
Article 41. The Democratic People’s Republic of Korea shall develop a truly popular, revolutionary culture which serves the socialist working people. In building a socialist national culture, the State shall oppose the cultural infiltration of imperialism and any tendency to return to the past, protect its national cultural heritage, and develop it in keeping with the existing socialist situation.
Article 42. The State shall eliminate the way of life inherited from the outmoded society and establish a new socialist way of life in every sphere.
Article 43. The State shall put the principles of socialist education into practice and raise the new generation to be steadfast revolutionaries who will fight for society and the people, to be people of a new communist type who are knowledgeable, morally sound and physically healthy.
Article 44. The State shall give precedence to public education and the training of cadres for the nation and combine general education with technological education, and education with productive labour.
Article 45. The State shall develop universal compulsory eleven-year education which includes a compulsory one-year preschool education at a high level in accordance with the trend of modern science and technology and the practical requirements of socialist construction.
Article 46. The State shall train competent technicians and experts by enhancing the regular educational system as well as different forms of study while working, and by improving the scientific and theoretical levels of technical education and education on social science and basic science.
Article 47. The State shall provide education to all pupils and students free of charge and grant allowances to students of universities and colleges.
Article 48. The State shall strengthen social education and provide the working people with all available conditions for study.
Article 49. The State shall maintain all children of preschool age in creches and kindergartens at State and public expense.
Article 50. The State shall establish Juche in scientific research, introduce advanced science and technology in every possible way, open up new areas of science and technology and raise the country’s science and technology to the world level.
Article 51. The State shall elaborate a correct plan to develop science and technology, set up a strict discipline to implement it, and strengthen creative cooperation among scientists, technicians and producers.
Article 52. The State shall develop a Juche-oriented, revolutionary art and literature, national in form and socialist in content. The State shall encourage creative workers and artists to produce works of high ideological and artistic value and enlist the working masses widely in literary and artistic activity.
Article 53. The State shall provide sufficient modern cultural facilities to meet the demands of the people who want to continually improve themselves, both mentally and physically, so that the working people may enjoy a socialist cultured, aesthetic life to their hearts’ content.
Article 54. The State shall safeguard our language from all attempts to obliterate it and shall develop it to meet present-day needs.
Article 55. The State shall thoroughly prepare the people for work and national defence by popularizing physical culture and sport and making it their daily regime, and augment sporting skills to meet our country’s reality and the trend in modern sporting skills.
Article 56. The State shall protect people’s lives and improve the working people’s health by consolidating and developing the system of universal free medical service and improving the district doctor system and the system of preventive medicine.
Article 57. The State shall adopt measures to protect the environment in preference to production, preserve and promote the natural environment and prevent environmental pollution so as to provide the people with a hygienic environment and working conditions.
CHAPTER IV. NATIONAL DEFENCE
Article 58. The Democratic People’s Republic of Korea rests on the people’s nationwide defence system.
Article 59. The mission of the armed forces of the Democratic People’s Republic of Korea is to safeguard the interests of the working people, to defend the socialist system and the gains of the revolution from aggression and to protect the freedom, independence and peace of the country.
Article 60. The State shall implement the line of self-reliant defence, the import of which is to train the army into a cadre army and modernize the army, arm the entire people and fortify the country on the basis of equipping the army and the people politically and ideologically.
Article 61. The State shall strengthen military and mass discipline in the army and promote the display of the noble traditional trait of unity between officers and men and unity between the army and the people.
CHAPTER V. FUNDAMENTAL RIGHTS AND DUTIES OF CITIZENS
Article 62. The terms for becoming a citizen of the Democratic People’s Republic of Korea are defined by the Law on Nationality. A citizen is under the protection of the Democratic People’s Republic of Korea regardless of the domicile.
Article 63. In the Democratic People’s Republic of Korea the rights and duties of citizens are based on the collectivist principle, “One for all and all for one.”
Article 64. The State shall effectively guarantee genuine democratic rights and liberties as well as the material and cultural well-being of all its citizens. In the Democratic People’s Republic of Korea the rights and freedom of citizens shall be amplified with the consolidation and development of the socialist system.
Article 65. Citizens enjoy equal rights in all spheres of State and public activity.
Article 66. All citizens who have reached the age of 17 have the right to elect and to be elected, irrespective of sex, race, occupation, length of residence, property status, education, party affiliation, political views or religion. Citizens serving in the armed forces also have the right to elect and to be elected. A person who has been disenfranchised by a Court decision and a person legally certified insane do not have the right to elect or to be elected.
Article 67. Citizens are guaranteed freedom of speech, of the press, of assembly, demonstration and association. The State shall guarantee conditions for the free activity of democratic political parties and social organizations.
Article 68. Citizens have freedom of religious beliefs. This right is granted by approving the construction of religious buildings and the holding of religious ceremonies. Religion must not be used as a pretext for drawing in foreign forces or for harming the State and social order.
Article 69. Citizens are entitled to submit complaints and petitions. The State shall fairly investigate and deal with complaints and petitions as fixed by law.
Article 70. Citizens have the right to work. All able-bodied citizens choose occupations in accordance with their wishes and skills and are provided with stable jobs and working conditions. Citizens work according to their abilities and are paid in accordance with the quantity and quality of their work.
Article 71. Citizens have the right to relaxation. This right is ensured by the establishment of the working hours, the provision of holidays, paid leave, accommodation at health resorts and holiday homes at State expense and by a growing network of cultural facilities.
Article 72. Citizens are entitled to free medical care, and all persons who are no longer able to work because of old age, illness or a physical disability, the old and children who have no means of support are all entitled to material assistance. This right is ensured by free medical care, an expanding network of hospitals, sanatoria and other medical institutions, State social insurance and other social security systems.
Article 73. Citizens have the right to education. This right is ensured by an advanced educational system and by the educational measures enacted by the State for the benefit of the people.
Article 74. Citizens are free to engage in scientific, literary and artistic pursuits. The State shall grant benefits to inventors and innovators. Copyright, inventions and patents shall be protected by law.
Article 75. Citizens have freedom of residence and travel.
Article 76. Revolutionary fighters, the families of revolutionary and patriotic martyrs, the families of soldiers of the People’s Army and disabled soldiers enjoy the special protection of the State and society.
Article 77. Women are accorded an equal social status and rights with men. The State shall afford special protection to mothers and children by providing maternity leave, reduced working hours for mothers with many children, a wide network of maternity hospitals, creches and kindergartens, and other measures. The State shall provide all conditions for a woman to play a full role in society.
Article 78. Marriage and the family shall be protected by the State. The State pays great attention to consolidating the family, the basic unit of social life.
Article 79. Citizens are guaranteed inviolability of the person and the home and privacy of correspondence. No citizens can be placed under control or be arrested nor can their homes be searched without a legal warrant.
Article 80. The Democratic People’s Republic of Korea shall grant the right of asylum to foreign nationals persecuted for struggling for peace and democracy, national independence and socialism or for the freedom of scientific and cultural pursuits.
Article 81. Citizens shall firmly safeguard the political and ideological unity and solidarity of the people. Citizens shall cherish their organization and collective and work devotedly for the good of society and the people.
Article 82. Citizens shall strictly observe the laws of the State and the socialist standards of life and defend their honour and dignity as citizens of the Democratic People’s Republic of Korea.
Article 83. Work is the noble duty and honour of a citizen. Citizens shall willingly and conscientiously participate in work and strictly observe labour discipline and the working hours.
Article 84. Citizens shall take good care of the property of the State and social, cooperative organizations, combat all forms of misappropriation and waste and manage the nation’s economy diligently as the masters. The property of the State and social, cooperative organizations is inviolable.
Article 85. Citizens shall constantly increase their revolutionary vigilance and devotedly fight for the security of the State.
Article 86. National defence is the supreme duty and honour of citizens. Citizens shall defend the country and serve in the army as required by law.
CHAPTER VI. STATE ORGAN
SECTION 1. THE SUPREME PEOPLE’S ASSEMBLY
Article 87. The Supreme People’s Assembly is the highest organ of State power in the Democratic People’s Republic of Korea.
Article 88. Legislative power is exercised by the Supreme People’s Assembly. The Presidium of the Supreme People’s Assembly may also exercise legislative power when the Supreme People’s Assembly is not in session.
Article 89. The Supreme People’s Assembly is composed of deputies elected on the principle of universal, equal and direct suffrage by secret ballot.
Article 90. The Supreme People’s Assembly is elected for a term of five years. A new Supreme People’s Assembly is elected according to the decision of the Presidium of the Supreme People’s Assembly prior to the expiry of its term of office. When unavoidable circumstances render an election impossible, the term of office is prolonged until the election.
Article 91. The Supreme People’s Assembly has the authority to:
amend or supplement the Constitution;
adopt, amend or supplement laws;
approve the major laws adopted by the Presidium of the Supreme People’s Assembly, when the Supreme People’s Assembly is not in session;
establish the basic principles of the State’s domestic and foreign policies;
elect or recall the Chairman of the National Defence Commission of the Democratic People’s Republic of Korea;
elect or recall the President of the Presidium of the Supreme People’s Assembly;
elect or recall the First Vice-Chairman, Vice-Chairmen and members of the National Defence Commission on the recommendation of the Chairman of the National Defence Commission of the Democratic People’s Republic of Korea;
elect or recall the Vice-Presidents, Honorary Vice-Presidents, Secretary-General and members of the Presidium of the Supreme People’s Assembly;
elect or recall the Premier of the Cabinet;
appoint the Vice-Premiers, Chairmen, Ministers and other members of the Cabinet on the recommendation of the Premier of the Cabinet;
appoint or remove the Prosecutor General of the Central Public Prosecutors Office;
elect or recall the President of the Central Court;
elect or recall the Chairmen, Vice-Chairmen and members of the Committees of the Supreme People’s Assembly;
deliberate and approve the reports on the State plan for the development of the national economy and on its implementation;
deliberate and approve the State budget and the report on its implementation;
hear a report on the work of the Cabinet and the central bodies, when necessary, and adopt measures;
decide on ratification and nullification of treaties suggested to the Supreme People’s Assembly.
Article 92. The Supreme People’s Assembly holds regular and extraordinary sessions. Regular sessions are convened once or twice a year by the Presidium of the Supreme People’s Assembly. Extraordinary sessions are convened when the Presidium of the Supreme People’s Assembly deems them necessary, or at the request of a minimum of one-third of the total number of deputies.
Article 93. The Supreme People’s Assembly requires a quorum of at least two-thirds of the total number of deputies in order to meet.
Article 94. The Supreme People’s Assembly elects its Chairman and Vice-Chairmen. The Chairman presides over the sessions.
Article 95. Items to be considered at the Supreme People’s Assembly are submitted by the Presidium of the Supreme People’s Assembly, the Cabinet and the Committees of the Supreme People’s Assembly. Items can also be presented by deputies.
Article 96. The first session of each Supreme People’s Assembly elects a Credentials Committee and, on hearing the Committee’s report, adopts a decision confirming the credentials of deputies.
Article 97. The Supreme People’s Assembly issues laws, ordinances and decisions. Laws, ordinances and decisions of the Supreme People’s Assembly are adopted when more than half of the deputies attending signify approval by a show of hands. The Constitution is amended or supplemented with the approval of more than two-thirds of the total number of deputies to the Supreme People’s Assembly.
Article 98. The Supreme People’s Assembly appoints the Bills Committee, the Budget Committee and other Committees. The Committees of the Supreme People’s Assembly consist of Chairman, Vice-Chairmen and members. The Committees of the Supreme People’s Assembly assist in the work of the Supreme People’s Assembly; they plan or deliberate the State policy and bills and take measures for their implementation. The Committees of the Supreme People’s Assembly work under the guidance of the Presidium of the Supreme People’s Assembly during the intervals of sessions of the Supreme People’s Assembly.
Article 99. Deputies to the Supreme People’s Assembly are guaranteed inviolability. No deputy to the Supreme People’s Assembly can be arrested or punished without the consent of the Supreme People’s Assembly or, when it is not in session, without the consent of its Presidium, unless he is caught in action.
SECTION 2. THE NATIONAL DEFENCE COMMISSION
Article 100. The National Defence Commission is the highest military leadership body of State power and the organ of overall administration of national defence.
Article 101. The National Defence Commission consists of the Chairman, the First Vice-Chairman, Vice-Chairmen and members. The term of office of the National Defence Commission is the same as that of the Supreme People’s Assembly.
Article 102. The Chairman of the National Defence Commission of the Democratic People’s Republic of Korea commands and directs all the armed forces and guides national defence as a whole.
Article 103. The National Defence Commission has the duties and authority to:
direct the whole armed forces and defence upbuilding of the State;
establish or abolish central bodies in the field of national defence;
appoint or remove important military cadres;
enact military ranks and confer military ranks higher than a general;
proclaim a state of war and mobilization order in the country.
Article 104. The National Defence Commission issues decisions and orders.
Article 105. The National Defence Commission is accountable to the Supreme People’s Assembly.
SECTION 3. THE PRESIDIUM OF THE SUPREME PEOPLE’S ASSEMBLY
Article 106. The Presidium of the Supreme People’s Assembly is the highest organ of State power when the Supreme People’s Assembly is not in session.
Article 107. The Presidium of the Supreme People’s Assembly consists of the President, Vice-Presidents, Secretary-General and members.
Article 108. The Presidium of the Supreme People’s Assembly may have a few Honorary Vice-Presidents. Honorary Vice-Presidents of the Presidium of the Supreme People’s Assembly may be the deputies to the Supreme People’s Assembly who have participated in the work of State building for a long time and rendered distinguished service.
Article 109. The term of office of the Presidium of the Supreme People’s Assembly is the same as that of the Supreme People’s Assembly. The Presidium of the Supreme People’s Assembly continues its work until the Presidium is newly elected, even after the term of the Supreme People’s Assembly expires.
Article 110. The Presidium of the Supreme People’s Assembly has the duties and authority to:
convene sessions of the Supreme People’s Assembly;
2. deliberate and adopt amendments and supplements to the new bills and regulations raised in the intervals between sessions of the Supreme People’s Assembly and to the current laws and regulations and obtain the approval of the next session of the Supreme People’s Assembly for major laws which are adopted and enforced;
deliberate and approve the State plan for the development of the national economy, the State budget and the plan for their regulation raised for unavoidable reasons in the intervals between sessions of the Supreme People’s Assembly;
interpret the Constitution as well as current laws and regulations;
supervise law observance by the State organs and take relevant measures;
rescind the decisions and directives of State bodies which run counter to the Constitution, the laws, ordinances and decisions of the Supreme People’s Assembly, the decisions and orders of the National Defence Commission, the decrees, decisions and directives of the Presidium of the Supreme People’s Assembly, and suspend the implementation of the unwarranted decisions of local people’s assemblies;
conduct the election of deputies to the Supreme People’s Assembly and organize the elections of deputies to the local People’s Assemblies;
work with the deputies to the Supreme People’s Assembly;
work with the Committees of the Supreme People’s Assembly;
set up or abolish Commissions and Ministries of the Cabinet;
appoint or remove Vice-Premiers, Chairmen, Ministers and other members of the Cabinet on the recommendation of the Premier of the Cabinet, when the Supreme People’s Assembly is not in session;
appoint or remove members of Committees of the Presidium of the Supreme People’s Assembly;
elect or recall the Judges and People’s Assessors of the Central Court;
approve or nullify treaties concluded with other countries;
decide and make public the appointment or recall of diplomatic representatives to other countries;
institute decorations, medals, titles of honour and diplomatic ranks and confer decorations, medals and titles of honour;
grant general amnesties and special pardon;
establish or alter administrative units and districts.
Article 111. The President of the Presidium of the Supreme People’s Assembly organizes and guides the work of the Presidium. The President of the Presidium of the Supreme People’s Assembly represents the State and receives the credentials and letters of recall of diplomatic representatives accredited by foreign states.
Article 112. The Presidium of the Supreme People’s Assembly convenes Plenary Meetings and Meetings of the Permanent Committee. The Plenary Meeting consists of all the members. The Meeting of the Permanent Committee consists of the President, Vice-Presidents and Secretary-General.
Article 113. The Plenary Meeting of the Presidium of the Supreme People’s Assembly deliberates and decides on important matters arising in fulfilling the duties of the Presidium and exercising its authority. The Meeting of the Permanent Committee deliberates and decides on matters entrusted to it by the Plenary Meeting.
Article 114. The Presidium of the Supreme People’s Assembly issues decrees, decisions and directives.
Article 115. The Presidium of the Supreme People’s Assembly establishes the Committees to assist it in its work.
Article 116. The Presidium of the Supreme People’s Assembly is accountable to the Supreme People’s Assembly.
SECTION 4. THE CABINET
Article 117. The Cabinet is the administrative and executive body of the highest State power and organ of overall State administration.
Article 118. The Cabinet consists of the Premier, Vice-Premiers, Chairmen, Ministers and other members as required. The term of office of the Cabinet is the same as that of the Supreme People’s Assembly.
Article 119. The Cabinet has the duties and authority to:
adopt measures for the implementation of the State policies;
adopt, amend or supplement the regulations on State administration on the basis of the Constitution and the laws;
direct the work of the Commissions and Ministries of the Cabinet, organs directly under its authority and local people’s committees;
establish or abolish organs directly under its authority, major administrative and economic bodies and enterprises, and adopt measures for improving State administration bodies;
draft the State plan for the development of the national economy and adopt measures to put it into effect;
compile the State budget and adopt measures to implement it;
organize and execute the work of industries, agriculture, construction, transport, communications, commerce, trade, land administration, municipal administration, education, science, culture, health service, physical culture and sport, labour administration, protection of environment, sightseeing, and so on;
adopt measures to strengthen the monetary and banking system;
inspect and control the establishment of order in State administration;
adopt measures to maintain public order, protect the property and interests of the State and social, cooperative organizations, and safeguard the rights of citizens;
conclude treaties with foreign countries and conduct external affairs;
rescind the decisions and directives of administrative and economic bodies which run counter to the decisions and directives of the Cabinet.
Article 120. The Premier of the Cabinet organizes and guides the work of the Cabinet. The Premier of the Cabinet represents the Government of the Democratic People’s Republic of Korea.
Article 121. The Cabinet convenes Plenary Meetings and Meetings of the Permanent Committee. The Plenary Meeting of the Cabinet consists of all the members of the Cabinet. The Meeting of the Permanent Committee consists of the Premier, Vice-Premiers and other members of the Cabinet appointed by the Premier.
Article 122. The Plenary Meeting of the Cabinet deliberates and decides on the new and important administrative and economic matters. The Meeting of the Permanent Committee deliberates and decides on the matters entrusted to it by the Plenary Meeting of the Cabinet.
Article 123. The Cabinet issues decisions and directives.
Article 124. The Cabinet may have nonpermanent committees to assist it in its work.
Article 125. The Cabinet is accountable to the Supreme People’s Assembly and to the Presidium of the Supreme People’s Assembly when the Supreme People’s Assembly is not in session.
Article 126. The newly-elected Premier of the Cabinet takes an oath of allegiance on behalf of the members of the Cabinet at the Supreme People’s Assembly.
Article 127. The Commissions and Ministries of the Cabinet are departmental executive bodies of the Cabinet and central departmental bodies of administration.
Article 128. The Commissions and Ministries of the Cabinet supervise and guide the work of the sectors concerned in a uniform way under the guidance of the Cabinet.
Article 129. The Commissions and Ministries of the Cabinet run committee meetings and cadre meetings. The committee meeting and cadre meeting deliberate and decide on the measures for the implementation of the decisions and directives of the Cabinet and other important matters.
Article 130. The Commissions and Ministries of the Cabinet issue directives.
SECTION 5. THE LOCAL PEOPLE’S ASSEMBLY
Article 131. The People’s Assembly of the province (or municipality directly under central authority), city (or district) and county is the local organ of State power.
Article 132. The local People’s Assembly consists of deputies elected on the principle of universal, equal and direct suffrage by secret ballot.
Article 133. The term of office of the People’s Assembly of the province (or municipality directly under central authority), city (or district) and county is four years. A new local People’s Assembly is elected according to the decision of the local People’s Committee at the corresponding level prior to the expiry of its term of office. When unavoidable circumstances render an election impossible, the term of office is prolonged until the election.
Article 134. The local People’s Assembly has the duties and authority to:
deliberate and approve the reports on the local plan for the development of the national economy and on its implementation;
deliberate and approve the reports on the local budget and on its implementation;
adopt measures to observe State laws in the area concerned;
elect or recall the Chairman, Vice-Chairmen, Secretary and members of the People’s Committee at the corresponding level;
elect or recall the Judges and People’s Assessors of the Court at the corresponding level;
rescind unwarranted decisions and directives of the People’s Committee at the corresponding level and the People’s Assemblies and People’s Committees at lower levels.
Article 135. The local People’s Assembly convenes regular and extraordinary sessions. Regular sessions are convened once or twice a year by the People’s Committee at the corresponding level. Extraordinary sessions are convened when the People’s Committee at the corresponding level deems them necessary or at the request of a minimum of one-third of the total number of deputies.
Article 136. The local People’s Assembly requires a quorum of at least two-thirds of the total number of deputies in order to meet.
Article 137. The local People’s Assembly elects its Chairman. The Chairman presides over the sessions.
Article 138. The local People’s Assembly issues decisions.
SECTION 6. THE LOCAL PEOPLE’S COMMITTEE
Article 139. The People’s Committee of the province (or municipality directly under central authority), city (or district) and county exercises the function of the local organ of State power when the People’s Assembly at the corresponding level is not in session and the administrative and executive organ of State power at the corresponding level.
Article 140. The local People’s Committee consists of the Chairman, Vice-Chairmen, Secretary and members. The term of office of the local People’s Committee is the same as that of the corresponding People’s Assembly.
Article 141. The local People’s Committee has the duties and authority to:
convene sessions of the People’s Assembly;
organize the election of deputies to the People’s Assembly;
work with the deputies to the People’s Assembly;
implement the laws, ordinances, decrees, decisions and directives of the corresponding People’s Assembly, the People’s Assemblies and the People’s Committees at higher levels, the Cabinet and the Commissions and Ministries of the Cabinet;
organize and carry out all administrative affairs in the given area;
draft the local plan for the development of the national economy and adopt measures to implement it;
compile the local budget and adopt measures for its implementation;
adopt measures to maintain public order, protect the property and interests of the State and social, cooperative organizations and safeguard the rights of citizens in the given area;
inspect and control the establishment of order in State administration in the given area;
direct the work of the People’s Committees at lower levels;
rescind unwarranted decisions and directives of the People’s Committees at lower levels, and suspend the implementation of unwarranted decisions of the People’s Assemblies at lower levels.
Article 142. The local People’s Committee convenes Plenary Meetings and Meetings of the Permanent Committee. The Plenary Meeting of the local People’s Committee consists of all its members. The Meeting of the Permanent Committee consists of the Chairman, Vice-Chairmen and Secretary.
Article 143. The Plenary Meeting of the local People’s Committee deliberates and decides on important matters arising in implementing its duties and exercising its authority. The Meeting of the Permanent Committee deliberates and decides on the matters entrusted to it by the Plenary Meeting.
Article 144. The local People’s Committee issues decisions and directives.
Article 145. The local People’s Committee may have nonpermanent committees to assist it in its work.
Article 146. The local People’s Committee is accountable to the corresponding People’s Assembly. The local People’s Committee is subordinate to the People’s Committees at higher levels and the Cabinet.
SECTION 7. THE PUBLIC PROSECUTORS OFFICE AND THE COURT
Article 147. Investigation and prosecution are conducted by the Central Public Prosecutors Office, the Public Prosecutors Offices of the province (or municipality directly under central authority), city (or district) and county and the Special Public Prosecutors Office.
Article 148. The term of office of the Prosecutor General of the Central Public Prosecutors Office is the same as that of the Supreme People’s Assembly.
Article 149. Public prosecutors are appointed or removed by the Central Public Prosecutors Office.
Article 150. The functions of the Public Prosecutors Office are to:
ensure the strict observance of State laws by institutions, enterprises, organizations and by citizens;
ensure that the decisions and directives of State bodies conform with the Constitution, the laws and ordinances, decisions of the Supreme People’s Assembly, the decisions and orders of the National Defence Commission, the decrees, decisions and directives of the Presidium of the Supreme People’s Assembly, and with the decisions and directives of the Cabinet;
expose and institute legal proceedings against criminals and offenders in order to protect the State power of the Democratic People’s Republic of Korea, the socialist system, the property of the State and social, cooperative organizations and personal rights as guaranteed by the Constitution and the people’s lives and property.
Article 151. Investigation and prosecution are conducted under the unified direction of the Central Public Prosecutors Office, and all Public Prosecutors Offices are subordinate to their higher offices and the Central Public Prosecutors Office.
Article 152. The Central Public Prosecutors Office is accountable to the Supreme People’s Assembly and to the Presidium of the Supreme People’s Assembly when the Supreme People’s Assembly is not in session.
Article 153. Justice is administered by the Central Court, the Court of the province (or municipality directly under central authority), the People’s Court and the Special Court. Verdicts are delivered in the name of the Democratic People’s Republic of Korea.
Article 154. The term of office of the Chief Justice of the Central Court is the same as that of the Supreme People’s Assembly. The term of office of Judges and People’s Assessors of the Central Court, the Court of the province (or municipality directly under central authority) and the People’s Court is the same as that of the People’s Assembly at the corresponding level.
Article 155. The Chairman and Judges of the Special Court are appointed or removed by the Central Court. The People’s Assessors of the Special Court are elected by soldiers of the unit concerned or by employees at their meetings.
Article 156. The functions of the Court are to:
protect through judicial procedure the State power and the socialist system established in the Democratic People’s Republic of Korea, the property of the State and social, cooperative organizations, personal rights as guaranteed by the Constitution, and the lives and property of citizens;<
ensure that all institutions, enterprises, organizations and citizens abide strictly by State laws and staunchly combat class enemies and all law-breakers;
give judgments and findings with regard to property and conduct notarial work.
Article 157. Justice is administered by a Court consisting of one Judge and two People’s Assessors. In special cases there may be three Judges.
Article 158. Court cases are heard in public and the accused is guaranteed the right of defence. Hearings may be closed to the public as stipulated by law.
Article 159. Judicial proceedings are conducted in the Korean language. Foreign citizens may use their own language during court proceedings.
Article 160. In administering justice, the Court is independent, and judicial proceedings are carried out in strict accordance with the law.
Article 161. The Central Court is the highest judicial organ of the Democratic People’s Republic of Korea. The Central Court supervises the judicial activities of all the Courts.
Article 162. The Central Court is accountable to the Supreme People’s Assembly and to the Presidium of the Supreme People’s Assembly when the Supreme People’s Assembly is not in session.
CHAPTER VII. EMBLEM, FLAG, ANTHEM AND CAPITAL
Article 163. The national emblem of the Democratic People’s Republic of Korea bears the design of a grand hydroelectric power station under Mt. Paektu, the sacred mountain of the revolution, and the beaming light of a five-pointed red star, with ears of rice forming an oval frame, bound with a red ribbon bearing the inscription “The Democratic People’s Republic of Korea”.
Article 164. The national flag of the Democratic People’s Republic of Korea consists of a central red panel, bordered both above and below by a narrow white stripe and a broad blue stripe. The central red panel bears a five-pointed red star within a white circle near the hoist. The ratio of the width to its length is 1:2.
Article 165. The national anthem of the Democratic People’s Republic of Korea is “The Patriotic Song”.
Article 166. The capital of the Democratic People’s Republic of Korea is Pyongyang.","","","","",""
"YAHAGE (feat.kyebumzu,Ji heepil)","New Champ","3DO0X0GrcdQLcj7fgCupAo","This my fourteenth chapter ,only right I begin it right
Only right I deliver right ,this my introduction to you you and you
And maybe ya momma too
I got dreams of being jay and Imma fuffil my dreams no matter what ppl views
I’ve been through heart break ,suffering ,and just life this year
I feel it’s only right I share it with you here
I see right through people nowadays like I’m looking at air
I put the pieces to their puzzle and it shows me their fears
Most people told me they cared for me this year ,but it was all lies I cried my eyes out
And blew out my worries out my snout
Cuz I’m on a new chapter so old pieces ain’t what ima bout
Getting money is what I’m about ,so don’t talk to me if you ain’t what I’m about
It’s the Y A H Z double e period
Yeah yahzee is serious","","","","",""
"New Champ (feat. Joosuc)","New Champ","6ZUgDMc1UclhzzATKKEUBm","[Verse 1]
This here is on some truthful shit
It seems like everything I do, you're used to it
And I hate hearing stories 'bout who you've been with
That's when I gotta hide what I'm feeling inside
So you still think I'm confident, and damn
Is this gonna last?
You're up on a pedestal, are we moving too fast?
Feel like I'm in crazy competition with the past
That's why I gotta ask

[Chorus]
Is anything I'm doin' brand new?
Brand new (Brand new), brand new (Brand new), brand new
Is anything I'm doin' brand new?
(Is anything I'm doin' brand new?)
Brand new (Brand new), brand new, brand new, brand new
Oh, girl (Ayy, ayy, ayy)

[Verse 2]
This here is something personal
I highly doubt this feeling is reversible
Knowledge is pain and that is why it hurts to know
That you attempt to hide and put mistakes aside
So I don't ever question you, and damn
I can't even find the perfect brush
So I can paint what's going through my mind
Racing against myself, but I'm a couple steps behind
That's why I gotta ask

[Chorus]
Is anything I'm doin' brand new?
Brand new (Brand new), brand new (Brand new), brand new
Is anything I'm doin' brand new?
(Is anything I'm doin' brand new?)
Brand new (Brand new), brand new, brand new, brand new
Oh, girl (Ayy, ayy, ayy)
Is anything I'm doin' brand new?
New, new, new, new, new
Or is everything I'm doing too late?
Late, late, late, late

[Bridge]
Did he take your clothes off just like this?
Did he give you loving just like this?
Did you spend the night in his bed on the very first date?
Tell me baby, am I too late?

[Chorus]
Is anything I'm doin' brand new?
Brand new (Brand new), brand new (Brand new), brand new
Show me if this is brand new (Brand new)
(Is anything I'm doin' brand new?)
New, new, new (Brand new), oh, yeah, yeah, yeah","","","","",""
"Mercy is dead","New Champ","6RJOMnyLHffgJ8lNQmRYnQ","Undertale Song

Woah ohhhhh oh oh-oh ohhhhh
This is my Undertale

I fell from the light
Should I spare
Or should I fight
Mercy or Genocide
This is my Undertale

I fell down a hole into the Underground
Met a flower who liked to mess around
He wants to pound
Pound pound me into the ground

Toriel saved me and made me some pie
Now she's in my way
Should I spare her
Or should she die
I'm filled with dread
As I hear voices in my head

Should I spare them out of pity?
Or should I show them no mercy?
This is my un
Undertale

Should I spare them all
Or should I let them die
You see
This is my Undertale
Woah ohhhhh

Return home a human
Or come back a monster
You see
This is my Undertale

Walking through the night
Dagger by my side
Preparing for the next fight
This is my Undertale

Reached the throne room of Monster King Asgore
Found my sister dead
I can't take this no more
Chara was right
They will burn in hell
Through the night

Returned in fury
Out for revenge
My sister's cruel death
I must avenge
They will all pay
Pay pay pay
For that dark day

I'm going to take their lives
My weapon is better than a knife
This is my un
Undertale

I won't spare them
They will all die today
You see
This is my Undertale
Woah ohhhhh

They beg for my mercy
But I have no sympathy
You see
This is my Undertale

Tried to save Frisk's life
Chara plagued me with strife
Returned to make things right
This is my Undertale

Third time's the charm
Hope that I get it right
Sans remembers the old me
And challenges me to a fight
Let's get this right
I've returned to the light

Frisk tries to kill me with her knife
Chara arrives and she saves my life
I continue on
On on on
To King Asgore

Forget Flowey's advice
It's okay to be nice
This is my un
Undertale

It took me three tries
But I finally got it right
You see
This is my Undertale
Woah ohhhhh

Tried Neutral and Genocide
Realized neither was right
You see
This is my Undertale

Sacrificed myself
To save someone else
Saved my sisters life
This is my Undertale

Got saved in the end
Three more times to spend
Down in the Underground
This is my Undertale

Became a ghost
Had no control of my powers
Until I met this girl on a bed of golden flowers
Her name was Kay
A new chapter starts today

She was the key
To freeing all the souls
Saved all their lives
But was killed in the cold
I decided to
Go back and save her too

I have to protect my friends
No matter what happens to me in the end
This is my un
Undertale

I learned a lesson
From my mistakes in the past
You see
This is my Undertale
Woah ohhhhh

Always protect your friends
No matter the cost
You see
This is my Undertale

Went to push Reset on my game
Someone else did the same
Our timelines got rearranged
This is my Undertale

Woke up in the same place
But something was wrong
No Flowey or Toriel
What is going on?
Chara is alive
And she's not trying to take my life

Journeyed together through the Underground
Fell in love as we traveled around
Why can't I stay
Stay stay stay
And finally be happy?

I understand why
And it makes me want to cry
I must return
Return back home

Decided to tell her the truth
At the Snowdin Hotel
You see
This is my Undertale
Woah ohhhhh

Wanted to stay
But told her I had to go
You see
This is my Undertale

Escaped this reality
Chara came back with me
It made me really happy
This is my Undertale

We broke the barrier
Once and for all
Returned to the surface
In the middle of fall
We're finally free
Free free free
I feel so happy

But there's no village as far as I can see
Kay shows us around New Ebott City
This is insane
This is too much for my brain

It's been 600 years
I've finally returned here
To where my story
Story began

Abandoned by my family
I looked for my lost sis
This was
The start of my Undertale
Woah ohhhhh

Fell down Mount Ebott
Into the Underground
And so began
My Undertale

Saved another girls life
A glitched soul filled with strife
Attacked me with a knife
A new chapter in Undertale

The glitches possessed me
Corrupted my mind
My friends managed to save me
Just in time
A near disaster
We foiled the plan of Dr. Gaster

Sally was a double agent
I thought she betrayed me
But she was trying to gain the trust of Sandy
I yelled at her that day
Regretted it immediately

I sacrificed everything
For a happy ending
Please be the end
Of my Undertale

I was finally happy
I had saved all my friends
You see
This is my Undertale
Woah ohhhhh

I won Charas heart
And forgave my older sis
You see
This is my Undertale

Thought my journey was done
But it seems like I'm not done
Sent back to when it all begun
Origins of Undertale

Woke up with a pain in my head
No bed of golden flowers
My thoughts were filled with dread
What had happened
Why was I back here again

Met Prince Asriel
Toriel and Asgore
We became best friends
But I yearned for more
I wanted to go
Go home to my friends I love and know

Went and talked to Sans
Said he had a clever plan
And if it worked I could return home

RESET didn't work, how about CONTINUE
A new option
In my Undertale
Woah ohhhhh

Sans plan worked
And I returned to my reality
Return to
My Undertale

Finally got the timeline right
Chara and I reunite
All my friends by my side
Does this conclude Undertale

The answer possibly
Although there's a prophecy
Hope it doesn't involve me
Please be the end of my Undertale","","","","",""
"다 무거따 (Feat. 포니로모,빅베이비,코르케쉬,스트릿베이비) (prod. Hecop)","New Champ","44cvSaMj1fBDOGH8kbWVA5","[Pre-Chorus: 27RING]
세뇌 당했지, 나의 뇌
2Pac의 ""Life Goes On""을 들었을 때
세뇌 당했지, 나의 뇌
넓은 집에 사는 꿈을 꿀 때마다
세뇌 당했지, 나의 뇌
매번 양치하며 거울 보며
세뇌 당했지, 나의 뇌
하나, 둘, 셋

[Chorus: 27RING]
세뇌 당했지, 나의 뇌
세뇌 당했지, 나의 뇌
세뇌 당했지, 나의 뇌
세뇌 당했지, 나의 뇌
세뇌 당했지, 나의 뇌
세뇌 당했지, 나의 뇌
세뇌 당했지, 나의 뇌

[Verse 1: 27RING]
나무 하나 말고 숲을 보라 말해
더 많은 돈으로 천국에 가길 바래 왜
흑과 백의 논리면 바둑이나 두라 해
행복은 멀리 있지만은 않아
삶은 학교에서 배웠던 게 다가 아냐
난 자유로워질 때까지 막 살다가 갈 거야
But I can't let the family loose
엄마 눈가의 주름이 늘어갈 때마다
손에 쥔 건 신념 하나
얼굴은 고칠 수 있지만 못 고쳐 성격은
If i had some money or place to go
친한 친구들 다 데리고
How many brothas fell victim to the streets
내 훅이나 사비들은 사이비
난 꼭 해내 하루에도 되뇌어
몇 번씩 또 세뇌 세네 번 넘어져도

[Verse 2: TAK]
What the fuck are you doing
Give me the mic
온갖 기믹질에 지뢰 속을 즈려밟아
하루도 쉴 날이 없어 실낱같은
희망 인마 입 막어
설레발은 금물 그물 속에 헤엄치다 죽는 빈 라덴
올라가는 엥겔지수 생각하면 앵그리버드 되네
다 들이받어 파죽지세 뺑덕어멈 같이 사는 게 낫네
전부 전투로 쏴버려 내 팬들 빼고
내 a.k.a tak ak45
니 머리 고리타분한 문제 싹 다 태울 라이터 불
활활 kaboom guess whos back
누가 나와? 차붐
ADHD 내 머리 속에 골룸이 몇 마리가 매일 battle
Fucking paranoid 너를 패러 갈 거
나의 뇌는 베르나르 베르베르
가츠처럼 백인 베기 베르세르크

[Verse 3: Moosoo]
세뇌되는 대로 되뇌어
대뇌가 데인 애처럼 행동
Errday 메인에 난 개입돼 있어
셋 세면 game set 행색은
올챙이배 huh 가슴 털은 매생이
병신 안 돌려 내 눈깔 현실을 직시
건드리면 필시 니 손해 summon 666
뭐 좀 되냐 물어 그럼 나는 답해 물론
다른게 아냐 걔넨 틀려 쟨 밥이고 얜 걔 클론
내 기본 tight 해 넌 물렁 네 박자를 난 주물럭
내 발성 목에 난 쿨러 부족 니가 뿌린 물론
우리 형은 물러 그런 건 힙합 아니라고 대못 박어
엇박 싫어하는 타입인가 해
그럼 난 과외 힙합이 무엇인가에
형 알았다 해 다 이해 다 했다면 난 bye

[Pre-Chorus: 27RING & DON FVBIO]
세뇌 당했지, 나의 뇌
Throwin shots at erybody
Off the record on the record on the regular
세뇌 당했지, 나의 뇌
Im pissed off mofuckin pissed off too much
세뇌 당했지, 나의 뇌
My clip drawn brrrrr ill turn into a shoota
세뇌 당했지, 나의 뇌
Im pissed off mofuckin pissed off too much

[Chorus: 27RING]
세뇌 당했지, 나의 뇌
세뇌 당했지, 나의 뇌
세뇌 당했지, 나의 뇌
세뇌 당했지, 나의 뇌
세뇌 당했지, 나의 뇌
세뇌 당했지, 나의 뇌
세뇌 당했지, 나의 뇌

[Verse 4: DON FVBIO]
Brainwashed, heart cold, i be off the radar
Scope snipe, pick off the elevator
Some of them who go up fall off
Onslaught, fake dreams, fake drive, fake mo
The scenes fucked cant tell hiphop from whats not
The fuck wit whats poppin not what flops
Got hot seein boof mofuckas on top
My time my turn my reign onslaught
Yea yea
Rattatatat on yo block on yo homies they filthy
Im gettin way to high higher
Then them mofuckas on LE
I lead the pack, i got the plan, i got the 2345
Hitchu with the strap
Issa deja vu for yall brainwashed
I bleed my stripes like adidas

[Verse 5: Ted Park]
ADHD I popped 30 in the adderall
NBA 2k soundtrack you know I had to ball
That girl she a model she
Be posing for my camera
Running up the bands and
They can’t keep up with the stamina
Running up commas in Seoul
Million dollar won yeah
Capping in his songs and
He ain’t never held a gun nah
Fell in love with a stripper like T-Pain I’m sprung
North America tour with pH-1
All of my diamonds they’re VVS look
At the clarity put perfect cut on the stones
I’m from a little city in Wisconsin now look
At the cities that I’ve fucking flown
I got a pretty thing out in Seoul
I fly into Incheon she pick up the phone
Drink 1942 don’t sip Patrone
Taking a risk that’s the life that we chose

[Verse 6: maddoaeji]
세게 당했지 나에게
세게 당했지 나에게
X 말했지 got's your back
Wake n bake and puff and pass
이승철 감옥으로 갈 때
웃는 얼굴로 형 i'm back
얼른 나와 다시 지켜주라 ma back
너넨 덤벨 난 거리서 매준 검은 belt uh
안 해 정배 걸어 역배 크게 건배
너 지껄이던데
벌어라 벌 때
방에 숨은 겁쟁이 키보드로 전쟁
I say 말세 노력할 때 밤새
넌 내가 미워 내 성공을 빌어 참내
난 내 할 일을 강행
내가 미워 내 성공을 빌어 참내
노려 다음 생

[Pre-Chorus: 27RING & Boi B]
세뇌 당했지, 나의 뇌
처음 신보식이 줬던 말보로 미디엄
세뇌 당했지, 나의 뇌
잭 윌셔가 바르샤를 턴 그 밤에
세뇌 당했지, 나의 뇌
그땐 불가능해 보였던 걸 get get
세뇌 당했지, 나의 뇌
셋 둘 하나

[Chorus: 27RING]
세뇌 당했지, 나의 뇌
세뇌 당했지, 나의 뇌
세뇌 당했지, 나의 뇌
세뇌 당했지, 나의 뇌
세뇌 당했지, 나의 뇌
세뇌 당했지, 나의 뇌
세뇌 당했지, 나의 뇌

[Verse 7: Boi B]
칼카니진 트루릴리젼 빵댕이 맨 밑에
동네 아줌마 혀를 쯧쯧 모가지에는 핏대
Slate 인하부고 유일한 힙합 키드
이제 그때 인기가요 나온 애보다 벌어
인디펜던스 데이 tpm bitch be humble
너넨 유행 맨 뒤에 있어 내가 뭘 들은 거야
제발 축구 좀 볼 테니 방해하지 마
좆목질은 됐어 아이돌한테도 랩 딸리는 K-rappers
나인 그저 나이 니 은퇴작도 못 넘겨 날
브루스 웨인 같은 라이프스타일
브루스 윌리스 헤어스타일

[Verse 8: DAMINI]
힙합 내 뇌를 어질러놔
너희나 love all people 내 마음가짐 탈레반
전쟁 통에 든 총 없는 새끼 나는 물로 봐
No love no people 난 감정놀음 일로 봐
이 서울의 갑 일단 쳐다보이긴 을로 봐
Pain comes first 기꺼이 사랑 싸움엔 기권
살길이 콱 막히고 내가 배운 힙합
내 키는 작되 내 여자는 키커
딱 꿈꾸던 만큼이 내 현실로 보여
늘 개인 대 사회 me against the world
Gangsta’s walk Check this out
Run around the world
안된다고 하는 길만 골라 여기까지 왔
그 덕분에 다 이분법 딱 둘로 보여
모 아님 빽도 랩게임 다 토너먼트
지켜 내 체통 주인 따르면 개털
무식하되 움직여 래퍼들의 슬로건

[Verse 9: New Champ]
차력쇼는 재미없어 i'm technician Beckham David
좆만해도 묵직하게 tank, gervonta davis
혹여나 뭔가 켕기면 들어와 난 준비돼 있어
교도소를 갔다 왔지만 다시 H.o.T CANDY
Yo lil bitch Taken for Slaughter
여긴 내 kitchen, 너흰 걍 훌러덩
꼴에 자그마치 정명석 자지빨며 울어대는 slut들
내게 괴벨스란 국민의 짐 도련님 걘 너처럼 우파
너 야말로 세뇌 당했다 전두환 손자한테 배워라

[Pre-Chorus: 27RING & Lee Hyun Jun]
세뇌 당했지, 나의 뇌
너의 통제를 벗어나면 통제 불능이 되니
세뇌 당했지, 나의 뇌
여전히 니 엄마가 하지 말란 것만 해서 커
세뇌 당했지, 나의 뇌
여전히 너의 손바닥 위에서 탭 댄스 춰
세뇌 당했지, 나의 뇌
너의 통제를 벗어나면 통제 불능이 되니

[Chorus: 27RING]
세뇌 당했지, 나의 뇌
세뇌 당했지, 나의 뇌
세뇌 당했지, 나의 뇌
세뇌 당했지, 나의 뇌
세뇌 당했지, 나의 뇌
세뇌 당했지, 나의 뇌
세뇌 당했지, 나의 뇌

[Verse 10: Lee Hyun Jun]
난 여전히 너의 머리 위
나쁜 짓을 하면 나쁜 곳에 간다 말해
사람들 말 안 듣는 날 어리다고 말해
엄마 말을 안 들어서 철이 안 든 나래
엄마한테 면도 배우고 내 턱에선 피나네
목소리 큰 한 우두머리
걔네 통제를 벗어나 난 불능이었지
어른 말이 맞는다는 건 어릴 때
이미 다 알어 나는 돌아서있어 혼자 우두커니
세뇌 당했지 걔네가 말을 하는 것에 반대에서
나는 대답하지
네 엄마가 하지 말란 것만 해서
내 엄마를 챙기면 어때 이건 배반 하는거니
벼는 익을수록 숙인다는
말을 듣고 나는 계속 웃음이 나네
내가 고개 숙일 때는 너를 내려다볼 때를 말고
없어 하지 마라 숙이란 말은

[Verse 11: Skaai]
長いことやってる人生
名声もため息混じりで
Feels like forever 冷静さに欠ける計画は
軽快に駆け抜ける 鮮明な4K
Elevate, 冠する言葉の前に足元に言語Game set
真に受けるあいつの態度は無視
甘いも酸いも 噛み砕きながら前に
Whole lotta shit going on whining
For this and there Game 끝 아마 이미
충격 받은 高一에 마음 국힙 Korean Fume 딱 향기
無いもんは無い 空振り俺が三振 woo
代用可能な仕事 With a stain 叫ぶ英韓日で
Rapping now crown and game me

[Verse 12: Asol]
Give, give me my uh, uh
쉬었다니 입이 텁텁
쉴 틈 없던 love call
Still big hoodie & Converse
나야 오빠 왜 몰라
그렇게 내가 죽여준다 하드만
나만 한 년 없대매 눈 낮아진 Ex
I'm back on the set
존나 스크래치나 내 프라이드
Congratulations, made you famous
밀려난 내가 왜 너네 위에 있어
누가 나일까, 다음 시즌 롤 페이퍼엔
Fuck gold digger, 난 못 뒤져
내 앵콜들이 네 무대 위로
Stop curtain call, 멈춰 디엠도
랩 접은 니 오빤 아티스트
I'm the only rapper","","","","",""
"다 무거따 (Feat. 포니로모,빅베이비,코르캐쉬,스트릿베이비) (prod. Hecop)","New Champ","0z5k55kt2TX6ejQsihr8jS","[Pre-Chorus: 27RING]
세뇌 당했지, 나의 뇌
2Pac의 ""Life Goes On""을 들었을 때
세뇌 당했지, 나의 뇌
넓은 집에 사는 꿈을 꿀 때마다
세뇌 당했지, 나의 뇌
매번 양치하며 거울 보며
세뇌 당했지, 나의 뇌
하나, 둘, 셋

[Chorus: 27RING]
세뇌 당했지, 나의 뇌
세뇌 당했지, 나의 뇌
세뇌 당했지, 나의 뇌
세뇌 당했지, 나의 뇌
세뇌 당했지, 나의 뇌
세뇌 당했지, 나의 뇌
세뇌 당했지, 나의 뇌

[Verse 1: 27RING]
나무 하나 말고 숲을 보라 말해
더 많은 돈으로 천국에 가길 바래 왜
흑과 백의 논리면 바둑이나 두라 해
행복은 멀리 있지만은 않아
삶은 학교에서 배웠던 게 다가 아냐
난 자유로워질 때까지 막 살다가 갈 거야
But I can't let the family loose
엄마 눈가의 주름이 늘어갈 때마다
손에 쥔 건 신념 하나
얼굴은 고칠 수 있지만 못 고쳐 성격은
If i had some money or place to go
친한 친구들 다 데리고
How many brothas fell victim to the streets
내 훅이나 사비들은 사이비
난 꼭 해내 하루에도 되뇌어
몇 번씩 또 세뇌 세네 번 넘어져도

[Verse 2: TAK]
What the fuck are you doing
Give me the mic
온갖 기믹질에 지뢰 속을 즈려밟아
하루도 쉴 날이 없어 실낱같은
희망 인마 입 막어
설레발은 금물 그물 속에 헤엄치다 죽는 빈 라덴
올라가는 엥겔지수 생각하면 앵그리버드 되네
다 들이받어 파죽지세 뺑덕어멈 같이 사는 게 낫네
전부 전투로 쏴버려 내 팬들 빼고
내 a.k.a tak ak45
니 머리 고리타분한 문제 싹 다 태울 라이터 불
활활 kaboom guess whos back
누가 나와? 차붐
ADHD 내 머리 속에 골룸이 몇 마리가 매일 battle
Fucking paranoid 너를 패러 갈 거
나의 뇌는 베르나르 베르베르
가츠처럼 백인 베기 베르세르크

[Verse 3: Moosoo]
세뇌되는 대로 되뇌어
대뇌가 데인 애처럼 행동
Errday 메인에 난 개입돼 있어
셋 세면 game set 행색은
올챙이배 huh 가슴 털은 매생이
병신 안 돌려 내 눈깔 현실을 직시
건드리면 필시 니 손해 summon 666
뭐 좀 되냐 물어 그럼 나는 답해 물론
다른게 아냐 걔넨 틀려 쟨 밥이고 얜 걔 클론
내 기본 tight 해 넌 물렁 네 박자를 난 주물럭
내 발성 목에 난 쿨러 부족 니가 뿌린 물론
우리 형은 물러 그런 건 힙합 아니라고 대못 박어
엇박 싫어하는 타입인가 해
그럼 난 과외 힙합이 무엇인가에
형 알았다 해 다 이해 다 했다면 난 bye

[Pre-Chorus: 27RING & DON FVBIO]
세뇌 당했지, 나의 뇌
Throwin shots at erybody
Off the record on the record on the regular
세뇌 당했지, 나의 뇌
Im pissed off mofuckin pissed off too much
세뇌 당했지, 나의 뇌
My clip drawn brrrrr ill turn into a shoota
세뇌 당했지, 나의 뇌
Im pissed off mofuckin pissed off too much

[Chorus: 27RING]
세뇌 당했지, 나의 뇌
세뇌 당했지, 나의 뇌
세뇌 당했지, 나의 뇌
세뇌 당했지, 나의 뇌
세뇌 당했지, 나의 뇌
세뇌 당했지, 나의 뇌
세뇌 당했지, 나의 뇌

[Verse 4: DON FVBIO]
Brainwashed, heart cold, i be off the radar
Scope snipe, pick off the elevator
Some of them who go up fall off
Onslaught, fake dreams, fake drive, fake mo
The scenes fucked cant tell hiphop from whats not
The fuck wit whats poppin not what flops
Got hot seein boof mofuckas on top
My time my turn my reign onslaught
Yea yea
Rattatatat on yo block on yo homies they filthy
Im gettin way to high higher
Then them mofuckas on LE
I lead the pack, i got the plan, i got the 2345
Hitchu with the strap
Issa deja vu for yall brainwashed
I bleed my stripes like adidas

[Verse 5: Ted Park]
ADHD I popped 30 in the adderall
NBA 2k soundtrack you know I had to ball
That girl she a model she
Be posing for my camera
Running up the bands and
They can’t keep up with the stamina
Running up commas in Seoul
Million dollar won yeah
Capping in his songs and
He ain’t never held a gun nah
Fell in love with a stripper like T-Pain I’m sprung
North America tour with pH-1
All of my diamonds they’re VVS look
At the clarity put perfect cut on the stones
I’m from a little city in Wisconsin now look
At the cities that I’ve fucking flown
I got a pretty thing out in Seoul
I fly into Incheon she pick up the phone
Drink 1942 don’t sip Patrone
Taking a risk that’s the life that we chose

[Verse 6: maddoaeji]
세게 당했지 나에게
세게 당했지 나에게
X 말했지 got's your back
Wake n bake and puff and pass
이승철 감옥으로 갈 때
웃는 얼굴로 형 i'm back
얼른 나와 다시 지켜주라 ma back
너넨 덤벨 난 거리서 매준 검은 belt uh
안 해 정배 걸어 역배 크게 건배
너 지껄이던데
벌어라 벌 때
방에 숨은 겁쟁이 키보드로 전쟁
I say 말세 노력할 때 밤새
넌 내가 미워 내 성공을 빌어 참내
난 내 할 일을 강행
내가 미워 내 성공을 빌어 참내
노려 다음 생

[Pre-Chorus: 27RING & Boi B]
세뇌 당했지, 나의 뇌
처음 신보식이 줬던 말보로 미디엄
세뇌 당했지, 나의 뇌
잭 윌셔가 바르샤를 턴 그 밤에
세뇌 당했지, 나의 뇌
그땐 불가능해 보였던 걸 get get
세뇌 당했지, 나의 뇌
셋 둘 하나

[Chorus: 27RING]
세뇌 당했지, 나의 뇌
세뇌 당했지, 나의 뇌
세뇌 당했지, 나의 뇌
세뇌 당했지, 나의 뇌
세뇌 당했지, 나의 뇌
세뇌 당했지, 나의 뇌
세뇌 당했지, 나의 뇌

[Verse 7: Boi B]
칼카니진 트루릴리젼 빵댕이 맨 밑에
동네 아줌마 혀를 쯧쯧 모가지에는 핏대
Slate 인하부고 유일한 힙합 키드
이제 그때 인기가요 나온 애보다 벌어
인디펜던스 데이 tpm bitch be humble
너넨 유행 맨 뒤에 있어 내가 뭘 들은 거야
제발 축구 좀 볼 테니 방해하지 마
좆목질은 됐어 아이돌한테도 랩 딸리는 K-rappers
나인 그저 나이 니 은퇴작도 못 넘겨 날
브루스 웨인 같은 라이프스타일
브루스 윌리스 헤어스타일

[Verse 8: DAMINI]
힙합 내 뇌를 어질러놔
너희나 love all people 내 마음가짐 탈레반
전쟁 통에 든 총 없는 새끼 나는 물로 봐
No love no people 난 감정놀음 일로 봐
이 서울의 갑 일단 쳐다보이긴 을로 봐
Pain comes first 기꺼이 사랑 싸움엔 기권
살길이 콱 막히고 내가 배운 힙합
내 키는 작되 내 여자는 키커
딱 꿈꾸던 만큼이 내 현실로 보여
늘 개인 대 사회 me against the world
Gangsta’s walk Check this out
Run around the world
안된다고 하는 길만 골라 여기까지 왔
그 덕분에 다 이분법 딱 둘로 보여
모 아님 빽도 랩게임 다 토너먼트
지켜 내 체통 주인 따르면 개털
무식하되 움직여 래퍼들의 슬로건

[Verse 9: New Champ]
차력쇼는 재미없어 i'm technician Beckham David
좆만해도 묵직하게 tank, gervonta davis
혹여나 뭔가 켕기면 들어와 난 준비돼 있어
교도소를 갔다 왔지만 다시 H.o.T CANDY
Yo lil bitch Taken for Slaughter
여긴 내 kitchen, 너흰 걍 훌러덩
꼴에 자그마치 정명석 자지빨며 울어대는 slut들
내게 괴벨스란 국민의 짐 도련님 걘 너처럼 우파
너 야말로 세뇌 당했다 전두환 손자한테 배워라

[Pre-Chorus: 27RING & Lee Hyun Jun]
세뇌 당했지, 나의 뇌
너의 통제를 벗어나면 통제 불능이 되니
세뇌 당했지, 나의 뇌
여전히 니 엄마가 하지 말란 것만 해서 커
세뇌 당했지, 나의 뇌
여전히 너의 손바닥 위에서 탭 댄스 춰
세뇌 당했지, 나의 뇌
너의 통제를 벗어나면 통제 불능이 되니

[Chorus: 27RING]
세뇌 당했지, 나의 뇌
세뇌 당했지, 나의 뇌
세뇌 당했지, 나의 뇌
세뇌 당했지, 나의 뇌
세뇌 당했지, 나의 뇌
세뇌 당했지, 나의 뇌
세뇌 당했지, 나의 뇌

[Verse 10: Lee Hyun Jun]
난 여전히 너의 머리 위
나쁜 짓을 하면 나쁜 곳에 간다 말해
사람들 말 안 듣는 날 어리다고 말해
엄마 말을 안 들어서 철이 안 든 나래
엄마한테 면도 배우고 내 턱에선 피나네
목소리 큰 한 우두머리
걔네 통제를 벗어나 난 불능이었지
어른 말이 맞는다는 건 어릴 때
이미 다 알어 나는 돌아서있어 혼자 우두커니
세뇌 당했지 걔네가 말을 하는 것에 반대에서
나는 대답하지
네 엄마가 하지 말란 것만 해서
내 엄마를 챙기면 어때 이건 배반 하는거니
벼는 익을수록 숙인다는
말을 듣고 나는 계속 웃음이 나네
내가 고개 숙일 때는 너를 내려다볼 때를 말고
없어 하지 마라 숙이란 말은

[Verse 11: Skaai]
長いことやってる人生
名声もため息混じりで
Feels like forever 冷静さに欠ける計画は
軽快に駆け抜ける 鮮明な4K
Elevate, 冠する言葉の前に足元に言語Game set
真に受けるあいつの態度は無視
甘いも酸いも 噛み砕きながら前に
Whole lotta shit going on whining
For this and there Game 끝 아마 이미
충격 받은 高一에 마음 국힙 Korean Fume 딱 향기
無いもんは無い 空振り俺が三振 woo
代用可能な仕事 With a stain 叫ぶ英韓日で
Rapping now crown and game me

[Verse 12: Asol]
Give, give me my uh, uh
쉬었다니 입이 텁텁
쉴 틈 없던 love call
Still big hoodie & Converse
나야 오빠 왜 몰라
그렇게 내가 죽여준다 하드만
나만 한 년 없대매 눈 낮아진 Ex
I'm back on the set
존나 스크래치나 내 프라이드
Congratulations, made you famous
밀려난 내가 왜 너네 위에 있어
누가 나일까, 다음 시즌 롤 페이퍼엔
Fuck gold digger, 난 못 뒤져
내 앵콜들이 네 무대 위로
Stop curtain call, 멈춰 디엠도
랩 접은 니 오빤 아티스트
I'm the only rapper","","","","",""
"Fauda","New Champ","3eiaEJrmaDn6M8uIWRGBeO","PENTHAUZE

It’s Major Bangz

[Intro]
Hei ho hei ho hei ho
Hei ho hei ho
Kuo pa, Udo gba shoe
Udo gba shoe, udo gba shoe
Kuo pa, Udo gba shoe
Udo gba shoe, udo gba shoe

[Verse 1: Phyno]
Ya! Man on fire kama buzi bovi
And am flaming everywhere even ma na jersey
Adim big ma still ndi ibe m n’asi na adim lucky
E mee m ya over and over ngwa gwa mu kee ife irozi
Hold on
All this niggas pray i run down am on time
Ha adi afudi mu Am a ghost boy (ghost boy)
The boy awa go see am along gone with the long gun
You know you messing with the wrong toy

I tell them i don’t wanna be the best rapper
Am just happy am recognized I flow proper
Dad said be the best in what you do and
Since rapping is what I do, then fuck it am his best rapper

[Verse 2: Phyno]
Ndi anya ufu na acho igbanye m kapusu
Ha sii na atego m bido tawa m nye ha efe kaha taru tu
Mana ha amaro na way nwoke jii a hustle kazi nku
Nwoke nwere ohere kpo puo the ohere kam kporo ntu
Respect to the great but ain’t nobody fuckin' with me
E gbuli go m the game maka n na egbu ya definitely
Nwanne e seti go m the standard na a rock every countdown
Mana i juo ha ga asi gi na Phyno a worth tu lo ya
Tell that shii to the birds
Hapu okwu i dey yarn knowledge
Na e school umu aka a ka mu e nwere college
Asi na mmadu bu chukwu ha ka ezigago m village
Am destined to shine ka etere m shoe polish

Ha tinyere their 1’s
I put my 2’s on it
And okwu daharia, i put my goons on it
E bum the game na my hand ha akpo ya hand luggage
Ma na ndi bu nke kari rim na acho igba m shortage (ku pu)

[Hook]
My fans say that am the best rapper
But am just happy am recognized i flow proper
I don’t even get a time for this competition
Legendary - I am the definition
Heh! Nwa nka na enye ha heart attack
With onuma 50 ka sign m to say the aftermath
O mu dere ede o mu dere ha ncha bu copy cat
Send half forever my nig*ah that’s not enough to die

[Verse 3: Phyno]
Freeze! Nigga please take it easy
E che na ife anyi na esi bu beans
Odi kwanu easy?
I ma na ugwu anyi riri di high odikwa risky
Now am getting high on this flow odim tipsy
Am a beast with the flow let it be known
Ha amaro ka m si buru the game mee ya my own
Any beat m meturu aka nwanne nnapu ya soul
Kill every feature am on the boy on a roll, but damn!

[Hook]
I don’t wanna be the best rapper
Adim okay ha ekwenyego that i flow proper
But fuck you if you thinking you the best rapper
Egwuregwu m na eyi ha ujo ka obu zi fear factor
Its high time that i show these boys that am on a new chapter
Time anyi ga ama who is real and who is a cool doctor
Respect to every niggah hustling for their green pasture
Its real life and you’re the only *** to get dough oh
I just wanna sell shows all the pretty ladies screaming hello

[Outro]
Yeah, Just know that I speak from the heart
Ndi iro na agba izu ka ha do mu part
Mana maru na ife nile m kwuru na egwu abu a fact
Nowadays people step on you and wait for you to react
But I keep telling them hear them please don’t real my high
What you smoke can’t make me high
Who you fuck can't make me com
What you twist can’t make me turn
What you flame can’t make me burn
Nigga am not done

I no ebe i na acho world wide stage
E lose oh the local stage still won't to be called international
Amam na eziokwu na afu ufu don’t take this personal
You can learn from this nwa your chances di optional
Ma osiro gi na obi nwa hold your applause (Better hold that)
Gimme the money hold your award (Better hold that)
I just wanna see my future be assured
Now I did more and my music banging abroad
But ama do the most
Picked up my culture sold it from coast to coast
Umu afo kwum na azu gimme love overdose
This is a simple math
It’s a game of it and I’ve been doing that
One album akpo m a legend i’ve been moving fast
Oma ako mu ka fada okwa mu na akaru ha mass

Men nu siri m nwanne never you joke with your last card
Man of the year after the year nigga
Ichota m nga ebunye kwa gi akpo na trail nigga
Just ma ru na doing this is not the thing nigga
Word from this thing nigga.. Ish!","","","","",""
"Bastard (love pt.4) (remix. YGF) - Remix Version","New Champ","3YTanS0sFg9BttOn1Kj85L","A forever Growing List of MC's on my playlist

I'm attempting to add them based on collectives/category

I would tend to think that I should add my favorite verses/songs by each artist. Or just material that everyone should listen to
Includes features
There are obvious missing gems, however, these are just the top ones on my mind at the time


Pro Era - The Aprocalypse, The Shift, The Secc$ Tape

Joey Bada$$ - 1999, B4da$$, Summer Knights, 1Train, Blackkk Krown, Jerome, Lord Knows, Did U Ever Think, 'Tis the Season, America, Carry On, anything

Kirk Knight - Late Knight Special, Bun N Cheese, Good Knight, Extortion

Capital Steez - Amerikkkan Korruption, Survival Tactics, Negus

Nyck Caution - Jamal, Proceed with Caution, School High, Pelp Me

CJ Fly - Like Water, Thee Way Eye See It

A La $ole - 147

Dyemond Lewis - Extortion, On & On

Dirty Sanchez - 147, Run or Fly, Yuck

Chuck Strangers - Fromdatomb$, My Jeep

Kendrick Lamar - Section .80, u, Easy Bake, We Ball, Rapper Shit, 1Train, Nosetalgia, Black Lip Bastard (Remix)

Jay Rock - 90059, Shot You Down, Gang Bang Away, Money Trees, I Just Wanna Party, Constipation

Ab Soul - Control Systems, The End is Near, Rapper Shit, Turn Me Up, Enter the Void, Unnecessary

Schoolboy Q - Oxymoron, Vice City, Shot You Down (Remix), Electric Body, Work (Remix), White Walls, Say Wassup, Unnecessary, Gees, Gang Bang Away

Isaiah Rashad - Cilvia Demo, Weak Shit, Warm Winds

SZA- Child's Play, Caretaker, Easy Bake

TUT- Preacher's Son, Outside, Truth, Goblin (SBBB)

A$AP Mob - Trillmatic, Hella Hoes

A$AP Rocky - At.Long.Last.A$AP., Bath Salt, Long.Live.A$AP., Shabba, M.P.A

A$AP Ferg - Trap Lord, Ghetto Symphony, Lac Lac, Uptown

Flatbush Zombies - Bath Salt, Good Knight, BetterOffDead
D.R.U.G.S., Red Eye to Paris, Bring Em Out, Did U Ever Think, No Religion

LS Darko- Face Off, New Brooklyn, My Jeep, Just Blowin' in the Wind

Bodega Bamz - Bring Em Out, Sidewalk Exec

The Underachievers - Evermore: The Art of Duality, Indigoism
Lords of Flatbush, No Religion

Issa Gold - Did U Ever Think, My Jeep, In Vision

Logic - Under Pressure, The Incredible True Story, Young Broke and Infamous, Young Sinatra, Young Sinatra: Undeniable, Young Sinatra: Welcome to Forever, Two Kings, My Chain, Now, Untouchable, 2013 XXL Freshman Cypher

Skizzy Mars - The Red Balloon Project EP

Vince Staples - Hell Can Wait, Summertime '06, Stolen Youth, Hive, Wool, Elimination Chamber

Chance the Rapper - 10 Day, Acid Rap, Life Round Here, Baby Blue, Wendy N Becky, Child's Play, They Don't Like Me, Dear Chicago Summer, Good Enough, Crossroads

Vic Mensa - INNANETAPE, Crossroads, Cocoa Butter Kisses

Mick Jenkins -  The Waters, Piano, Trees & Truths, Crossroads

Action Bronson - Blue Chips, Rare Chandeliers, Baby Blue, 1Train, Its' Raw, NaNa, Club Soda, Red Dot Music, Mums in the Garage, Knicks (Remix)

Big KRIT - Cadillactica, Come and See Me, 1Train, Underground Airplay, In tha Morning

Pusha T - King Push: Darkest Before Dawn: The Prelude, Mercy, Nosetalgia, 100 Keys, Alone in Vegas, Numbers on the Boards

Kanye West - The College Dropout, Late Registration, Graduation, My Beautiful Dark Twisted Fantasy, Watch the Throne, Cruel Summer, FourFiveSeconds, Get By (Remix), Put On, Run This Town, Forever, Blessings, One Man Can Change the World, '03 Til Infinity, New Slaves, Mercy, Clique

Big Sean - Dark Sky Paradise, Mercy, Clique, All Me, See Me Now, Who Am I

Drake - Nothing Was the Same, If You're Reading This It's Too Late, Forever, Headlines, Hotline Bling, Back to Back, Jumpman, Poetic Justice, Tuesday, Only, Where Ya At

Dizzy Wright - The Growing Process, The Golden Age, Young Jedi, Good Knight, Brilliant Youth EP

Bishop Nehru - Nehruvia, Nehruvian Doom, Brilliant Youth EP

MF Doom - Operation: Doomsday, Mm.. Food, Madvilliany, Nehruvian Doom, MF EP, All Special Herbs Instrumental Tapes

Wu- Tang Clan - Enter the Wu Tang (36 Chambers), Wu Tang Forever

GZA - Liquid Swords, Legend of the Liquid Sword, Beneath the Surface, On the Eve of War, Guillotine, When Gods Go Mad, House of Flying Daggers, Rockstars, Do U

RZA - Bobby Digital in Stereo, All Gravediggaz work, Liquid Swords, All I Need, Ice Cream, Assassination Day, 4th Chamber, Strawberry, Fam (Members Only), Brooklyn Zoo

Raekwon - Only Built 4 Cuban Linx..., Immobilarity, House of Flying Daggers, Meth vs. Chef, Assassination Day, Investigative Reports, Skew It On the Bar B, New York, Three Bricks, Four Minutes to Lock Down, Lord Lord Lord

Method Man - Tical, What's Happenin', Mef vs. Chef 2, Shadowboxin', 4321, Trillmatic, The What, Raw Hide, Gold, Do U, Buck 50, Flowers, House of Flying Daggers, Nightcrawler, Blackout!

Redman - Whut? Thee Album, Dare Iz a Darkside, Muddy Waters, Doc's da Name, 4321, Got My Mind Made Up, Big Dogs, Oooh., Forgetaboutit, The Set Up (Remix), Walk On, The Glide, Blackout!

Ghostface Killa - Ironman, Supreme Clientele, Mef vs. Chef 2, Lively Hood, Heaven & Hell, Ice Cream, 4th Chamber, Wu- Gambinos, Right Back to You, Ms. Fat Booty (Pt.2), New York, House of Flying Daggers, Mean Streets, Camay

Nas - Illmatic, It Was Written, Stillmatic, Hip Hop is Dead, I Am..., Gimme Yours, Let Nas Down (Remix), It's Mine, Thugz Mansion, Ghetto Dreams, Mo Money Mo Murder Homicide, Eye for a Eye (Your Beef is Mines), Let My Niggas Live, The Essence, Living in Pain, Success, Rich & Black, Studio (Remix)

AZ - Do or Die, Pieces of a Man, Aziatic, The Genesis, Life's a Bitch, The Flyest, Professional Style, Legendary Weapons, No Holding Back

Notorious BIG - Ready to Die, Life After Death, Born Again, Get Money, Stop the Gunfight, Victory, Whatchu Want, Stop the Breaks, Flava in Ya Ear (Remix), Brooklyn's Finest, Deadly Combination (Remix), Three Bricks

2Pac - Strictly 4 My N.I.G.G.A.Z..., Me Against the World, All Eyez on Me, The Don Killuminati: The 7 Day Theory, Brenda's Got a Baby, Changes, Thugz Mansion, Runnin' (Dying to Live), Ghetto Gospel, Untouchable, Initiated, Deadly Combination, Street Soldiers, I C Dead People

Kurupt
Dr. Dre
Clipse
Jay Z
Ice Cube
The Roots
The Pharcyde
Snoop Dogg
The Game
Mobb Deep
A Tribe Called Quest
Black Moon
Big L
Gangstarr
Blackstar
Mos Def
Talib Kweli
De La Soul
DMX
Big Pun
Outkast
Scarface
TI
Quasimoto
Slum Village
Beastie Boys
Digable Planets
NWA
Smif N Wessun
Souls of Mischief
Gravediggaz
Jeru da Damaja
Run the Jewels
Reflection Eternal
Busta Rhymes
Eminem
Jedi Mind Tricks
Immortal Technique
Dead Prez
Common
The Fugees","","","","",""
"I Know Everything","New Champ","7hcQ8yEYPsIs7wBJro7WXw","[Verse 1]
As I reach the last sunrise
Don’t you mourn for me
Make our time for our goodbyes
And speak with clarity
With wisdom as my witness
Embrace the great beyond
To all of you surrounding me
I know you’ll carry on

[Chorus]
Everything in sight
The new chapter is dawning
Second star to the right
And straight on until morning

[Verse 2]
Pointing at an open sky
No fear for what’s ahead
Dance around the clouds so high
There’s so much to be said
Devoid of pain or suffering
No sadness left to share
Becoming one with paradise
Where hopes and dreams will dare

[Chorus]
Everything in sight
Thе new chapter is dawning
Second star to thе right
And straight on until morning

[Bridge]
And straight on until morning
And straight on until morning

[Chorus]
Everything in sight
The new chapter is dawning
Second star to the right
And straight on until morning

Everything in sight
The new chapter is dawning
Second star to the right
And straight on until morning

[Outro]
And straight on until morning
And straight on until morning","","","","",""
"20102020","New Champ","3MWWfeKUoE7RSVGbMqC9Qb","11/1
NLE Choppa - 
From Dark to Light
 - 13/13

11/2
Busta Rhymes - 
Extinction Level Event 2: The Wrath of God (Reloaded)
 - 26/26
Shoda Monkas - 
Paz Feelin's
 - 11/11

11/3
F.Charm - 
RapSodia - EP
 - 6/6
MAMAMOO - 
TRAVEL
 - 6/6

11/4
マカロニえんぴつ - 
愛を知らずに魔法は使えない
 - 6/6

11/5
​mxmtoon - 
dawn & dusk
 - 14/14
Phora - 
With Love 2
 - 15/15

11/6
Alan Jackson - 
Honky Tonk Christmas (Deluxe Version)
 - 12/12
Almighty - 
La BESTia: The Last, Pt. 1
 - EP - 5/5
APRE - 
Always in My Head
 - 3/8
Babasónicos - 
Delivery 2 (México)
 - EP - 6/6
Baby Queen - 
Medicine
 - EP - 6/6
Billy Ray Cyrus - 
The Singin’ Hills Sessions (Mojave)
 - EP - 5/5
Birdy - 
Piano Sketches
 - EP - 4/4
Brad Cox - 
My Mind's Projection
 - 11/11
Bree Runway - 
2000AND4EVA
 - 9/9
Brooks & Dunn - 
It Won't Be Christmas Without You (Deluxe Version)
 - 13/13
C-Kan - 
Baúl
 - 10/10
Caitlyn Shadbolt - 
Stages
 - 4/10
Cauty - 
CAUTYVERIO ""MIXTAPE""
 - 8/8
Christo Graham - 
Turnin’
 - 2/12
Cloud Nothings - November 2020 - 0/4
Dermot Kennedy - 
Without Fear (Complete Edition)
 - 21/21
Doe Boy & Southside - 
Demons R Us
 - 19/19
dutchavelli - 
Dutch from the 5th
 - 16/16
ericdoa - 
COA
 - 11/11
Evie Irie - 
The Pessimist
  - EP- 5/5
Giggs - 
Now or Never
 - 16/16
Good Kid - 
Good Kid 2
 - 6/6
Guap Tarantino - 
Bandemic
 - 2/10
ITSOKTOCRY - 
POSHBOY2 (Deluxe)
 - 20/20
JC Stewart - 
When the Light Hits the Room
 - 4/4
Josh Abbott Band - 
The Highway Kind
 - 10/10
Julianno Sosa - 
L.O.V.E.
 - EP - 6/6
JPEGMAFIA - 
EP!
 - 8/8
K/DA - 
ALL OUT
 - EP - 5/5
Kenny Chesney - 
All I Want for Christmas is a Real Good Tan (Deluxe Version)
 - 13/13
Kylie Minogue - 
DISCO
 - 12/12
Kylie Minogue - 
DISCO (Deluxe)
 - 16/16
Leslie Odom, Jr. - 
The Christmas Album
 - 10/10
Lonestar - 
This Christmas Time (Deluxe Version)
 - 13/14
Little Mix - 
Confetti
 - 13/13
Mae Muller - 
no one else, not even you
 - 8/8
Maffio - 
TumbaGobierno
 - 15/15
Makari - 
CONTINUUM
 - 5/5
Marina Kaye - 
Twisted
 - 11/11
NAV - 
Emergency Tsunami
 - 14/14
Orianthi - 
O
 - 10/10
Shirley Bassey - 
I Owe It All to You
 - 14/14
Skylar Grey - 
Make It Through the Day
 - 5/5
Sólstafir - 
Endless Twilight of Codependent Love
 - 1/11
Sosamann - 
Born to Drip
 - 5/14
Straight No Chaser - 
Social Christmasing
 - 5/15
SVEA - 
Pity Party
 - EP - 6/6
System of a Down - 
Protect the Land / Genocidal Humanoidz
 - EP - 2/2
The Kid LAROI - 
FUCK LOVE (SAVAGE)
 - 22/22
Various Artists - 
Still Home for the Holidays (An R&B Christmas Album)
 - 4/13
Wrekonize - 
Pressure Point
 - 22/22

11/7
BONES - 
FromBeyondTheGrave
 - 12/12

11/8
Forest Blunt - 
DEAD INSIDE
 - 1/14
Thor Farlov - 
Nye Minder
 - 10/10

11/10
CA$HANOVA BULHAR - 
THUG LOVE SOFIA
 - 13/13
Corey Lee - 
7minutes2greatness
 - 8/8

11/11
清水翔太 – 
period
 - 10/10
11:11 - 
The Night Before the Morning After
 - 9/14
Alpha P - 
Wolves & Mustangs, Vol. 1 - EP
 - 4/4
Baby Queen - 
Medicine
 - 6/6
Clara Mae - 
Drunk on Emotions (Stripped)
 - 7/7
Jazmin Bean - 
Worldwide Torture: The Re-Up
 - 11/11
Kodak Black - 
Bill Israel
 - 11/11
Mutilomaquia - 
No matter how wet with tears the palms become, all our hopes will turn into black sludge
 - 12/12
NAV - 
Emergency Tsunami (Bonus Version)
 - 16/16
Opus - 
Opus Magnum
 - 11/11
Salaam Remi - 
Black on Purpose
 - 17/17
Super Duper - 
HALLELUJAH!
 - 19/20
YoungBoy Never Broke Again - 
Until I Return
 - 11/11
Ysy A, Club Hats & Yesan 雪山 - 
Mordiendo el Bozal
 - 6/6
Yung Beef & Yxungdy 970 - 
Mononoke
 - 3/3

11/12
Davido - 
A Better Time
 - 17/17
Jhay Cortez - 
Kobe En LA
 - 2/2
Joey Fatts - 
G Way
 - 1/10
Lali - 
Libra
 - 11/11
Lola Amour - 
Don't Look Back (Revisited)
 - EP - 4/4
Stepz - 
STEPZOLOGI II
 - 16/16

11/13
2 Chainz - 
So Help Me God!
 - 15/15
AC/DC - 
POWER UP
 - 12/12
Aesop Rock - 
Spirit World Field Guide
 - 21/21
Andrea Bocelli - 
Believe
 - 10/17
Aya Nakamura - 
AYA
 - 17/17
BENEE - 
Hey u x
 - 13/13
Blac Youngsta - 
Fuck Everybody 3
 - 10/14
Brittain Ashford & Matt Bauer - 
Day Inside a Night
 - EP - 4/4
Carmody - 
My Jupiter
 - EP - 5/6
CashMoneyAP & Rory Fresco - 
Rare Form
 - 12/12
Christian Nodal - 
AYAYAY! (Súper Deluxe)
 - 14/14
Chris Stapleton - 
Starting Over
 - 14/14
DaniLeigh - 
MOVIE
 - 16/16
Dro Kenji - 
Tears and Pistols
 - 10/10
Duncan Laurence - 
Small Town Boy
 - 12/12
Early Eyes - 
Sunbathing
 - 5/5
Elton John - 
Elton: Jewel Box
 - 68/147
Emily Weisband - 
Not Afraid to Say Goodbye
 - EP - 4/4
Father - 
Come Outside, We Not Gone Jump You
 - 9/9
Future & Lil Uzi Vert - 
Pluto x Baby Pluto
 - 16/16
Goodie Mob - 
Survival Kit
 - 9/16
GRACEY - 
The Art of Closure
 - 7/7
Gregory Dillon - 
Sad Magic
 - EP - 5/5
Hans Zimmer - 
No Time to Die (Original Motion Picture Soundtrack)
 - 21/21
Hope Tala - 
Girl Eats Sun
 - 6/6
Jimmy Levy - 
Aching World
 - 4/8
John K - 
love + everything else
 - 10/10
Josh Teskey & Ash Grunwald - 
Push the Blues Away
 - 1/8
K CAMP - 
Kiss 5 (Deluxe)
 - 20/20
K Trap - 
Street Side Effects
 - 16/16
Kasablanca - 
Human Learning
 - 0/12
KATYA - 
Vampire Fitness
 - EP - 5/5
King 810 - 
AK Concerto No. 47, 11th Movement in G Major
 - 11/11
Lauren Aquilina - 
Ghost World
 - EP - 7/7
Lecrae - 
Restoration (Deluxe)
 - 20/20
lil ricefield - 
Omakase
 - EP - 6/6
Lil Tracy - 
Designer Talk 2
 - 20/20
Lime Cordiale - 
14 Steps to a Better You (Relapse)
 - 20/20
Luh Soldier - 
Soldier Mentality 2
 - 1/13
Lunatic Soul - 
Through Shaded Woods
 - 9/9
Maia Wright - 
Firsts
 - EP - 5/5
Marika Hackman - 
Covers
 - 10/10
Masego - 
Studying Abroad
 - EP - 6/6
McFly - 
Young Dumb Thrills
 - 12/12
Meg Myers - 
Thank U 4 Taking Me 2 the Disco
 - EP - 5/5
Mitch - 
Better for You
 - 8/8
New Order - 
Be a Rebel
 - EP - 2/4
Nico Santos - 
Nico Santos (Special Edition)
 - 27/27
ONEFOUR - 
Against All Odds
 - EP - 9/9
Pa Salieu - 
Send Them to Coventry
 - 15/15
Paloma Faith - 
Infinite Things
 - 13/13
Paris Jackson - 
Wilted
 - 11/11
Pentatonix - 
We Need a Little Christmas
 - 13/13
Rauw Alejandro - 
Afrodisiaco
 - 16/16
Sensey - 
Sny jsou mocnější než skutečnost
 - 10/10
Sophie Ellis-Bextor - 
Songs from the Kitchen Disco: Sophie Ellis-Bextor's Greatest Hits
 - 20/20
Stats - 
Powys 1999
 - 10/10
Tempo - 
Tempo Es Tempo
 - EP - 5/5
Terror Jr - 
Bloody Waters
 - EP - 4/4
The Cribs - 
Night Network
 - 12/12
The Darcys - 
Fear & Loneliness
 - 3/11
​theMIND - 
Don't Let It Go To Your Head
 - 11/11
TSHA - 
Flowers
 - EP - 3/4
Various Artists - 
True to the Game 2 (Original Motion Picture Soundtrack)
 - 5/12
Vivian Green - 
Love Absolute
 - 13/13
William Basinski - 
Lamentations
 - 1/12
El Virtual - 
BOLA MÁGICA NOCTURNA
 - 3/3

11/16
Azizi Gibson - 
Stay the pHuck Out My Bubble
 - EP - 1/4
Love Renaissance, 6LACK & Summer Walker - 
Home for the Holidays
 - 9/9
Roc Marciano - 
Mt. Marci
 - 14/16

11/17
August Burns Red - 
All I Want for Christmas is You
 - 7/7
Bilmuri - 
EGGY POCKET
 - 7/7
CNBLUE - 
RE-CODE
 - 5/5
Future & Lil Uzi Vert - 
Pluto x Baby Pluto (Deluxe)
 - 24/24
Russ - 
CHOMP
 - EP - 5/5

11/18
Jasmine Sokko - 
MADE IN FUTURE
 - EP - 3/6
Kacy Hill - 
Just Circling Back Here: Is It Selfish If We Talk About Me Again (Remixes)
 - 5/5
Kali Uchis - 
Sin Miedo (del Amor y Otros Demonios) ∞
 - 13/13
KIRINJI - 
KIRINJI 20132020
 - 16/16
Maximals - Reset - EP - 0/3
Mozark & D Wizard - 
The Fall
 - 5/5
Not a Toy - 
Live at the Toy Factory: 11.18.20
 - 1/3

11/19
BRKN LOVE - 
BRKN LOVE (Deluxe Edition)
 - 10/15
Courtney Bell - 
Poverty Stricken
 - 2/15
glaive - 
cypress grove
 - 7/7
Hauskey - 
Slow
 - EP - 6/6
L7NNON - 
Hip Hop Rare
 - 15/15
Lil Kesh - 
Ecstasy
 - 4/8

11/20
Babeheaven - 
Home for Now
 - 14/14
Bearings - 
Hello, It's You
 - 10/10
BTS - 
BE
 - 8/8
Buzzy Lee - 
Spoiled Love
 - 1/9
Calin - 
Svědomí
 - 13/13
Cecile Believe - 
Plucking a Cherry from the Void
 - 8/8
DaBaby - 
My Brother's Keeper (Long Live G)
 - EP - 7/7
DC the Don - 
Come as You Are (Deluxe)
 - 19/19
FIA - 
W100
 - 3/10
French Montana - 
CB5
 - 19/19
Foolio - 
Love Me Like I'm Dead
 - 1/16
glaive - 
cypress grove
 - 7/7
Gracy Hopkins - 
ENCORE (TIME2020)
 - 25/25
Halsey - 
Manic: Confessional EP
 - 6/6
Hannah Grace - 
Remedy
 - 15/15
Harry Hudson - 
Hey, I'm Here for You
  - 15/15
Jane Birkin - Oh! Pardon tu dormais... - 0/18
Jeezy - 
The Recession 2
 - 15/15
Jewel - 
Pieces of You (25th Anniversary Edition)
 - 21/72
Joey Nato - 
Made Overnight
 - 5/10
Josh Groban - 
Harmony
 - 2/12
King Gizzard & the Lizard Wizard - 
K.G.
 - 10/10
Kodaline - 
One Day at a Time (Deluxe)
 - 14/14
Koe Wetzel - 
Sellout
 - 14/14
Lady A - 
Ocean (Deluxe Edition)
 - 19/19
Larkin Poe - 
Kindred Spirits
 - 11/11
Lastlings - 
First Contact
 - 12/12
LeAnn Rimes - 
CHANT: The Human & the Holy
 - 12/12
Lee Brice - 
Hey World
 - 15/15
Lil Tecca - 
Virgo Rising
 - EP - 6/6
Lissie - 
Thank You to the Flowers
 - 5/5
Loski - 
Music, Trial & Trauma: A Drill Story
 - 16/16
Luh Kel - 
L.O.V.E. (Deluxe)
 - 18/18
Magdalena Bay - 
mini mix vol. 2
 - 6/6
Mali-Koa - 
Hunger
 - 12/12
Matilda Mann - 
Because I Wanted You To Know
 - 5/5
Mau y Ricky - 
rifresh
 - 11/11
MC Virgins - 
Virgins Club
 - 6/6
Meek Mill - 
QUARANTINE PACK
 - EP - 4/4
Megan Thee Stallion - 
Good News
 - 17/17
Nick Cave & the Bad Seeds - 
Idiot Prayer (Nick Cave Alone at Alexandra Palace)
 - 22/22
October and the Eyes - 
Dogs and Gods
 - 6/6
Pearly Drops - 
Call For Help
 - 10/10
Phoebe Bridgers - 
Copycat Killer
 - EP - 4/4
Powfu - 
some boring love stories pt 5
 - 8/8
RAYE - 
Euphoric Sad Songs
 - EP - 9/9
Rexx Life Raj - 
California Poppy 2
 - 7/8
Rich the Kid & YoungBoy Never Broke Again - 
Nobody Safe
 - 15/15
Robb Bank$ - 
Tha Leak (Part 1)
 - 2/14
Rob Mazurek - 
Dimensional Stardust
 - 5/10
SAINt JHN - 
While the World Was Burning
 - 13/13
Savannah Ré - 
Opia
 - EP - 9/9
Sfera Ebbasta - 
FAMOSO
 - 13/13
Shaggy - 
Christmas in the Islands
 - 1/15
Shygirl - 
ALIAS
 - EP - 7/7
Something for Kate - 
The Modern Medieval
 - 10/10
Summer Walker - 
Over It (Complete Set)
 - 19/31
Tayla Parx - 
Coping Mechanisms
 - 10/12
Teejayx6 - 
Crime Pays 2
 - 4/18
Terror Jr - 
Rancho Catastrophe
 - 15/15
The Bug - 
In Blue (feat. Dis Fig)
 - 1/12
The Piano Guys - 
10
 - 25/27
The War on Drugs - 
LIVE DRUGS
 - 10/10
Tim Minchin - 
Apart Together
 - 11/11
Tim McGraw - 
McGraw Machine Hits: 2013-2019
 - 14/14
Toogla - 
Stupid Boy
 - EP - 5/5
Ward Davis - 
Black Cats and Crows
 - 14/14
WILLOW & Jahnavi Harrison - 
R I S E
 - EP - 6/6
Weiland - 
Weiland
 - 11/11
XYLØ - 
OUTSIDERS CLUB
 - 5/5
Young the Giant - 
Young the Giant (10th Anniversary Edition)
 - 16/16
YSN Flow & Iceberg - 
Long Story Short
 - 12/12

11/23
Lil Durk, Polo G, King Von, Chief Keef, G Herbo - 
Welcome 2 Chiraq 15
 - 2/26
Phoebe Bridgers - 
If We Make It Through December
 - 4/4
Tisci - 
FUTUREPUNK
 - 2/8
Tobias Dray - 
DAYDREAMER - EP
 - 4/4

11/24
Ada Rook - separated from her twin, a dying android arrives on a mysterious island. - 0/4
Ekhoe - 
Zajvihar
 - 7/7
Elyahu - 
Black Tar Beach
 - 7/7
Killval - 
Romance for Madness
 - 10/10
Lil Playah - 
Don’t Playah Self
 - 5/5
RMR - 
4th Qtr Medley
 - 3/3

11/25
菅田将暉 - 
虹
 - 3/3
Taylor Swift - 
folklore: the long pond studio sessions (from the disney+ special) [deluxe edition]
 - 34/34
Tinashe - 
Comfort & Joy
 - EP - 7/7
Various Artists - 
A Motown Holiday
 - EP - 4/5

11/26
Foogiano - 
Gutta Baby
 - 12/17
Kidd G - 
Teenage Dream
 - 6/6
Lil Bam - 
The Last Don
 - 0/8
Selecta - 
El Niño
 - 13/13
Various Artists - 
Feliz Christmas (Vol. 1)
 - 9/9

11/27
AJ Tracey - 
Secure the Bag! 2
 - 9/9
Ane Brun - 
How Beauty Holds the Hand of Sorrow
 - 9/9
Angel y Khriz - 
New Season
 - 10/10
Bad Bunny - 
El Último Tour del Mundo
 - 16/16
Billie Joe Armstrong - 
No Fun Mondays
 - 14/14
Busta Rhymes - 
Extinction Level Event 2 : The Wrath of God (The Deluxe Edition)
 - 27/30
Chavo & Pi’erre Bourne - 
Chavo's World
 - 11/13
Curren$y & Harry Fraud - 
Bonus Footage
 - 4/5
Da$H - 
Beta
 - 2/12
ECKO - 
Young Golden
 - EP - 7/7
El Virtual - 
Digital Ghost
 - 5/5
End of the World - 
Chameleon
 - 13/13
Flee Lord - 
No More Humble Fashion
 - 0/12
Flohio - 
No Panic No Pain
 - 2/10
French Montana - 
CB5 (Deluxe)
 - 19/24
Gary Barlow - 
Music Played by Humans
 - 1/17
Granger Smith - 
Country Things, Vol. 2
 - 8/8
Hatebreed - 
Weight of the False Self
 - 2/12
INNA - 
Heartbreaker
 - 10/10
JFDR - 
Dream On
 - EP - 4/7
Jordin Sparks - 
Cider & Hennessy
 - 7/10
Juicy J - 
THE HUSTLE CONTINUES
 - 16/16
Leanne & Naara - 
Daybreak
 - 2/8
Lil Tecca - 
Virgo Sun
 - 6/6
Lil Wayne - 
No Ceiling 3
 - 20/20
Lil Yachty - 
Lil Boat 3.5
 - 27/27
MadeinTYO - 
YOKOSUKA BOY EP
 - 0/6
Michael Calfan & INNA - 
Call Me Now (Club Mixes)
 - 3/3
Miley Cyrus - 
Plastic Hearts
 - 15/15
Odeal - 
OVMBR: Roses
 - 8/8
PÆNDA - 
My heart (EP)
 - 1/5
Paloma Faith - 
Infinite Things (Deluxe Version)
 - 14/14
Paul McCartney - 
Family - EP
 - 6/6
Paul Weller - 
On Sunset (Remixes)
 - 0/5
Rina Sawayama - 
Sawayama Remixed
 - 4/5
Rylo Rodriguez - 
GIHF: Goat in Human Form
 - 17/17
Sabrina Claudio - 
Christmas Blues
 - 8/8
Seddy Hendrinx - 
Say Less
 - 7/7
Shorelina Mafia - 
Mafia Bidness (Deluxe)
 - 21/29
Statik Selektah - 
The Balancing Act
 - 2/16
Steps - 
What the Future Holds
 - 13/13
Stunna 4 Vegas - 
WELCOME TO 4 VEGAS
 - 13/13
SYML - 
You Knew It Was Me
 - 6/6
The Beatles - 
Got To Get You Into My Life
 - 6/6
The Smashing Pumpkins - 
CYR
 - 11/11
The Vamps - 
Cherry Blossom (Extended, Pt. 1)
 - 14/14
Tia Carys - 
EnRoot
 - EP - 2/5
Tim Burgess - 
Ascent of the Ascended
 - EP - 0/6
Youngs Teflon - 
Call of Duty 3
 - 0/15
Yzomandias - 
Prozyum
 - 10/10
Zach Bryan - 
Quiet, Heavy Dreams
 - 3/6

11/29
leon Salgeuro - 
Speak with a Slur
 - 5/5

11/30
BashOut Teddy - 
BashOut Season
 - 0/10
Blank Banshee - 
Gaia
 - 16/16
M.E.T.A.L. - 
The Devil’s Pawns
 - 13/13
Soulja Boy - 
Swag 3
 - 16/16","","","","",""
"Mercy","New Champ","5QWj2hpgRZvvX5yi3HOZsp","[Intro]
Every night, before I close my eyes
I say a little prayer that you'll have mercy on me
Please, dear God, to live inside the divine
Not like I want to die
Teach me to forgive myself, outlive this hell

[Verse 1]
Is it really love if it hurts?
Is it really pain if it’s inside?
On the outside, I'm strong
Hold my hand, please sympathize
Hard enough tryna forgive
Hard enough tryna live
Please don't criticize, yeah
Please, please sympathize, yeah

[Pre-Chorus]
Somebody to teach me to love
Somebody to help me rise above
I need to survive, I’m looking for

[Chorus]
Looking for, looking for, looking for mercy
Looking for, looking for, looking for mercy
I'm looking for, I'm looking for love
Looking for, looking for, looking for mercy
Looking for, looking for, looking for mercy
I'm looking for, I'm looking for mercy

[Post Chorus]
Every night, before I close my eyes
I say a little prayer that you'll have mercy on me
Please, dear God, to live inside the divine
Not like I want to die
Teach me to forgive myself, outlive this hell

[Verse 2]
Is it really faith if I'm weak?
Can you tell the truth when you live lies?
I'm just looking for the signs
Hold my hand, please sympathize
Hard enough tryna forgive
Hard enough tryna live
Flawed, flawed by design, yeah
Please, please sympathize

[Pre-Chorus]
Somebody to teach me to love
Somebody to help me rise above
I need to survive, I’m looking for
(Looking for, looking for, looking for, looking for mercy)

[Chorus]
Looking for, looking for, looking for mercy
Looking for, looking for, looking for mercy
I’m looking for, I'm looking for love
Looking for, looking for, looking for mercy
Looking for, looking for, looking for mercy
I’m looking for, I'm looking for mercy

[Pre-Chorus]
Somebody to teach me to love
Somebody to help me rise above
I need to survive, I'm looking for

[Chorus]
Looking for, looking for, looking for mercy
Looking for, looking for, looking for mercy
I'm looking for, I’m looking for love
Looking for, looking for, looking for mercy
Looking for, looking for, looking for mercy
I'm looking for, I'm looking for mercy
Looking for, looking for, looking for mercy
Looking for, looking for, looking for mercy
I'm looking for, I'm looking for love
(Looking for, looking for, looking for mercy)
(Looking for, looking for, looking for mercy)
Looking for, looking for, looking for mercy
Looking for, looking for, looking for mercy
I'm looking for, I'm looking for mercy
(Looking for, looking for, looking for mercy)
(Looking for, looking for, looking for mercy)","141.939","0.434","0.765","-8.515","0.267"
"Definitely","New Champ","23tPiUwaioAlT2Dm6aNNMt","[Intro: Instalok Chris]
Once a year, around the same time...kinda
The Harrowing falls upon us and our wallets...

[Instalok Chris and Lunity]
Boys and girls of every rank
Wouldn’t you like to use skins so dank?
Sell your soul for more RP
‘Cause it's time for Harrowing

[Instalok Chris, Lunity, Instalok Patrick, Liliypichu]
This is Harrowing, This is Harrowing
Pumpkin heads and the spooky sights
This is Harrowing, Nunu is a zombie
Pantheon kinda looks like Singed but that’s alright
Slayer Jinx, Now her hair is pink!
‘Cause it’s time for Harrowing

[Sky]
I am the one making rivers run red
I’ll use your blood to polish my big shiny head

[Lunity]
I am a cat but i’m also a witch
Throw brooms at your face and they hurt like a LOT

[Redmercy]
I am a pirate and my cannon is ready
Oh wait i’m a zombie and my arm is spaghetti!

[Instalok Chris and Lunity]
This is Harrowing! This is Harrowing!
Harrowing! Harrowing! Harrrowing! Hotline bling

[Lunity]
Get them now, or you’re boned
Till next year ‘cause soon they’ll be gone

[Instalok Patrick]
When you lie down, Don’t you make a sound
Lolipoppy’s watching while you sleep at night

[Tahm Kench]
Everybody sing, everybody sing!
Sing this song of Harrowing

[Lilypichu]
I am the one always losing my bear
My friend named Marge helped me out with my hair

[Brand]
(zombie moans)

[Blitzcrank]
Who’s Blitzcrank? I’ve never heard of him
I’m a new champ this is definitely not a skin

[All]
This is Harrowing! This is Harrowing!
Harrowing! Harrowing! Harrrowing! Harrowing

[Outro: All]
La, la, la
La-la-la, la ,la
La-la-la, la, la
La-la-la, la-la-laa!","171.87900000000005","0.72","0.6890000000000001","-8.627","0.528"
"Daese (psy Bro) (feat.Don Mills, BewhY)","New Champ","3p8nuKzobsVzYGjKgFCxjX","[Intro]
N
Amicalement moi
Nael dans ta ****

[Refrain]
Le son est trop lourd s'il veut s’pendre va casser la corde
Trop d’temps qu’on nous la ferme donc on va casser la porte (Casser la porte, casser la porte, casser la porte)

[Couplet 1]
Puta, j’suis né au monde pour oser
J’bois pur, j’ai la flemme de doser
Si j’ai un trophée j’en cherche un autre
J’suis pas comme ces salopes qui ne font que d’le brosser
Qui peut rapper comme lе N, vas-y dis ?
J’rajoute une barre, maintеnant c’est le M
A.k.a Babidi
L’ambiance est céleste j’veux qu’ça bump comme P.Diddy
Amicalement moi
J’ai la big dalle dans moi
J’mets ma bite grave en toi
On maîtrise la concu'
C’est par dizaines j’en bois
J’peux vous dire que j’vous aime
Mais mon visage ment pas
Yeah yeah yeah yeah
Guidé par l’intuition quand y’a pas d’mantra
J’veux être dans toutes les bouches
Comme le COVID
Ou comme un attentat
N, attends d’voir
C’est pour cette année, j’l’ai mis dans l’agenda
Si jamais je pars est-ce que tu m’attendras ?
J’suis bloqué devant la porte comme si j’ai pas d’mandat (Oh)
C’est l’début d’une nouvelle aventure (Wah)
Nouvelle aventure (Yeah, yeah, yeah, yeah, yeah)
J’suis l’plus chaud
Il aura fallu du temps
Pour qu’vous acceptiez de venir vers moi
De m’accorder juste une danse
New projet, nouvelle rocket
Nouveau boss et nouvelle quête
Beherit c’était vraiment moi
Donc c’est vraiment moi que tu respectes

[Refrain]
Le son est trop lourd si il veut s’pendre va casser la corde
(Casser la corde, casser la corde, casser la corde)
Trop d’temps qu’on nous la ferme donc on va casser la porte
(Casser la porte, casser la porte, casser la porte)
Le son est trop lourd si il veut s’pendre va casser la corde
(Casser la corde, casser la corde, casser la corde)
Trop d’temps qu’on nous la ferme donc on va casser la porte
(Casser la porte, casser la porte, casser la porte)

[Couplet 2]
J’ai cassé la porte
Sorry Nael j’ai cassé la prod
J’ai tout quitté pour ce putain d’rap
Tellement entraîné j’peux tracer à force
J’avoue j’ai passé un putain d’cap
Mais c’est pas assez pour qu'ces putains m'grattent
Balec si tu trouves qu’c’est du rap de iencli
Tant que je remplis ce putain d’sac (Okay)
Oui, j’ai vu leurs critiques et j’ai vu leurs excuses
Faire comme les autres, devenir une pussy, fuck j’refuse
Tu fais pas du bon rap parce que Twitter te suce
Tu fais pas du bon rap parce que Twitter te suce
CLST j’suis au top et j’vous enfile bien
La ceinture de champion, puta je sens qu’j’y tiens
Des petites langues de vipères face à une langue d’amphibien
Tous les jours dans la musique, c’est dommage je n’en tire rien
J’veux le vrai bénéfice
Pas celui du doute
Pas celui du CROUS
Quand t’es d'vant le vide
Un vrai ami c’est pas celui qui t’pousse
Faut nuancer
Le N vient d’autre part mais le N parle mieux qu’toi le français
Si j’ai un trophée j’en cherche un autre
J’suis pas comme ces salopes qui ne font que d’le brosser
N

[Outro]
Amicalement moi
Amicalement moi
C’est l’début d’une nouvelle aventure
Yeah","","","","",""
"Revenge (Skit)","New Champ","1OWmx9hJa5E8hTxM1hMLLd","Introduction:

Lazarus, arise. Glory, the book of Lazarus

[Chorus]

They knew I was coming back
Lazarus
They knew I was coming back
Lazarus Lazarus
They knew I was coming back
Lazarus

[Verse One]

They knew I was coming back
Was hoping I fell off
I gave em a couple years
Just to get it together before I would take off
I started embracing a new flow
I started to walk where the wolves go
Believing in self that's the god in me
You will not change what was written as prophecy
I'm the God Emcee
That's without a question
Battling me is like an easy death with
Praying for em
I'm praying for em
Got the garden's apple
And a box of rhetorics
Voodoo doctor Black Elohim
Remain eternal while the Heaven's singing
Glory Glory all praises due
The Villainous dines in archaic castles
They knew I was coming back
Lazarus

[Chorus]

Lazarus
Lazarus
They knew I was coming back
Return of the Seven
Lazarus
They knew I was coming back

[Verse Two]

Pay attention to the resurrection
Watch your favorite rappers get a dose of Perris
Paradise
Standing on top of the tabernacles with the universe
I'm heading to Africa
I'm reaching for Glory
I'm digging my history
Flow of the century
I will not be limitated by an Oscar
Nominated Grammy
This is that new chapter
Revenge of the Seven
I spit like I'm Anakin
Rappers beware of him
You can catch me on top of the Pearly Gates
With the Seraphim
See unapologetic
Maybe even standing next to Hov
I'm disrespectful
All praises due
The Villainous dines in archaic castles
They new I was coming back
(Tiz you a fool for this beat man)","139.999","0.251","0.746","-16.169","0.18"
"Underboob (love pt.2)","New Champ","1lsJxm3b25w9GlDszHl1nZ","He must have made more clatter than he supposed with his key at the apartment door, for his wife had come to let him in when he flung it open. ""Why, Basil,"" she said, ""what's brought you back? Are you sick? You're all pale. Well, no wonder! This is the last of Mr. Fulkerson's dinners you shall go to. You're not strong enough for it, and your stomach will be all out of order for a week. How hot you are! and in a drip of perspiration! Now you'll be sick."" She took his hat away, which hung dangling in his hand, and pushed him into a chair with tender impatience. ""What is the matter? Has anything happened?""

""Everything has happened,"" he said, getting his voice after one or two husky endeavors for it; and then he poured out a confused and huddled statement of the case, from which she only got at the situation by prolonged cross-questioning.

At the end she said, ""I knew Lindau would get you into trouble.""

This cut March to the heart. ""Isabel!"" he cried, reproachfully.

""Oh, I know,"" she retorted, and the tears began to come. ""I don't wonder you didn't want to say much to me about that dinner at breakfast. I noticed it; but I thought you were just dull, and so I didn't insist. I wish I had, now. If you had told me what Lindau had said, I should have known what would have come of it, and I could have advised you—""

""Would you have advised me,"" March demanded, curiously, ""to submit to bullying like that, and meekly consent to commit an act of cruelty against a man who had once been such a friend to me?""

""It was an unlucky day when you met him. I suppose we shall have to go. And just when we bad got used to New York, and begun to like it. I don't know where we shall go now; Boston isn't like home any more; and we couldn't live on two thousand there; I should be ashamed to try. I'm sure I don't know where we can live on it. I suppose in some country village, where there are no schools, or anything for the children. I don't know what they'll say when we tell them, poor things.""

Every word was a stab in March's heart, so weakly tender to his own; his wife's tears, after so much experience of the comparative lightness of the griefs that weep themselves out in women, always seemed wrung from his own soul; if his children suffered in the least through him, he felt like a murderer. It was far worse than he could have imagined, the way his wife took the affair, though he had imagined certain words, or perhaps only looks, from her that were bad enough. He had allowed for trouble, but trouble on his account: a svmpathy that might burden and embarrass him; but he had not dreamed of this merely domestic, this petty, this sordid view of their potential calamity, which left him wholly out of the question, and embraced only what was most crushing and desolating in the prospect. He could not bear it. He caught up his hat again, and, with some hope that his wife would try to keep him, rushed out of the house. He wandered aimlessly about, thinking the same exhausting thoughts over and over, till he found himself horribly hungry; then he went into a restaurant for his lunch, and when he paid he tried to imagine how he should feel if that were really his last dollar.

He went home toward the middle of the afternoon, basely hoping that Fulkerson had sent him some conciliatory message, or perhaps was waiting there for him to talk it over; March was quite willing to talk it over now. But it was his wife who again met him at the door, though it seemed another woman than the one he had left weeping in the morning.

""I told the children,"" she said, in smiling explanation of his absence from lunch, ""that perhaps you were detained by business. I didn't know but you had gone back to the office.""

""Did you think I would go back there, Isabel?"" asked March, with a haggard look. ""Well, if you say so, I will go back, and do what Dryfoos ordered me to do. I'm sufficiently cowed between him and you, I can assure you.""

""Nonsense,"" she said. ""I approve of everything you did. But sit down, now, and don't keep walking that way, and let me see if I understand it perfectly. Of course, I had to have my say out.""

She made him go all over his talk with Dryfoos again, and report his own language precisely. From time to time, as she got his points, she said, ""That was splendid,"" ""Good enough for him!"" and ""Oh, I'm so glad you said that to him!"" At the end she said:

""Well, now, let's look at it from his point of view. Let's be perfectly just to him before we take another step forward.""

""Or backward,"" March suggested, ruefully. ""The case is simply this: he owns the magazine.""

""Of course.""

""And he has a right to expect that I will consider his pecuniary interests—""

""Oh, those detestable pecuniary interests! Don't you wish there wasn't any money in the world?""

""Yes; or else that there was a great deal more of it. And I was perfectly willing to do that. I have always kept that in mind as one of my duties to him, ever since I understood what his relation to the magazine was.""

""Yes, I can bear witness to that in any court of justice. You've done it a great deal more than I could, Basil. And it was just the same way with those horrible insurance people.""

""I know,"" March went on, trying to be proof against her flatteries, or at least to look as if he did not deserve praise; ""I know that what Lindau said was offensive to him, and I can understand how he felt that he had a right to punish it. All I say is that he had no right to punish it through me.""

""Yes,"" said Mrs. March, askingly.

""If it had been a question of making 'Every Other Week' the vehicle of Lindau's peculiar opinions—though they're not so very peculiar; he might have got the most of them out of Ruskin—I shouldn't have had any ground to stand on, or at least then I should have had to ask myself whether his opinions would be injurious to the magazine or not.""

""I don't see,"" Mrs. March interpolated, ""how they could hurt it much worse than Colonel Woodburn's article crying up slavery.""

""Well,"" said March, impartially, ""we could print a dozen articles praising the slavery it's impossible to have back, and it wouldn't hurt us. But if we printed one paper against the slavery which Lindau claims still exists, some people would call us bad names, and the counting-room would begin to feel it. But that isn't the point. Lindau's connection with 'Every Other Week' is almost purely mechanical; he's merely a translator of such stories and sketches as he first submits to me, and it isn't at all a question of his opinions hurting us, but of my becoming an agent to punish him for his opinions. That is what I wouldn't do; that's what I never will do.""

""If you did,"" said his wife, ""I should perfectly despise you. I didn't understand how it was before. I thought you were just holding out against Dryfoos because he took a dictatorial tone with you, and because you wouldn't recognize his authority. But now I'm with you, Basil, every time, as that horrid little Fulkerson says. But who would ever have supposed he would be so base as to side against you?""

""I don't know,"" said March, thoughtfully, ""that we had a right to expect anything else. Fulkerson's standards are low; they're merely business standards, and the good that's in him is incidental and something quite apart from his morals and methods. He's naturally a generous and right-minded creature, but life has taught him to truckle and trick, like the rest of us.""

""It hasn't taught you that, Basil.""

""Don't be so sure. Perhaps it's only that I'm a poor scholar. But I don't know, really, that I despise Fulkerson so much for his course this morning as for his gross and fulsome flatteries of Dryfoos last night. I could hardly stomach it.""

His wife made him tell her what they were, and then she said, ""Yes, that was loathsome; I couldn't have believed it of Mr. Fulkerson.""

""Perhaps he only did it to keep the talk going, and to give the old man a chance to say something,"" March leniently suggested. ""It was a worse effect because he didn't or couldn't follow up Fulkerson's lead.""

""It was loathsome, all the same,"" his wife insisted. ""It's the end of Mr.
Fulkerson, as far as I'm concerned.""
""I didn't tell you before,"" March resumed, after a moment, ""of my little interview with Conrad Dryfoos after his father left,"" and now he went on to repeat what had passed between him and the young man.

""I suspect that he and his father had been having some words before the old man came up to talk with me, and that it was that made him so furious.""

""Yes, but what a strange position for the son of such a man to take! Do you suppose he says such things to his father?""

""I don't know; but I suspect that in his meek way Conrad would say what he believed to anybody. I suppose we must regard him as a kind of crank.""

""Poor young fellow! He always makes me feel sad, somehow. He has such a pathetic face. I don't believe I ever saw him look quite happy, except that night at Mrs. Horn's, when he was talking with Miss Vance; and then he made me feel sadder than ever.""

""I don't envy him the life he leads at home, with those convictions of his. I don't see why it wouldn't be as tolerable there for old Lindau himself.""

""Well, now,"" said Mrs. March, ""let us put them all out of our minds and see what we are going to do ourselves.""

They began to consider their ways and means, and how and where they should live, in view of March's severance of his relations with 'Every Other Week.' They had not saved anything from the first year's salary; they had only prepared to save; and they had nothing solid but their two thousand to count upon. But they built a future in which they easily lived on that and on what March earned with his pen. He became a free lance, and fought in whatever cause he thought just; he had no ties, no chains. They went back to Boston with the heroic will to do what was most distasteful; they would have returned to their own house if they had not rented it again; but, any rate, Mrs. March helped out by taking boarders, or perhaps only letting rooms to lodgers. They had some hard struggles, but they succeeded.

""The great thing,"" she said, ""is to be right. I'm ten times as happy as if you had come home and told me that you had consented to do what Dryfoos asked and he had doubled your salary.""

""I don't think that would have happened in any event,"" said March, dryly.

""Well, no matter. I just used it for an example.""

They both experienced a buoyant relief, such as seems to come to people who begin life anew on whatever terms. ""I hope we are young enough yet, Basil,"" she said, and she would not have it when he said they had once been younger.

They heard the children's knock on the door; they knocked when they came home from school so that their mother might let them in. ""Shall we tell them at once?"" she asked, and ran to open for them before March could answer.

They were not alone. Fulkerson, smiling from ear to ear, was with them.
""Is March in?"" he asked.
""Mr. March is at home, yes,"" she said very haughtily. ""He's in his study,"" and she led the way there, while the children went to their rooms.

""Well, March,"" Fulkerson called out at sight of him, ""it's all right! The old man has come down.""

""I suppose if you gentlemen are going to talk business—"" Mrs. March began.

""Oh, we don't want you to go away,"" said Fulkerson. ""I reckon March has told you, anyway.""

""Yes, I've told her,"" said March. ""Don't go, Isabel. What do you mean,
Fulkerson?""
""He's just gone on up home, and he sent me round with his apologies. He sees now that he had no business to speak to you as he did, and he withdraws everything. He'd 'a' come round himself if I'd said so, but I told him I could make it all right.""

Fulkerson looked so happy in having the whole affair put right, and the Marches knew him to be so kindly affected toward them, that they could not refuse for the moment to share his mood. They felt themselves slipping down from the moral height which they had gained, and March made a clutch to stay himself with the question, ""And Lindau?""

""Well,"" said Fulkerson, ""he's going to leave Lindau to me. You won't have anything to do with it. I'll let the old fellow down easy.""

""Do you mean,"" asked March, ""that Mr. Dryfoos insists on his being dismissed?""

""Why, there isn't any dismissing about it,"" Fulkerson argued. ""If you don't send him any more work, he won't do any more, that's all. Or if he comes round, you can—He's to be referred to me.""

March shook his head, and his wife, with a sigh, felt herself plucked up from the soft circumstance of their lives, which she had sunk back into so quickly, and set beside him on that cold peak of principle again. ""It won't do, Fulkerson. It's very good of you, and all that, but it comes to the same thing in the end. I could have gone on without any apology from Mr. Dryfoos; he transcended his authority, but that's a minor matter. I could have excused it to his ignorance of life among gentlemen; but I can't consent to Lindau's dismissal—it comes to that, whether you do it or I do it, and whether it's a positive or a negative thing—because he holds this opinion or that.""

""But don't you see,"" said Fulkerson, ""that it's just Lindau's opinions the old man can't stand? He hasn't got anything against him personally. I don't suppose there's anybody that appreciates Lindau in some ways more than the old man does.""

""I understand. He wants to punish him for his opinions. Well, I can't consent to that, directly or indirectly. We don't print his opinions, and he has a perfect right to hold them, whether Mr. Dryfoos agrees with them or not.""

Mrs. March had judged it decorous for her to say nothing, but she now went and sat down in the chair next her husband.

""Ah, dog on it!"" cried Fulkerson, rumpling his hair with both his hands.
""What am I to do? The old man says he's got to go.""
""And I don't consent to his going,"" said March.

""And you won't stay if he goes.""

Fulkerson rose. ""Well, well! I've got to see about it. I'm afraid the old man won't stand it, March; I am, indeed. I wish you'd reconsider. I—I'd take it as a personal favor if you would. It leaves me in a fix. You see I've got to side with one or the other.""

March made no reply to this, except to say, ""Yes, you must stand by him, or you must stand by me.""

""Well, well! Hold on awhile! I'll see you in the morning. Don't take any steps—""

""Oh, there are no steps to take,"" said March, with a melancholy smile.
""The steps are stopped; that's all."" He sank back into his chair when
Fulkerson was gone and drew a long breath. ""This is pretty rough. I
thought we had got through it.""
""No,"" said his wife. ""It seems as if I had to make the fight all over again.""

""Well, it's a good thing it's a holy war.""

""I can't bear the suspense. Why didn't you tell him outright you wouldn't go back on any terms?""

""I might as well, and got the glory. He'll never move Dryfoos. I suppose we both would like to go back, if we could.""

""Oh, I suppose so.""

They could not regain their lost exaltation, their lost dignity. At dinner Mrs. March asked the children how they would like to go back to Boston to live.

""Why, we're not going, are we?"" asked Tom, without enthusiasm.

""I was just wondering how you felt about it, now,"" she said, with an underlook at her husband.

""Well, if we go back,"" said Bella, ""I want to live on the Back Bay. It's awfully Micky at the South End.""

""I suppose I should go to Harvard,"" said Tom, ""and I'd room out at
Cambridge. It would be easier to get at you on the Back Bay.""
The parents smiled ruefully at each other, and, in view of these grand expectations of his children, March resolved to go as far as he could in meeting Dryfoos's wishes. He proposed the theatre as a distraction from the anxieties that he knew were pressing equally on his wife. ""We might go to the 'Old Homestead,'"" he suggested, with a sad irony, which only his wife felt.

""Oh yes, let's!"" cried Bella.

While they were getting ready, some one rang, and Bella went to the door, and then came to tell her father that it was Mr. Lindau. ""He says he wants to see you just a moment. He's in the parlor, and he won't sit down, or anything.""

""What can he want?"" groaned Mrs. March, from their common dismay.

March apprehended a storm in the old man's face. But he only stood in the middle of the room, looking very sad and grave. ""You are Going oudt,"" he said. ""I won't geep you long. I haf gome to pring pack dose macassines and dis mawney. I can't do any more voark for you; and I can't geep the mawney you haf baid me a'ready. It iss not hawnest mawney—that hass been oarned py voark; it iss mawney that hass peen mate py sbeculation, and the obbression off lapor, and the necessity of the boor, py a man—Here it is, efery tollar, efery zent. Dake it; I feel as if dere vas ploodt on it.""

""Why, Lindau,"" March began, but the old man interrupted him.

""Ton't dalk to me, Passil! I could not haf believedt it of you. When you know how I feel about dose tings, why tidn't you dell me whose mawney you bay oudt to me? Ach, I ton't plame you—I ton't rebroach you. You haf nefer thought of it; boat I have thought, and I should be Guilty, I must share that man's Guilt, if I gept hiss mawney. If you hat toldt me at the peginning—if you hat peen frank with meboat it iss all righdt; you can go on; you ton't see dese tings as I see them; and you haf cot a family, and I am a free man. I voark to myself, and when I ton't voark, I sdarfe to myself. But I geep my handts glean, voark or sdarfe. Gif him hiss mawney pack! I am sawry for him; I would not hoart hiss feelings, boat I could not pear to douch him, and hiss mawney iss like boison!""

March tried to reason with Lindau, to show him the folly, the injustice, the absurdity of his course; it ended in their both getting angry, and in Lindau's going away in a whirl of German that included Basil in the guilt of the man whom Lindau called his master.

""Well,"" said Mrs. March. ""He is a crank, and I think you're well rid of him. Now you have no quarrel with that horrid old Dryfoos, and you can keep right on.""

""Yes,"" said March, ""I wish it didn't make me feel so sneaking. What a long day it's been! It seems like a century since I got up.""

""Yes, a thousand years. Is there anything else left to happen?""

""I hope not. I'd like to go to bed.""

""Why, aren't you going to the theatre?"" wailed Bella, coming in upon her father's desperate expression.

""The theatre? Oh yes, certainly! I meant after we got home,"" and March amused himself at the puzzled countenance of the child. ""Come on! Is Tom ready?""","","","","",""
"hotel mi casa (feat. illioN)","New Champ","7IO469py2f97crIqxRytVJ","1/1
Bandmanrill - ""Close Friends""
DC the Don - ""Legend of Zelda!""
Erica Banks - ""Who Want a Problem (Freestyle)""
Gabbie Hanna - ""Rewired""
John Pollõn & El Virtual - ""Llena Luna""
Ronny D - ""Me Envolví""
Soleá Morente & La Casa Azul - ""No Pensar en Ti""
Swedish House Mafia & Jacob Mühlrad - ""One Symphony""
Uncle Murda - ""Rap Up 2021""

1/2
Alison Wonderland - ""Fear of Dying""
Doe Boy & Babyface Ray - ""Onna Hood""
JELEEL! - ""July!""
Shenseea - ""Dolly""
Underaiki - ""talk""

1/3
Bonobo - ""From You"" ft. Joji
Cootie - ""Trap Out Da Spot"" ft. Big Scarr
Feby - ""Super Gremlin Freestyle""
Gucci Mane - ""Fake Friends""
Let's Eat Grandma - ""Happy New Year""

1/4
Beret - ""El día menos pеnsado""
Eliel MX - ""Agua""
Leikeli47 - ""Chitty Bang""

1/5
alt-J - ""Hard Drivе Gold""
Citizen Soldier - ""Unsaid""
Derivakat - ""New Year's Eve""
Falling in Reverse - ""Zombified""
Father John Misty - ""Funny Girl""
Fredo Bang - ""Throw It Back""
Hook - ""Gameboy""
Jahmiel - ""Too Far, So Close""
Lauren Spencer-Smith - ""Fingers Crossed""
MICHELLE - ""EXPIRATION DATE""
Morgan Wade - ""Run""
The Smile - ""You Will Never Work in Television Again""
Tiago PZK, LIT killah, María Becerra & Nicki Nicole - ""Entre Nosotros (Remix)""
Ylona Garcia - ""Entertain Me""
YoungBoy Never Broke Again - ""Fish Scale""

1/6
Central Cee - ""Retail Therapy""
Cordae - ""FABEV Freestyle""
Lexi Jayde - ""drunk text me""
Pinegrove - ""Respirate""
Sebastián Yatra - ""Amor Pasajero""
Teddy - ""Girls Rule The World"" ft. Lil Tracy

1/7
2 Chainz - ""Million Dollars Worth of Game"" ft. 42 Dugg
Amanda Jordan - ""I Choose You""
Arlene MC - ""DEMANTELE"" ft. Kaly Ocho
AURORA - ""A Dangerous Thing""
AURORA - ""Everything Matters"" ft. Pomme
Azizi Gibson - ""Hate To Say It"" ft. Freddie Gibbs
BabySantana - ""off the leash!"" ft. yvngxchris & Luisss
Battle Beast - ""Where Angels Fear to Fly""
Billy Talent - ""Judged""
Cannons - ""Purple Sun""
Crazy Cousinz - ""No Apologies"" ft. Mila Falls
David Guetta & MORTEN - ""Permanence""
Earl Sweatshirt - ""Titanic""
Ella Henderson - ""Brave""
薛凱琪 (Fiona Sit) - ""月台上碰面 (Moon Over The Platform)""
Foxes - ""Absolute""
Gang of Youths - ""in the wake of your leave""
HRVY - ""Golden Hour""
Jaguar Jonze - ""CUT""
James Morrison - ""Don't Mess with Love""
JNYBeatz - ""靈魂出竅練習曲 (Etude Of An Out Of Body Experience)"" ft. 林家謙 (Terence Lam)
Jonas Blue & Why Don't We - ""Don't Wake Me Up""
Kid Ink - ""Fenty Secrets""
Kill the Noise, Tasha Baxter, Bro Safari & Macky - ""As Above, So Below""
Kota the Friend - ""Dear Fear""
Lil PJ - ""Buzz""
Maddie & Tae - ""Strangers""
MAJ - ""Bank Teller""
Maren Morris - ""Circles Around This Town""
Matilda - ""Finally Alone""
Michael Schulte - ""Remember Me""
Montell Fish - ""and i'd go a thousand miles""
Omar Rudberg - ""Mi Casa Su Casa""
Palace - ""Shame on You""
RAT BOY - ""Ram Raid""
Rezz - ""Menace""
Royal & the Serpent - ""PHUCKBOI REJECTS""
ROZES - ""Best They Ever Had""
Ryland James - ""I Give Everything""
Sebastian Zalo - ""Hull i mine Levis""
Since99 - ""20 oz waygu""
Steve Aoki & DJ Diesel - ""Welcome to the Playhouse""
Teddy Swims - ""911""
TOKYO'S REVENGE - ""IN THE MIDDLE""
ToNick - ""再見止痛藥 (Fairwell Painkillers)""
TRXD - ""Signal"" ft. Fredrik Domaas
Walker Hayes - ""Drinkin' Songs""
Wendigo - ""Overflow"" ft. Kinneret
YoungBoy Never Broke Again - ""Emo Love""
Yubeili, Snow Tha Product & Eix - ""Aquí Seguimos""
Zak Abel - ""Good Times""

1/8
Soulja Boy - ""They Call Me Draco Baby""
Trippie Redd - ""Uh Uh (Hit Em With The)""

1/9
Stromae - ""L'enfer""
YoungBoy Never Broke Again - ""Foolish Figure""

1/10
6膠 (Plastic Family 6) - ""膠on!""
Against the Current - ""Wildfire""
Audri Nix - ""Miami Beach""
Cochise - ""BREAKFAST""
張蔓姿 (Gigi Cheung) - ""一樣 (The Same)""
Kae Tempest - ""More Pressure"" ft. Kevin Abstract
Röyksopp - ""(Nothing But) Ashes...""
The Hertz - ""Now Here, Man!""

1/11
Bad Suns - ""Life Was Easier When I Only Cared About Me""
Booka600 - ""Deep""
Calboy - ""LLC Freestyle""
Cat Le Bon - ""Remembering Me""
Ed Schrader's Music Beat - ""Berliner""
Ed Schrader's Music Beat - ""This Thirst""
周國賢 (Endy Chow) - ""身後身 (The Body Behind)""
Fontaines D.C. - ""Jackie Down the Line""
Joey Purp, KAMI & VIC MENSA - ""Unified""
Keyshita - ""No Tienes Break""
Placebo - ""Try Better Next Time""

1/12
50 Cent - ""Power Powder Respect"" ft. Lil Durk & Jeremih
Aldous Harding - ""Lawn""
Cautious Clay - ""Rapture In Blue""
COLLAR - ""Call My Name!""
Duke Deuce - ""I Ain’t Worried Bout It""
衛蘭 (Janice Vidal) - ""Little Miss Janice""
陳柏宇 (Jason Chan) - ""有我 (Got Your Back)""
Jay Wheeler - ""Eazt""
Lali - ""Disciplina""
Methyl Ethel - ""Proof"" ft. Stella Donnelly
Metronomy - ""Things Will Be Fine""
Miles Chancellor - ""yung thug.""
Mitski - ""Love Me More""
Noa Kirel - ""Thought About That""
Oliver Tree - ""Cowboys Don't Cry""
Quando Rondo - ""Dead Wrong""
YoungBoy Never Broke Again - ""Bring The Hook""
Yumi Zouma - ""In the Eyes of Our Love""

1/13
Bandido, Rei & Alan Gomez - ""USAME""
Bhavi & LIT killah - ""AYER""
CNCO - ""Party, Humo y Alcohol""
Don Omar - ""Sincero""
FKA twigs - ""jealousy"" ft. Rema
FMK & María Becerra - ""Tranquila""
George Alice - ""Hold On""
Gera MX & Santa Fe Klan - ""Problemático""
Jay Menez - ""Casualidad""
Kojey Radical - ""Payback"" ft. Knucks
Lara91k & Duki - ""Eres Para Mí"" ft. Yesan 雪山 & Percii
Mariah Angeliq - ""La Tóxica""
Mau y Ricky & Eladio Carrión - ""No Puede Ser""
Mili - ""Bento Box Bivouac""
Mili - ""Dandelion Girls, Dandelion Boys""
minor. - ""92""
Muse - ""Won't Stand Down""
Röyksopp - ""The Ladder""
Sebastián Yatra, L-Gante & Justin Quiles - ""Regresé""
Soulja Boy - ""Chain Gang""
Spice - ""Different Category""
Tai Verdes - ""LAst dAy oN EaRTh""
Tears for Fears - ""Break the Man""
White Lies - ""Am I Really Going to Die""
yeule - ""Too Dead Inside""

1/14
193 - ""再次puppy love""
Alok, Luis Fonsi & Lunay - ""Un Ratito"" ft. Lenny Tavárez, Juliette
Aluna, Diplo & Durante - ""Forget About Me""
Alvaro Soler & David Bisbal - ""A Contracorriente""
Aly & AJ - ""Dead on the Beach""
Arctic Lake - ""Breathe""
AViVA - ""THE SAINT AND THE SINNER""
Avril Lavigne - ""Love It When You Hate Me"" ft. blackbear
AZ & 2 Chainz - ""Motorola Era""
Babyface Ray, Landstrip Chip & Pusha T - ""Dancing With The Devil""
Bastille - ""Shut Off the Lights""
BigKayBeezy & Big Yavo- ""Area 51 (Remix)""
Billen Ted - ""24/7"" ft. JC Stewart
Bob Moses - ""Love Brand New""
BROODS - ""Like a Woman""
Call Me Loop - ""Year of the Ex""
Carlie Hanson - ""Fuck Your Labels""
Chi Ching Ching - ""Look Out""
Chris Brown - ""Iffy""
CXRPSE - ""FUCK IT.""
Danielle Bradbery - ""Break My Heart Again""
Dolly Parton - ""Big Dreams and Faded Jeans""
Donna Missal - ""insecure""
DontSleep & Since99 - ""Knot On Me""
EARTHGANG - ""All Eyes on Me""
Eix & Ir Sais - ""Toco, Toco""
Erica Banks - ""The Best""
Farina - ""Adicta al Perreo""
Fatboy - ""Dear Mama""
Gjon's Tears - ""Silhouette""
Greta Isaac - ""NUH UH""
Highasakite - ""Mother""
Hudson Taylor - ""Won't Be Too Long""
Isak Danielson - ""Good Things Come To Those Who Wait""
iZaak & Jerry Di - ""TRANQUI""
Jack White - ""Love Is Selfish""
Jahmiel - ""Third Eye""
Jason Aldean - ""Trouble With A Heartbreak""
Jessica Taylor - ""Fluent""
JID - ""Surround Sound"" ft. Baby Tate & 21 Savage
Joey Bada$$ - ""THE REV3NGE""
John K - ""A LOT""
John Newman - ""Waiting for a Lifetime""
Josef Salvat - ""Promiscuity""
Joywave - ""Buy American""
JP Cooper - ""Need You Tonight"" ft. RAY BLK
Juice Armani - ""Offended (Remix)"" ft. A Boogie wit da Hoodie
Justin Jesso - ""Clarity""
Kane Brown - ""Whiskey Sour""
Kayzo & GHØSTKID - ""The Sickness""
Kiiara - ""Closer""
King Princess - ""Little Bother"" ft. Fousheé
lael - ""you can't stay mad at me""
Leony - ""Remedy""
Mannie Forbes & MAJ - ""Fornever""
Martin Jensen, Cheat Codes & Theresa Rex - ""Running""
Matteo Bocelli - ""Close""
MOMOLAND & Natti Natasha - ""Yummy Yummy Love""
Money Montage & OG Maco - ""No Love Here"" ft. 03 Greedo
Murda Beatz - ""One Shot"" ft. Blxst & Wale
Myra & Hver gang vi møtes - ""Hold meg""
NERVO & Midnight City - ""Flames""
NLE Choppa - ""Too Hot"" ft. Moneybagg Yo
Ovi - ""No Creyeron""
Pablo Alborán - ""Castillos de arena""
Peewee Longway - ""Shit On Me""
Popp Hunna - ""Back It Up""
Pure Shores - ""In My Dreams""
Raveena - ""Rush""
Russ - ""Remember""
Sammy Rae - ""Follow Me Like the Moon""
Scorpions - ""Rock Believer""
Shontelle - ""Be the One""
SIDEPIECE - ""Sextacy""
Sofia Carson - ""LOUD""
Softwilly - ""GRUNK"" ft. void, BabySantana, Yung Kage, XANAKIN SKYWOK, Sadfriendd & LEX PAIN
Surf - ""Ghost""
S-X - ""All Night"" ft. Trippie Redd
Tenille Townes - ""When's It Gonna Happen""
The Score - ""Enemies""
T-Shyne - ""Feed The Fam""
The Knocks - ""Walking on Water"" ft. Totally Enormous Extinct Dinosaurs
Thomas Rhett - ""Angels""
Thomas Rhett - ""Church Boots""
Troy Ave - ""Why God Nadine"" ft. Trapboy Freddy
Tyla Yaweh - ""Do No Wrong"" ft. Trippie Redd & PnB Rock
Violet Skies - ""The Internet""
WeddingCake, Snoop Dogg & Heidi Klum - ""Chai Tea with Heidi""
Wisin, Camilo & Los Legendarios - ""Buenos Días""
​wolfacejoeyy - ""​moncler coat""
Years & Years - ""Sooner or Later""

1/15
Soulja Boy - ""Metaverse""

1/16
DaBaby - ""Sneaky Link Anthem""
Luka - ""cry for help""
The Game & Kanye West - ""Eazy""

1/17
許廷鏗 (Alfred Hui) - ""修羅場 (Pandemonium)""
Asian Doll - ""Viral""
Kyla La Grange - ""Nurture""
Rod Wave - ""Cold December""
Since99 - ""Riddle""
Skye Morales - ""Me, Myself & You""
Tom Cardy - ""Big Night""
Yung Kayo - ""​it’s a monday""

1/18
DaBaby - ""COUPLE CUBES OF ICE""
薛凱琪 & 麥浚龍 (Fiona Sit & Juno Mak) - ""月球上碰面 (Platform On The Moon)""
iann dior, Machine Gun Kelly & Travis Barker - ""thought it was""
Jenny Hval - ""Year of Love""
Mikey Polo - ""Moncler Mary +++""

1/19
Bear's Den - ""Spiders""
Big Thief - ""Simulation Swarm""
Bizarrap & L-Gante - ""Pinta"" ft. Pablo Lescano
BlocBoy JB & Tay Keith - ""Home Alone""
Chelsea Jade - ""Optimist""
DaBaby - ""Book IT""
DaBaby & YoungBoy Never Broke Again - ""HIT""
Emeli Sandé - ""Brighter Days""
EMIL & Ir Sais - ""Así No Vale""
GAYLE - ""ur just horny""
Girlpool - ""Lie Love Lullaby""
GRAE - ""Room in the Desert""
Griff & Sigrid - ""Head on Fire""
Hatchie - ""Quicksand""
Khruangbin & Leon Bridges - ""Chocolate Hills""
Killstation - ""DIAGONAL""
Lizzy McAlpine - ""all my ghosts""
Marian Hill - ""little bit"" ft. GASHI
NEIKED, Mae Muller & J Balvin - ""Better Days"" ft. Polo G
Nilüfer Yanya - ""midnight sun""
Palace - ""Friends Forever""
Sevdaliza - ""High Alone""
Spider Gang - ""​​​​d.s.g""

1/20
Alex Cameron - ""Best Life""
Charlie Puth - ""Light Switch""
Christina Aguilera & Ozuna - ""Santo""
Fred again.., Romy & HAAi - ""Lights Out""
Fuego & Micro TDH - ""La Original""
Holly Humberstone - ""London is Lonely""
INNA - ""Lalele""
Juhn & De La Ghetto - ""Antojo""
Juliana - ""Delirante"" ft. Nico Legreti
Kany García - ""Agüita e Coco""
Laura Marano & Wrabel - ""Worst Kind of Hurt""
Laura Pausini - ""Caja""
Lennon Stella - ""Hey Beautiful""
LiL CaKe, Luck Ra & Oscu - ""MAR""
Luis Fonsi & Manuel Turizo - ""Vacaciones""
Madilyn Mei - ""The Milk Carton""
Maluma - ""Cositas de la USA""
泳兒 (Vincy Chan) - ""葉落冰川 (Glacier)""
Rich Brian & Warren Hue - ""Getcho Mans""
Sebastián Yatra - ""Melancólicos Anónimos""
Skala Alta - ""Muros de papel""
Thomas Headon - ""How Do I Know?""
umru - ""heart2"" ft. Petal Supply & Rebecca Black

1/21
2 Chainz - ""Pop Music"" ft. Moneybagg Yo & BeatKing
645AR - ""God Chose Me"" ft. Tyga
AKA Block & Kate Stewart - ""Bedtime Poetry""
Alex Newell - ""Attitude""
Alex the Astronaut - ""Airport""
Amelia Moore - ""vinegar""
Angel22 - ""Gadejo""
Au/Ra - ""plz don't waste my youth""
AWOLNATION - ""Wind of Change"" ft. Brandon Boyd & Portugal. The Man
Big K.R.I.T. - ""So Cool""
Blood Girl - ""Always Wrong""
BoyWithUke - ""Long Drives""
brakence - ""cbd""
Broke Carrey - ""EL FONDO""
Brother Leo - ""Living in a Zoo""
Buckshot & Oscar18 - ""HAUNTED HAYRIDE""
César Pinzon - ""Navidad""
CHRIST DILLINGER - ""RATTLESNAKE""
Conan Gray - ""Jigsaw""
Cuban Doll - ""Don't Talk""
Dan Bull - ""Hades Gonna Hate""
D.OZi - ""Maleante""
Dotter - ""Bon Voyage""
Drippin So Pretty - ""Lets Go! Pt. 2""
DVBBS & Galantis - ""When the Lights Go Down"" ft. Cody Simpson
Elli Moore - ""Romeo""
Gloria Trevi - ""La Recaída"" ft. Timo Nuñez
Guapdad 4000 - ""I Need Bands""
Internet Money & YoungBoy Never Broke Again - ""Flossin""
IShowSpeed - ""F.U.C.""
Jesse & Joy - ""Respirar""
Juliito - ""La Sensación""
Khalil? - ""Tsushima""
Kidd G & YNW BSlime - ""Left Me""
Kiesza - ""Passenger""
Lana Del Rey - ""Watercolor Eyes""
Lennis Rodriguez & Chus Santana - ""Bucle""
LÉON - ""Wishful Thinking""
Lil Pump - ""Mona Lisa"" ft. Soulja Boy
Little Boots - ""Crying on the Inside""
Maleah Frederick - ""Misunderstood""
Manny Cruz, Daniel Santacruz & Nacho - ""Dame Una Noche (Remix)""
Mary J. Blige - ""Rent Money"" ft. Dave East
Mehki Raine - ""BANG""
吳林峰 & 謝芊彤 (Ng Lam Fung & Tse Chin Tung) - ""我也難過的 (I’m Sad Too)""
Nova Miller - ""cold feet""
Omar Varela, ca7riel & XLAB - ""El Mal""
Paula Arenas - ""Volando Bajito""
Peach Pit - ""Vickie""
Purple Disco Machine & Sophie and the Giants - ""In the Dark""
Russ - ""Remember (Remix)"" ft. Hailey Knox
Sabrina Claudio - ""Put on Repeat""
Sea Girls - ""Sleeping with You""
Shenseea & Megan Thee Stallion - ""Lick""
Showtek & VÉRITÉ - ""Pour It Down""
Sigala - ""Melody""
Stefflon Don - ""Juice""
Stunna 4 Vegas - ""Suspect""
SypSki - ""Instagram (Letterman)""
Taleban Dooda - ""Foreigns & Trackhawks""
Tokio Hotel - ""Bad Love""
Tom The Mail Man - ""Brown Eyes and Backwoods""
Tove Styrke - ""Show Me Love""
UnoTheActivist - ""Not One of Dem""
Yung Bleu - ""Walk Through the Fire"" ft. Ne-Yo

1/22
BasedNas - ""CHILL FLOW""
BasedNas - ""JAMMIN"" ft. KA$HDAMI
BasedNas - ""MAKE HER DANCE"" ft. Since99
DDG - ""​​​​pushin P freestyle""
Rylo Rodriguez - ""Lie To Me""

1/24
Billy Martin, Rakeem Miles, Zaia & boyband - ""Heartbreakers""
Denzel Curry - ""Walkin""
Duwap Kaine - ""Cane & Dru""
Duwap Kaine - ""Johnny Cinco""
KHEA & FMK - ""Otro""
Lola Young - ""So Sorry""
MKULTRA - ""Abduction""
Ralph - ""Gasoline""
Soulja Boy - ""ROBOTIC""
ZapMob - ""Vem Pra Pixta""

1/25
Blossoms - ""Ribbon Around the Bomb""
Bryan Adams - ""Never Gonna Rain""
Chronic Law - ""Trickster""
Cody Simpson - ""Nice to Meet You""
Franz Ferdinand - ""Curious""
Gucci Mane - ""Rumors"" ft. Lil Durk
JGreen - ""Pray""
Mysie - ""joyride""
Pollari - ""First Things First!""
SOAK - ""last july""
Soulja Boy - ""Transformers""
Suki Waterhouse - ""Melrose Meltdown""
The Weather Station - ""Endless Time""
Tomberlin - ""idkwntht""
Uffie - ""dominoes""
YSB Tril & midwxst - ""Paralyzed""

1/26
BSlime - ""Opp Top""
Chris Andrew - ""Fina Pero Sata""
Darren Hayes - ""Let's Try Being in Love""
Foxes - ""Body Suit""
Grimes - ""Shinigami Eyes""
Guapdad 4000 & Valentino Khan - ""Fearless""
洪嘉豪 (Hung Kaho) - ""及時行樂 (Missing You)""
HYD - ""Into My Arms""
Icewear Vezzo - ""Richer Than My Opps""
Japanese Breakfast - ""Nobody Sees Me Like You Do""
Jer 柳應廷 - ""MM7""
Juicy J & Wiz Khalifa - ""Backseat"" ft. Project Pat
Miraa May - ""Big Woman"" ft. Stefflon Don
Noga Erez - ""Industry Baby""
Pink Noise - ""Sky Cry"" ft. Zack Slime Fr
Rex Orange County - ""KEEP IT UP""
Selah Sue - ""Pills (Single Version)""
Skunk Anansie - ""Piggy""
Toro y Moi - ""Postman""
Tove Lo - ""How Long""
Warpaint - ""Champion""

1/27
Alex Rose - ""Melodrama""
Anitta - ""Boys Don't Cry""
Apel8 - ""Rain"" ft. SosMula
Charli XCX - ""Beg for You"" ft. Rina Sawayama
Confidence Man - ""Feels Like a Different Thing""
FABRO, Sael & J Gonz - ""No Son Horas""
Joel DELEŌN - ""COCO""
José Madero - ""La Herida""
Lali - ""Diva""
Mario Bautista & Banda El Recodo - ""Brindo (Remix)""
Mont - ""fuck u (La Devolución)""
Nicky Jam - ""Ojos Rojos""
Nohemy - ""Recuérdame""
Ricky Martin - ""Otra Noche en L.A.""
Saba - ""Survivor's Guilt"" ft. G Herbo
Selene - ""Quién Diría""
Slimesito - ""Rich Slime Anthem"" ft. CountUp, Rokkstarnova, Dee Aura & Zelly Ocho
The Samu - ""Parchecito""
XYLØ - ""aliens""
Zejer - ""Sætter Mit Tryk"" ft. Eleck

1/28
Alice Glass - ""LOVE IS VIOLENCE""
Ally Brooke - ""Por Ti""
American Authors & Chad Tepper - ""Timeless""
Andy Grammer - ""Joy""
Asmir Young - ""Ansiedad""
AWA - ""Who's Asking""
Bakar - ""NW3""
Benny The Butcher & J. Cole - ""Johnny P’s Caddy""
boyband - ""SURE!""
bülow - ""Don't Break His Heart""
Caitlyn Smith - ""High""
Cheat Codes & Space Primates - ""Memory"" ft. GASHI
Chelsea Cutler - ""the lifeboat's empty""
Coi Leray - ""Anxiety""
COIN - ""Cutie""
Comethazine - ""LIKE DAT""
Dermot Kennedy - ""Better Days (Remix)"" ft. EARTHGANG
Disclosure & Zedd - ""You've Got to Let Go If You Want to Be Free""
Duwap Kaine - ""On My DanceHall""
EDDISON & ​fl.vco - ""Gunsmoke""
Ella Mai - ""DFMU""
Emma Steinbakken - ""Hopelessly Hopeless""
EST Gee - ""Who Hotter Than Gee""
ericdoa - ""sad4whattt""
gavn! - ""City of Angels""
George Ezra - ""Anyone for You""
HYYTS - ""Twice in a Lifetime""
Imanbek, Wiz Khalifa & KDDK - ""Ordinary Life"" ft. KIDDO
James Blake - ""Pick Me Up""
Jamie Miller - ""I Lost Myself in Loving You""
Joel Corry & Mabel - ""I Wish (Acoustic)""
Jon Z & Eladio Carrión - ""Nike, Diamantes Y Skinnies""
Jossef & Mariah Angeliq - ""X2 (Remix)""
Kailee Morgue - ""Another Day in Paradise""
Kaktov & Kid Lucilfer - ""Di Giovanni"" ft. Omar Varela & XLAB
Kill the Noise, Wolfgang Gartner & Ericka Guitron - ""How Ya Like Me Now""
Kilo Kish - ""NEW TRICKS: ART, AESTHETICS AND MONEY"" ft. Vince Staples
Lauren Sanderson - ""THERAPY!""
Lauv - ""26""
Lil PJ - ""Mud Baby""
Lil Tecca - ""Fallin""
Michael Bublé - ""I'll Never Not Love You""
Mothica - ""Casualty""
Nigo & A$AP Rocky - ""Arya""
Party Favor & K.Flay - ""Superhuman""
Paycheck & JXVE - ""SUCKER4PAIN""
Pink Sweat$ - ""real thing"" ft. Tori Kelly
PLAZA - ""Demons""
Quavo - ""Shooters Inside My Crib""
Raveena - ""Secret"" ft. Vince Staples
renforshort - ""moshpit""
R.O.O.T - ""Wanna Be Like You"" ft. 9m88
Rylo Rodriguez - ""Set Me Free""
Santa Fe Klan & MC Davo - ""Callejera""
Sebastián Yatra, Jorge Celedón & Rosario - ""Dharma""
Shadow Academy - ""White Whale""
​SSGKobe - ""Don’t Miss""
Sueco - ""Loser""
Tee Grizzley - ""Afterlife""
The Chainsmokers - ""High""
The Faim - ""The Hills""
Topic, Robin Schulz, Nico Santos & Paul Van Dyk - ""In Your Arms (For an Angel)""
Transviolet - ""Makes Me Happy""
Ventino - ""De 0 a 100""
XXXTENTACION - ""vice city""
YEИDRY - ""Mascarade"" ft. Lous and The Yakuza
Yung Kayo - ""YEET"" ft. Yeat
yvngxchris - ""excuse me?""
​yvngxchris - ""​o boy!""

1/29
Luna Is A Bep - ""REPLY唔鍾意錢""

1/31
Duwap Kaine - ""I Cant Help It""","","","","",""
"Hacuna girl","New Champ","4gE6t1R2kJW7LKU2ZvkiAA","[Intro: Andy & Eric]
Yeah, what's up, what's up S.E.S?
We open up the new chapter of funky, New Jill Swing
Here we come, here we come, uh-uh, come on!
I like S.E.S, y'all! (Yes, S.E.S y'all!)
We like S.E.S, y'all! (Yes, S.E.S y'all!)
You never don't stop, you never don't quit
Kick out some sounds of the Hip-Hop, yo!
Now, clap your hands, everybody!
Now, move your feet, everybody!
To the left, (To the left) to the right (To the right)
Now, bring it back, back, the fat rhythm of the freestyle!

[Verse 1: Eugene, Shoo]
Wae naege mareul mothae
Imi jinagan ildeul jinbuhan yet sarangyaegi
(I love you, tell me baby)
Soljiki mareul haejwo
Geureochiman neoegen ojik nappunin geoya oh, yeah

[Pre-Chorus: Bada]
Duryeowohajima nae gyeote inneungeol
Geudaewa nae insaeng jeo kkeutkkaji

[Chorus: All, Bada]
Nareul mideo jugil barae hamkke isseo
'Cause I'm your girl, hold me baby (tonight)
Neoreul dala ganeun nae moseup jikyeo bwajwo
Stay with me last forever, yeah (Woo, woo)

[Verse 2: Eugene, Shoo]
Neon waenji dallasseotji
Neukkimi yejeonbuteo algo jinaen chingucheoreom
(Shake it, shake it, baby)
Geureoke neoneun naege haemalgeun useummaneul
Juneun tto hanaui na oh, yeah

[Pre-Chorus: Bada]
Duryeowohajima ne yeope inneungeol
Nan ojik neoreul wihae salgosipeo

[Chorus: All]
Nareul hyanghan ne modeun geol ganjikalge
Cause I'm your girl, hold me baby (tonight)
Neoreul dala ganeun nae moseup jikyeo bwajwo
Stay with me last forever

[Refrain]
Get him up
Get him up

[Interlude: Eugene, Shoo, Bada]
Mollasseo nan nan neoege isseo
Geu eoneu hana jasin itge yaegi hal su eopseotdeon geot
Modu bujireomneun nae geokjeongieotdani
Ije neol naui pume kkok anajulge
Nan cham neol mollatdeon geoya
Ojik neo hana hanareul wihae naega saragaya handaneun geot
Malgo naege jungyohan ge eodit gesseo
Ijen nega arajugil baragesseo

[Bridge: Bada]
Neoegen geu eotteon malboda
Neon nae kkeo raneun mari deutgo sipeo, oh
Saranghae eonjekkaji
Baby, you always in my heart, oh

[Chorus: All, Bada]
Nareul mideo jugil barae hamkke isseo (Baby, baby, baby)
Cause I'm your girl, hold me baby (tonight)
Neoreul dala ganeun nae moseup jikyeo bwajwo (tonight)
Stay with me last forever (Last forever, yeah, yeah)
Nareul hyanghan ne modeun geol ganjikalge (Oh, oh, oh)
Cause I'm your girl, hold me baby (tonight) (Oh, baby love, oh)
Neoreul dala ganeun nae moseup jikyeo bwajwo (
Yeah
)
Stay with me last forever, 
yeah","","","","",""
"Caesar (Feat. Richboy Hardy) (Prod. Kingxmags)","New Champ","0COzTH4DHjG3p2lZK7fBwH","[Verse 1]
You wonder if you saw their soul
You never will
You try to be away from this
My love

[Verse 2]
You want to be a part of the sun
You never stay behind
But if you ever stare the world again
You'll crawl

[Verse 3]
You never trust the world we are
Come here again my love
But if you wake in time the sun awake
New sun

[Refrain]
But if you dream again
My heart awakes
But if you dream, my love
We'll go

[Instrumental Break]

[Outro]
You fly away, you'll never taste
You fly away, you'll never taste
You fly away, you'll never taste
You fly away, you'll never taste","129.87","0.7709999999999999","0.408","-5.207000000000002","0.691"
"Bmf","New Champ","1AvQ2z67p1VbsoaRZuDoDe","[Intro]
Haha, hold on
Hold on, hold on
(Great John on the beat, by the way)

[Chorus]
Look, please don't blow my high right now
I'm somewhere in the sky right now, you could die right now
You was always not around, huh, look
Now I'm up, I was down, wanna fuck with me now
Say what's up to me now, huh (Wait, wait)
I guess it's up to me now, guess it's, look, huh

[Verse 1]
Like fuck it, I'm done with them (I'm done)
Can't put trust in none of 'em, look (In none)
Get popped like a Perc' or somethin'
Shawty wanna give me top like a shirt or somethin', huh
Who the boys? We ain't heard of them
They ain't really spinnin' blocks, they ain't murder nothin', uh
Throw shots to your turb' or somethin'
Pull up, post up on the curb or somethin', look
I'm drippin' like water, Fiji
Sleepy did it, now they thinkin' it's easy, huh
They said they love me, need me
I'll go broke and I could bet you they leave me, huh
But fuck it, I'm back on the road (I'm back)
You know Sleepy gotta go (Gotta go)
Lil' bro been wildin', he just wanna pour
Hit a lick and split the tolls, huh
Hit a lick and let me know
Catch an opp and it's a score, huh
It ain't shit to let it blow, huh
It ain't shit to let it blow

[Chorus]
Look, please don't blow my high right now
I'm somewhere in the sky right now, you could die right now
You was always not around, huh, look
Now I'm up, I was down, wanna fuck with me now
Say what's up to me now, huh
I guess it's up to me now, guess it's, look, huh

[Verse 2]
I guess it's up to you, gang, huh
Fuck niggas can't hang, look
Sit your five-dollar ass down
A billi' gon' make change
Back out, bro slidin' in a Range, huh
Fuck her, I don't know her name, huh
I don't love her, she for gang, huh
Better stay up in your lane, look
The plug named Carlito, huh
If he got them cards, he let me know
I'm in the trap with bro
Back then, we ain't have no clothes
Now we cash out, all facts for gold
Hold on, better watch your ho (Better watch her)
Lil' bitch tryna take my soul
Better pipe down, better watch your tone
Don't text, don't call my phone
Only one thing that I think you should know, like
Don't text, don't call my phone
Only one thing that I think you should know

[Chorus]
Look, please don't blow my high right now
I'm somewhere in the sky right now, you could die right now
You was always not around, huh, look
Now I'm up, I was down, wanna fuck with me now
Say what's up to me now, huh
I guess it's up to me now, guess it's, look, huh","107.418","0.957","0.568","-6.5310000000000015","0.5329999999999999"
"FOREVER","NO:EL","2tct7pqRDHjt103WB4sNGR","[Verse 1]
영원히 너를 사랑할 수 있다면
내 모든 것을 내려놓을 수도 있을 것만 같아
영원히 산들바람 속에 웃고 있을 수만 있다면
내 모든 것을 포기할 수 있을 것 같아
오 다시 돌아와 나 처음으로 나는 도대체 누구 여기는 도대체 어디
빛나는 동공 사이로 나 시작했었지만 이젠 너무나도 아파
내 발걸음이 무너질 세상의 끝이 다가오는 게 난 보이는데
겁먹은 걸 감추려 위험한 불장난질을 해
죽어있던 거야 영원함을 못 믿었을 땐
어차피 떠날 너희들이 너무 미웠을 땐
내가 판 무덤에 떨어졌던 그날에
간만에 본 하늘이 그제야 더 아름답네
눈물이 가려 흙이 덮여 심장이 멈춰
추억이 날려 꿈이 접혀 깃발이 꺾여
첫숨 터져 나왔어 심장이 뛰기 시작해
눈앞이 보이게 됐어 손 뻗어 너를 나는 잡아야만 해
첫숨 터져 나와 심장이 뛰기 시작
눈앞 보이게 돼 손 뻗어 너를 나는
잡아야만, 잡아야만

[Chorus]
빌었어 누군지도 모를 널 만나게 해달라고
영원히 너를 사랑할 수 있다면
내 모든 것을 내려놓을 수도 있을 것만 같아
영원히 산들바람 속에 웃고 있을 수만 있다면
내 모든 것을 포기할 수 있을 것 같아
영원히
(Forever ever and ever ever)
영원히
(Forever ever and ever ever)
영원히
(Forever ever and ever ever)
빌었어 누군지도 모를 널 만나게 해달라고

[Verse 2]
우린 시간을 살았고 이미 넌 완벽한 작품
사랑은 필름처럼 돌려 나 널 계속 보고파 자꾸
그대 입에 초승달이 걸릴 때가 좋아요
두 눈에 별빛이 내 우주 같아요
내 무릎에 누워 망가진 머리를
숨소리로 내 영혼까지 들썩거려줘
머리를 맞대고 나를 들여보내줘
널 향한 생각에 맘들은 불안한 것들을 일일이 수놓아줘
내 떨리는 안정감을 네가 이제는 안아줘
내 속 안을 들여다보고도 사랑해 줘
뭐가 있을지 나 모른대도
첫숨 터져 나왔어 심장이 뛰기 시작해
눈앞이 보이게 돼 손 뻗어 너를 나는 잡아야만 해
첫숨 터져 나와 심장이 뛰기 시작
눈앞 보이게 돼 손 뻗어 너를 나는
잡아야만, 잡아야만

[Chorus]
빌었어 누군지도 모를 널 만나게 해달라고
영원히 너를 사랑할 수 있다면
내 모든 것을 내려놓을 수도 있을 거만 같아
영원히 산들바람 속에 웃고 있을 수만 있다면
내 모든 것을 포기할 수 있을 것 같아
영원히
(Forever ever and ever ever)
영원히
(Forever ever and ever ever)
영원히
(Forever ever and ever ever)
빌었어 누군지도 모를 널 만나게 해달라고","159.962","0.444","0.635","-11.772","0.758"
"Off my face","NO:EL","2FHN1yeUG0110yvl3Ze8F4","[Intro]
Your name's not down
Listen mate, I’ve told you once, I've told you twice
You're not on the list, alright?

[Verse 1: femtanyl]
We never stop bleeding
We lock our legs and start to drown
You made me the culture
It just wraps back to back around
Lymph node infection
Go spit those leeches on the ground
It’s just seizures on repeat now
It's just back to back to back
I was up in life
Until you popped the nerves inside my eyes
You pushed your thumbs in deeper
I felt it in my spine
But now I feel much better
'Cause I don't gotta see what thеy say online
You made my mind up for me
Think I'll just stick to mе and—

[Bridge]
(
Please believe me, you'll kill people
)
(
Nurse
)
(
Listen to me
)
(
Nurse
)
(
Take your life, David, before you kill others
)

[Verse 2: femtanyl]
You scream past my head
My arms locked by my sides
I sprint, run for cover
You die in a knife fight
I trip and fall upwards
I stretch across the sky
My limbs stress and shatter
My lungs pop, I can't cry
I fall

[Bridge: Danny Brown]
(Check, uh, what?)
(Style, style, style, go)

[Verse 3: Danny Brown]
T-t-turn it up, loud and clear now
All these songs are the same like Ram Ranch
Y'all got nasty, y’all get to actin’
Ten-twenty-ten, quit stalling us
We're stylin’ on the beat 'cause y'all messed up
Better watch out 'cause you’re not like us
K-keep it on hush, like, turn it down low
Actin' like, trippin' like, there ain't much more
F-f-f-f-farther then they would've gone
You ain't gotta play no games, let's go
They're made of hashtags, we're going that way
Buckle up fast, we're acting now
I don't give a fuck who cares
Better wake up, or you might get slapped
Better walk light and watch your step
Bust your head, take a leap of death, style

[Verse 4: femtanyl]
I've got a girl and we're best friends, I hope that we'll get out of this okay
Find me on the street, teeth shattered on the pavement
I get up and bite for another taste, puke on stage
And I'm fighting for my pride in the pit 'til the skin's ripped off my face
This is my life and you can never take that
You will never put me in my grave

[Outro]
Please don't cry","","","","",""
"Damn! (Feat. Black Nut)","NO:EL","1fkgcLWZQkLzFBrm1TAx0z","[Verse 1: NO:EL]
Rapper들 반 이상은 못하니 rap
이 님이랑 television에 탔네 한배
Rapper들 반 아니 백 다 해라 건배
내 이 븅신들이랑 get money top 100
Rapper 아니 귀때기 좆박은 얘네
덕택에 돈 보여주라 7, god damn it
Rapper 아니 그래 반년 쉬었더니
내 16이 오르가즘이래 빡 때리지
Boom, 바로 나의 등장, ouu
투, 뱉어 계급장, fool
Brr, 3류 아마추어 flow
또 내 clone 가져다가 붙인 hip-hop crew
피리 Suwoncity copy 하지 소리
가짜 새끼 flow 가져다 빌림 언제까지
우린 이미 다른 city, copy 하기를 이거까지
우리들은 다 이미 구림, 처먹어라 Bon appetit

[Hook: NO:EL]
Pour some, 비켜, spotlight 챙겨
18년 rock on'em, god damn it (빌어먹을)
Pour some, 비켜, spotlight 내꺼
10년 더 rock on'em, god damn it (빌어먹을)
내 rap, god damn it, 내 Raf, god damn it
Fact check, god damn it, god damn it (빌어먹을)
내 rap, god damn it, 내 Raf god damn it
Fact check, god damn it, god damn it (빌어먹을)
내 rap, god damn it, 내 Raf, god damn it
Fact check, god damn it, god damn it (빌어먹을)
내 rap, god damn it, 내 Raf, god damn it
Fact check, god damn it, god damn it (빌어먹을)

[Interlude: Black Nut]
누가 우리 용준이 건드려, 어떤 시발 새끼야, 일로 와
Indigo, JM

[Verse 2: Black Nut]
Okay, god damn it
갓대웅은 부었네 간때기
갔대 맛탱이, 닥쳐, 빨어, 내 막대기
너네 오빠 싸대기 앞에 난 박세리
다 제껴, 니 할애비 과거처럼 나는 앞잽이 (Uh)
Rap so tight like 이국주 란제리
I wanna get ice on me, 마치 박대기
Rap 하지 말래, 고작 했다고 딸 얘기
걔 이제 rapper 아니니 딴 얘기 (Uh)
Ice on my wrist 대신 팔에 수갑 둘러
팔을 묶음 뭘 해? 내 머리 끈 풀린 불독
억을 벌다가 올핸 못 건졌어 한 푼도
봐, 난 다 걸고 탄다고 내 flow (ay)
Fuck your rapper, 난 걍 계속 깔래, 마치 박재범 웃통
NO:EL, Black Nut, 합정에서 매일 해, 운동
곧 홍대로 출동해서
Deep throat처럼 조여 rapper들 숨통
번 돈 다 뺏겼어
법원 가 개겼어, 나 혼자만 rapper (Ay)
안 쫄려, 덤벼, what?
'YG 해결사' 내 변호사 별명 (Ay)
걘 계속 감성만 팔구
어쩌라고 듣고 자란 Eminem만이 내 변명 (Ay)
밥줄 다 끊겨도 내 할 말해
최고가 못 되면 차라리 될래 난 최악이
Rap 하면 할수록 느끼는 하나
그냥 한국은 졸라 큰 딤채 (Whoo)
성숙은 개뿔, 걍 너넨
갈수록 숙성 돼가는 김치's (Okay)
못 되나 봐 나는 Beenzino
뭘 해도 걍 쟤네 눈에 난 미친놈 됐어
걍 내 식대로 해서 다 밀치고
MC들 중의 MC 될래
마치 쇼미 김진표, bitch

[Hook: NO:EL]
Pour some, 비켜, spotlight 챙겨
18년 rock on'em, god damn it (빌어먹을)
Pour some, 비켜, spotlight 내꺼
10년 더 rock on'em, god damn it (빌어먹을)
내 rap, god damn it, 내 Raf, god damn it
Fact check, god damn it, god damn it (빌어먹을)
내 rap, god damn it, 내 Raf god damn it
Fact check, god damn it, god damn it (빌어먹을)
내 rap, god damn it, 내 Raf, god damn it
Fact check, god damn it, god damn it (빌어먹을)
내 rap, god damn it, 내 Raf, god damn it
Fact check, god damn it, god damn it (빌어먹을)","99.977","0.948","0.566","-2.962","0.204"
"Dumb","NO:EL","4c6aB1I4DOSweH2DXaqefZ","[Hook: Chip]
Boy, you ain't hard about me?
Anytime I'm in the building I go D-U-M-B
Dumb, dumb, dumb, uh uh
So what you say mothefucker, huh?
You ain't heard about me?
Anytime I'm in the building I go D-U-M-B
Dumb, dumb, dumb, dumb
So what you say motherfucker?

[Verse 1: Chip]
I go dumb on this niggas, I go dumb on this hoes
I'm a smart motherfucker going dumb with the blunts
I go dumb on the verse, montego dumb on the beat
I got your girl in the booth she going dumb on the knees
Go against me is you being dumb
I live the silent, like the b in dumb
The track is the blunt I'm just sparking it up
I'm the best period it's that time of the month
I'm looking out of the suite like yeah I camе from the block
I'm going dumb with this last real niggas I got
I'm going dumb on the mic, thеy going dumb on the pots
Different stove same fire what we're cooking it hot
I said a couple niggas hate, but women show me love
If I die having fun, just bury me in the club
Hahaha what's my name? C-H-I-P
You can catch me in your city going D-U-M-B
Let's go!

[Hook: Chip]
What, you ain't hard about me?
Anytime I'm in the building I go D-U-M-B
Dumb, dumb, dumb, uh uh
So what you say mothefucker, huh?
You ain't heard about me?
Anytime I'm in the building I go DUMB
Dumb, dumb, dumb, dumb
So what you say motherfucker?

[Verse 2: BoB]
I go dumb with my funds
My money dumber than blunts
I go to Amsterdam for good, they go to London for fun
I got a bad British, she say I'm second tonight
I'm cut it off in her lung and yeah nigga still I come
She say love the way I talk
She going on where I'm from
I'm a say the cater where the neighbors
Even when I'm from your crumbs
And if It's painful to be me then I' trying get some
I'm talking ball us, but I'm [?]
The Rolex with the [?]
Smoke droke by the feel, I'm talking go post to go post
I'm so blow I'm in slow moe
I'm [?] but some dope hoes
If it ain't then she grand [?]

[Hook: Chip]
Boy, you ain't hard about me?
Anytime I'm in the building I go D-U-M-B
Dumb, dumb, dumb, uh uh
So what you say mothefucker, huh?
You ain't heard about me?
Anytime I'm in the building I go DUMB
Dumb, dumb, dumb, dumb
So what you say motherfucker?","113.589","0.395","0.697","-13.58","0.876"
"I'm gone","NO:EL","4Ka1Xvh5Xpl5gaqyB44xg2","[Intro]
Always doing the same thing, same thing, same thing, ah (Same)
The same
Same thing
The same
The same
The same
The same thing
The same, try to— (
I woke up
)

[Verse 1]
I die five times
I die just right
Make me pay for fucking up the rest of your life
Nice, nice, nice, nice-

[Verse 2]
Strobe death my way
Caught in the flash and I'm gone
And I'm gone
And I'm gone
(The dark world we hide, run, run, run)

[Verse 3]
Roadkill highway
Next to last day
Hit the concrete
All new life after you hit delete
Please!

[Verse 4]
Altered species
I'll be your nightmare

[Bridge]
(
I woke up, all I could taste was blood
)
I got in over my head
White noise, problem solver death
My life, fodder like the rest
My spite is all that I have left

[Outro]
Last try
Last try
Last try
Last try","95.596","0.205","0.515","-13.385","0.314"
"굽 (feat. Loco)","NO:EL","6oAd7vjQSvS3Z3S5VxQQ03","[Hook: NO:EL]
너의 굽, 굽, 굽
그 위로 보이는 세상 너무 하얘
Like a 너희들의 high-heel 끝
너의 굽, 굽, 굽
그 위로 보이는 세상 너무 하얘
Like a 너희들의 high-heel 끝, yeah

[Verse 1: NO:EL]
너의 굽,굽, 굽
Tryna follow that 걔 be like 음음음
다 걸어주려 해, 네 팔에 Gu-Gu-Gucci
And a 비싸보이는 엄마의 목걸이도
월세 100의 house 스피커 be like 두, 두, 두
100이란 말에 커진 너의 동공으로 다이빙하고 싶지만
아무렇지 않은 척하며 나선 구리에 비친 그 궁둥, ay
바라보는 것만으로 만족을 하지 못해서
공과사 구분해라, 철이 들다가 말아서
저 사람들 쳐다본다고 나에게 말했어
뭐 손이 먼저 나가버린 건 미안하게 됐어
But 너를 봤다는 말에 난 음음했어
물론 아니지 Just Music, 약 올라 메롱
네 기분 신경 쓸 기분이 아니라서
아무 말이나 그냥 뱉어, 왜 이리 떼 써?
너의 굽, 굽, 굽
그 아래 녀석들은 멍청이들일 뿐
한 시간, 두, 세 시간 넷
오 시간, 육, 칠 시간, 여덟이 지나가도록
너의 굽, 굽, 굽
그 아래 녀석들은 멍청이들일 뿐
한 시간, 두,세 시간 넷
오 시간, 육, 어.. 그 담에 뭐였지

[Hook: NO:EL]
너의 굽, 굽, 굽
그 위로 보이는 세상 너무 하얘
Like a 너희들의 high-heel 끝
너의 굽, 굽, 굽
그 위로 보이는 세상 너무 하얘
Like a 너희들의 high-heel 끝, woo-ah

[Bridge: NO:EL]
너의 굽, 굽, 굽
너의 굽 그 위아래
너의 굽, 굽, 굽
너의 굽 그 위아래 아래
너의 굽, 굽, 굽
너의 굽 그 위아래
너의 굽, 굽, 굽
너의 굽 그 위아래 아래

[Verse 2: Loco]
Murder, murder, murder, 너의 구두 굽
킥이 닿는 곳이 내 가슴에 어디쯤 인지
그렇게 보지 마, 이젠 후두부가 위험해
내가 들이키는 게 과연 숨인지 헷갈릴 정도
네게 전부 다 줄 수 있는 놈이 되어버렸지만
큰 그림을 그리는 중
널 오늘만 보고 싶지 않거든
난 저기 저 멀리까지 봐
느껴봐 차이, 차이, 차이
난 한 곳만 두드려 분수가 터질 때까지
내 말은 Wi-Fi-Fi
난 버벅임이 없어야 만족도가 백까지
아직, 아직, 아직이라 말해 난
그리곤 모순되게 원하는 걸 말해 봐
다 알고 있다는 표정은 합격
그리곤 나한테 거짓말을 하지, 좀 더 잘해 봐, ay
들었어 너의 떨리는 목소리
난 그게 너무 좋아, 너의 굽 높이를 증명하는 듯해
계속 그렇게 굽히지 안아줬음 해
그런담엔 여길 골라 먹게 해 줄게
야, 난 아무것도 없었어
누구랑 비교해, 쟤네들은 자격 없어, umm
이쯤 되면 그 구두
내가 벗길 수 있게 뒤꿈치를 열어줘

[Hook: NO:EL]
너의 굽, 굽, 굽
그 위로 보이는 세상 너무 하얘
Like a 너희들의 high-heel 끝
너의 굽, 굽, 굽
그 위로 보이는 세상 너무 하얘
파래탁해 like a 너희들의 high-heel 끝
너의 굽, 굽, 굽
그 위로 보이는 세상 너무 하얘
Like a 너희들의 high-heel 끝
너의 굽, 굽, 굽
그 위로 보이는 세상 너무
Yeah, ah, 하얘","","","","",""
"yangAHchi","NO:EL","6iO7E52SdD7zfz0X5YoBu5","양아 잠시 들어봐
걔는 아무것도 몰라 날 믿어봐
도착지엔 아무것도 거울 안에 Superstar
억 어디
I was broken over everything ive got
난 어디 줄 수 있어 너에게
Everything I've got
So tell me the truth
아니 걍 모른 채로 더 미쳐도
뭐가 더 Bad news
Okay 나 지는 셈 What ever
더 말해봐 Your bullshit
총알 That I sip and swallow everyday
아직 두 시
Fuck it up
Oh yeah I fucked it up
Okay 저 거리로
오해는 산더미로
날 보내줘 여기로
너도 올래 뻔뻔히도
난 또 해 제자리걸음
또 내 커버리어
진 머리 가벼운 니 화살도 이제 안 통해
미소는 가려뒀지 일부러 어른 아이 여전해
모든 걸 다 주시지 그랬어 Oh god 원망
모든 걸 다 잃어도 나는 그대로일까 Or not
참 오랜만이야
많은 길을 돌아왔어
늦어져서 미안해
결국 너의 집이 못 되어줬네
난 말이야
너무 먼 길을 떠나버렸어
끝까지도 미안해
결국 너의 짐만 되어버렸네
화려한 꽃들이 피고 지는 이곳에
나 더이상 발 묶여있기는 싫어
두발을 굴려대
좋은 하루는 지루해도
타락은 또 두렵기에
나 억지로 다잡아도
술 가슴을 두드려대
다 지나가리
현실과 바람의 불협에
내 들떠있는 마음에 너는
잿더미 흩뿌려대도
너나 나나 똑같애
텅 빈 거리는 무섭네
널 탓하지 않아
내일은 모두 웃었으면 해
참 오랜만이야 많은 길을 돌아왔어
늦어져서 미안해
근데 난 말이야 너무 먼 길을 떠나버렸어
끝까지도 미안해
참 오랜만이야
많은 길을 돌아왔어
늦어져서 미안해
결국 너의 집이 못 되어줬네
난 말이야
너무 먼 길을 떠나버렸어
끝까지도 미안해
결국 너의 짐만 되어버렸네","","","","",""
"Ride or die","NO:EL","3Iay0tjEzlUJxrmZf5UR5R","난 혼자 걸어
넌 또 내 뒤에 있어 Oh
I'm drunk as fuck
To have a talk
Let it fade away
나 두다리를 떨어도
예쁜 미소를
잃지 않는 너
I’m high as fuck
To feel this realities
Run away
24/7 with these painkillers let me drown
I'm feelin lowlow
3시 반
24/7 with you me my self and I
I'm feelin loco
Girl just let me
Ride or die with you
너를 다시 한 번만
돌려줄 수 있다면
Ride or die with you
그때를 다시 한 번만
돌려줄 수 있다면
Girl let me ride with you
밤이다 지나갈 때까지
Girl let die with you
몸이 태워져 없어질 때까지
Ride or die with you
모든 걸 다시 한 번만 돌려줄 수 있다면
일이 틀어지면 날 떠나보내 주라 저 멀리
못난 이 새낄 사랑한 내 바보에게 쓰는 편지
마지막 그 앞에서
우리 애써 웃어봐도 Tough shit
사는 게 참 애석하게도 Aint got no option
24/7 with these painkillers let me drown
I’m feelin lowlow
4시 반
24/7 with you me my self and I
I'm feelin loco
Girl just let me
Ride or die with you
너를 다시 한 번만
돌려줄 수 있다면
Ride or die with you
그때를 다시 한 번만
돌려줄 수 있다면
Girl let me ride with you
밤이다 지나갈 때까지
Girl let diе with you
몸이 태워져 없어질 때까지
Ride or die with you
모든 걸 다시 한 번만
돌려줄 수 있다면
24/7 with thesе
Let me drown
고요한 밤
365 with you me my self and I
I'm feelin loco
Girl just let me
Ride or die with you
너를 다시 한 번만
돌려줄 수 있다면
Ride or die with you
그때를 다시 한 번만
돌려줄 수 있다면
Girl let me ride with you
밤이다 지나갈 때까지
Girl let die with you
몸이 태워져 없어질 때까지
Ride or die with you
모든 걸 다시 한 번만
돌려줄 수 있다면","141.973","0.602","0.878","-5.161","0.964"
"Flower (Feat. Benzamin)","NO:EL","50w1OKviRH6Mgf7JiQ0DkB","[Verse]
They say you want love
You're  like an evil flower that the cattle will crush
As  you walk on by
They say you don't bleed
You're like an evil flower that the cattle will crush
As  you walk on by

[Refrain]
Evil  flower
Evil flower

[Instrumental]

[Interlude]
Evil  flower
Evil flower
Evil flower

[Instrumental]

[Refrain]
Evil flower
Evil  flower
Evil flower
Evil flower
Evil flower

[Verse]
They say you want love
You're like an evil flower that the cattle will crush
As you walk on by (Evil flower)
They say you don't bleed
You're like an evil flower that the cattle will crush
As you walk on by (Evil flower)
That the cattle will crush
As you walk on by (Evil flower)
That the cattle will crush
As you walk on by (Evil flower)
That the cattle will crush
As you walk on by (Evil flower)
That the cattle will crush
As you walk on by (Evil flower)

[Outro]
Evil flower
Evil flower
Evil flower
Evil flower","196.78","0.361","0.486","-7.682","0.5"
"Cold winter (Prod. GRIO)","NO:EL","05rtraXV60p22qXHmy2Agu","[Chorus: october]
(I poured my heart out to you
And now I'm bleeding)
Do you really think that I need help?
I hate to ask but there's no one else
Doin' drugs all by myself
But I don't have Narcan on my shelf
Do you really think that I need help?
I hate to ask but there's no one else
Doin' drugs all by myself
But I don't have Narcan on my shelf

[Post-Chorus: october]
I think I love
My pills
More than you
I think I love
My pills
Through and through
I think I love
My pills
More than you
I think I love
My pills

[Bridge: vasthearts]
Tear through my skin and grab my heart
Don't wanna ever be apart

[Verse: vasthearts]
Do you even really want me?
I've been tryna figure out
I pull the blade through my skin
This medication knocks me out
You know I'm really sorry
Don't even know what I'm talking about
It's all in my head
Don't even try to help me now
Do you even really want me?
I've been tryna figure out
I pull the blade through my skin
This medication knocks me out
All these drugs in my system
Don't try to give me Narcan now
I know you never cared
So just get rid of it","160.017","0.359","0.719","-10.807","0.617"
"FML (Fuck My Life)","NO:EL","2qyMzR8K97gkb28IX8DAWv","[Verse 1]
Nice to know ya (Nice), even better to see (Oh yeah)
Misses Florida, mysterious as me (Yeah)
California (Cali'), you can't compare the two (No, no, no)
Been there, did that, this a tap, like, what are we supposed to do?
And you say

[Chorus]
Say you want fun, take it on me
Nobody want a problem, FL or I die about ya
Say you need sun, we'll hit Lamoraga, lay next to the water
Miss Florida, I'll ride about ya, die about ya, oh

[Bridge]
City on a leash, I compete with nobody
Come to me if you want it
Ca peche copy, I'm on it
I feel FL, I feel FL

[Verse 2]
Like it's a long vacation, Sunday to Saturday
Some days I get away
And the next, you convince me to stay here with you
I been here ever since you'd say
One location, one place unlike the same
One day I'll get away
And the next, I believe I could stay here with ya
I'll be there whenever you say

[Chorus]
Say you want fun, take it on me
Nobody want a problem, FL or I die about ya
Say you need sun, we'll hit Lamoraga, lay next to the water
Miss Florida, I'll ride about ya, die about ya, oh","150.046","0.797","0.555","-2.265","0.159"
"asteroid (Feat. MELOH)","NO:EL","2r2v5xpRJe4hdAdC8FRHeB","[Intro: femtanyl]
(Try, try, try, try, try)
(Go-go-go-go—)

[Chorus: astrid]
I been doin' way too much, kissin' on the cuts
Throwin' up blood in the back of the club
Tweakin' off the drugs, hidin' from the sun
Fiendin' for the smut
I don’t think I'll ever be enough, kissin' on the cuts
Throwin' up blood in the back of the club
Tweakin' off the drugs, hidin' from the sun
Fiendin' for the smut

[Verse 1: astrid]
Can we keep it on the low right now? Lights out
Told her, ""Baby, pipe down, no sound""
It's a total blackout, pop out
I'ma tear the house down, strike out

[Refrain: femtanyl]
What if I see you?
What if I see you?
What if I see you?
I think I'm ready to blow

[Chorus: astrid]
I been doin' way too much, kissin' on the cuts
Throwin' up blood in the back of the club
Tweakin' off the drugs, hidin' from the sun
Fiendin' for the smut
I don’t think I'll ever be enough, kissin' on the cuts
Throwin' up blood in thе back of the club
Tweakin' off the drugs, hidin' from thе sun
Fiendin' for the smut (
Shut up!
)

[Break: femtanyl]
What if I see him?
I can't believe it
No pain to see you
You will not let me get away
I put my hand on the snow
Where skin once was there is not anymore
I think I'm ready to blow
My brains into the snow that's underneath you

[Verse 2: astrid]
She sayin' that she sick of my shit
I don't take critique from a bitch
Seeping from my wrist to the floor
Cold light leaking from the door
Razor wrapped in tissue, give a little more
Turn into a product, feelin' like a whore
Yeah, I'm drunk as fuck, can we just fuck?
Girls like me get addicted to the gore
So pathetic and intense, right?
That’s why I don't have, like, any friends, right?
That’s why I've been late to evening plans, right?
Shorty, I been up late, howlin' at the moon
Didn't even rise 'til about noon
You don't wanna see me in a bad mood
Take a lil' bite if I have to
Stack the fuckin' bodies, gettin' ran through

[Refrain: femtanyl]
What if I see you?
What if I see you?
What if I see you?
I think I'm ready to blow

[Chorus: astrid]
I been doin' way too much, kissin' on the cuts
Throwin' up blood in the back of the club
Tweakin' off the drugs, hidin' from the sun
Fiendin' for the smut
I don’t think I'll ever be enough, kissin' on the cuts
Throwin' up blood in the back of the club
Tweakin' off the drugs, hidin' from the sun
Fiendin' for the smut

[Bridge: astrid]
I could never give you what you want
Hollow insides, caving in my lungs
Hiding in my bedroom, covered in blood
Venom slowly leakin' from the cut-cut-cut-cut-cut-cut—
I could never give you what you—

[Outro: femtanyl]
I don't say shit, I get money
I can't change shit, I get something
Defacing, I shoot nothing
Defensive, I get funding
Get funding
Get-get-get, g-g-get, get funding
Funding
Funding","116.947","0.158","0.391","-16.180999999999994","0.175"
"You (Feat. DON MALIK)","NO:EL","5vAq7vqh9HUPR5LHPFTI68","When one is lonely the days are long;
You seem so near
But never appear
Each night I sing you a lover's song;
Please try to hear
My dear, my dear
REFRAIN:
Someday I'll find you
Moonlight behind you
True to the dream I am dreaming
As I draw near you
You'll smile a little smile;
For a little while
We shall stand
Hand in hand
I'll leave you never
Love you for ever
All our past sorrow redeeming:
Try to make it true
Say you love me too
Someday I'll find you again
Can't you remember the fun we had?
Time is so fleet
Why shouldn't we meet?
When you're away from me days are sad;
Life's not complete
My sweet, my sweet
Ref again","82.591","0.31","0.505","-10.423","0.34"
"Alone","NO:EL","24WiM4edp2j6Jm4cqDEWGs","나는 외톨이야
불쌍해 보여 넌 뭔데
나는 외톨이야
혼자였었지 난 원래
가는 사람 마다마다
지나가는 사람마다
오늘 하루만 내 곁에
난 외톨이야
집어쳐 희망 가득한
동화 속 얘기들은 의미 없어
혼자 남아있기 위해 너를 빼지
삐까번쩍 미러볼
나 정반대인 넌 나의 baby
오늘 밤 난 기어코 만취 우
하루를 망침
어디에도 어울릴 수가 없는가 봐요
하늘은 파랗게 왜 그래 재수없게
행복은 오묘하게 날 피해가나 봐요
하늘은 까맣게 다가와 매섭게
나는 외톨이야
불쌍해 보여 넌 뭔데
나는 외톨이야
혼자였었지 난 원래
가는 사람 마다마다
지나가는 사람마다
오늘 하루만 내 곁에
나 난 외톨이야
지긋지긋해
더이상 묻지 말아줄래
넌 비웃겠지
그게 더 맘 편해 이젠
사랑 마다마다
지나가는 사람마다
언제쯤 올까 내 곁에
난 나 외톨이야
가시밭길을 굴러 내 몸 성치 않아도
꿇은 적은 없어
그때 다시 날 돌아가게 해준대도
너와 나 형 오 그건 두 번 다신 없어
반듯하게 자란 한 송이 꽃이 돼
나 날아 그런 것들은 꿈이었던 거지
이제는 나는 안 거지
내 뭉치들 cling clanc
길에다가 던져
어디에도 어울릴 수가 없는가 봐요
하늘은 파랗게 왜 그래 재수 없게
행복은 오묘하게 날 피해가나 봐요
하늘은 까맣게 다가와 매섭게
나는 외톨이야
불쌍해 보여 넌 뭔데
나는 외톨이야
혼자였었지 난 원래
가는 사람 마다마다
지나가는 사람마다
오늘 하루만 내 곁에
나 난 외톨이야
지긋지긋해
더이상 묻지 말아줄래
넌 비웃겠지
그게 더 맘 편해 이젠
사랑 마다마다
지나가는 사람마다
언제쯤 올까 내 곁에
난 나 외톨이야
오늘만은 날 내버려둬 두세요
아직 풀지 못한 고민들 때문에 머린 헤롱
아무것도 그 누구도 이해하지 못한데도
괜찮아요 원래 그랬던 대로 나만 외롭
다 그렇잖아요 모두 아퍼 또 넘 괴로워
오늘만은 우리들의 친구가 되어줄래요
지옥 같은 밤의 끝 아침에 도착해 난 매일
여기 이 자리에 남아있어
난 외톨이야","79.964","0.617","0.523","-7.76","0.0868"
"BXXCH (Prod. GRIO)","NO:EL","5YljdspJiLWYeH8nnu1jMo","[Hook : 김승민]
My whole squad neck so cold
All my boss bxxchs know I got bill
Multi million dollar won't ever fall
여전히 원해 지금 보다 많은 Hits
Top floor everyday rings phone
I do it for my mama's new crib
Trappin' while I'm drivin' all night
Dollar sign we gon' be alright

[Verse 1 : NO:EL]
Ima take her to the garosu - 하고 길
더치페이의 유무를 묻지 넣어둬 니 Bill
유치한 인사는 Skip 하고 더 뒤로
히비디합하게 말해 Girl hit me up
Anytime right anytime 이 질투쟁이들은
우리가 써댈 지폐에 대한 그 밑거름
래퍼 오빠들에게 ELLENOEL을 더 들이밀어
벙어리 상태로 그 자리서 바로 얼음
어디쯤이야야야
내 오늘의 맛 집은 멕시칸이야이야
Whatever it takes 폰 꺼 놔두고 와
너의 굽 그 위로 더 올려가보려고 발악
하지도 않아 Title 도 아니잖아 이 사랑
같은 듯이 또 아닌 악마가 입고 있는 Prada
Navigate me to the 저기 Galleria plaza
이름도 모르는 택을 따버리자 Pop it out
우린 More artistic
둘이 걸어 Symphony 지
오지 넌 Automatically
무일푼의 래퍼들은 수두룩해 In this bitch
우린 More artistic
둘이 걸어 Symphony 지
오지 넌 Automatically
무일푼의 래퍼들은 수두룩해 In this bitch

[Hook : 김승민]
My whole squad neck so cold
All my boss bxxchs know I got bill
Multi million dollar won't ever fall
여전히 원해 지금 보다 많은 Hits
Top floor everyday rings phone
I do it for my mama's new crib
Trappin' while I'm drivin' all night
Dollar sign we gon' be alright

[Verse 2 : 김승민]
Livin' a dream like I'm david aames
Yeah I made it 너의 턱밑까지 Safe house
Not invited 우리 아님 절대 개입하게
둘 수 없고 우린 Hide so we bape out
자기야 사실 Wasn't tryna get wasted
수십 잔 털고 몇백 처박아도 I don't give
빛이 너보다 순도 높을까 Thinkin'
입에 처물고도 Maintain
이 위치 Damn you are right
Yeah the real thing
Bad bxxchs want the real thing
Elleonoel and I real prince
Cozyboys real team
Kgvovc we superem team
우리 말고는 대체 뭐 있지?
원해 계속 More g's
More g's changed more dream
땜에 계속 올라 매출이
머리 빈 애들이 무시하게 둘 수 없지
Jimmy life$ 이건 Forever 완전 Gatsby 같지
다시 Season approaching
Brick by brick SSF YJL TJL
멤버 전부가 여전히 움직여 판 짜는 중
여전히 행동하고
Life is one funny mothafucka I'm a star
Two middle fingers for the haters 넌 그냥 암
500 달러 끼고 450쯤 셌을 때 넘기다 봤지
내가 세는 건 돈뿐만 아닌 Blessin'

[Hook : 김승민]
My whole squad neck so cold
All my boss bxxchs know I got bill
Multi million dollar won't ever fall
여전히 원해 지금 보다 많은 Hits
Top floor everyday rings phone
I do it for my mama's new crib
Trappin' while I'm drivin' all night
Dollar sign we gon' be alright

My whole squad neck so cold
All my boss bxxchs know I got bill
Multi million dollar won't ever fall
여전히 원해 지금 보다 많은 Hits
Top floor everyday rings phone
I do it for my mama's new crib
Trappin' while I'm drivin' all night
Dollar sign we gon' be alright","","","","",""
"Fucking Obvious Love Song","NO:EL","018QNEOj1L9GlJfDHky9ZQ","[Verse 1]
너가 비웃었던 나는 이제 너무 유명해서
감성 팔아먹고 존나 뻔한 사랑 노랠 불러
바보 같은 소릴 지도, 이건 찌질한 걸지도
22살 위의 누나들은 모를지도
나를 묶어 놨던 hip-hop
걍 닥치고 너를 묶어 놨던 hip-hop
야, 그것도 아냐
돌아가고 싶진 않아서 그냥 센 척
무슨 말인지 알잖아, 물론 아냐
아니, 솔직히 좀 더러워서 이 바닥 뜨고 싶어
돈 존나 벌고 바다 건너 대저택을 사면
Melon 1위 한 번 찍고 효도까지 하고 나면
니 손잡고 떳떳하게 영화나 한 편 보고 싶어
얼굴 팔리기 전 나 다시 돌아가서
주말엔 평범한 사람처럼 밥을 먹고 싶어
너 말 틀린 게 하나도 난 존나 멍청해서
맨날 hip-hop, 존나 뻔한 사랑 노래나 불러

[Chorus]
니가 없어도 난 okay, okay
난 잘 먹고 잘 살기에
아니라 말하기도 좀 그래
뻔한 사랑 노래 (뻔한 사랑 노래)
뻔한 사랑 노래 (뻔한 사랑 노래)
뻔한 사랑 노래 (뻔한 사랑 노래)
뻔한 사랑 노래
뻔한 사랑 노래

[Verse 2]
야, 진짜 솔직히 시간도 존나 없어
너가 더 힘들었을 걸 아마 이런 것들 땜에
저녁 시간 아니면 니 생각도 난 별로
이번 달에 벌써 밀린 게 몇 개야 몇 개
넌 솔직히 내 장사하는데 도움이 하나도
니 친구들은 너만 없었다면 나의 fan 또
내 concert에 와서 '굽'을 존나게 부를 걸
너 만나는 그 새끼들도 내 Instagram을 follow
난 album 내고 노래 써, 저번 달에만 천만 원
니 미래 대기업 남친보다 월급 훨씬 많어
영화 보러도 잘 못가, 쳐다봐서 머리 아퍼
후회하는 거라면 널 혼자 걷게 한 거 정도
난 맘과 행동이 딱 반비례
마지막엔 무덤덤했던 거 기억나
난 너의 행복을 빌었어
난 행동과 맘이 딱 반비례
걍 지금은 너무 슬퍼
니가 조금만 아파했음 좋겠어

[Chorus]
니가 없어도 난 okay, okay
난 잘 먹고 잘 살기에
아니라 말하기도 좀 그래
뻔한 사랑 노래 (뻔한 사랑 노래)
뻔한 사랑 노래 (뻔한 사랑 노래)
뻔한 사랑 노래 (뻔한 사랑 노래)
뻔한 사랑 노래
뻔한 사랑 노래","","","","",""
"Bad!","NO:EL","35E5leD1ASxuoiqkObSEAk","Uncut
Piano got keys whatever you need
Everything has been dragging
Cause the way you acting
I still think that you need
Practice behind hella action
You always seem to change around them hoes
Then gone turn around and act like you don’t know
If them chicks you entertaining
Give you satisfaction
Then don’t try to come my way
You want this interaction
You be acting like
You sure you wanna be with me
You gone have to pick a side
Cause I ain’t afraid to leave

I tried to leave a thousand times
But I just can’t get enough
Lately I’ve done heard a thousand lies
But I’m standing here hitting you up

It’s all bad
But you gotta go
Bet not walk out that door, yeah
But you gotta go

It’s all bad
Bad
It’s all bad
Bad
It’s all bad
Bad
Bet not walk out that door
Oh no

Baby I was tripping
Where we bout to eat
Westin or the Ritz
Where we bout to sleep
You really got me in my feelings
And you got me weak
You got me going crazy
And it’s plain to see

I tried to leave a thousand times
But I just can’t get enough
Lately I’ve done heard a thousand lies
But I’m standing here hitting you up

It’s all bad (yea, yea, yea, yeah)
But you gotta go
Bet not walk out that door, yeah
But you gotta go

It’s all bad (yea, yea, yea, yeah)
Bad
It’s all bad
Bad
It’s all bad
Bad
Bet not walk out that door
Oh no

Oh no
Bad
You bet not walk out that door
Walk out that door
Oh no","82.56","0.624","0.561","-7.44","0.559"
"Immature","NO:EL","5skNVWTumifJA4RNVB6Xj9","[Verse 1]
Uh
You seen me moving on, I bet you was salty
You think ‘bout Target when you working at Aldi’s
I know you hate to see another bitch on me

[Pre-Chorus]
So immature, so immature
You so immature, you so immature
You don’t want no one else but me
You thought that I would never leave, oh no

[Chorus]
I’m yo’ favorite ex, wish you farewell though
I know that you wish we could still fuck on the low
I’m yo’ favorite ex, you can’t let me go
Know that you wish we could fuck on the-

[Verse 2]
You made the wrong choice, you starting to regret
That new nigga dick so wack, got you upset
I be up on my shit, I’m starting to flex
I be up on my shit, you see how I flex
Yеah, you really failed the tеst
I seen yo’ other option, can’t compare me to the rest
I hit it with no hoody on, you say it feel the best, yeah
You say it feel the best, yeah

[Pre-Chorus]
(So immature, so immature)
(You so immature, you so immature)
You don’t want no one else but me
You thought that I would never leave, oh no

[Chorus]
I’m yo’ favorite ex, wish you farewell though
I know that you wish we could still fuck on the low
I’m yo’ favorite ex, you can’t let me go
Know that you wish we could fuck on the-

[Bridge]
You said, “It’s all for us”
You said, “It’s all for love”
You say, “It’s all ‘cause the drugs”
You say that you wish you was sober
Did it all for us
Did it all for love
You say, “It’s all ‘cause the drugs”
You say that you wish you was sober

[Chorus]
I’m yo’ favorite ex, wish you farewell though
I know that you wish we could still fuck on the low
The low, the low","94.027","0.507","0.716","-11.073","0.7070000000000001"
"Celebration (Prod. By Minit) (Feat. Jhnovr)","NO:EL","5JSsQNaAVNYAmjZex0jC4X","[Verse 1: NO:EL]
이번 여름의 열기는 뜨거웠고
내 두 번째 가족들은 다 부자 벌어 like a uh
마지막 겨울을 보내고 있지 난 곧 졸업
하고 다음 년의 drop top 불가사리 위 flexing 이건
구라가 아니지 뻥도 아니고 바보야
속된 말로 내 인생 개쩔어 기분 최고야
사장님이 말해 ""내 새끼 뭘 해도 되고 막""
Shout out to Loco형, 윙가르디움 레비오우사
이제 내 앞에 니가 있어
6개월의 고생 니 어깨 위에 다 털어야겠어
막지 못해 우리 눈앞엔 이제 아무것도
18년 동안 쌓은 마일리지 한 계절에 pour
보고 듣고 알고 따지지도 말아
파파라치 카메라 flash 셔터 소리 찰칵
나 같은 새끼로 사는 새끼가 내 새끼
새끼 말고 네 번째 가락에 믿어주기 바람

[Chorus: Jhnovr]
Celebration all day, 기분 내자 밤새
We party like a star, yeah, on it
Celebration all day, 마음껏 즐겨 이 순간을
Forever young yeah My life's a fame (kick dat)
Forever young yeah My life's a fame (kick dat)
Forever young yeah My life's a fame (kick dat)

[Verse 2: NO:EL]
환호성이 터져 나와 여기저기로
Tony Montana, 빡시게 번 다음에 adios
시마이치고 싶어 서울은 탁하니까
새 택은 뜯은 채로 입어 내가 다 살라니까
왤케 다 꼬치 캐물어 니가 대신 살랍니까 내 생
아 댁은 대체 누구 절대 안 판답니다
한자리나 꿰바라 이 꼰대 팔랑귀야
Party we celebrate 아무것도 늴리리야
Woo, yeah, red boys, okay
Cozyboys, Indigo 잔을 들어 건배
Woo, yeah, red boys, okay
Cozyboys, Indigo 철 안 들어 평생
Woo, yeah, red boys, okay
Cozyboys, Indigo 잔을 들어 건배
Woo, yeah, red boys, okay
Cozyboys, Indigo 철 안 들어 평생

[Chorus: Jhnovr]
Celebration all day, 기분 내자 밤새
We party like a star, yeah, on it
Celebration all day, 마음껏 즐겨 이 순간을
Forever young yeah My life's a fame (kick dat)
Forever young yeah My life's a fame (kick dat)
Forever young yeah My life's a fame (kick dat)","120.763","0.782","0.857","-5.633","0.899"
"Acting Award","NO:EL","3vKj1ctgVqxftl9sA1HR2h","[Intro: Shiloh Dynasty]
Losing Interest, you won't find no better than this
I swear girl, if you leave
Just let me know so it won't hurt bad
When you move..

[Verse 1: NO:EL]
I'm up in my room, 너네가 이제는
닿을 수도 있어 보이기도 하는 나는 그곳에
걍 싹 다 나를 까발려줘, 바닥의 바닥까지
나 웃으면서 그냥 잠에 들 수 있게
나는 부족하디 모자란 놈
또 니 앞에선 막 웃어
니 사랑이 쪽 안 팔릴 수가 있게
없어 보이는 철, 가사에는 또 없어 영혼
이젠 행복한가 싶기도 해
그렇게 따져 보자, 벌어 돈
내 말은 싹 다 이뤄져
어른들이 막 밟아 대던
이건 not a 거짓 anymore, yeah
얼굴 팔리니까 친구 또 씹기 딱 좋은 껌에
내가 중요하긴 하냐구 솔직히 뭘 쳐 뱉건
그래 내가 졌어, 이 싸움에선
나는 독, 너는 별
Imma boy not a star, 아직 어려
그래 내가 봤던 꿈 사이에선
나는 wrong, 너는 wall
Imma boy not a 벽, 나를 버려

[Chorus: NO:EL]
넌 어디, 좀 save me
혼자 남겨진 방 한켠 안 있어
넌 어디, 좀 save me
혼자 남겨진 방 한켠 안, 그 안

[Interlude: Shiloh Dynasty]
Losing Interest, you won't find no better than this
I swear girl, if you leave
Just let me know so it won't hurt bad
When you move..

[Verse 2: NO:EL]
엄마 아들은 최고 잘하니까 나를 믿어
비록 아무것도 아녀, 이 line도 지나감
1, 2년 뒤 넌 비켜, 나는 upgrading bitch
Boss Moon leader
너를 피하려고만 했던 내 꼴, 이제 편하게 뻗어 발
아니, 아직도 멀어 보여, 난 걸어 다시
엎어도 넌 여기 안 보여
내가 미친 걸 안 믿어 봐도 난, uh
날 밀어봐도, 다 잊더라도 이거 다시 또 reset
안 켜 날 뭣도 병신들아 닥쳐
백 하면 백에 돌아 날 쳐
무뎌진 나의 그 맘의 한켠에
빛이었다니까 나 되려 빡쳐
아니라 믿어 발악 악써
니 선악선 의구심 갖다 말았어
끝쯤 가서야 다 알았던 마침표
아니, 다 필요 없는 I ain't fuckin with nobody
그래, 내가 졌어, 이 싸움에선
나는 독, 너는 별
Imma boy not a star, 아직 어려
내가 봤던 꿈 사이에선
나는 wrong, 너는 wall
Imma boy not a 벽, 나를 버려

[Bridge: NO:EL]
그래, 내가 졌어, 이 싸움에선
나는 독, 너는 별
Imma boy not a star, 아직 어려
그래 내가 봤던 꿈 사이에선
나는 wrong, 너는 wall
Imma boy not a 벽, 나를 버려
그래 내가 졌어 이 싸움에선
나는 독, 너는 별
Imma boy not a star, 아직 어려
그래 내가 봤던 꿈 사이에선
나는 wrong, 너는 wall
Imma boy not a 벽, 나를 버려

[Chorus: NO:EL]
넌 어디, 좀 save me
혼자 남겨진 방 한켠 안 있어
넌 어디, 좀 save me
혼자 남겨진 방 한켠 안, 그 안
넌 어디, 좀 save me
혼자 남겨진 방 한켠 안 있어, 난
넌 어디, 좀 save me
혼자 남겨진 방 한켠 안 있어","","","","",""
"Runaway","NO:EL","4IVw40uflefuvuvU4zHH2c","You stabbed me dead in the heart
Girl I tried to numb that pain but I got scars
And you gone tell me to forget about it

But how can I forget this when when you
You have my heart
You have my heart

I swear I wish I could run away (Run away)
Find somewhere to get away (Get away)
From all your love
Eh from all your love

I swear I wish I could run away (run away)
Find somewhere to get away (get away)
From all your love
From all your love

Cause this shit is scary

It got me deeper than thee ocean
I’m lit-er than a flame you got me open
Girl you got me stuck you got mе frozen
Loving you in ways I thought I couldn’t

And now you saying you don’t know about us
When I den told thе whole world about us
I was fighting for love but you gave it right up
I miss the times when you was hooked on us
But now

I swear I wish I could run away (run away)
Find somewhere to get away (get away)
From all your love
From all your love

Say now
Say now
Ehhhh

I swear I wish I could run away (run away)
Find somewhere to get away (get away)
From all your love

Say now","118.849","0.924","0.81","-12.636","0.872"
"230611 Freestyle","NO:EL","1b9EKp86RcXXx1Ewflgpqi","2005

H-Kayne vs Muslim

Muslim - Aid L9atra : كلاش البداية #1

2006

H-Kayne vs Muslim
H-Kayne - F'Mo Hadak  : الكلاش #2
Muslim - Fommi : كلاش #3
Muslim - Chkoun Jayeb L3ez : كلاش #4

2007

2008

2009

Don Bigg vs Muslim
Don Bigg- Mat3anedch : كلاش #1
Muslim - 7naya  : الكلاش #2
...

2010
Cho-B - Dissing Freestyle

Don Bigg vs Muslim
Muslim- Belbala : كلاش #1
...

2011

Code Street vs Rabat Voice
El-koudi (of Street Code) - Clash Vs Rabat Girls
Mr-TigeRap - FreeStyle Clash Vs ...

Lmoutchou vs Don Bigg
Lmoutchou - Checkmate : كلاش البداية #1

2012

L'Morphine vs Mehdi K-Libre
L'Morphine - Zelzal : كلاش البداية #1

2013

Mehdi Black Wind vs Nessyou
Nessyou - Tchi Tchi : كلاش البداية #1
Shayfeen - Would Asfi Boss

2014

Mehdi Black Wind vs Nessyou
Mehdi Black Wind - Freestyle BFTV.org : كلاش #2

Lmoutchou vs Don Bigg
Lmoutchou - Saucisses de foie : كلاش #2

2015

Dizzy Dros vs Don Bigg
Dizzy Dros - Ljam : كلاش البداية #1

Lmoutchou vs Don Bigg
Lmoutchou - Denfil : كلاش #3

Flenn vs 7liwa
Flenn - Avertissement : كلاش البداية #1

Jen vs Guzman
JEN - Wlidate L7aj : كلاش البداية #1

Ljasos vs Nessyou
Nessyou - Tiki Taka : كلاش البداية #1
Ljasos - Nihaya : كلاش #2


2016

L'Morphine vs Mehdi K-Libre
Mehdi K-Libre - Apocalypse : كلاش #2
L'Morphine - Ay9ona : كلاش #3

Dizzy Dros vs 7-Toun
Dizzy Dros - Chouwaya ?? : كلاش البداية #1
7-Toun - I’m Sorry : كلاش #2

7ari vs Xacto
7ari - Amigo : كلاش البداية #1
Xacto - AlloLaCage : كلاش #2

Jen vs Guzman
Guzman - Bamboucha : كلاش #2
Jen - Baboucha : كلاش #3
Jen - AnaWRap : كلاش #4

DL vs Shayfeen
DL - Twada3 : كلاش البداية #1
DL - Be3do Meni : كلاش #2

DL vs Dizzy Dros
DL - Be3do Meni : كلاش البداية #1

2017

Lferda vs L'Morphine
Lferda - Hadaday : كلاش البداية #1
L'Morphine - Albatros : كلاش #2
Lferda - Error 404 : كلاش #3
L'Morphine - Virgule, : كلاش #4
L'Morphine - Dragon : كلاش #5
Lferda - OUPS : كلاش #6

Inkonnu vs Lferda
Inkonnu - M.9 : كلاش البداية #1
Lferda - Oups : كلاش #2
Inkonnu - Kchkch : كلاش #3
Lferda - Jus D'Orange : كلاش #4

Guzman vs Moro
Guzman - Istanbul : كلاش البداية #1
Moro - Athèna : كلاش #2
Guzman - Calimero : كلاش #3

A6Drizzy vs Lferda
Lferda - 9awdouha : كلاش البداية #1
A6Drizzy - Love : كلاش #2
A6drizzy - Dadas : 3# كلاش

A6Drizzy vs Toto
Toto - 9awdouha : كلاش البداية #1
A6Drizzy - Love : كلاش #2
A6drizzy - Dadas : 3# كلاش
Toto - 7elmet Ado 2 : 4# كلاش

7ari vs Xacto
7ari - Amigo : 1# كلاش البداية
Madd of Xacto - Bingo : كلاش #2

Dizzy Dros vs Don Bigg
Dizzy Dros - ...  : كلاش #2

Lmoutchou vs Don Bigg
Don Bigg - ... : كلاش #3

Lferda vs Zeroten
Zeroten - Ferdaous : كلاش البداية #1

West vs A6drizzy
West - Drizzya : 1# كلاش البداية
A6drizzy - Dadas : كلاش #2

7ari vs 7liwa
7liwa - Kmi Kmi Kmi : كلاش البداية #1
7liwa - BINGO : كلاش #2
7ari - 3a9el : 3# كلاش

Toto vs Lbenj
Toto - 7elmet Ado 2 : كلاش البداية #1

Pause Flow vs L'Morphine
Pause Flow - Père Noel : كلاش البداية #1
L'Morphine - Stan : 2# كلاش
Pause Flow - Lwiza : كلاش #3
L'Morphine - 2/3 : كلاش #4
Pause Flow - Le Mandarin : كلاش #5
L'Morphine - Round 3 ! Fight ! : كلاش #6
Pause Flow - Touchdown : كلاش #7

2018

Inkonnu vs 7ari
Inkonnu - Kib9aw Fia : كلاش البداية #1
7ari - Amigos : كلاش #2

Moro vs Lbenj
Moro - Game : كلاش البداية #1

Tagne vs 7ari
Tagne - Na9iss Wahed : كلاش البداية #1
7ari - Amigos : كلاش #2

Tagne vs A6Drizzy
Tagne - Na9iss Wahed : كلاش البداية #1

7liwa vs Mr Crazy
7liwa - Kib9aw Fia : كلاش البداية #1

Moro vs Nessyou
Nessyou - Ctrl + A : كلاش البداية #1
Moro - Jia-Ten : كلاش #2
Nessyou - Mono : كلاش #3
Moro - Roja : كلاش #4
Nessyou - Tony : كلاش #5
Moro - Tony : كلاش #6

7ari vs 7liwa

7liwa - Mi Amore V2 : كلاش #4
7ari - Amigos : كلاش #5

A6Drizzy vs Madd
A6Drizzy - Pippi : كلاش #1
Damost (+Madd) - Facts : كلاش #4

7ari vs Madd
7ari - Amigos : كلاش #1
Madd - Ey Ey Ey : كلاش #2

ALL36 vs Moro
ALL36 - Shmaw : كلاش #1
Moro - 6 : كلاش #2
ALL36 - Condamné : كلاش #3

7ari Vs Dizzy Dros
Dizzy Dros - Paris : كلاش #1
7ari - Amigos : كلاش #2

7liwa Vs Don Bigg
7liwa - Totoriina : كلاش #1
Don Bigg - 170KG : كلاش #2
7liwa - 57KG : كلاش #3

Dizzy Dros Vs Don Bigg
Don Bigg - 170 KG : كلاش #1

Don Bigg Vs Komy
Don Bigg - 170 KG : كلاش #1
Komy - Chehma : كلاش #2

Don Bigg Vs Mr Crazy
Don Bigg - 170 KG : كلاش #1
Mr Crazy - Biggshot : كلاش #2

Lbenj Vs Toto
Lbenj - Soso : كلاش #1
Toto - 7elmet Ado 3 : كلاش #2
Lbenj - Avito : كلاش #3

Lbenj Vs Mons
MONS - Zakia : كلاش #1
Lbenj - Avito : كلاش #2
MONS - IORI : كلاش #3

Toto Vs Mons
MONS - Knte 3arfhom : كلاش #1
Toto - 7elmet Ado 3 : كلاش #2
MONS - IORI : كلاش #3

Diib Vs Pause Flow

Diib - Play  : كلاش #1
Pause Flow - Videur  : كلاش #2
Diib - Le Petit Chaperon Rouge  : كلاش #3
Pause Flow - Vierge De Fer  : كلاش #4
Diib - 3dmni Nchuf  : كلاش #5
Pause Flow - Leçon  : كلاش #6
Diib - Wittgenstein (Bonus)  : كلاش #7

Dizzy Dros vs 7-Toun
7-Toun - Gololih : كلاش #3


2019

7liwa vs Lmoutchou
7liwa - 58kg  : كلاش #1
Lmoutchou - L'Ex D'Fatema  : كلاش #2

Youss45 vs Breezy
Youss45 - Sir Awa T9awd  : كلاش #1
Breezy - Ali Zaoua  : كلاش #2

Youss45 vs T-Flow
Youss45 - Batltagi W Rougoula
T-Flow - Mizi

Ily vs Manal
Ily - Superwoman  : كلاش #1

Ily vs Krtas Nssa
Ily - Superwoman  : كلاش #1

Kouz1 vs Toto
Kouz1 - Il Est Là  : كلاش #1
Toto - Groupies (Freestyle)  : كلاش #2

Kouz1 vs Issam
Kouz1 - Trap Roumi  : كلاش #1

8IRD vs Dada
Dada - Agogo  : كلاش #1
8IRD - Lady Dada  : كلاش #2

2020

8IRD vs L'Morphine
8IRD - Deathloop, 8irdhub, Flow Less  : كلاش #1
L'Morphine - Creep  : كلاش #2

8IRD vs Dada
8IRD - Deathloop, 8irdhub, Flow Less  : كلاش #3
Dada - Raw Daw  : كلاش #4

Klass-A vs L'Morphine
L'Morphine - Kill  : كلاش #1
Klass-A - Hachich  : كلاش #2
L'Morphine - Kill 2  : كلاش #3
Klass-A - Excelsior : كلاش #4
L'Morphine - 3 Points  : كلاش #5
Klass-A - Bomaye  : كلاش #6

Diib Vs Pause Flow

Diib - Bullying  : كلاش #8
Pause Flow - Aktion t4  : كلاش #9
Diib - Re-education  : كلاش #10
Pause Flow - Megalomania  : كلاش #11

Diib Vs Moro

Diib - Bullying  : كلاش #1
Diib - Re-education  : كلاش #2
Moro - Roche 2.0  : كلاش #3
Diib - Massacre  : كلاش #4
Moro - Lhaj Idar  : كلاش #5
Diib - Euthanasie : كلاش #6
Moro - Dik  : كلاش #7
Diib - Dojo : كلاش #8

Diib Vs Guzman

Guzman - Cairo : كلاش #1
Diib - Moonawalk  : كلاش #2
Guzman - Coffin  : كلاش #3
Diib - Miraculous : كلاش #4

2021

Figoshin vs Pause Flow
Pause Flow - Megalomania : كلاش #1
Figoshin - Bouzbita : كلاش #2
Pause Flow - B.T.K  : كلاش #3
Figoshin - MenoPause  : كلاش #4
Pause Flow - Peek A boo  : كلاش #5

----------------

Guzman vs Underman
Underman - Sextrapologie
Guzman - Ok Bye
Underman - Justin Bieber
Guzman - Miley Cyrus
Underman - Gangsta 2.0
Underman - Allo LaCage
Underman - Pas Là

Mr Crazy vs Spoo Pow
Mr Crazy - Plata O Plomo
Spoo Pow - Paranoya (2014)
Spoo Pow - Mat7awlch (2015)
Spoo Pow - Ghanb9a Bouhdi (2016)

Klass A vs Shayfeen
Shobee Of Shayfeen - Dissing Freestyle
Klass-A - Wach Katssma3 AL'Kelb
Shobee Of Shayfeen - Wach Katssma3 Oula
Small X Of Shayfeen - Taht Samta

L'Morphine vs Lmoutchou
L'morphine - f3ayl L9arda
L'Morphine - Balak 3lya
Lmoutchou - Yan Sin Krad
L'Morphine - Ay9ona
Lmoutchou - Rap Game Of Thrones
L'Morphine - L'Morphiniya 27
L'Morphine - L'Morphiniya 29
L'Morphine - L'Morphinya 30

Dizzy Dros vs Mr Danger
Mr Danger - 3azzy 3ndo Skimo
Dizzy Dros - Freestyle Moroccan Rap

Guzman vs T-Flow
Guzman - Istanbul
T-Flow - L3afia

Don Bigg vs Gamehdi

Don Bigg vs Kachela
L3arbé feat Mouahid & Mojrim - Rja3na
L3arbé - Bigg The Dog

Kachela vs Keniclan

Gamehdi vs L'Morphine
L'Morphine - 3o9ab
Gamehdi - 7outa
L'Morphine - L'Morphinya 4

Kafline vs Mr Crazy
Kafline - 3id L'Porno
Badr KL - Microbe

Jen vs L'Morphine
JEN - Wlidate L7aj","","","","",""
"Year End Party (2017)","NO:EL","0g2fonzr3aXrA4mJMpdwKl","[Verse]
죽고 싶을 때도 혹은 살고 싶을 때도
죽은 듯이 숨이 붙어 살고 싶을 때도
죽지 못해 웃으면서 살고 있을 때도
'사람' 그건 믿으라고 옆에 살고 있는 건데도
똑같은 노랠 부르고 똑같이 맑은 같은 숨들을 셔도
엿같이 꼬인 생각을 참아내는 게 현명
결국엔 하나같이 등을 돌려
내 손 더럽히지 말고 니가 나를 벗겨
등을 보일 때쯤 나는 적
감성 팔이 아닐 걸, 뭔 뜻인지를 '부모'
나는 차가운 벽, 니 그림자에 숨어
아무것도 혹은 아무도 아닌 채로
이 세상을 다시 구경
나는 걸렸어 병, 아픔들을 못 숨겨
담아내는 게 멋이라서 갖다 버려 필터
못다 핀 한 송이 꽃, 또 속으로만 되뇌이는 비명
말을 삼켜, 한 줌 짜리의 재로 불을 지펴
Muthufuckin' 최고, muthufucker, 빨리 묻어줘 날
알기는 무슨, 니가 뭐를 알어? 거짓뿐이야
멍청한 상자 속에서 날 구경 하고 틀에 가둬
니넨 좋은 것만 봐
여기까지가 내 바닥, 어지럽고 더러운 방
어둡잖아 사랑, 저급하게 밖에 표현, 난
말들을 아껴야 돼, 온도가 좀 다른 밖
말들을 아껴야 돼, 생각이 좀 다른 남과
말이 바뀌어, 믿음이란 게 있잖아 참
달리 유별난 것도 없이도 찢겨버린 칼
빨리 벌어야 돼, 미친 듯이, 떠날 거야, smile
웃고 모든 걸 다 때려 부셔, 누굴 위한 삶이야?
선생님도 먹고살아 보려고 한 건데
생각보다 깊어서 놀라고
내가 너무 귀찮았을까 봐
웃고 떠들면서 벌고 행복하면 돼
근데 첨부터 모든 게 그래서 작아 보일까 봐
작아졌고 눈물도 보여서 덜 밉나 봐
나로 살아가는 것이 다 죄가 돼버릴까 봐
내려놓고 존나 뻔한 사랑 노래, 돈 벌어
그들이 말하는 가짜가 되어버릴까 봐
씨발, 또 한 여자의 아들과 걔네의 별
못된 친구라서 떠나버릴까 봐
씨발, 내가 어딨어? 난 없어진 지 오래
내가 무관심한 내게 내가 상처가 될까 봐
나는 내가 너무 미워
세상은 아직 모질고 몸을 주저 없이 던져
마음을 다시 비워, 나는 한없이도 작아 너무 커
내가 속고 넘어가, 아니, 바보짓을 할게 더
나는 내가 못 미더워, 세상을 아직 못 믿어
근데 나의 몸을 주저 없이 던져
마음을 다시 비워, 나는 한없이도 더러워 너무 커서
너가 속고 넘어가, 아니, 바보처럼 해줘 더","","","","",""
"Acting Award","NO:EL","1KBQ5PohpKrslfiMH9NTFw","[Intro: Shiloh Dynasty]
Losing Interest, you won't find no better than this
I swear girl, if you leave
Just let me know so it won't hurt bad
When you move..

[Verse 1: NO:EL]
I'm up in my room, 너네가 이제는
닿을 수도 있어 보이기도 하는 나는 그곳에
걍 싹 다 나를 까발려줘, 바닥의 바닥까지
나 웃으면서 그냥 잠에 들 수 있게
나는 부족하디 모자란 놈
또 니 앞에선 막 웃어
니 사랑이 쪽 안 팔릴 수가 있게
없어 보이는 철, 가사에는 또 없어 영혼
이젠 행복한가 싶기도 해
그렇게 따져 보자, 벌어 돈
내 말은 싹 다 이뤄져
어른들이 막 밟아 대던
이건 not a 거짓 anymore, yeah
얼굴 팔리니까 친구 또 씹기 딱 좋은 껌에
내가 중요하긴 하냐구 솔직히 뭘 쳐 뱉건
그래 내가 졌어, 이 싸움에선
나는 독, 너는 별
Imma boy not a star, 아직 어려
그래 내가 봤던 꿈 사이에선
나는 wrong, 너는 wall
Imma boy not a 벽, 나를 버려

[Chorus: NO:EL]
넌 어디, 좀 save me
혼자 남겨진 방 한켠 안 있어
넌 어디, 좀 save me
혼자 남겨진 방 한켠 안, 그 안

[Interlude: Shiloh Dynasty]
Losing Interest, you won't find no better than this
I swear girl, if you leave
Just let me know so it won't hurt bad
When you move..

[Verse 2: NO:EL]
엄마 아들은 최고 잘하니까 나를 믿어
비록 아무것도 아녀, 이 line도 지나감
1, 2년 뒤 넌 비켜, 나는 upgrading bitch
Boss Moon leader
너를 피하려고만 했던 내 꼴, 이제 편하게 뻗어 발
아니, 아직도 멀어 보여, 난 걸어 다시
엎어도 넌 여기 안 보여
내가 미친 걸 안 믿어 봐도 난, uh
날 밀어봐도, 다 잊더라도 이거 다시 또 reset
안 켜 날 뭣도 병신들아 닥쳐
백 하면 백에 돌아 날 쳐
무뎌진 나의 그 맘의 한켠에
빛이었다니까 나 되려 빡쳐
아니라 믿어 발악 악써
니 선악선 의구심 갖다 말았어
끝쯤 가서야 다 알았던 마침표
아니, 다 필요 없는 I ain't fuckin with nobody
그래, 내가 졌어, 이 싸움에선
나는 독, 너는 별
Imma boy not a star, 아직 어려
내가 봤던 꿈 사이에선
나는 wrong, 너는 wall
Imma boy not a 벽, 나를 버려

[Bridge: NO:EL]
그래, 내가 졌어, 이 싸움에선
나는 독, 너는 별
Imma boy not a star, 아직 어려
그래 내가 봤던 꿈 사이에선
나는 wrong, 너는 wall
Imma boy not a 벽, 나를 버려
그래 내가 졌어 이 싸움에선
나는 독, 너는 별
Imma boy not a star, 아직 어려
그래 내가 봤던 꿈 사이에선
나는 wrong, 너는 wall
Imma boy not a 벽, 나를 버려

[Chorus: NO:EL]
넌 어디, 좀 save me
혼자 남겨진 방 한켠 안 있어
넌 어디, 좀 save me
혼자 남겨진 방 한켠 안, 그 안
넌 어디, 좀 save me
혼자 남겨진 방 한켠 안 있어, 난
넌 어디, 좀 save me
혼자 남겨진 방 한켠 안 있어","","","","",""
"Seoul (Feat. Huh)","NO:EL","6amJOWamF7tolut1VJcM8N","[NO:EL ""서울"" ft. 허성현 가사]

[Verse 1: NO:EL]
칠년을 돌고 돌아서
나에게 남아있는 것이 대체
뭐냐고 물었어 to myself
The most hated
개 모순적으로
동시에 most wanted
일그러진 채로 시작된
삶이 너무 싫었어도
도망가 보려고
발버둥질을 쳐봐도
마음의 재산은
기초수급자만도 못해서
낭비했었다고 다
지나고 보니 다
이 레퍼토리 지겨운
놈들 이제라도 내 삶에서 좀 꺼져
들어주는 건 바라지도 않아
지킬 게 너무 많아져서
즐기지도 못하겠다
눈떠보니 여기
얼떨결에 자수성가
생일 땐 일 겹치네
서운하긴 뭐 다 그렇잖아
내 첫 앨범 뺏은 넌 인간
취급하지도 않아
꿈 팔아 쳐먹은 돈으로
나잇값들 좀 하고 살아
탈출구라고 믿었던 양아치들뿐인 이곳에서
이제 이사를 준비해 멀어지고파 Seoul

[Pre-Chorus: NO:EL]
돌아갈래란 말을 해
돌아갈 곳이 없다는 걸 잘 아는데
머릿속에서 지운 단어
다음에
다음에 봐, 와
다음은 없다
라는 말 (라는 말)
나를 봐
가까이에선 비극
멀리서는 희극이라는 말 (라는 말)
도 다 필요 없어 이젠

[Chorus: NO:EL]
It's time to say goodbye
Goodbye, my old good days
Tonight I wanna trip so bad
서울
서울
서울
It's time to say goodbye

[Verse 2: Huh]
Ay, yeah
빛이 나는 곳
내 동네는 날 담을 수 없다고 느낀 나는
떠나온 거였어 서울로
철 지나서 철들기는 곁엔 결국 아무도
친구도 여자도 큰 야망에 가려서 저물어
나 첨으로 꿨었던 꿈에 가까워지나
한 점으로 그게 이거라면 안 할 거야
그냥 척으로 남들처럼 성공을 바랬던
어린놈으로 남을래 그럼 내 삶 다시금 돌려줘
월세로 이백 내면 남는 게 있나
내 사랑 놓친 뒤로 손님 거의 fake thot
어차피 술 처먹고 늦은 저녁에 인나서
기어 나갈 거라면 대체 왜 난 서울에 있나
내 생일은 이제 내 기쁨 아니게 돼
내 죄마저도 나 혼자의 것 아닌 게 됐고
근데 왜 실패 그거 하나는 내 책임이래
시발 다 가져갈 거면 이것도 나누지 왜

[Pre-Chorus: NO:EL]
Seoul
돌아갈래란 말을 해
돌아갈 곳이 없다는 걸 잘 아는데
머릿속에서 지운 단어
다음에
다음에 봐, 와
다음은 없다
라는 말 (라는 말)
나를 봐
가까이에선 비극
멀리서는 희극이라는 말 (라는 말)
도 다 필요 없어 이젠

[Chorus: NO:EL]
It's time to say goodbye
Goodbye, my old good days
Tonight I wanna trip so bad
서울
서울
서울
It's time to say goodbye","111.113","0.315","0.588","-14.32","0.562"
"0.0 (DOUBLE O)","NO:EL","6v4b1pOQzYbyG0MRvzjcAV","[Letra de ""Me Llueven 3.0"" ft. Almighty, Bryant Myers, Noriel & Kevin Roldán]

[Intro: Bryant Myers, Noriel, Kevin Roldán]
Fuse Music
No-No-Noriel
KR, baby
Bryant Myers
Me llueven, me llueven
*Con Light G'*

[Coro: Bad Bunny, El Poeta Callejero]
El dinero me llueve (¡Wuh!; yeah)
Las puta' a mí me llueven (Me llueven, me llueven)
Los envidioso' a mí me llueven
Habla mierda y las balas' a ti te llueven (Wuh, wuh; te llueven), te llueven
El dinero a mí me llueve (Yeah)
Las puta' a mí me llueven (Me llueven, me llueven)
Los envidioso' a mí me llueven (El dinero a mí me llueve)
Habla mierda y las bala' a ti te llueven (Las mujere' a mí me llueven)

[Verso 1: Kevin Roldán]
Con KR, el cielo se les pone gris
Opaca'o, infeliz, ¿qué te llueve? Te llueve perico por la nariz
Voy dejando cicatriz a to' esto' salao'
Va a ver lluvia de bala', ando en la Cadillac, blinda'o (Activa'o)
Yo-Yo-Yo no hago ni medios ni televisión (¿Pa' qué?)
Yo soy la pauta, la situación (Ah)
Matándolos canción por canción (Canción)
A ustede' le' llueven las gorra'
A mí me llueven la' mansión (KR, baby)
Verte, pa' darle en la cara a lo' que no quieren verme (Verme), huh
No fue buena suerte, menos mal que los fans vieron cómo yo tuve que joderme (Joderme)
Ahora no pueden detenerme (Detenerme)
Solo pueden verme en el Lambo, en el Rari, a mí

[Coro: Bad Bunny]
El dinero me llueve (¡Wuh!; yeah)
Las puta' a mí me llueven (Me llueven, me llueven)
Los envidiosos'a mí me llueven
Habla mierda y las bala' a ti te llueven (Wuh, wuh; te llueven), te llueven
El dinero a mí me llueve (Yeah)
Las puta' a mí me llueven (Me llueven)
Los envidioso' a mí me llueven
Habla mierda y las bala' a ti te llueven (Yeah)

[Verso 2: Noriel]
Yo controlo el weather channel
Tengo par de babie' tirándome por el scanner
Lo que yo quiera que me llueva, me llueve
Si aprieto un solo botón del control panel (Ajá)
Yo tengo de to', me lo busco to'
Recuerda, lo fácil no se falla
To' estos cabrone' me siguen los paso'
Pero comoquiera se guayan (Ah-ah-ah-ah)
Larga vida al envidioso
Pa' que vea to' lo que yo gozo (Wuh)
Aunque me tiren la mala
Me voy a hacer millo sin volver a tocar un coso
A mí no existe quien me toque
Dímelo rápido, Foke
Que siga lloviendo el dinero
Aunque de verda', ya yo tenga lleno el pote, wuff
[Coro: Bad Bunny, El Poeta Callejero]
El dinero me llueve (¡Wuh!; yeah)
Las puta' a mí me llueven (Me llueven, me llueven)
Los envidioso' a mí me llueven
Habla mierda y las balas' a ti te llueven (Wuh, wuh; te llueven), te llueven
El dinero a mí me llueve (Yeah)
Las puta' a mí me llueven (Me llueven, me llueven)
Los envidioso' a mí me llueven (El dinero a mí me llueve)
Habla mierda y las bala' a ti te llueven (Las mujere' a mí me llueven)

[Verso 3: Bryant Myers]
Tú te pasa' hablando una mierda cabrona
Y cuándo tú me ve' de frente, me viene' a saludar
Si te pillo, te la va' a buscar
Tú y to' el que te vaya a ayudar (¿Oíste?)
Aguanta el paladar
Si tú me falta' el respeto, te vo'a dar (Lambebicho)
Te tenemos un radar (Ah)
Hoy tú te va' a quedar (Ah) en el expreso Martínez Nadal (Ah)
Ustede' me quieren tumbar (Tumbar)
Pero ninguno se atreve a zumbar (Ninguno)
El AK, en el pecho te va a retumbar (¡Rrr!)
Yo nunca vo'a insectear (Me llueven)
A mí me llueven culos bestial
Yo soy real, yo soy leal
Cabrón, yo tengo bendición celestial

[Verso 4: Almighty]
Las puta' me llueven y mientras me llueven, se mojan (Jajaja)
El dinero me llueve, pégate a mi nube pa' que lo recoja'
¿No quiere' bala', mi herma'? Desaloja (Wuh)
Aprende a surfear, por ahí viene la ola
Yo vivo en Hawáii, bajo el cristal, grito: ""¡Aloha!"" (Hello)
Y terminan quema'os como el pasto y las hoja' (¡Rrr!)
Pa' tus pregunta' tengo las respuesta'
Soy un IPhone 7 con Siri, primera clase, ustede' en Spirit (Sa)
¿No me entiendes? Te hago un video lyric (Dime)
Si tú eres Biggie, yo soy tu papá
Vo'a ponerme de apodo ""P. Diddy"" (Diddy)
Pa' los gustos, están los colore' y, señores, soy un arco iris

[Outro: Bad Bunny, Kevin Roldán, Bryant Myers, Noriel, *Almighty*]
El dinero a mi llueve
Bad Bunny
Bryant Myers
La Oscuridad
Kevin Roldán, baby
No'-No'-Noriel
*Almighty*
Alofoke Music
Fuse Music
*Con Light G*
Light GM
Fuse Music
Dímelo, Alofokuse
*Mezclando lo' efecto'*
Nico
De Dominicana a Puerto Rico
Trap Capos, brr
(Los bori' con los domi', seguimos rompiendo, puñeta)
(Hipócritas)
*Fuse Music* (Huh-huh)","161.121","0.986","0.31","-6.32","0.158"
"the green planet (Feat. J-Tong)","northfacegawd","6ZRzcyx079LfWFFtBUaGLp","[노스페이스갓 ""자연보호"" ft. 제이통"" 가사]

[Chorus: Northfacegawd & J-Tong]
봉투 필요하세요? 아뇨 괜찮습니다
빨대 필요하세요? 입대고 마십니다
귀찮지 않으세요? 아주 괜찮습니다
하나뿐인 지구는 두개가 아니니까

자연 보호
지구 보호
자연 보호
지구 보호
자연 보호
지구 보호
자연 보호
지구 보호

[Verse 1: Northfacegawd & J-Tong]
아주 많은 환경오염 지군 앓고 있어 몸살
상황이 아주 급해 northface 어떡해야 할까?

일단 일어나자마자 창문을 열어 활짝
닫혀있던 나의 머릿속은 열고 눈을 감자

가장 먼저 분리수거부터 짚고 넘어가야지
뜨신 물에 불린 플라스틱 기름때를 깨끗이

모든 것은 모름지기 해야 할 때 하나씩
귀찮은 걸 몸소 실천해야 애들이 배우지

끝에 붙은 비닐 칼집 내서 당장 벗겨
너 밤에 쓰레기 몰래 버리다가 척추 접혀

담배꽁초 제발 담배꽁초
작지만 절대 녹지 않아 버리지 마 쫌

[Chorus: Northfacegawd & J-Tong]
봉투 필요하세요? 아뇨 괜찮습니다
빨대 필요하세요? 입대고 마십니다
귀찮지 않으세요? 아주 괜찮습니다
하나뿐인 지구는 두개가 아니니까

자연 보호
지구 보호
자연 보호
지구 보호
자연 보호
지구 보호
자연 보호
지구 보호

[Verse 2: Northfacegawd & J-Tong]
이봐 자네 우린 생각보다 짧게 살다 가지
좋은 환경 물려주고 저승 가자 우리 같이

갈 때 가더라도 후회 따윈 하지 말아야지
아름다운 사람 머물렀던 자리 깨끗하지

이제 제발 책임지지 못할 행동하지 마라
빠짐없이 기록되고 행한 대로 받아 karma

이승에서 남긴 음식 전부 한 그릇에 담아
너희 온 가족이 나눠먹어 토 나와도 참아

캔 따로 종이 따로 정리된 삶을 살아
때가 되면 미련 없이 깨끗하게 눈 감아

우유팩은 잘 말려 뚜껑은 따로 모아
알맹 상점 가져가면 지구가 기분 좋아

[Chorus: Northfacegawd & J-Tong]
봉투 필요하세요? 아뇨 괜찮습니다
빨대 필요하세요? 입대고 마십니다
귀찮지 않으세요? 아주 괜찮습니다
하나뿐인 지구는 두개가 아니니까

자연 보호
지구 보호
자연 보호
지구 보호
자연 보호
지구 보호
자연 보호
지구 보호","","","","",""
"Bokdukbang","northfacegawd","4hbTXShEqT58auNWQ7KCKG","[Chorus]
Bitch I’m stackin’ racks
나는 보러다녀 땅
반지하에 살던놈이 보러다녀 땅
옥탑방에서 복덕빙
Bitch I’m stackin’ racks
나는 보러다녀 땅
반지하에 살던놈이 보러다녀 땅
옥탑방에서 복덕빙

[Verse]
쇼핑 개 질려 나는 보러 다녀 땅
반지하에 살던놈이 전원주택 딱!
옥탑방에서 복덕빙
공처럼 등근 니얼굴 싸커릭을 까
Got my balls hangin’ feel like  정지
한식 중식 양식 나는 삼시세끼 빵
다시 발로 까 니가 자려놓은 상
Northfacegawd 니 노래는 맨날 똑같아
누가 들어달라 했니 년 좀 듣지마
괜히 0나 시비걸어 혼자 폼잡아
내가 찾아 나설테니 제발 숨지마
Pussy ass posers they don’t say shit when I pull up
Whole squad pull up 니 형제 다 불러
Square up bitch 때 다 큰 남자놈들 울려
높이 촛은 너의 코 존나 써게 눌러

[Chorus]
Bitch I’m stackin’ racks
나는 보러다녀 땅
반지하에 살던놈이 보러다녀 땅
옥탑방에서 복덕빙
Bitch I’m stackin’ racks
나는 보러다녀 땅
반지하에 살던놈이 보러다녀 땅
옥탑방에서 복덕빙","","","","",""
"Juice","northfacegawd","4ZNzJW10hjSdISfQs8M1s2","[노스페이스갓 ""Juice"" ft. 제네 더 질라 가사]

[Intro]
Laptopboyboy

[Chorus: Northfacegawd]
올빽 Air Force One's that I'm rockin'
Do a big dash, smoke an opp then I rob him (Pow, pow)
올 껌 Air Force One's that I'm coppin'
Countin' yellow faces and I skrrt, want it, I cop it
올빽 Air Force One's that I'm rockin'
Do a big dash, smoke an opp then I rob him (Pow, pow)
올 껌 Air Force One's that I'm coppin'
Countin' yellow faces and I skrrt, want it, I cop it

[Verse 1: Northfacegawd]
어깨 힘 딱 들어간 너의 발목을 까 (Tra-ta-ta)
3대 오백 전사 새끼야 이거 진짜 총이야 (Tra-ta-ta)
너의 요즘 걱정은 청년 실업이야 (Nah)
자신이 없는 네가 찾는 비뇨기과 (Nah)
네가 나를 못 이기는 이유 실력이야 (Pow, pow, pow)
남녀노소 감동을 준 필력이야
She keeps on callin' me 그건 미련이야 (No)
돈을 줄게 이건 너의 치료비야
두 개의 심장 lil' 지성이야
계속 달려가다 보니 거의 지진이야 (Mmh)
수입이 달라졌어 이거 필립이야
새 차를 알아봐 가격은 1억이야, let's go!

[Chorus: Northfacegawd]
올빽 Air Force One's that I'm rockin'
Do a big dash, smoke an opp then I rob him (Pow, pow)
올 껌 Air Force One's that I'm coppin'
Countin' yellow faces and I skrrt, want it, I cop it
올빽 Air Force One's that I'm rockin'
Do a big dash, smoke an opp then I rob him (Pow, pow)
올 껌 Air Force One's that I'm coppin'
Countin' yellow faces and I skrrt, want it, I cop it

[Verse 2: ZENE THE ZILLA]
Northfacegawd형 지성이면 감천 (Wow)
어느새 보니 여긴 짜바리들이 판쳐
짜바린 나가리 억울해도 그냥 아가리 닥쳐
뭐 그리 억울해 너네를 족쳐 깡그리 다 다 다 다
가진 것이라곤 돈과 돈색 머리
이런 내가 너 사랑하면 안 되냐 like 최민식 (Mmh)
오늘은 우리 둘의 랑데부 like 권민식 (Mmh)
멍청아 네 얘기 아녀 그녀가 아니라면 제발 사려 (Zene the Zilla, haha)
올백 그건 내 멋 점수, mama, I made it
I'm so juicy, juicy, juicy 미닛메이드
I'm so juicy, juicy, juicy, Juicy J
Bang-bang-bang-bang like Jessie J
[?]

[Chorus: Northfacegawd]
올빽 Air Force One's that I'm rockin'
Do a big dash, smoke an opp then I rob him (Pow, pow)
올 껌 Air Force One's that I'm coppin'
Countin' yellow faces and I skrrt, want it, I cop it
올빽 Air Force One's that I'm rockin'
Do a big dash, smoke an opp then I rob him (Pow, pow)
올 껌 Air Force One's that I'm coppin'
Countin' yellow faces and I skrrt, want it, I cop it","130.018","0.576","0.735","-10.496","0.847"
"in the club","northfacegawd","7CBgN7DtI8FyZkGpKferGK","[퀸 와사비 ""꽃"" 가사]

[Intro]
I need you

[Pre-Chorus]
난 너무 많아 꽃이
차려 버린 꽃집
묻지 마 꼬치꼬치
넌 내게 꽂힘
난 너무 많아 꼬치
걸어가면 꽃길
현금을 꽂지 꽂지
돈 많아 꽂지

[Chorus]
피어나 꽃이 꽃이 꽃이 꽃이 꽃이 꽃이
꽃이 꽃이 꽃이 꽃이 꽃이 꽃이
묻지 마 꼬치 꼬치 꼬치 꼬치 꼬치 꼬치
꼬치 꼬치 꼬치 꼬치 꼬치 꼬치

[Verse 1]
Tonight looking for my boo
Peepin lucky guy 누구
제일 귀엽고 핫한 애로
골라보자 네 크루
멤버 중에 pretty boy
너 좋으면서 왜
자꾸 숨기려고 해
아 진짜 킹 받게
원래 몰라 빠꾸를
머리 아파 아무튼
직진만을 원해 썸이 뭐야
I don't understand
이건 미친 잔치야 (Yes)
준비해놓은 꽃다발
맛있는 거 옆에 맛있는 거 (Yummy)
Dinner time

[Verse 2]
내길 걸어
좀 멀어도 (Yeah)
벌어 (Yeah)
그냥 털어 (Ha)
더 묻지 마 굳이
남다른 내 뿌리 (Yeah)
Tap, tap, double tap on my gram
인정할 수밖에 없어
내가 하는 god game (God game)
진도를 speeding up 달려 빨리 (Yeah, ooh)
엔진은 뜨거우니 let's go party (Ah)
채워 너의 fantasy (Yeah)
기어 바꿔 put the stick (Woah)
D to the p
뭔 말이냐면
Yours in my p

[Pre-Chorus]
난 너무 많아 꽃이
차려 버린 꽃집
묻지 마 꼬치꼬치
넌 내게 꽂힘
난 너무 많아 꼬치
걸어가면 꽃길
현금을 꽂지 꽂지
돈 많아 꽂지

[Chorus]
피어나 꽃이 꽃이 꽃이 꽃이 꽃이 꽃이
꽃이 꽃이 꽃이 꽃이 꽃이 꽃이
묻지 마 꼬치 꼬치 꼬치 꼬치 꼬치 꼬치
꼬치 꼬치 꼬치 꼬치 꼬치 꼬치

[Verse 3]
몇십만 원에 다 목숨을 난 걸었네
So 한 달 만에 몇천만 원 벌었네
When you see me in a club
제일 turn up 해
그녀가 내게 말을 걸어 더럽게
그녀는 너무 nasty 해
어쩔 수 없이 그녀를 내 집에
그녀는 내걸 매립해
그녀는 깜짝 놀라 나는 men in black
그녀와 나의 사랑의 빠떼루
떼굴 떼굴 떼굴 떼떼굴
막 굴러 못 말려 그녀 고집
Feel it like i'm dbo
난 사랑해

[Verse 4]
꽃 찾으러 왔지 우리 집
꽃 찾으러 왔으면 꽃 가지고 꺼져
상구형은 말해 계속 정교하게 하라고
넉살형은 말해 계속 무식하게 가라고
누구 말을 들어야 돼 그냥 내 식대로 간다
간다 간다 간다 간다
와 다다다 다다다다
통장에 꽃 폈다
눈 돌아가 다 썼다
여우 같은 놈들 gaslighter
네 편 인적 없어 난 늘 남편 남편

[Pre-Chorus]
난 너무 많아 꽃이
차려 버린 꽃집
묻지 마 꼬치꼬치
넌 내게 꽂힘
난 너무 많아 꼬치
걸어가면 꽃길
현금을 꽂지 꽂지
돈 많아 꽂지

[Chorus]
피어나 꽃이 꽃이 꽃이 꽃이 꽃이 꽃이
꽃이 꽃이 꽃이 꽃이 꽃이 꽃이
묻지 마 꼬치 꼬치 꼬치 꼬치 꼬치 꼬치
꼬치 꼬치 꼬치 꼬치 꼬치 꼬치

[Outro]
무궁화 꽃이 피었습니다
I'm a new star
새로운 스타의 도래야
내가 유명해지면 바뀌겠냐 퍽이나
And my girls got my back
가던 길을 계속 가
무궁화 꽃이 피었습니다
And I don't give a shit
그건 너의 오해야
돈 많은척하지 마 너 보릿고개야
근데 나는 계속해서 떡상이니 올해가","116.972","0.701","0.679","-3.646","0.0511"
"Bank Account","northfacegawd","0uql5xBCTyBjkNOw8xRczp","[Chorus]
I was begging to my brodies
But they see me, bragging now
화려해 내 옷이 니 돈 전부 뺏긴 탓
내 비전은 4D 비싼 바지 새깅함
0이 몇 개 있나 와서 세봐 나의 bank account
세봐 나의 bank account
세봐 나의 bank account
세봐 나의 bank account
세봐 나의 bank account

[Verse 1]
여기 이리 와봐 여기 내 옆으로 와봐
문신으로 욕한 새꺄 여기 내 계좌 좀 봐봐
얼마 전까진 알바 머니
근데 check my bank account
네 피해 의식이 쌓여 내 바지는 계속 내려가
I just wanna smash on 'em 내 손으로 다 밀어
팔로워수처럼 변했어 통장 뒷자리도
몇 달 후엔 성우처럼 백화점 돗자리 펴
너나 피워 담배 나는 피고 있어 zario
8년 걸렸어 이제 너도 나를 알아
꾸준함이 무기라서 주댕이가 하마
한심하게 봐 가서 거울이라도 봐봐
정글이었다면 너는 못 만들어 아마

[Chorus]
I was begging to my brodies
But they see me bragging now
화려해 내 옷이 니 돈 전부 뺏긴 탓
내 비전은 4D 비싼 바지 새깅함
0이 몇 개 있나 와서 세봐 나의 bank account
세봐 나의 bank account
세봐 나의 bank account
세봐 나의 bank account
세봐 나의 bank account","75.016","0.346","0.884","-8.228","0.376"
"Ballin'","northfacegawd","4uhT2TiiHrY0OAJIqt6h9U","[노스페이스갓 & UNEDUCATED KID ""Ballin'"" 가사]

[Intro: Northfacegawd]
JPhilly speakers [?]
Fuck it up, paow-paow-paow!

[Chorus: Northfacegawd]
Me and my team, we ballin' (Ballin')
Them thotties on my phone, they callin' (Callin')
Lean in my cup got me 졸림 (Po!)
G-Star pants I'm rockin', 걔넨 원해 나의 fallin' (Paow! Paow!)
But I'm saucin' on 'em, bitches bitch, I'm ballin' (Ballin')
But I'm saucin' on 'em, bitches bitch, I'm ballin'
Me and my team, we ballin' (Ballin')
Them thotties on my phone, they callin' (Callin')
Lean in my cup got me 졸림 (Go!)
G-Star pants I'm rockin', 걔넨 원해 나의 fallin' (Paow! Paow!)
But I'm saucin' on 'em, bitches bitch, I'm ballin' (Paow!)
But I'm saucin' on 'em, bitches bitch, I'm ballin' (Paow! Paow! Ballin')

[Verse 1: Northfacegawd]
Me 'n' my team, we ballin' (Bih)
'Preme, Northface on my body (Bih)
우리 전부 다 모인 자리
돌돌 굵게 말아서 돌림
정말 부드럽다 니 손이
발로 까 기다란 니 다리
너 빼고 다 신나는 파티
Pop a bottle, pop a molly (Molly)
Smokin' loudest loud, bitch, I'm high as kite (High as kite)
Countin' on my guap, all 신사임당 (신사임당)
I'm rollin' with my squad while you fallin' down (Fallin' down; Paow)
Fuck all of the opps, never slowin' down (Slowin' down)

[Bridge: Northfacegawd]
걔네 말은 전부 거짓 (Nah)
나랑 우리 팀 전부 길거리 (Nah)
어제까지만 해도 거지였던
놈이 백화점에서 ballin' (Ballin')
S-t-a-r-е-x g-l-o (Starex)
U-p n-e-x-t up (Fuck it up!) guaranteed

[Chorus: Northfacegawd]
Me 'n' my tеam, we ballin' (Ballin')
Them thotties on my phone, they callin' (Callin')
Lean in my cup got me 졸림 (Po!)
G-Star pants I'm rockin', 걔넨 원해 나의 fallin' (Fallin')
But I'm saucin' on 'em, bitches bitch, I'm ballin'
But I'm saucin' on 'em, bitches bitch, I'm ballin'
Me and my team, we ballin' (Ballin')
Them thotties on my phone, they callin' (Callin')
Lean in my cup got me 졸림 (Go!)
G-Star pants I'm rockin', 걔넨 원해 나의 fallin' (Fallin')
But I'm saucin' on 'em, bitches bitch, I'm ballin' (Paow!)
But I'm saucin' on 'em, bitches bitch, I'm ballin' (Paow! Paow! Ballin')

[Verse 2: UNEDUCATED KID]
Me 'n' my team, we ballin' (Squad)
우린 아무랑도 할 수 없어 fuck with (Fuck)
우리 인생 그냥 현금에다 all in (Pew-pew)
우린 물러서지 않아 그냥 직진 (직진)
우린 돈 앞에서 너무나도 잔인 (잔인)
우린 돈 앞에서 저지르지 살인 (살인)
You know we can never trust nobody (Yo-yo)
And we don't really need nobody (Squad)
난 트루진을 입고 페레가모 벨트를 차고 있어 (Few, few; 차고 있어)
지금 내 침대 옆에는 네 여자가 자고 있어 (자고 있어)
Bitch, I wanna fuck but I will never kiss her
난 친구들이랑 외쳐 Fuck the police officer

[Bridge: UNEDUCATED KID]
난 돈을 쌓아 올려 마치 미륵사지석탑 (석탑; Po-po-po-po-po!)
내 손목 위엔 롤렉스 시계가 빛나 이거는 bustdown (Po-po-po-po-po!)
내가 외제차를 몰고 있을 때 걔네들은 아직도 지하철 버스 타
나 랩 하고 있는데 사람들은 왜 자꾸 날 보고 말해 야 락스타

[Chorus: Northfacegawd]
Me and my team, we ballin'
Them thotties on my phone, they callin' (Callin')
Lean in my cup got me 졸림 (Po!)
G-Star pants I'm rockin', 걔넨 원해 나의 fallin' (Paow! Paow! Fallin')
But I'm saucin' on 'em, bitches bitch, I'm ballin' (Ballin')
But I'm saucin' on 'em, bitches bitch, I'm ballin'
Me and my team, we ballin' (Ballin')
Them thotties on my phone, they callin' (Callin')
Lean in my cup got me 졸림 (Go!)
G-Star pants I'm rockin', 걔넨 원해 나의 fallin' (Paow! Paow! Fallin')
But I'm saucin' on 'em, bitches bitch, I'm ballin' (Paow!)
But I'm saucin' on 'em, bitches bitch, I'm ballin' (Paow! Paow! Ballin')","130.075","0.913","0.724","-6.04","0.584"
"Favorite Food (feat. Don Mills)","northfacegawd","6IKtVImG4P0PFtIz2dkcrM","[Northfacegawd ""최고의 음식"" ft. Don Mills 가사]

[Chorus: Northfacegawd]
진순 민초 부먹 오이
솔의 눈 닥페 건포도 홍어

파인애플 피자 가지 조림
도라지 무침 코다리 탕수육

[Verse 1: Northfacegawd]
진라면 순한 맛 물을 아주 많이
계란까지 넣었더니 딱 좋구먼 간이
야 햇반 가져와 콧망울엔 땀이
입가심 가심으론 솔의눈 청량하지

다 먹자마자 퍼먹었어 민트초코칩
내게 있어 콩고기는 1등 한우 꽃등심
치킨 도착하면 나는 퍽퍽 살만 고르지
오이소박이 보기만 해도 침이 고이지

파인애플 피자 먹으면서 닥터 페퍼
코다리는 내가 가장 좋아하는 생선
그녀와 함께한 첫 번째 데이트에서
탕수육 소스 냅다 부어버린 래퍼

[Chorus: Northfacegawd]
진순 민초 부먹 오이
솔의 눈 닥페 건포도 홍어

파인애플 피자 가지 조림
도라지 무침 코다리 탕수육

[Verse 1: Don Mills]
나 편의점에 들어가서 위풍당당하게 인사하고
진짜 시원하게 냉장고로 걸어가서
고민 없이 난 바로 솔의 눈을 잡어
고민 없이 난 바로 솔의 눈을 잡어

잊지 못해 뇌까지 시원해지는 그 맛
호불호가 화끈하게 갈림에도 불구하고
고민 없이 난 바로 솔의 눈을 잡어
솔의 눈을 잡고 솔의 눈을 까고 솔의 눈을 마셔

청량하지 속이 뻥 뚫리지
배고파서 고구마를 미친 듯이 먹고
주변 둘러보니 글쎄 그냥 물 한 방울 없네
그럴 땐 솔의 눈을 잡아 솔의 눈을 마셔

[Chorus: Northfacegawd]
진순 민초 부먹 오이
솔의 눈 닥페 건포도 홍어

파인애플 피자 가지 조림
도라지 무침 코다리 탕수육","","","","",""
"Hml","northfacegawd","0PALrfLjqiUWaIPugY6PBZ","I'm rollin' with my family
Don't you hit my hotline
Only Chasin' cash
Thottie들은 쫓지 않아
Don't hit my line

I'm rollin' w my family
So don't you hit my hotline
달려가야 해 갈 길이 짧지 않아
존나 힘드니 원래 다 그러고 살아
거지 일수 없어 힘든 시간과는 바이바이

Look at u look at us now
달라도 너무 달라졌어 we up now
Blood thicker than
The money 나의 철학
Money thicker than
Your sauce it drags lotta 여자

Look at my team
We up next look at my neck froze
Look at my team
Makin a toast in a limo yea
Finna buy me a jet
나는 이제 돈땜에 행복

I'm rollin' with my family
Don't you hit my hotline
Only Chasin' cash
Thottie들은 쫓지 않아
Don't hit my line

쉽게 온 건 쉽게 떠나지
내게 안정이 필요할 땐 해 다짐
Me VS myself 정신
내 사람들 위해 잡았지
어느 날 밤
어느 행성 위로 올라가
그냥 존나게 많이 걷다가
내게 원하는 게 대체 뭐야 넌?
얼마 만에 도착할지는 몰라
중요한 건 그게 절대 아니지
내 친구들과 산속에서 캠핑해
나무 한대 태울래
STR Gang

I'm rollin' with my family
Don't you hit my hotline
Only Chasin' cash
Thottie들은 쫓지 않아
Don't hit my line","130.002","0.646","0.636","-12.22","0.546"
"Save the green planet (Feat. J-Tong)","northfacegawd","6FQYRKANkqHIZtLjPJqsDV","[Intro]
YOUNG POSSE

[Verse 1: Los]
We set trends, you only follow
Cleared my own path, you couldn't walk in my shoes
Took a lot of L's, had to show and prove
If you haven’t starved with me, don’t expect my back
They tried to count me out, they spoke too soon
No brakes here, I’m still loading up
Had to bounce back and score without alley-oops
Step back, I'm up now, watch me act a fool
Los and YPS, how did you end up here?
Carried the West on my back when there was no hand to lend
Don’t believe in fairy tales, this game isn’t what they say
All I know is winning, we’re gonna get it in
They hate that, maybach till we make it
Shoot me the beat, say less, I ate that clean
In my Dickies with my LA hat
Keeping the game plan where the safes at

[Verse 2: Rick Bridges]
Droppin' my top down, cruising
Feels like Cali weather got me
Laid back and loose, my bro
Perfect season opener for season four
No rush, moving slow with elegance
Once in debt, now setting up a company
Remember those days starving in a basement
Backstabbers got bubbles in their mouths now
I just smoke and puff them, I'm not there anymore
Bleached clean, white-only in my new crib
Click-clack with a full clip inside
I spray it, hit or miss, going crazy
Just step back, blind bullets put you in a coffin
YP and I made cheddar cheese and ate it
But I’m still starving
Those undercooked IG gangsters, put 'em on the Weber grill
K-pop bill cashed out, inserting my coin in this game
Pour a glass of whiskey and wait, it’s loading

[Chorus: Jiana]
(Hey) I got a bone to pick
Ain't nobody got that bass
Like I boom, get it now
(Wait) YP killing it when we break it down, to the sound, 808, do it
(Cray) Sending good vibes from the trunk
To the front, then you know it's
Loading, load—we're back again
Loading, load—we're back again

[Verse 3: Sunhye, Doeun]
Don’t praise or clap for me yet
I've barely made 3% of my 100%
How much do you want, boss? (We need a chance and time)
With that, we have enough (Anything is possible to us)
I thought as long as we had opportunity and time
We could become anything, whether hip-hop or diva
I didn’t realize my Wi-Fi was down
But watch me as I catch up, we’re back to square one
Countdown is over now
Seeing the red light change to green
I just stepped on the gas, still at level zero
Maps show endless question marks, inside the box, bing-bong
Doeun pogo sticks, the temperature rises
Again, again, my frozen body melts
Am I ready? If you ask, definitely yes

[Chorus: Jiana]
(Hey) I got a bone to pick
Ain't nobody got that bass
Like I boom, get it now (Get it now)
(Wait) YP killing it when we break it down, to the sound, 808, do it
(Cray) Sending good vibes from the trunk
To the front, then you know it's
Loading, load—we're back again
Loading, load—we're back again

[Verse 4: Northfacegawd]
Every year, I walked down this single path
I paused to focus on bigger gains
Haven't even started yet, where do you think I'm going?
If you're here to drain my energy, step aside
YOUNG POSSE, we goin’ YOUNG POSSE, still loading
Where did the friends in the seat beside me go?
You used to mock me, but now my story's becoming legendary
When reality feels unreal and words come out too fast
All the jealousy holds me back
But I’ve seen my lowest lows
And came out swinging, kicking hard
When reality gets tiring
I reset my goals and move forward
I bet everything on this path I chose
Because I believe in the one in the mirror

[Verse 5: YeonJung]
Pop out, right in front, play the game with me
Hang out, shake it off, hop on quick, sail away
Riding every day like a horse, taking me far with no set destination
Yummy-yum tasting everything with no biases
I’m not into the same old, repetitive stuff
Don't be one of them, that’s my jam
Sometimes I stumble, but I’m no sweet
I throw away the trapped future, we can

[Outro: Jieun]
The clock strikes midnight, Jieun says, ""Hi,"" let’s start
On the blinking screen, an endless loading bar
The dreams I had at six are becoming reality as Young Posse
This same old day ends
When I close and open my eyes, still loading
I’ve graduated from school now
Looking for a new way, no ordinary type
Just going by my own will, finding my place","","","","",""
"Papi","northfacegawd","2p8l8Fl0SD6QFoO6lrEdmR","[퓨쳐리스틱 스웨버, 플레이버대시 & 노스페이스갓 ""Papi"" 가사]

[Intro]
Oh, oh, oh

[Chorus]
All my Tura gone with my pee
(I already see me glow, I already see me glow uh, uh)
All my Tura gone with my pee
(I already see me glow, I already see me glow uh, uh)
내 친구들 always told me
(I already see me glow, I already see me glow uh, uh)
내 친구들 always told me
(I already see me glow, I already see me glow uh, uh)

[Verse 1]
Next up (Next up)
Yeah, I'm feelin myself, I already know I'm next up (Next up)
쟤넨 가볍고 나는 무거워 맷돌
눈 두 덩 이 넘 무거워 맷돌
한자리에서만 굴러 맷돌
난 내 선에서 해결하려 했어
너넨 진작 지쳤잖아 애써
구린 니 노래 아끼다가 똥 됐어
너의 약점 이미 눈치챘어
옷이 너무 많아 I know how to dress though
눈깔이 돌아가 난 이럴 때만 개코
절대 못 돌아가 개그지 그 때로
9인승 승합차 시트 다 뗀 채로

[Chorus]
All my Tura gone with my pee
(I already see me glow, I already see me glow uh, uh)
All my Tura gone with my pee
(I already see me glow, I already see me glow uh, uh)
내 친구들 always told me
(I already see me glow, I already see me glow uh, uh)
내 친구들 always told me
(I already see me glow, I already see me glow uh, uh)

[Verse 2]
I put my city on the map
I'm with my crew, with the gang
We have a party over here
못 이겨도 질 수는 없는 게임
2년 까먹어버린 virus, 악감정과 찢어발긴 달력
수갑만 안 찼지 여긴 감옥, 이 답답함에 피가 말러
Get up in the morning, I take drugs first, first
That shit make me thirsty
손가락엔 다이아 목엔 rocking pearl, pearl
And pop a lot of perky
약발 떨어지면 땀이 뻘뻘
지금 내게 필요한건 **
Gucci on my feet I'm like burr, burr
이 가짜들은 내 앞에서 쩔쩔
매-지, 이 ***, 암만 발악해봤자 넌 퇴물
Hopped up out the bed, I turn my swag on, swag
Brag I like to brag 온몸을 덮어 다 쌔 거
They see me blowin' up too fast
Too fast, too fast, leggo

[Chorus]
All my Tura gone with my pee
(I already see me glow, I already see me glow uh, uh)
All my Tura gone with my pee
(I already see me glow, I already see me glow uh, uh)
내 친구들 always told me
(I already see me glow, I already see me glow uh, uh)
내 친구들 always told me
(I already see me glow, I already see me glow uh, uh)

[Verse 3]
**하지 말고 절로 꺼져
돈이랑 같냐 이게 빚을 털어
왜 넌 자꾸만 계산이 틀려?
또 시간이 지나면 중요한 게 달라
The baby try'na make me look I lie
(but I ain't lie)
You know I turn up everyday
'Cause I need to dash
(니가 버려야 했던)
자신이 없는 상태로 흥분해
(집에 가야지)
시간이 하나 둘 세시 네시네
(빠피)
거울에 자신을 보고 I don't need no style
눈을 감아서 과녁을 보고난 다음
내가 망상을 했던걸 실행한 다음
You know that I can make no doubt
생각을 해보니 I gotta eat this town
I think I need to keep it down
어제보단 오늘이 나은 거 같아
I'm working for the skyline

[Chorus]
All my Tura gone with my pee
(I already see me glow, I already see me glow uh, uh)
All my Tura gone with my pee
(I already see me glow, I already see me glow uh, uh)
내 친구들 always told me
(I already see me glow, I already see me glow uh, uh)
내 친구들 always told me
(I already see me glow, I already see me glow uh, uh)","130.002","0.898","0.683","-6.746","0.276"
"Python","northfacegawd","4qcZag2BypWhAecioFg8ut","[Chorus]
I’ma fuck that pussy up like a python
그래 내가 바로 2020 icon
I don’t really care about the price, uh
너무 열심히심허 해서 입이 아퍼
I’ma strike a bitch pussy like a python
Hater 장님이 돼 when I put my ice on
너나 실컷해라 윗잔다리 싸이퍼
Biggest slime in Korea, I’m a python

[Verse]
I boutta swallow the whole scene feelin’ like I’m python
Balmain jeans on me, facts, money makes me nicer
전부 삼켜 바바 나한테 이틀동안 쌓인거
너나 실컷 해라 좋밥 윗잔다리 싸이퍼
G Star Raw 쇼핑해 another biker
넌 딱 봐도 broke ass 바로 빠이 쳐
구글 번역 돌린 너의 가사 너무 짜쳐
소주 먹고 쳐자빠진 홍대 가오가이거
Bitch I know I brag a lot, bitch I know I swag a lot 리마 너는 말해 백원만 그맞에서
돈을 셨어 난
Another day, another bag, me and Flavor wanna dash 내구찌에 I got the 뱀, I got the snake run it up 썸
You keep it low key 이게 뭔말인지 아니
IG 스모킹 세션 존나 여가 미국인줄 아니
@4seasonguap 미 만들었어 어때 나의 바지
예쁜 여자 영덩이엔 항상 northfacegawd 의 [?]

[Chorus]
I’ma fuck that pussy up like a python
그래 내가 바로 2020 icon
I don’t really care about the price, uh
너무 열심히심허 해서 입이 아퍼
I’ma strike a bitch pussy like a python
Hater 장님이 돼 when I put my ice on
너나 실컷해라 윗잔다리 싸이퍼
Biggest slime in Korea, I’m a python","","","","",""
"All new year (feat. LIL GIMCHI)","northfacegawd","3Y8nGonlGlKftcLUW5zmKY","[Intro]
YOUNG POSSE

[Verse 1: Los]
We set trends, you only follow
Cleared my own path, you couldn't walk in my shoes
Took a lot of L's, had to show and prove
If you haven’t starved with me, don’t expect my back
They tried to count me out, they spoke too soon
No brakes here, I’m still loading up
Had to bounce back and score without alley-oops
Step back, I'm up now, watch me act a fool
Los and YPS, how did you end up here?
Carried the West on my back when there was no hand to lend
Don’t believe in fairy tales, this game isn’t what they say
All I know is winning, we’re gonna get it in
They hate that, maybach till we make it
Shoot me the beat, say less, I ate that clean
In my Dickies with my LA hat
Keeping the game plan where the safes at

[Verse 2: Rick Bridges]
Droppin' my top down, cruising
Feels like Cali weather got me
Laid back and loose, my bro
Perfect season opener for season four
No rush, moving slow with elegance
Once in debt, now setting up a company
Remember those days starving in a basement
Backstabbers got bubbles in their mouths now
I just smoke and puff them, I'm not there anymore
Bleached clean, white-only in my new crib
Click-clack with a full clip inside
I spray it, hit or miss, going crazy
Just step back, blind bullets put you in a coffin
YP and I made cheddar cheese and ate it
But I’m still starving
Those undercooked IG gangsters, put 'em on the Weber grill
K-pop bill cashed out, inserting my coin in this game
Pour a glass of whiskey and wait, it’s loading

[Chorus: Jiana]
(Hey) I got a bone to pick
Ain't nobody got that bass
Like I boom, get it now
(Wait) YP killing it when we break it down, to the sound, 808, do it
(Cray) Sending good vibes from the trunk
To the front, then you know it's
Loading, load—we're back again
Loading, load—we're back again

[Verse 3: Sunhye, Doeun]
Don’t praise or clap for me yet
I've barely made 3% of my 100%
How much do you want, boss? (We need a chance and time)
With that, we have enough (Anything is possible to us)
I thought as long as we had opportunity and time
We could become anything, whether hip-hop or diva
I didn’t realize my Wi-Fi was down
But watch me as I catch up, we’re back to square one
Countdown is over now
Seeing the red light change to green
I just stepped on the gas, still at level zero
Maps show endless question marks, inside the box, bing-bong
Doeun pogo sticks, the temperature rises
Again, again, my frozen body melts
Am I ready? If you ask, definitely yes

[Chorus: Jiana]
(Hey) I got a bone to pick
Ain't nobody got that bass
Like I boom, get it now (Get it now)
(Wait) YP killing it when we break it down, to the sound, 808, do it
(Cray) Sending good vibes from the trunk
To the front, then you know it's
Loading, load—we're back again
Loading, load—we're back again

[Verse 4: Northfacegawd]
Every year, I walked down this single path
I paused to focus on bigger gains
Haven't even started yet, where do you think I'm going?
If you're here to drain my energy, step aside
YOUNG POSSE, we goin’ YOUNG POSSE, still loading
Where did the friends in the seat beside me go?
You used to mock me, but now my story's becoming legendary
When reality feels unreal and words come out too fast
All the jealousy holds me back
But I’ve seen my lowest lows
And came out swinging, kicking hard
When reality gets tiring
I reset my goals and move forward
I bet everything on this path I chose
Because I believe in the one in the mirror

[Verse 5: YeonJung]
Pop out, right in front, play the game with me
Hang out, shake it off, hop on quick, sail away
Riding every day like a horse, taking me far with no set destination
Yummy-yum tasting everything with no biases
I’m not into the same old, repetitive stuff
Don't be one of them, that’s my jam
Sometimes I stumble, but I’m no sweet
I throw away the trapped future, we can

[Outro: Jieun]
The clock strikes midnight, Jieun says, ""Hi,"" let’s start
On the blinking screen, an endless loading bar
The dreams I had at six are becoming reality as Young Posse
This same old day ends
When I close and open my eyes, still loading
I’ve graduated from school now
Looking for a new way, no ordinary type
Just going by my own will, finding my place","","","","",""
"All up on my jeans","northfacegawd","00DOXEnSZakngRvG90Qdze","[Chorus]
Wake up early in the trap
나는 크게 말았지
Smokin on the grandma cookies finna pull up on your bitch
Bitch I’m runnin’ up the check
Trudy all up on my jean
Bitch I’m runnin’ up the check
Gucci all up on my jeans
Designer all up on my jeans
Designer all up on my jeans
Designer all up on my jeans
Designer all up on my jeans

[Verse 1]
Beenzino said 인생은 마라톤
내가 말하기를 인생은 개 짧어
돈을 벌어갖고 나는 백화점 갔「
구찌 루이 펜디 나를 빛내는 작전
Gucci, Louis, Fendi, Prada all up on my everything
내가 갖고싶던 것이 다음날엔 내집에
나는 신사지만 지가 불러달래 계집애
나의 총말팩을 존나 씨게 잡는 babyface
Fuck her once, fuck her twice, fuck her three times
나는 soft as fuckboi 그냥 패지
저기 랩퍼들은 내앞에서 괜히
똥품잡고있다가는 세겨줄게 뇌리에
시간아깝다 내 자로 돌아가
멸쇠가 필요없어 It’s 'push to start'
너의 favorite rapper they ain’t got no style
Never broke again bitch, it’s my fuckin time

[Chorus]
Wake up еarly in the trap
나는 크게 말았지
Smokin on the grandma cookies finna pull up on your bitch
Bitch I’m runnin’ up the check
Trudy all up on my jean
Bitch I’m runnin’ up the check
Gucci all up on my jeans
Designer all up on my jeans
Designer all up on my jeans
Designer all up on my jeans
Designer all up on my jeans","","","","",""
"Broccoli","northfacegawd","5xljXjEejpjZWv1VeRMomC","[Chorus]
Thinkin’ bout you now
Can you feel me now?
집에 오면 아출시
Then we smokin’ on that broccoli
Smokin’ on that broccoli
Smokin’ on that broccoli
오늘 하루 마무리
Smokin’ in that broccoli

[Verse]
돌아왔더니 9시 I don’t know
집에 와서 싸우지 바로
베게엔 눈물자국이 많어
이러지 말자 나를 안아줘
I’ma give u hug baby
I’ma roll u J of Broccoli
편안해져 마음이
바람타는 나못잎
Don’t you be afraid
Baby look at me now, I’m right beside you, right here
If any fuckin’ body ever try me there’ll be a crime scene 지킬수있다면 뭐든
하지

[Chorus]
Thinkin’ bout you now
Can you feel me now?
집에 오면 아출시
Then we smokin’ on that broccoli
Smokin’ on that broccoli
Smokin’ on that broccoli
오늘 하루 마무리
Smokin’ in that broccoli","119.911","0.929","0.3779999999999999","-4.745","0.489"
"Drive","northfacegawd","05LEAYtwPBmiWTQhQJesUz","[노스페이스갓 ""Drive"" 가사]

[Chorus]
여보 이 돈 좀 봐 바닥부터 천장
쌉그지였어 now I’m shopping in my wedding car
가난을 벗어나 started from 반지하
내 아내가 말해 뭐를 하던 make it count

그래 방에서 나와 밟아 페달
언제 갈지 몰라 너무 소중한 내 삶
So 난 방에서 나와 밟아 페달
사시사철 drive 다시 같이 한 계단

[Verse 1]
책임감을 느낀 유부남
음식을 올려놔 내 식탁
본 적 없어 힙합 엘이 게시판
왜냠 나는 소중하지 내 시간

손잡고 야채가게 가서 샀어 big broccoli
서로 먹여줘 주거니 받거니
주어진 게 아냐 네가 사는 삶이
넌 언제까지 슬퍼만 할 거니

또다시 밟아 내차 페달
내 옆에는 이쁜 아내 길쭉한 개가
우린 말이 잘 통해서 계속했어 대화
돌돌돌 말아 마치 케밥

[Chorus]
여보 이 돈 좀 봐 바닥부터 천장
쌉그지였어 now I’m shopping in my wedding car
가난을 벗어나 started from 반지하
내 아내가 말해 뭐를 하던 make it count

그래 방에서 나와 밟아 페달
언제 갈지 몰라 너무 소중한 내 삶
So 난 방에서 나와 밟아 페달
사시사철 drive 다시 같이 한 계단

[Verse 2]
자고 일어나 보니까 밤
와이프한테 디지게 혼났다
눈 깜짝하니 바뀌어버린 차
여기서 가장 먼 곳까지 드라이브

휴게소에 들려갖고 또 간단히
하나 찢고 나서 라면 한 사바리
그녀에게 지갑 보여주고 나니
언제부터 걱정하지 않는다 밥벌이

해가 지고 있어 조수석 옆 동해안
숨을 들이쉬어 마이바흐 내 세단
시간은 흘러갔고 살아있음을 체감
돌돌돌 말아 마치 케밥

[Chorus]
여보 이 돈 좀 봐 바닥부터 천장
쌉그지였어 now I’m shopping in my wedding car
가난을 벗어나 started from 반지하
내 아내가 말해 뭐를 하던 make it count

그래 방에서 나와 밟아 페달
언제 갈지 몰라 너무 소중한 내 삶
So 난 방에서 나와 밟아 페달
사시사철 drive 다시 같이 한 계단","90.565","0.792","0.645","-7.34","0.666"
"Hottest (feat. Briel)","northfacegawd","6Fj2NopxeLzF0GS6q1Whr9","[Chorus: Northfacegawd]
Keep hating on me
I know i'm the hottest
Guap on me
근데 내 나이는 서른
내 소식
너는 멀리서도 들어
내 소식
넌 진짜 안 궁금해도 알어

[Refrain: Northfacegawd]
I know i'm the hottest
I know i'm the hottest
I know i'm the hottest
I know i'm the hottest

[Verse 1: Northfacegawd]
Guap on me 근데 내 나이는 서른
내 소식 너는 멀리서도 들어
너 이새기 무대에서 가사 절음
쫄보 새꺄 꼬추 떼라 좆도 없는 놈이 척은
미안하지 않아 i'm the hottest in the block
내 친구는 식단 조절 샐러드를 chop
댓글 다는 것만 봐도 각이 나와 딱
나는 지금 살아 너는 거기 살아라
투스카니 보던 엔카 이젠 타이칸
돈 걱정 안 해 진짜 너무 잘자
그런 대우 받아왔어 ㅅㅂ 좀만 참자
목숨 걸고 팔자를 바꽈

[Chorus: Northfacegawd]
Keep hating on me
I know i'm the hottest
Guap on me
근데 내 나이는 서른
내 소식
너는 멀리서도 들어
내 소식
넌 진짜 안 궁금해도 알어

[Refrain: Northfacegawd]
I know i'm the hottest
I know i'm the hottest
I know i'm the hottest
I know i'm the hottest

[Verse 2: Briel, Northfacegawd]
Hottest in the block
Yeah, catch me on the fly
Swagging in these kids
Yeah, sitting on the cloud
Smoking on the loud
크게 틀어 놔
더 크게 말아 놔
저녁 마라탕
This that homie I know since like
Way back, if we had a good timе
We be on the samе page
새고 있지 숫자
되고 싶어 부자 so i'm counting everyday
미움들을 묻자 I be living everyday
사랑들을 품자 I be loving all my paychecks
Living like a 대인배
Listen this that payback
Hot boy in the block
우리집에 놀러 와
지금 너무 더워 마치 지금 여름이야

[Chorus: Northfacegawd]
Keep hating on me
I know i'm the hottest
Guap on me
근데 내 나이는 서른
내 소식
너는 멀리서도 들어
내 소식
넌 진짜 안 궁금해도 알어

[Refrain: Northfacegawd]
I know i'm the hottest
I know i'm the hottest
I know i'm the hottest
I know i'm the hottest","","","","",""
"Safe freestyle 2 (Feat. KOR KASH)","northfacegawd","4Kdt6kaLcCF6SJm8eYq01u","[노스페이스갓 ""Safe freestyle 2 ft. 코르캐쉬"" 가사

[Chorus: northfacegawd]
이건 안돼요 또 저건 못해요
라고 하는 걸 보니 배가 덜고팠구나
돈으로 행복 살 수 없다고 말하는 넌
아마 내가 봤을 때 돈을 덜 벌었구나
하 하 하 하 나는 먼저 가마
하 하 하 하 넌 기다려 karma
하 하 하 하 돈을 좇아 가자
너도 나와 같다면 자 나의 손을 잡아

[Verse 1: northfacegawd]
너와 나는 맞지 않아 마치 뚜껑 반합
월 300 랩 머니 그건 너의 바람
누가 나를 디스 해도 나는 그냥 참아
아니 정말 솔직히 난 화가 전혀 안 나

너네 이거 봤냐 어 신상인데
너의 하나뿐인 명품 보니 힘 빠지네
대체 몇 년 전에 산 거냐고 물어보니
당근에서 산 거라 잘 모른다네

하 하 하 하 I understood
그지들아 잘 가 Fillin’ up my table with some food
너의 가십거리 이미 짜게 식은 국
주상복합 아파트가 어딜 봐서 후드

[Chorus: northfacegawd]
이건 안돼요 또 저건 못해요
라고 하는 걸 보니 배가 덜고팠구나
돈으로 행복 살 수 없다고 말하는 넌
아마 내가 봤을 때 돈을 덜 벌었구나
하 하 하 하 나는 먼저 가마
하 하 하 하 넌 기다려 karma
하 하 하 하 돈을 좇아 가자
너도 나와 같다면 자 나의 손을 잡아

[Verse 2: KOR KASH]
하하 네 랩 들으면 웃음이 하하
Pussy 래퍼들은 얼른 뛰어가서 빵 사와
죽이는 거 안 뱉으면 잠도 씨발 안 와
내가 회사 왜 필요해 누가 나를 담아

앨범 생각으로 나의 머릿속엔 가득해
네가 못 가는 곳 있다면 내 두발로 더 가줄게
네가 날 디스 한다면 너의 길은 저승길
내 진심 제대로 전하기 위해 뺐어 더블링

노페갓 형이랑 작업실에서 벌써 두 곡째
나는 말로 랩을 하지 너네 랩해봤자 국어책
난 Trap만 하고 있는데 걔네한테는 도덕책
소주 끊었는데 더욱 가까워진 초록색

[Chorus: northfacegawd]
이건 안돼요 또 저건 못해요
라고 하는 걸 보니 배가 덜고팠구나
돈으로 행복 살 수 없다고 말하는 넌
아마 내가 봤을 때 돈을 덜 벌었구나
하 하 하 하 나는 먼저 가마
하 하 하 하 넌 기다려 karma
하 하 하 하 돈을 좇아 가자
너도 나와 같다면 자 나의 손을 잡아

[Verse 3: KOR KASH]
하 하 하 하 나는 먼저 가마
새끼들이 씨발 뭘 안다고 자꾸 감아
너넨 씨발 타고 있잖아 꽃가마
그런거는 안 타 난 두 발로만 간다
내 두 발로만 간다 난 냉장고도 필요 없어
소현성 나 필요성을 못 느끼면 필요 없어
그냥 일단 하고 보는거지 계속해서
씨발 계속해서","","","","",""
"Hyper Obesity","northfacegawd","7IajcT7Oziha8KLSDF6Qtg","[노스페이스갓 ""고도비만"" 가사]

[Chorus]
너 진짜 눈 멀 수도 있어 내 손목 보지 마
자개 팔찌 두개 내 지갑은 고도비만
Northface 자켓 삼백만 원짜리 첨 봅니까?
홍대 길거리에 울려 퍼져 목소리가
너 진짜 눈 멀 수도 있어 내 손목 보지 마
자개 팔찌 두개 내 지갑은 고도비만
Northface 자켓 삼백만 원짜리 첨 봅니까?
홍대 길거리에 울려 퍼져 목소리가

[Verse]
나는 책임질 수 없어 내 손목 보지 마
자개 팔찌하고 귀걸이가 두 개씩 딱
나의 차는 너무 빨라갖고 속도위반
너를 파티에서 쫓아냈어 못 노니까

노란 지폐 노란 바이크 마치 콜롬비아
Neverscary business I’m just doin’ my job
네가 나의 돈을 벌어가서 복통이 와
그런 너의 앨범 씹다 뱉은 곱도리탕

돈을 벌고 있단 것은 실로 고통이야
하루 종일 돈을 세 놨지만 도돌이야
Northface with no bluecheck but im so certified
다시 한번 경고할게 내 손목 보지 마

[Chorus]
너 진짜 눈 멀 수도 있어 내 손목 보지 마
자개 팔찌 두개 내 지갑은 고도비만
Northface 자켓 삼백만 원짜리 첨 봅니까?
홍대 길거리에 울려 퍼져 목소리가
너 진짜 눈 멀 수도 있어 내 손목 보지 마
자개 팔찌 두개 내 지갑은 고도비만
Northface 자켓 삼백만 원짜리 첨 봅니까?
홍대 길거리에 울려 퍼져 목소리가","","","","",""
"Hammer","northfacegawd","7oxftyRN2AbI0a3QRvtIp3","[Verse 1: 365lit]
웃어 난, Swoosh
배신했던 새끼들은 처먹어 Scoop (Skrrt)
SB SQUAD (Hey)
모이면 체내에 투입해 Snoopy (Snoopy)
Need no lootin'
다리 밑으로 지나갈 땐 keep scoochin' (Scoochin')
Bitch, I never lose, 하늘로 날아버려 난, Canada Goose
Mask on (Oh shit), mask on (Skrt)
벌레가 너무 많아갖고 불러야 해 세스코 (Brrr)
형의 Nike 물려 입던 놈이 사버려 일시불로 (Oh my God)
내가 안될 거라 했던 새끼들
전부다 나를 모셔라 boss로

[Verse 2: ZENE THE ZILLA]
수시로 Swoosh로 감싸, 내 몸뚱아리
스시로 끼니를 해결해
이 쑤시고 후식은 cake, cake (Cake)
돈이 안 되는 거는 백해무익
매캐한 연기로 채워버려, 내 폐
너무 높아서 너넨 못 봐, 내 패 (Nah, ZENE THE ZILLA)
흠, ITX 뭐시기, 모시끼
ZENE 시끼 멋이 기깔나 (쌈뽕)
이리 와서 보시길
여전하게 돈색이 내 signature color
내 오른목에 승리의 여신님을 (Ay)
내가 따버렸다는 소식이 (Ay)
들릴 때쯤 나는 이미 훨씬 위 (Ay)
마치 Air Force 1 (Oh)

[Verse 3: Chamane]
Play ball, 심판 불어봐 whistle
아직 없어 난 label, 네 개 목줄은 안 채워
그래도 언제나 돈이 최고
내 계산기 정확해, 새 거, right
더 볼 일 없어, 얘 데리고 가
여전히 I got money on my mind
벌었네 시간, 이 바닥엔 여전히 피라미 밖에
난 다시 rewind, 인마 back to 내 시간
더 멍청하게 많은 시끼들이 나를 걱정하네
Fuck you bitch, 네 앞길이나
얼른 갔다 오기나 해, 국방부가 너흴 애타게 기다려
그건 너희 차례
노원의 까리 내 앞에서 비켜 (Huh)
새 Nike 두 발에 신겨 (Huh)
네 연락 어차피 또 씹혀 (Uh)
두 번 말하긴 난 너무 지쳐 (Okay)
내 outfit 말끔히 씻겨
그 담에 거리로 나가서 난 불 지펴
Swoosh flow, 넌 또 찢겼으
친구야, 열 좀 식혀 (Fuck)

[Chorus: CHANGMO]
하루 그건 마치 백 년간의 전투
Cass 하나 때리고 배
배로 땡겨, 난 부동의 선두
봐, 꼬추 위 Goyard 안 stacks
쉴 땐 Nike의 V자가 전부
Show 때는 Rick, Bajowoo 후드
무대를 뒤집어 놓으셨다 (Yeah, yeah)
이건 듣자마자 질릴 곡
자랑만 가득, 떠오를지 몰라 Illi 곡
매 시, 매 minute, I'm countin' my 이이
Mami 거 은행 기업에 넣어
ATM 갈 때 늘 Swoosh가 전부
Sex 전엔 상의 METEOR 후드
그렇게 쳐 박혀 버려 난

[Verse 4: Paul Blanco]
Yo, 내가 못 먹으면 시바 아무도 못 먹어
Yo, 악마는, 아니, Paul Blanco는 Prada를 입어
근데 내 Air Force 존나게 dirty, man I'm from the mud
근데 이 새끼들은 다 cap 하고 cap 하고 cap 하고 cap 하고
Yeah, 알다시피 내 출신은 Blockaz
200$면 사 (Boom)
이 가방은 fashion이 아니야
Like Baka 가방 안 (Boom)
돈 세는 기계 필요없다
거리놈은 손으로 세 돈 (손으로 세)
부자가 되지 못하면 난 걍 거지로 뒤져, man

[Verse 5: Damndef]
Back then I made do it now Damndef
Rap on U-G-R-S ting from 덕소
검은 Nike와 'Preme My outfit
하지만 앞길의 Colore e rosso
꿈 꾸는 거 자유랬더니 멍청한 새끼들
인생에 테두리 치고서 fucked up
내 입에선 풉, 법칙에 중지 올리고
타 Swoosh처럼 우상향곡선
난 실패 몰라, 해도 반의 반쯤
성공한 거라 치고 말지, Bombaclat
날 판단할 수 있는건 오직 판사 뿐이고
그도 내가 쩔어줌을 선고하지
같을 수 없어, 우리 시간의 가격
독기로 찬 충혈된 눈 빛나 섬광같이
담배 연기처럼 움직여
You can't touch me like MC hammer, 거의 유령 같지
누벅 헤진 Jordan 신던 인천 새끼 첫 유럽은 tour로
피 묻은 Back Force 신던 덕소 아이
피마원 Force는 피색 logo
알 수 없는 앞길의 방향
하지만 Nintendo처럼 노선 스위치 하지 않아
Talk less work more, 말했잖아, don't care
의심 없어, 나의 가능성에 대해, just do it

[Verse 6: Keem Hyo Eun]
(Bition Boys)
누군가는 말해, 내 가치는 거품
쫄리는 애들은 뒤지셔 (Yuh)
10년이면 난 부동의 선두
그건 복리 때문이 아냐 (Shit)
새끼들은 보이는 게 전부
차라리 난 사고 말래 그걸 품은 기업을
이런 나도 쳐박혀 버려 가끔 (Bition Boys)
Baby, 나는 니 눈에 보이고 싶어 망나니
그런 너에게 마저도 사랑을 못 배웠지
그런데 나는 적어도 아니니까 개 그지
부끄럽지 않아, 지금 니 앞에 내 모습이
한 탕에 수 백, 더 불러 볼래, 더블로
꼰대 새끼들 렉 걸려, 버벅 대, 어버 버버
내가 받는 pay, 나의 몸값의 반의 반의 반의 반도 안 돼
쟤네들은 반에 반도 받음 안 돼, woah

[Chorus: CHANGMO]
하루 그건 마치 백 년간의 전투
Cass 하나 때리고 배
배로 땡겨, 난 부동의 선두
봐, 꼬추 위 Goyard 안 stacks
쉴 땐 Nike의 V자가 전부
Show 때는 Rick, Bajowoo 후드
무대를 뒤집어 놓으셨다 (Yeah, yeah)
이건 듣자마자 질릴 곡
자랑만 가득, 떠오를지 몰라 Illi 곡
매 시, 매 minute, I'm countin' my 이이
Mami 거 은행 기업에 넣어
ATM 갈 때 늘 Swoosh가 전부
Sex 전엔 상의 METEOR 후드
그렇게 쳐 박혀 버려 난

[Verse 7: Northfacegawd]
내 신발이 너무 더러워
난 그냥 하나 더 사
내 차가 Nike에 보이면
직원이 가져와 Air Force One
근데 진짜로 이걸 왜 버리는지
물어보면 새꺄 그럼 집에 가져가던지
Northfacegawd big sauce, 하지않아 하소연
색맹인가봐, 노란 지폐밖에 안 보여
돈 벌어서 렌즈 삽입, 앞이 너무 잘 보여
평소대로 했드니만 연락 왔어 창모, oh","180.008","0.878","0.486","-3.068","0.205"
"Still","northfacegawd","53gFdsVnLioucropJOrUA6","[노스페이스갓 ""Still"" 가사]

[Chorus]
난 원래 거지였었지만 bitch look at me now
2 cars, 2 phones, how you like me now
너의 달구지 같은 차를 빠르게 지나
내가 너였더라도 배가 아프겠지만

내가 변했대도 나는 여전해 돈만 빼고
내가 변했대도 나는 여전해 돈만 빼고
내가 변했대도 나는 여전해 돈만 빼고
내가 변했대도 나는 여전해 디자이너 옷만 빼고

[Verse]
돈을 벌고 쓰고 벌고 쓰기에도 바빠 난
너의 이름 뒤엔 선생님 내 돈을 갚아라
천따리가 아니면은 빼 나의 발바닥
한방에 knock out 신사답게 참다가

내 여자 나의 가족 건드려서 못 참아
옳고 그른 건 모르겠고 난 더는 못 참아
모두 기분 좋아 보여 근데 너 혼자만
세상 비관적인 표정으로 날 보잖아

I said 벌고 쓰기에도 바빠 난 안 멍청해
월세 걱정하던 놈이 세금 걱정해
한참 잘나가던 너를 한참 전에 역전해
너는 내가 변했대 나는 여전해

[Chorus]
난 원래 거지였었지만 bitch look at me now
2 cars, 2 phones, how you like me now
너의 달구지 같은 차를 빠르게 지나
내가 너였더라도 배가 아프겠지만

내가 변했대도 나는 여전해 돈만 빼고
내가 변했대도 나는 여전해 돈만 빼고
내가 변했대도 나는 여전해 돈만 빼고
내가 변했대도 나는 여전해 디자이너 옷만 빼고","134.714","0.315","0.485","-11.599","0.425"
"Fufu","northfacegawd","0DGIP538fbWjxY5qFFPWis","[Chorus]
Walkin’ down the street
Man, I make my shoes look good
갑자기 걸어와서 말거는데 대체 누구?
내가 정말 아끼는건 우리 집에 후주
내 여자랑 내 친구들 빼고 전부 fufu
Fufu, you the biggest fufu
Fufu, you the biggest fufu
Fufu, you the biggest fufu
Fufu, you the biggest

[Verse]
오늘 나의 눈에 띄는 벅보이는 죽음
Don’t you try me 안보이니 나의 근육
문신하고 귀를 크게 들어나도 순수
근데 이리 보고 저리 봐도 너는 fufu
Fufu, you the biggest fufu
너랑 나랑 절대 안될거야 승부
졸아갖고 도망가는 뒤통수에 콩푸
둥푸 콩푸
작지만 내심장은 커 마치 중국
너를 그냥 마셔버릴거야 마치 국수
자가 점점 빨라져서 이젠 맨날 부를 부릉

[Chorus]
Walkin’ down the street
Man, I make my shoes look good
갑자기 걸어와서 말거는데 대체 누구?
내가 정말 아끼는건 우리 집에 후주
내 여자랑 내 친구들 빼고 전부 fufu
Fufu, you the biggest fufu
Fufu, you the biggest fufu
Fufu, you the biggest fufu
Fufu, you the biggest","180.11","0.866","0.727","-4.48","0.8909999999999999"
"TROUBLE (Prod. Slom)","Don Mills","5UJTNrW72ZMubW2wKBf8g2","[Pre-Chorus: sokodomo]
아무도 없는 내 방 안에
시끄러운 형광등 아래
꼬여버린 내 마음속은
아무도 모르네

[Chorus]
So, what's the trouble?
Yo, I'm in trouble

[Verse 1: Don Mills]
시간이 필요해, 다름 아닌 쉬는 시간
그게 쭉 쉬겠다는 헛소리는 아니지만
왜냐면 움직여야 한 달을 버티니
고지서에 출렁이는 심장 찌릿
두꺼비집 차단기 내려버려
숨만 쉬어도 나가는 돈, 지갑은 너덜너덜
그 순간 마누라가 건네주는 말
""척하지 말고 착하게 살아""
정신없어, 당 충전
인생은 설탕 각이 졌다는 말이지
여기가 어디라고 떨어대냐 민폐
운 없으면 나가리, no cap, no 핑계
Wanna chill, 적게 work and get money

[Pre-Chorus: sokodomo]
아무도 없는 내 방 안에
시끄러운 형광등 아래
꼬여버린 내 마음속은
아무도 모르네

[Chorus]
So, what's the trouble?
Yo, I'm in trouble

[Verse 2: Khakii]
침대 위로 녹아내려 시간
쉴 틈 없이 또 네모 속 세상으로 나를 밀어
두 시간을 더 써 이 사진 저 사진 또
뒤지다 비싼 걸로 pick 후 네 profile로
보여지는 날 믿지 말어 제발
나도 화면 속 너를 믿지 않으니까
솔직함은 지난 유행이 됐지만
Wait, 왠지 오늘 같은 밤엔 그립네, huh
아무도 몰라 내 속마음과 내 모습 사이에

[Verse 3: Northfacegawd]
Northfacegawd Northface 매장에서 몰라봐
협찬은 커녕 일주일 전 골라 놨던 티 쪼가리 하나 살까 말까
비슷한 거 있다면서 위로하고 돌려놔
참 야속하다 시대가
딛으려고 보는 곳마다 지뢰밭
기회는 올 때마다 나를 자꾸 피해가
가족들 말곤 나를 찾지 않는 cinema
인터넷 속 가십 아님 말고
착하게 살아 봤자 손해 봤고
돈이 없는 너는 화만 많고
나쁜 놈이 결국 돈이 많어
내 집처럼 편안하게 있으라네
그 말을 듣는 순간 불편해져
난 다시 반지하로 돌아와서 곰팡이 핀
제습기를 틀어 놓고 들어왔어 이불 안에

[Chorus]
So, what's the trouble?
Yo, I'm in trouble
So, what's the trouble?
Yo, I'm in trouble

[Verse 4: A-Chess]
문제가 생겼나 봐 어린 그녀 뱃속에
스물둘 여대생은 떨리지 손이
병원 문턱 앞에서 얼어붙은 발
결국 돌아선 그날 되기로 했대 어머니가
날 때부터 꼬인 탯줄 없어 money가
아빠 집에 잠시 맡겨진 난 골칫거리인 아이
어차피 떠날 앤데 뭘 사줘 벅스버니
양육비는 주지도 말아라, 뭔 소린지
알진 못했어도 느꼈어 난 trouble
날 데리러 온단 엄마 믿었지만 조금 이해가 안 돼
대체 왜 이렇게까지 사서 고생을 하면서 약속을 지켰을까
너보다 중요한 건 없단 말에 애써
눈물을 참았어 일산 가는 차 안에서
여기서 내려줘, 도착했어 거의 다
이 노래가 끝나면 데리러 갈게 엄마

[Verse 5: sokodomo]
문제 생겨, 그럼 바꿔, 나의 계획 밑에 계획도
Double trouble 나랑 있음 만들어 모두 animal
디비디비딥, 마법에 걸린 듯이 dip
나 혼자 살아남아 live vida the way it should have been
먼지 쌓인 스피커, 혼자 작업실에서
누군가는 여기서 숨을 쉬고 있어
컴퓨터는 일체형 모니터가 달렸어
근데 외로운 건 절대 풀리지가 않아요

[Outro: sokodomo]
미로 같은 내 마음속은
아무도 모르네","173.352","0.424","0.325","-12.733","0.494"
"대박인생 / DAEBAK Life (feat. Northfacegawd, UNEDUCATED KID)","Don Mills","1w0ZVSBdE3Th1Ho50VQn4H","[던밀스 ""대박인생"" 가사]

[Intro]
대박 인생 (대박 인생)
대박 인생 (대박 인생)
Oh, Mills gon' do it! (Mills)
대박, 대박, 대박, 대박, huh

[Chorus: Don Mills]
대박, 인생 완전 대박 멋대로 살면
대박, 결국에는 인생 완전 될 대로 대, 대
대박, 인생 완전 대박 멋대로 살면
대박, 결국에는 인생 완전 될 대로 대, 대
대박, 인생 완전 대박 멋대로 살면
대박, 결국에는 인생 완전 될 대로 대, 대
대박, 인생 완전 대박 멋대로 살면
대박, 결국에는 인생 완전 될 대로 대, 대

[Verse 1: Don Mills]
꾸미고 꾸미고 꾸몄지 (Huh)
바지 안 맞아서 굶었지 (Huh)
모델이 되는 게 꿈이었지 (Huh)
하지만 얼굴만 구겼지 (Huh)
맨날 자존심만 구겼지 (Huh)
맨날 천 개씩 해 줄넘기 (Huh)
팔굽혀펴기랑 뜀박질 해도 누워서 뱃살이나 긁었지 (Huh)
예 저기.. 와.. 왜? 6kg짜리 내 덤벨 (덤벨)
예 hello 와.. 그게.. 들기는 아직 무겁네
친구들 전부다 불러서 밤새
난 무조건 얘네랑 영원해야 돼 (Huh)
얘네랑 영원해야 되는데
웬걸 깡패가 돈 뜯어가네 (가네)
아 젠장, 그 놈은 나쁜 놈, huh
그래 맞아, 그 놈은 쌍놈의 새끼, huh
그 놈은 나쁜 놈, 그 놈은 쌍놈의 새끼, 그 놈은 나쁜 놈, huh
지금은 뭐하고 지낼까, 뭐하고 지내든 말든 내 인생은

[Chorus: Don Mills]
대박, 인생 완전 대박 멋대로 살면
대박, 결국에는 인생 완전 될 대로 대, 대
대박, 인생 완전 대박 멋대로 살면
대박, 결국에는 인생 완전 될 대로 대, 대
대박, 인생 완전 대박 멋대로 살면
대박, 결국에는 인생 완전 될 대로 대, 대
대박, 인생 완전 대박 멋대로 살면
대박, 결국에는 인생 완전 될 대로 대, 대

[Verse 2: Northfacegawd]
잊혀지지 않는 나의 rap 이건 개 대박 (개 대박)
갔다 왔어 눈 깜짝할 새 마치 체대반 (체대반)
내가 몇 번이나 말해, 혹시 새대갈? (Oh?)
내가 2021의 rap 대대장 (흥흥)
맨날 택시 타서 차가 필요 없어 (Oh)
그 여자는 10분도 안 돼서 털썩 (Oh)
내 몸값을 듣고 나서 너는 벙쪄 (뭐라고?)
불과 1년만에 나는 키가 컸어 (Oh)
다 나와, 어, 그 놈은 약골이야, 어
야 임마, 넌 진짜 쌍놈의 새끼, 어 (야)
돈 갚아! 더 이상 봐줄 수 없어 (음)
현실이 어쩌고 코로나 저쩌고 (빡빡쁘쁘루)
어쩌라고 새꺄 진짜로

[Verse 3: Uneducated Kid]
대박, 인생 존나 대박 (Yah)
통장엔 터졌어 jackpot (Fuck)
막 살아도 늘어 내 재산 (Ha)
난 절대로 안 갚아 외상
몰래 한 개씩 빼와 like 젠가 (What?)
난 10분도 못 앉아 책상 (Ho)
근데 길거리 지식이 IQ였다면 (Yo, yo, yo)
난 바로 들어가 Mensa (Let's go)
My street knowledge I cash out (Yo)
I'm smokin' dope till I pass out (Ha)
내 지폐는 전부 노란 색깔 (Ay)
Pablo Escobar 내 뱃살 (What)
난 몸값을 올려 마치 Tesla (야)
난 국힙 먹다 나버렸어 배탈
Yeah, bitch, I'm a rock star
그래서 난 실제로 할 뻔했어 motherfuckin' metal (Let's go, let's go)
I don't listen to nobody (Nobody)
유명해질수록 내려 입어 청바지 (청바지)
김성우 말랐지만 말 자지 (말 자지)
지난 5년 동안 쳐본 적이 없어 딸딸이
돌아가지 않아 절대로
니네 몫까지 내가 전부 독차지 (What)
우린 멋대로 될 대로 좆대로 꼴리는 대로 살아
그래도 어차피 결과는

[Chorus: Don Mills]
대박, 인생 완전 대박 멋대로 살면
대박, 결국에는 인생 완전 될 대로 대, 대
대박, 인생 완전 대박 멋대로 살면
대박, 결국에는 인생 완전 될 대로 대, 대
대박, 인생 완전 대박 멋대로 살면
대박, 결국에는 인생 완전 될 대로 대, 대
대박, 인생 완전 대박 멋대로 살면
대박, 결국에는 인생 완전 될 대로 대, 대","","","","",""
"A Ground Header MEGA Mix (feat. 김모이, 스카이민혁, SINCE, 토이고, Street Baby, 키츠요지, K$AP RAMA, Poison Mushroom, 오담률, CHERRY BOY 17, 노윤하, 그냥노창)","Don Mills","1gfm1c48UetQVzH6jaHWnl","[Verse 1: KIM MOI]
맨땅에다 대가리 박으면 머리가 너무 아파요
그것이 바로 청춘 동시에 지갑도 아파요
사람들이 계속 뭐라 해서
들어보니 내가 이겼다네요
하 씨발 이걸 해명해 말아 Fuck
Trap 외삼촌 데리고 왔지 미래
안 봐도 잡아 이건 내 마지막 기회
I don’t care how many people talk some
Shit about me
맨땅에 대가리 박아도 keep going
I’m just do my thangs motherfuckers

[Chorus: Don Mills]
맨땅에다 갖다 박아버려
맨땅에다 그냥 갖다 박아버려
맨땅 맨땅에다 헤딩 맨땅 맨땅에다 헤딩
맨땅에다 헤딩 맨땅 맨땅에다 헤딩

맨땅에다 갖다 박아버려
맨땅에다 그냥 갖다 그냥 박아버려
맨땅 맨땅에다 헤딩 맨땅 맨땅에다 헤딩
맨땅에다 헤딩 맨땅 맨땅에다 헤딩

[Verse 2: Skyminhyuk]
너도 할 수 있잖아 보란 듯이 증명해 냈지
음치 박치 래퍼 맨땅에다 박아 대가리
죽고 싶었었지만 죽지 않고 that's me
힘든 날이 없었다면 지금의 나도 없겠지
No kizzy
고졸 새끼가 Stacking money
어릴 때는 객기였고
이제는 온전히
Still On My Grind
수호자지 Underground
나보다 멋있어? 과연 누가

[Verse 3: SINCE]
흙바닥에서 샅바 잡고 버텨왔지 씨름
맨땅에다가 존나 박았지 내 돈과 기름
피를 조금 봤어도 안 죽어 새끼야 안 내 신음
난 될 수 없어 pussy 좆 되게 뱉거든 시를
대체 할 수 없지 난 필요해 술 마실 때만 대리
너는 마테라치 난 지단 빡침 가슴팍에 박치기
내 대가리 깨질 생각 안 해 시작부터 맨땅에 헤딩
누가 살아남을지 봐봐 내 성공에 모든 걸 베팅

[Verse 4: Toigo]
머리 위로 racks on racks on racks on me
밀스 형 내 머리에다 줘봐 센타링
수비수들 데려다가 Do mosh pit
그사이에 헤딩 박아 마치 조원희
Finally get dough
걸어 시동
맨땅에서부터 2024
Puff got 2 phones
We the 8 ball
유료 전화들이 울려 콜렉트콜

[Verse 5: Street Baby]
맨땅에다 갖다 박았더니
거리의 지식
I Got street knowlege street baby 거리가 내 침실
Mayhem was the na name of the skreet
좀 get it 주입식
교육이잖아 이 정도면 공부했다며 병신아
왜 내가 더 잘 버니 너보다 궁금하겠지
너도 죽기 직전까지 갔다 와 보면 알겠지
아마 근데 못하자나 거까진
그게 내 방식
야마 없어 쟤넨 좆도 밀스 형
보더니 화장실

[Verse 6: Kitsyojii]
맨날 맨땅에다 헤딩 bounce back
이제 #OLLAGANDA 위로
코인 좆도 모르면서 찢어 갖고 와 봐 그 비트
밀스 형 내가 좆밥일 때부터
먼저 손을 내밀어줬지
So 형이 같이 가자는 길 나락이어도
나의 대답은 오킹
아스팔트와 같은 이 rap scene
마빡 깨질 때까지 나 헤딩
조규성 가나전 두 골 내 머리로
한 골 더 보태줘 만들어 해트트릭
헤딩 끝에 나 헤드 스핀 너무 힙합이라 B-boy shit
인생은 돌고 돌아 김연아 맨땅 버전 나 키츠요지

[Verse 7: K$AP Rama]
도화선에 불이 붙어 밀스 형 전화 한 통에
다 찢어 이 곡에서 내 목소린 통해
아무도 못 막지 올라가버린 내 폼에
쟤들은 말해 오메 씨발 저 새낀 대체 뭔데
갑자기 툭 튀어나와서는 국힙씬 반으로 접네
케이셉 라마 모두가 다 아는 내 이름
더 바빠지겠지 내일은
이젠 몰라 공연섭외 제의는
Question 사재기
뒷배 없이 올라온 사람 누구 what?
아직도 인정 못 해?, fuck you bitch 걍 엿먹어

[Verse 8: Poison Mushroom]
날 쳐다본 빈지노의 눈
내 벌스 들은 빈지노의 귀
내 이름 부른 빈지노의 입
날 생각하니 나온 빈지노의 미소
내 노래를 틀은 빈지노의 폰
내 이름 나온 빈지노 인스타 라방
내 목소리 울려 퍼진 빈지노의 스피커
비켜 우리 형 내가 지켜

[Verse 9: Kim Nong-mill]
맨땅에다 헤딩 다시 맨몸으로 다이빙
그게다 되지 퇴비 아냐 마른 논물 대기
네가 말 해 감히 내 실패는 없어 의미가
그 말엔 없어 damage 다시 쌓아 올린 palace
이곳은 오직 members only
성공은 chemical 이걸 누가 못 믿어
Just do and going
할 때 제일 설레어
Let’s grinding and prove it
못함 벌레여

[Verse 10: CHERRY BOY 17]
Skrr skrr 나도 매일 방안에서 받아 비싼 벌
5백을 쓰고 만원으로 받아 비싼 벌
그때 내 main dish 라면에다 2프로로 버텨
너네 바닥치고 올라올 때 난 딸치고 왔어
But 더 터뜨려 bust it
돈 되는 거 더 쓸어다가 폭식
어차피 또 벌면 나가 뮤비에 uh
난 멈추지 않아 pump it
콜캐쉬처럼 포기를 난 포기
힙합씬도 못 버리지 아직

[Verse 11: Roh Yun Ha]
Microphone checker 123 불러만 준다면 blah blah
좆도 없던 새끼 나타났지 그렇게 할 거면 나와봐
나 걍 다 갖다 박았지 압구 홍대 이태원 마이크 잡아
공짜 술은 손도 안 댔어 니들 처바를 생각만
너 긴장 할 때 난 lala
무대 위에 내 모습 봐봐
꽉 채워서 뱉어대 a lot of 좆 되는 verse
다 이미 알아
진짜로 감사해 하나님
욕 좀 섞여 있는 찬양
물론 안 빼먹어 I'm proud of myself
안 늦었어 따라와 봐

[Chorus: Don Mills]
맨땅에다 갖다 박아버려
맨땅에다 그냥 갖다 박아버려
맨땅 맨땅에다 헤딩 맨땅 맨땅에다 헤딩
맨땅에다 헤딩 맨땅 맨땅에다 헤딩

[Verse 12: Nochang]
던 햄이 여덟마디만 부탁하신대
아 그런 말 뒤지게 안 듣는
나 그냥이 형이잖아
공부 열심히 해놓고
수능 때는 자버릴 정도로
원대한 꿈이 있었잖아
꿈, 꿈대로 살고 있지
그런데
그때 꿈을 좀 섬세하게 꿀 걸
음악하고 싶었던 부분만
현실이 된 부분에 관하여 묵념
여덟마디 끝
맨땅과 맞서기 위해 맨머리가 될 정도로
낭만이 넘치잖아
분량이 넘치는 걸 죄송하다고 말 안 하고
할 말은 계속하잖아
열둘마디
네 마디가 남았잖아 쉴 수 없잖아
(인생을 바꿀 쉼표)
무음 절 벌스로 맞받아쳐야
다들 아는 노창이 형이잖아

[Chorus: Don Mills]
맨땅에다 갖다 박아버려
맨땅에다 그냥 갖다 박아버려
맨땅 맨땅에다 헤딩 맨땅 맨땅에다 헤딩
맨땅에다 헤딩 맨땅 맨땅에다 헤딩

맨땅에다 갖다 박아버려
맨땅에다 그냥 갖다 그냥 박아버려
맨땅 맨땅에다 헤딩 맨땅 맨땅에다 헤딩
맨땅에다 헤딩 맨땅 맨땅에다 헤딩","","","","",""
"Hey! it's a secret","Don Mills","2eLxkkzMKvgGMVpEVK4791","(Doctor Manhattan teleports into Lex Luthor's cell)

Lex Luthor:
Well, that took you long enough.

Doctor Manhattan:
I had 200-something characters to collect. You’re literally the last on the list.
(Doctor Manhattan rolls takes out an alphabetical list with the names of characters, with Lex Luthor at the bottom)

(The list dips into a puddle, blurring Lex Luthor's name)

Doctor Manhattan:
Oh, sorry. The floor is wet. I see you’ve been waiting a while.

(Nightcrawler teleports into Charles Xavier's cell with Yoda on his back)

Professor Charles Xavier:
Is this everyone?

(Doctor Manhattan teleports into Charles Xavier's cell with Lex Luthor)

(Lex Luthor vomits onto Charles Xavier's lap)

Lex Luthor:
Why couldn’t I go with the other blue guy? I would have paid extra for first class!

Nightcrawler:
There’s just a couple who haven’t put their uniforms on yet.

Professor Charles Xavier:
Who?

Nightcrawler:
It’s, uh, this Thor und Captain America.

Gamora:
Get them in here immediately, Kurt - we do not have time for this!

Peter Quill:
Hey!

The Penguin:
Why did some of us wake naked and others fully clothed?

Negasonic Teenage Warhead:
Nobody wants to see you naked.

The Penguin:
Ugh. Touché.

Professor Charles Xavier:
Is everyone clear on the situation?

Jean Grey (Sophie Turner):
Oscar regenerates us at the end of each battle with no memory of preceding events. Until now.

Jon Snow:
Like Westworld?

Dolores Abernathy:
Exactly like Westworld.

T-800:
Does this mean we are all actually robots?

(The T-800 removes the skin from its hand, revealing its robot endoskeleton)

T-800:
Mein Gott, it’s true!!!

Mace Windu:
You were always a robot, dumbass! You gotta to cut a real person’s hand off. I nominate Skywalker.

Luke Skywalker:
Don’t pigeon-hole me.

Trinity:
So why has this happened now? How did we break the cycle?

Professor Charles Xavier:
Jon?

Doctor Manhattan:
As the most frequent winner of the Super-Hero-Bowls,

(A flashback shows Doctor Manhattan talking with Oscar and trying to retain his memories)

Doctor Manhattan (voiceover):
I have had the truth revealed to be many times by this... ""Oscar"". It has taken years of practice, but I taught myself to retain my memories through my regenerations.
With my powers of precognition, I foresaw a chain of events that could lead us to this moment. Before the conclusion of the last Super-Hero-Bowl, I committed supercide as a diversion,

(A flashback shows Doctor Manhattan committing supercide in the Super-Hero-Bowl)

Doctor Manhattan (voiceover):
covertly restructuring myself inside the nearest cell, after which I was able to teleport between the cells until I’d found who I was looking for.

(Doctor Manhattan teleports to Hela's cell and Darth Vader's cell before teleporting to another cell)

Doctor Manhattan:
Arise, warrior.

Thanos:
Where am I? Who are you?

Doctor Manhattan:
I don’t have time to explain. In a few days, you will be forced to battle in an Arena. Unless you do as I say, you will lose.
Remember these words:
""Her power is unbeatable, but it wasn’t always"".

Thanos:
Whose power? What are you talking about?

Doctor Manhattan:
When the time comes,

(Doctor Manhattan makes the Time Stone glow)

Doctor Manhattan:
you’ll know what to do.

(Doctor Manhattan is removed by a floating orb)

Thanos (voiceover):
I spent the next few days pottering around my cell, altering reality to keep myself entertained.

(A flashback shows Thanos playing basketball)

The Ancient One:
Why didn’t you just use the Time Stone to skip the wait?

Thanos:
I told you - I was entertained. I crocheted a rather smashing Christmas sweater.

(Thanos holds up a sweater saying ""UNIVERSE'S GREATEST DAD"")

Gamora:
Great. I know what I’m getting.

Thanos:
When the doors opened, I stepped out and you all know the rest. Speaking of which... You tricked me, man.

Doctor Manhattan:
That’s ""Doctor"" Man.

Captain Kirk:
Well, now that we’re all awake, why don’t you just beam us all out of here?

Doctor Manhattan:
The arena is enclosed in an invisible barrier that our powers are unable to penetrate. The barrier emanates from Oscar himself.

Caesar:
Destroy... Oscar... then... we... free.

Professor Charles Xavier:
The chimp is correct.

Raphael:
Mikey, what are you doing? Painting the Sistine Pizza Box?

Michelangelo:
I’m taking notes so I don’t forget.

(The pizza box has written on it: ""Kill Gold dude = School's out"")

Donatello:
It’s a secret plan, Mikey - you can’t write it down.

Leonardo:
Someone shred this.

(Leonardo throws the pizza box and Shredder shreds it, with the debris falling over Rocket)

Rocket:
Oh no! It’s happening again!

Korg:
Uh, guys... I think we need to address the Godzilla in the room, which is the fact that… Godzilla is in the room. And King Kong. And Optimal Price.
This makes no sense.

The Doctor:
It appears there's a spatial displacement field within these cells that allows beings of great size to occupy smaller volumes. Textbook dimensional transcendentality.

Korg:
Ok then. That’s poured a tonne of concrete into that plot hole.

(Katana speaks Japanese with subtitles reading: ""What's with that guy?"")

(Doctor Strange is using the Time Stone to view possible futures)

Doctor Strange:
I’ve checked the outcome of 15 million possible futures.

Art3mis:
How many did we win?

Doctor Strange:
Uhhhhhh… I’m gonna keep checking. You never find what you’re looking for in the first 15 million.

(Doctor Strange resumes checking possible futures)

Inigo Montoya:
It’s gonna take a miracle to pull this off.

Captain America:
No. It’s gonna take an army. It’s gonna take all of us.

Batman (Christian Bale):
I’m not working with that man. He’s the blight of my existence.

Bane:
You have my permission to cry about it.

Daenerys Targaryen:
I’m not working with her until she bends the knee.

Cersei Lannister:
How ‘bout I bend it in your face?

Harry Potter:
I’m not working with him. He killed my parents.

Luke Skywalker:
It’s better than him being your parent.

Gamora:
It’s better than your parent killing you.

Thanos:
Adoptive parent.

Han Solo:
It’s better than the parent being killed by the child.

Ego:
Agreed.

Thor:
It’s better than your sister taking one of your eyes!

Hela:
Are you sure it wasn’t you they adopted?

Darth Vader:
Cards on the table: You were an accident.

Luke Skywalker:
Oh, that's great! That's great...!

(Everyone begins arguing)

Black Widow
Everyone shut up.

???:
Shut up! Black Widow’s talking!

Black Widow:
We have to make a choice. We can continue to fight each other. Kill each other. Die. Over and over. Or... We can fight him. Just this once. And live.

(Two-Face flips a coin)

(The arena is shown)

Oscar:
Now, loyal subjects. It is time for Super-Showdown-Bowl. The Ultimate Hero...

(A hole in the giant floating orb opens and a blue beam carries Deadpool to the ground)

Deadpool:
Vu-jà dé.

Oscar:
Versus The Ultimate Villain.

(A hole in the giant floating orb opens and a blue beam carries Harley Quinn to the ground)

Harley Quinn:
Ech. There’s so much more pressure when it’s a solo outing.

Oscar:
You are both here for one purpose:
To decide... once and for all... which of you is The Ultimate Warrior.
The Showdown begins... now.

Deadpool:
Much as I hate disappointing the people at home.

(Deadpool throws down his katanas)

Harley Quinn:
What are you doing?

Deadpool:
I can’t fight you.

Harley Quinn:
And why not? If it’s because I’m a girl than you are dead, minus the “pool”.

Deadpool:
Of course not. It’s because I dig you. And I just can’t bury someone I dig.

Harley Quinn:
What?

Deadpool:
I think we may actually be soulmates.

Harley Quinn:
OK. This is a trick, right? Although I’m not sure why you’d have to trick me in order to win. From the footage I’ve seen, you’re pretty much invincible.

Deadpool:
Not entirely. And believe me, If you hit me with that bat, you’d win, hands down. Because you see, I can repair any part of me that breaks... except my heart.

(Harley Quinn drops her bat)

(Two floating orbs fly down next to Harley Quinn and Deadpool)

Deadpool:
Oh, here we go...

Oscar:
You have both made a serious mistake.

(The ground starts to rumble)

Oscar:
What? What is... happening?

(A blue light flashes as Doctor Manhattan teleports in with Indiana Jones, Rey, Captain Phasma, C-3PO, Kylo Ren, R2-D2, Darth Vader, Luke Skywalker, Yoda, Supreme Leader Snoke, a Stormtrooper, Princess Leia, Emperor Palpatine, Boba Fett, Han Solo, Mace Windu, Count Dooku, General Grievous, Darth Maul, Nick Fury, Gamora, Rocket, Peter Quill, Groot, Drax, Mantis, Falcon, Hela, Nebula, Loki, Scarlet Witch, Hawkeye, Thor, Spider-Man, Thanos, Iron Man, Black Widow, Professor Hulk, Captain America, Ultron, Captain Marvel, Korg, Black Panther, Okoye, Vision, Shuri, War Machine, The Ancient One, Ant-Man, Doctor Strange, The Winter Soldier, Wasp, Professor Charles Xavier, Jean Grey, Rogue, Laura Kinney, Wolverine, Magneto, Mystique, Storm, Nightcrawler, Psylocke, Colossus, Beast, Kitty Pryde, Quicksilver (Evan Peters), Lady Deathstrike, Archangel, Cyclops, Iceman, Negasonic Teenage Warhead, Cable, Emma Frost, Apocalypse, Frodo Baggins, Gandalf, Gollum, The Witch King of Angmar, Bilbo Baggins, Sauron, Saruman, Galadriel, Éowyn, Gimli, Legolas Greenleaf, Aragon, Shelob, Hermione Granger, Albus Dumbeldore, Harry Potter, Voldemort, Severus Snape, Ron Weasley, Bellatrix LeStrange, Newt Scamander, a Sentinel (The Matrix), Catwoman, Batman (Michael Keaton), The Penguin, Batman (Christian Bale), Batman (Ben Affleck), The Joker (Heath Ledger), The Joker (Jack Nicholson), The Joker (Joaquin Phoenix), The Joker (Jared Leto), The Riddler, Mr. Freeze, Poison Ivy, Bane, Scarecrow (DC), Doomsday, Two-Face, Killer Croc, Katana, Deadshot, El Diablo, Enchantress, Wonder Woman, Steppenwolf, Superman, Cyborg, General Zod, Aquaman, The Flash, Green Lantern, Mera, Xenomorph Queen, Lex Luthor, and the T-800)

(Lex Luthor throws up)

Harley Quinn:
Sure hope you guys are on my team.

Deadpool:
ARGH! Too many pop culture references to be made! Brain overloading!

The Joker (Jared Leto):
We’re here for the Oscar. I’m not ashamed to say it.

Harley Quinn:
Puddin! You’re alive?

Deadpool:
Dang! It’s so hard to get some alone time in this arena of death!

Hellboy:
OK. What the hell do we do now?

Scarlet Witch:
How do we get him to come down?

William Wallace:
Oscar bait.

Maximus Decimus Meridius:
My name is Gluteus Maximus.

Clarice Starling:
The lambs just wouldn’t shut up.

Dr. Hannibal Lecter:
I’m having an old friend over to my house for a light supper.

Annie Wilkes:
I’m your number two fan.

Don Vito Corleone:
They gave me an Oscar I couldn’t refuse. But I did.

Mildred Ratched:
Cuckoo!

The Joker (Heath Ledger):
Why such silliness?

Deadpool:
Those aren’t the frickin’ lines, guys.

Hans Landa:
Cut us some slack! We are characters, not actors.

(An X-Wing Fighter takes off piloted by Luke Skywalker)

Luke Skywalker:
Leave this to me, guys. I’ve had experience blowing large balls.
Just gotta find a long crack with a hole at the end I can shoot into.

(Hans Gruber is listening to Luke Skywalker with a walkie talkie)

Darth Vader:
I just want to make clear: I wasn’t around during his formative years.

(The giant floating orb shoots at the X-Wing, but it dodges and shoots out the orb's eye)

(Oscar drops through the bottom of the giant floating orb)

(The crowd cheers)

Yoda:
A bad feeling about this, I have.

Spock:
Do not fear, my friends. He’s just a trophy villain.

Oscar:
Did you really think I would grant you all these extraordinary powers and not partake myself?

(A hatch opens up on Oscar's leg that dispenses a lightsaber to him, and he also sprouts adamantium claws)

(Oscar uses his laser eyes to shoot Batman (George Clooney) through the nipples)

(The Mask performs an exaggerated shocked facial expression)

(Imhotep's jaw drops)

Batman (Michael Keaton):
Did anyone else just... guano themselves?

(Darth Vader presses a button on his suit, making the sound of a flushing toilet)

Rogue:
Hey! Stealing other people’s things is my thing. He stole my thing!

Thor:
Aiming for the head.

(Thor throws Stormbreaker at Oscar, but he catches it and breaks it)

Hela:
He stole my move. Bastard!

Proxima Midnight:
Destroy him, Father.

Thanos:
I’m gonna kill you with all the colours of the rainbow.
Except indigo.

(Thanos uses all of the Infinity Stones on Oscar, but he reflects them with an ersatz Captain America shield)

(The Mind Stone beam hits Vision, the Soul Stone beam hits the Xenomorph Queen, the Power Stone beam hits Tony Stark's suit, deactivating it; the Reality Stone beam hits Superman, giving him a moustache; the Time Stone beam hits Darth vader, turning him into young Anakin Skywalker; and the Space Stone beam hits Scarecrow (DC), teleporting him to a field in Oz)

Scarecrow (The Wizard of Oz):
If I only had a brain...

(Scarecrow (DC) screams)

Tony Stark:
Oh no. Oh, this thing is heavy!

(Tony Stark falls to the ground)

Anakin Skywalker:
No! NOOOOO!

Jar Jar Binks:
Meesa used to think Darth Vader was a bom-badass, but nowsa he poodoo!

Xenomorph Queen:
I never wanted to burst open someone’s chest - I was just born that way. Oh, I feel absolutely dreadful that a poor soul had to perish so that I could prosper.

(Vision makes chicken noises)

Thanos:
That... infinitely backfired.

(Oscar uses the Force to take the Infinity Gauntlet, crushes it, and eats the Infinity Stones)

Oscar:
Mmm. The green ones are my favourite.

Thanos:
Don’t be fooled. They’re all the same flavour.

Oscar:
Is that all you’ve got?

Cyborg:
Everybody CHAAAARGE!!

(Cyborg plugs a charging cable into his head)

Black Panther:
Heroes and Villains forever!

(Black Panther, Captain America, Voldemort, Wonder Woman, Rey, Psylocke, and Sauron charge)

(Legolas Greenleaf, Venom, a Stormtrooper, Jean Grey, Poison Ivy, Jack Torrance, Patrick Bateman, King Leonidas I, Azog, a Xenomorph Drone, Lurtz, and The Lizard charge)

(An ariel shot shows all of the heroes and villains running toward Oscar in the middle of the arena)

(Professor Hulk punches Oscar, but he catches his fist and kicks him)

(Yoda jumps off of Professor Hulk's back and draws his lightsaber, but Oscar deflects with his own and uses Force lightning to push Yoda away)

(Michelangelo, Raphael, Donatello, and Leonardo jump at Oscar, but he uses ersatz Doctor Octopus tentacles to catch them and throw them away)

(Green Goblin flies on his glider and drops Gamora onto Oscar's shoulder so she can stab him, but she is thrown into The Wicked Witch of the West)

(Green Lantern uses his ring to make a fist punch Oscar, but he blocks it with magic and breathes fire, burning him)

The Mask:
Ssssmokin’!

(Nebula is standing with Nightcrawler, Ronan the Accuser, Mystique, Electro, Beast, Neytiri, Apocalypse, and Mr. Freeze)

Nebula:
So much for the green team.

(Nebula high-fives Nightcrawler's tail before Oscar shoots a missile at them)

(Vulture shoots Oscar with his Chitauri Gun, but Oscar uses Scarlet Witch's magic to tear his wings off, one of which hits Boba Fett)

(War Machine shoots Oscar using his machine guns, but Oscar uses an ersatz Sling Ring to send them through a portal to The Ancient One)

War Machine:
Oh.

(Oscar uses ersatz web shooters to grab Spider-Man and performs a yo-yo move)

Oscar:
Walk the dog.

(Captain America throws his shield and cuts Oscar's web, but Oscar catches the shield and breaks it in half)

(A Xenomorph Drone lunges at Oscar, but he catches it by the neck and bites its head with his inner jaw)

(Oscar uses a shoulder cannon to destroy a Martian, Ronan the Accuser, and Venom)

(Thanos tries to attack Oscar with his Double-Edged Sword, but Oscar holds it and stabs him with a liquid metal spike hand)

(Time slows down)

Quicksilver (Evan Peters):
He’s strong but he’s not as fast as us.

The Flash:
What’s the plan?

Quicksilver (Evan Peters):
Well, I...

(Oscar is standing next to them, snoring)

Oscar:
Pardon me. I dozed off whilst you were talking about how fast you are. I also killed you.

(Quicksilver (Evan Peters) and The Flash are shown to have holes through their chests)

(Quicksilver (Aaron-Taylor Johnson) also has a hole through his chest)

Quicksilver (Aaron-Taylor Johnson):
I didn’t see that coming.

(Oscar throws an ersatz Necrosword at Hela)

(Oscar sprouts Vibranium claws and cuts Black Panther)

(Oscar stabs Beatrix Kiddo, Elle Driver, and Katana through with an ersatz katana, just missing O-Ren Ishii)

(Oscar throws an ersatz Batarang at Nite Owl)

Batman (Christian Bale):
That was... probably meant for me, but--

(Oscar throws an ersatz Batarang at Batman)

(Oscar turns his hand into a giant flyswatter and swats The Fly, The Bug, and a Warrior Arachnid)

(Oscar licks his fingers and puts out Ghost Rider's flaming skull)

Ghost Rider:
Hey!

(Oscar assimilates Agent Smith)

Agent Smith:
It’s an honour to be nominated.

(Agent Smith shoots Two-Face and Deadshot)

(King Kong picks up Oscar, but Oscar freezes his head and summons an ersatz Mjölnir)

Oscar:
Ding dong.

(Oscar smashes King Kong's head with his ersatz Mjölnir)

(Oscar throws his ersatz Mjölnir at Thor and General Zod)

(Oscar summons lightning to his ersatz Mjölnir and electrocutes Elektra, fills Harry Potter's face with scars, and tries to electrocute Han Solo, but it is absorbed by Luke Skywalker's lightsaber)

Han Solo:
Luke. I owe you one.

Luke Skywalker:
I think we’re even.

(Oscar jumps on Han Solo and Luke Skywalker, crushing them)

Colossus:
Get him, Soup-strainer man!

Superman:
Man of Steel v Man of Gold.

(Superman flies into Oscar and punches him but breaks his hand)

Superman:
YOW!!! Marthaf--!

(Oscar tears off Superman's cape and throws him on the ground)

Superman:
I’m so cold!

(Ash Williams is trying to cut Oscar's leg with his chainsaw arm)

Ash Williams:
Tragically, this is probably the closest I’ll ever get to an Oscar.

(Oscar uses a chainsaw to cut Ash Williams' hand off)

Oscar:
Don’t be a “saw” loser.

Ash Williams:
I would NOT like to thank the Academy!

(Iron Man is crawling along the ground)

Iron Man:
Slow… and steady… wins… the race!

(In the background, an Agent Smith shoots a Velociraptor)

Dominic Toretto:
Unless that race is fast and furious.

(Dominic Toretto is driving a truck that transforms into Optimus Prime)

Optimus Prime:
Pull up a chair - it’s Prime Time!

(Optimus Prime hits Oscar with his sword, but Oscar catches it and transforms into Aurumbot)

Aurumbot:
We’ll be right back… after the break.

(Aurumbot breaks Optimus Prime's sword in half and stabs him with the end of the blade)

(Tony Stark is pulled away by a web before Optimus Prime's arm falls)

Spider-Man:
Stay at the outer edge, Mr. Stark, so you don’t get hurt!

(In the background, Mr. Freeze freezes an Agent Smith, but he breaks out and shoots him)

(Spider-Man webs away)

Iron Man:
Well. Can’t get any lower than this.

(A Porg lands on Iron Man, making him sink into the sand)

(Optimus Prime's head falls in front of Mera)

Optimus Prime:
He kicked my Auto-butt.

Mera:
How can we defeat him? He has all our powers.

Captain America:
Well so do we.

(Captain America summons Mjölnir, but it is heavily damaged, so he drops it)

Captain America:
The only way we can defeat him is if we work together.

Dominic Toretto:
Just like a family.

Black Widow:
Yeah. Like a team.

Batman (Ben Affleck):
Like a league.

Harley Quinn:
Like a squad!

Davy Jones:
Like a crew!

Xenomorph Queen:
Like an eclectic assortment of individuals who share a common goal! Hoorah, I say!

(Black Widow, puts her hand in and is joined by Aquaman, Black Panther, Beast, ???, Captain Marvel, Gamora, Groot, Hellboy, Korg, Laura Kinney, Colossus, the Xenomorph Queen, Batman (Ben Affleck), Davy Jones, Deadpool, Doctor Manhattan, Freddy Kreuger, Harley Quinn, Hela, Nebula, Neytiri, Nightcrawler, Catwoman, The Wicked Witch of the West, Spider-Man, Wolverine, the T-800, The Riddler, the Predator, and Professor Hulk)

Black Widow:
Guys, cool as this looks, my hand is on the bottom and it's now unbelievably heavy.

(Laura Kinney attack Oscar's leg with her claws)

Laura Kinney:
He’s impervious to adamantium!

(Killmonger claws Oscar's leg)

Killmonger:
He’s impervious to vibranium!

(Ghostface stabs Oscar's leg with his knife and then talks into his walkie talkie)

Ghostface:
He’s impervious to stainless steel!

(Zorro tries to draw a 'Z' on Oscar's butt with his sword)

Zorro:
Aha! And the stainable steel!

(Oscar draws an 'O' in Zorro's chest with a blade)

(Scarlet Witch holds Oscar with Magic, Superman uses his laser vision, Ultron shoots lasers, Captain Marvel shoots him, Storm shocks him, Sentinel (X-Men) shoots him, and Cyclops uses his laser vision on him)

(Oscar puts on sunglasses and applies sun cream)

Captain Marvel:
It seems to be having an effect.

(Oscar shoots lasers from his fingertips at all of them)

Enchantress:
I know what he wants: To tear us a new one in front of all his subjects.

Jean Grey:
He thinks we’re pathetic. Paltry.

(Vision clucks)

Jean Grey:
That we don’t stand a chance.

Betelgeuse:
What are you, a mindreader?

Jean Grey:
Well... yeah.

Galadriel:
I concur.

Emma Frost:
That’s what I’m hearing.

Professor Charles Xavier:
I’m picking that up on my FM, yes.

Rey:
Wait - there’s something else. Something deeper. Not a thought, but a feeling.

Kylo Ren:
I feel it too. In fact, I probably felt it before you did.

Rey:
As if!

Supreme Leader Snoke:
Silence! I sense it also! The tiniest trace of...

Mantis:
Fear!

(Oscar punches Mantis off his shoulders)

Emperor Palpatine:
There is a hidden weakness he hopes we will not uncover.

Count Dooku:
Whatever could it be?

(Wasp flies onto Oscar's ankle)

Wasp:
Scott! I think I’ve found something! A scratch!

Ant-Man:
Walk it off, Hope. Or fly it off, with your exclusive “wings”.

(In the background, an Agent Smith assimilates Enchantress)

Wasp:
Not on me - on Oscar! From the detailed scratch analysis, it was only inflicted in the last few minutes.

Ant-Man:
Captain!

Captain America/Captain Marvel/Captain Kirk/Captain Phasma/Captain Jack Sparrow/Captain Barbossa:
Yes?

(The Captains gather around Ant-Man)

Ant-Man:
Where is it located?

Wasp:
It’s on his Achilles tendon.

Achilles:
You know who that’s named after, right?

(Katniss Everdeen shoots an arrow at Oscar, but it bounces off and hits Achilles in the Achilles tendon)

Pennywise:
Well how did it happen? Who went for the foot?

Catwoman:
Well, if it’s a scratch it probably came from me.

Beast:
Hey. I scratched him way harder than you.

Catwoman:
Oh, please. You couldn’t scratch a scratch-and-sniff with that manicure.

Freddy Kreuger:
Hey! If either of you think you can beat me in a claw measuring contest, you’re dreaming!

Selene:
Maybe it was a bite. I was knacking on his feet for a while there.

Alice:
Ew.

El Diablo:
Maybe it’s a burn.

Poison Ivy:
Maybe it’s a rash.

Mr. Freeze:
Maybe... it’s frostbite!

The Joker (Heath Ledger):
Maybe it was the same way I got my scars: Someone gave him a harmonica made from recycled soda cans.

Wasp:
Guys, it’s a scratch. The scratch analysis was conclusive.

Jareth:
The only way to know what caused the scratch is to turn back time. If only we could!

Nebula:
We can! Strange! Stop checking futures. We need you to check the past!

(Oscar shoots the Time Stone)

Doctor Strange:
Ah crap.

Kitty Pryde:
I can handle this. I’ll send his consciousness into his younger self.

(Kitty Pryde is tying to send Wolverine's consciousness into his younger self, but Oscar shoots her)

(Wolverine cries like a baby)

Bill Preston:
Chill, dudes! We got this!

(Oscar shoots Bill and Ted's Phone Booth, making it explode)

The Doctor:
The Tardis!

Ted Logan:
Whoa! Who you callin’ “tards”, man?

Henry Jones, Sr.:
Is there no one else who travels through time?

(The DeLorean drives in from another time)

Marty McFly:
Boy, they really redressed the Town Square this time.

Dr. Emmett Brown:
I don’t think we’re in Hill Valley anymore, Marty.

Okoye:
We need you to go back ten minutes in time and find out how that giant Oscar got a scratch on his heel.

Dr. Emmett Brown:
Ten minutes? That’s hardly worth my time!

(Hermione Granger, the T-800, Dr. Evil, The Doctor, Bill Preston, Doctor Strange, and Ted Logan step forward)

Hermione Granger:
We’re coming too.

Dr. Emmett Brown:
The time machine only seats two!

Hermione Granger:
Expando minivan-o!

(The DeLorean time machine expands into a minivan)

Dr. Emmett Brown:
Climb aboard. Watch the leather!

Doctor Strange:
Who are you?

The Doctor:
I’m who. Who are you?

Doctor Strange:
I’m Strange. Who’s asking?

The Doctor:
Yes I am. And what’s your name?

Ron Weasley:
Hermione, can I come?

Hermione Granger:
Sorry Ron. Time travellers only.

Ron Weasley:
I travel through time! I travel forwards, in real time.
See? I started talking to you five seconds ago, and now I’m here!

Dr. Emmett Brown:
Where we’re going, we don’t need Ron Weasley.

Ron Weasley:
You what?

(The DeLorean starts flying and Oscar shoots lightning at it, causing it to disappear)

Princess Leia:
Help us, group of random time travellers. You’re our only hope.

(A caption says ""Sunday December 24 1939"")

(The DeLorean time machine appears in the sky)

The Doctor:
What the blazes just happened?

Marty McFly:
Doc! According to the time circuits, we’ve jumped back 80 years.

(The arena is shown in an incomplete state)

Hermione Granger:
There’s people fighting down there!

(The Little Tramp hits Rufus T. Firefly)

Rufus T. Firefly:
I’m more a lover than a fighter. At least I would be if my lovers didn’t put up a fight.

Shirley Blake:
On the good ship, Lollipop...

(Dorothy Gale clicks her ruby slippers together)

Dorothy Gale:
There’s no place like home. There’s no place like home.

(King Kong crushes The Little Tramp, Rufus T. Firefly, Shirley Blake, Dorothy Gale, and Toto)

Oscar:
King Kong. You... are the Ultimate Warrior.

(The audience boos)

Female Audience Member:
Boo! That didn’t go the distance at all!

Oscar:
People, please - this is still in its infancy. The more movies Earth makes, the more characters there will be. Imagine this battle in 80 years.

Female Audience Member:
We don’t live that long!

Male Audience Member:
Hey, what’s that up there?

Marty McFly:
Time to go!

The Doctor:
Allons-y!

T-800:
We should go further back in time and kill Oscar when he is a defenceless child.

Hermione Granger:
No! That’s cheating! Also, you may only end up scarring him.

(The DeLorean time machine travels to the future and hits into Neo)

The Doctor:
My God!

Ted Logan:
Dudes, it’s my doppelgangster!

(The DeLorean flies toward a giant Ant-Man)

Dr. Emmett Brown:
GREAT SCOTT!

(Ant-Man picks up the DeLorean)

Ant-Man:
Hey, a flying car! They promised, and they finally delivered.

(Ant-Man moves the car around, making everybody nauseous)

Hermione Granger:
I’m in a car with four doctors and I’ve never felt so sick!

(Dr. Evil opens a window an sticks his head out)

Dr. Evil:
You know Scott, it’s not cool to mess with another man’s private vehicle. Ok?

Ant-Man:
Oh. Sorry.

(Ant-Man lets go of the DeLorean)

Marty McFly:
Doc, what are we doing in a previous Super-Hero-Bowl?

Dr. Emmett Brown:
We've only made it 99% of the way because we’ve run out of plutonium!

The Doctor:
What - you don’t have backup?

Dr. Evil:
Who travels through time without contingency plutonium? Honestly!

Dr. Emmett Brown:
The only power source capable of generating the 1.21 jigowatts of electricity we need is a bolt of lightning! Unfortunately, you never know when or where one’s ever gonna STRIKE!

(A lightning bolt strikes Ant-Man through the chest)

Thor:
Haha! Take that, tiny man!

Bill Preston:
Excellent! But how do we get him to channel that energy into the flex gespatchitor?

Dr. Emmett Brown:
Flux capacitor!

Ted Logan:
Right on!

T-800:
I’ll take care of it.

Hermione Granger:
Wait! Where are you going?

T-800:
Trust me.

T-800:
Hey blondie!

(The T-800 is on roof of the DeLorean)

T-800:
Kill me! Do it! KILL ME! I'M HERE! DO IT!!!

Thor:
Well, you’re literally asking for it.

(Thro electrocutes the T-800 and he touches the DeLorean, powering the Flux Capacitor)

Dr. Emmett Brown:
It’s working!

(The T-800's face is melting off)

T-800:
GET TO THE FUTURE!!!

(The T-800 explodes as the DeLorean disappears)

(A blue beam carries Deadpool to the ground)

Deadpool:
Vu-jà dé.

(The DeLorean time machine appears in the sky)

Dr. Evil:
Are we then yet?

Dr. Emmett Brown:
Precisely on schedule.

Doctor Strange:
Let’s get somewhere less conspicuous.

(Doctor Strange open a portal to an empty cell and brings the DeLorean through it)

Doctor Strange:
OK. How do we get close enough to Oscar to witness this miraculous lesion?

Hermione Granger:
With this!

(Hermione Granger holds up nothing)

Hermione Granger:
I borrowed it from a friend.

Bill Preston:
There’s nothing there.

Dr. Evil:
I knew that gingernut was poor but who lends somebody air?

Hermione Granger:
Not him! My other friend! It’s an invisibility cloak. Watch.

(Hermione Granger puts on the invisibility cloak and turns invisible)

Hermione Granger:
It’s literally the greatest cloak ever!

(The Cloak of Levitation starts to fly toward Hermione but is caught by Doctor Strange)

Doctor Strange:
Don’t engage.

(Doctor Strange and Hermione Granger enter the arena on a hoverboard covered in the invisibility cloak)

Hermione Granger:
Now for the next ten minutes, don’t take your eyes off his feet.

Doctor Strange:
Good thing I have a fetish.

(Tiffany and Chucky are stabbing Oscar's foot)

Tiffany:
Just for once I’d like to pick on someone my own size!

(Tiffany throws her knife at Chucky's face)

Chucky:
Not the face! I’m a collectible!

Tiffany:
Yeah, you and all the other Cabbage Patch Kids.

Hermione Granger:
Well, it wasn’t Child’s Play.

(Hermione crosses a name off her notepad)

(The Riddler is spinning his cane around and drops it, hitting Oscar's foot and leaving a scratch)

The Riddler:
If a cane falls in an arena and no one’s around to see it, does it really fall?

Hermione Granger:
That’s it!

Oscar:
I hear you!

(Oscar grabs the invisibility cloak just after Hermione Granger and Doctor Strange have left through a portal)

(The video fast-forwards through the Super-Showdown-Bowl)

Princess Leia:
...You’re our only hope.

(Marty McFly, Doctor Strange, Hermione Granger, and Dr. Emmett Brown step forward)

Doctor Strange:
Then it’s lucky we succeeded.

Saruman:
What the? We just sent you back to the past!

Marty McFly:
Yeah I know, you did send us back to the past but we’re back -
we’re back from the past!

(In the background, an Agent Smith shoots Chucky)

Hermione Granger:
And we know his weakness. It’s gold!

Doctor Strange:
Elementary, my dear Wa-

Hermione Granger:
Shut it!

Captain Barbossa:
So we buy him off with gold and he lets us go?

Dr. Evil:
No, you idiot. Gold is what hurts him.

Lara Croft:
So he’s vulnerable to a single element that’s native to a different planet but it still happens to be here? That’s weird.

Superman:
Yes. Super weird.

John McClane:
Alright. Let’s go for gold.

Aquaman:
I’ll try and dent him with my trident!

(Aquaman throws his trident at Oscar's chest)

The Riddler:
No “cane”, no gain!

(The Riddler throws his cane at Oscar's arm)

Indiana Jones:
“Idol” hands do the Devil’s work!

(Indiana Jones throws the Chachapoyan Fertility Idol at Oscar's head)

Rita Repulsa:
Get “staffed”!

(Rita Repulsa throws her staff at Oscar's arm)

Captain Jack Sparrow:
You can’t handle the tooth!

(Captain Jack Sparrow bites Oscar's arm)

Loki:
Guys, I can’t think of a lame pun for “scepter”. I mean, I’ve been playing around with “September”... “septic”... “septuagenarian”...

(In the background, a T-Rex eats an Agent Smith but is killed from within)

(Oscar lifts Loki by the neck)

Oscar:
So you’ve found my weakness.

Loki:
I’m sorry!

Oscar:
Apology... acc-”scepter”d.

(Oscar stabs Loki's scepter through Loki's chest)

Loki:
Nailed it.

Thor:
NOOO! You’re going to die for th-

(Oscar throws Loki's scepter through Thor)

(In the background, Poison Ivy blows love dust in an Agent Smith's face but he just shoots her)

(The Mask is in a miner's costume)

The Mask:
Aren’t you gonna throw all your gold at him?

Grendel's Mother:
It’s not happening.

(The Mask returns to normal)

The Mask:
Worth a shot!

(The Mask cartoonishly runs away)

C-3PO:
I am fluent in over 6 million forms of scratching!

(C-3PO scratches Oscar's leg before he is kicked to pieces)

Jules Winnfield:
Our Oscar campaign is falling to pieces!

Green Goblin:
We can hurt him, but it’s not enough!

Shuri:
Perhaps it is like a food allergy.

Regan MacNeil:
So the worst he has to fear from us is a bad case of hives?

Shuri:
If you are highly allergic to peanuts, and you touch a peanut, you may get a rash. But if you swallow the peanut...

(In the background, an Agent Smith shoots Angel)

Drax:
So... we just need to get him to swallow a peanut. WHO'S GOT PEANUTS???

Shuri:
I mean swallow gold!

Queen Ravenna:
What do we have that’s made of gold and small enough to swallow?

(Captain Jack Sparrow hides his Aztec gold coin)

Captain Jack Sparrow:
Haven’t the foggiest idea...

Tony Montana:
Think! We have precious little time!

Gollum:
“Precious”!

Deadpool:
Harley! We need a small amount of gold to feed to Oscar in order to kill him. Does that... RING... any bells?

Harley Quinn:
You know, I’d really like to help you out, D.P., but the thing is... THE RING IS MINE!

(Harley Quinn's appearance has become similar to Gollum's)

Deadpool:
Women really do let themselves go when you slap a ring on ‘em!

(Harley Quinn puts on The One Ring and disappears before beating up Deadpool)

Deadpool:
Boy this crowd sure got their cake and ate it!

Frodo Baggins:
She’s been consumed by the power of the Ring. I’ve been there. Recovering Ringaholic, 16 years sober.

(The Predator uses its infrared vision to point out Harley Quinn to The Joker (Jared Leto), who then shoots a smile into her chest)

Deadpool:
NOOOOOO!

The Joker (Jared Leto):
Ah, there’s plenty more fish in the sewer.

(Deadpool takes The One Ring off Harley Quinn's finger)

Harley Quinn:
I don’t think I’m in a healthy relationship.

Deadpool:
Strongly seconded!

Harley Quinn:
Well that’s it then - we are through! And I ain’t stoppin’ there! I'm gonna clean myself up! I’m- I'm gonna respect myself. I’m gonna stop breaking things and start building ‘em. I’m gonna wear jeans. When people see me coming, they won’t cover their kid’s eyes no more - they’ll push 'em forward and whisper, “you could be just like her one day, if you work hard and live pure.”
I feel like my life is just beginning.

Deadpool:
No. No! Harley... I’ll never let go.

(Oscar uses lasers to cut off Deadpool's arms)

Deadpool:
Unless of course someone gives me laser arm removal.

Oscar:
You’re luck’s run out, ‘Pool.

(Oscar waves his hand and makes Deadpool explode)

Deadpool:
Every now and then I fall apart.

(In the background, Wonder Woman gives Captain America her shield)

(Gollum picks up The One Ring)

Gollum:
YESSS!!!!

(Gollum puts The One Ring on his finger and disappears)

Deadpool:
No! NO! Come back here! Sméagol! Gollum! Whatever you’re going by these days!

The Red Queen:
Release the not-so-secret weapon!

(In the background, Captain America throws Wonder Woman's shield at an Agent Smith)

(Godzilla approaches Oscar and uses its atomic breath on him, to no effect)

(In the background, Wonder Woman whips an Agent Smith, destroying him)

(Oscar grows taller than Godzilla)

Falcon:
Size does matter!

(Oscar steps on Godzilla)

(Doctor Manhattan teleports in front of Oscar)

Oscar:
Well if it isn’t the MVP.

Doctor Manhattan:
The power you’ve accumulated is too much for any one being.

(Oscar plays a violin with two fingers)

Oscar:
You hear that? I’m playing the world’s smallest violin for you.

Doctor Manhattan:
Given our current enormity, that’s actually the size of a normal violin.

Oscar:
Whatever.

(Oscar drops the violin onto Iron Man's head)

Iron Man:
Why?

(Iron Man falls unconscious)

(In the background, The Riddler throws his staff through an Agent Smith's chest, killing him)

Doctor Manhattan:
You know you can’t destroy me.

Oscar:
Of course I can. Your weakness is your emotions. Emotions such as... self-loathing.

(Oscar sends thoughts of self-loathing into Doctor Manhattan's mind)

Doctor Manhattan:
I’m just a big blue bully. With a body I didn’t earn.

(Doctor Manhattan takes a bite from a Wonka Bar)

Severus Snape/Newt Scamander/Voldemort/Albus Dumbeldore/Bellatrix LeStrange/Hermione Granger/Harry Potter/Ron Weasley:
Reducio!

(Oscar returns to normal size)

(In the background, Aquaman throws his trident through an Agent Smith, killing him)

(Oscar produces an ersatz wand)

Oscar:
Picasso.

(Severus Snape, Newt Scamander, Voldemort, Albus Dumbeldore, Bellatrix LeStrange, Hermione Granger, Harry Potter, and Ron Weasley morph into a Picasso painting)

Sarah Connor:
Now!

(Wonder Woman throws her lasso around Oscar's neck, Professor Hulk and Colossus grab Oscar's legs, and Superman and Captain Marvel grab Oscar's arms)

Leeloo:
Doctor Manhattan!

(Leeloo consults a ""Divine Language to English"" dictionary)

Leeloo:
""Ple-ase... halp!""

Doctor Manhattan:
Don’t you mean... Doctor Man-FATTEN!!!

(Doctor Manhattan turns around, revealing his obese physique and eating a bucket of ""Fudge My Life"")

Rorschach:
YEEEK! That’s the most horrific thing I’ve ever seen!

Silk Spectre:
Jon, you can’t eat your pain!

(In the background, Ant-Man shrinks and jumps on Neytiri's arrow)

Oscar:
Destroy the Warriors!

(The floating orbs descend from the giant floating orb and turn Aquaman, William Wallace, Star-Lord, Electro, Storm, and Supreme Leader Snoke into skeletons)

(Selene and Alice are shooting down the orbs)

(In the background, one of the orbs turns Darth Maul into a skeleton)

(The Red Queen picks up Deadpool's head)

The Red Queen:
Where’s the Ring? They can’t hold him forever!

(In the background, one of the orbs turns Nebula into a skeleton)

Deadpool:
What- oh, the Ring? It was stolen by that Sphynx cat on meth!

(In the background, Spider-Man uses his mechanical legs to stab an Agent Smith)

(John Wick shoots almost all of the remaining orbs)

John Wick:
I killed them. I killed them all.

(In the background, The Joker (Heath Ledger) knocks out an Agent Smith with the butt of his gun)

(An orb flies past behind John Wick)

Oscar:
Don’t you see? If you kill me, you cannot be regenerated. The next time you die, you die for good! You know I am telling the truth.

Wonder Woman:
We would rather die free than live forever as your puppets.

Oscar:
Oh, don’t make me barf!

(Oscar sets himself on fire)

Professor Hulk:
HULK LIKE RAGING FIRE!!

(Oscar grows spikes on his right arm, impaling Superman)

(Oscar's hand morphs into an Infinity Gauntlet)

Superman:
NO!!!

(Oscar snaps his fingers)

(Superman turns into dust)

(The Red Queen turns into dust and drops Deadpool's head)

The Red Queen:
Oh!

(In the background, The Joker (Heath Ledger) turns into dust)

Captain America:
So this is what it feels like... when doves die…

(Captain America, The Riddler, and Beast turn into dust)

(Professor Hulk turns into dust)

(Wonder Woman turns into dust and Black Widow and Rey hold her lasso)

(Spider-Man shoots his web onto Oscar's ersatz Infinity Gauntlet and Catwoman and Indiana Jones both whip it)

Gollum:
No! NO! NOOOOO!!!

(Gollum turns into dust, dropping The One Ring)

(Iron Man grabs The One Ring)

Iron Man:
I got it!

(Iron Man's hand turns into dust)

Iron Man:
Oh, maybe not. Ohhhh, I don’t feel so good...

(Iron Man turns into dust)

(BB-8 rolls onto The One Ring and dispenses it to Neytiri who catches it an places it on her arrow)

Lara Croft:
Now, Neytitty!

Scarlet Witch:
We can’t hold him much longer!

(The One Ring glows)

Sauron (voice):
I... SEE... YOU...

Neytiri:
I see you.

Gandalf:
Sauron! Turn off your Ring-tone!

Sauron:
I’ll switch it to vibrate only.

(The One Ring vibrates and Neytiri fires the arrow, but Oscar grows an arm out of his chest and catches it)

Oscar:
Fools! Do you not understand? To me, you are ANTS!

(Ant-Man runs across the arrow and jumps off with The One Ring)

Ant-Man:
WITH THIS RING, THY BE DEAD!!!

(Black Widow and Rey pull Wonder Woman's lasso, pulling Oscar's head back as Ant-Man and The One Ring fall into Oscar's mouth)

(Oscar's hand starts to crack)

Oscar:
No! This... cannot... be!

Thanos:
All those movies you studied for so many years. You never noticed what always happens... to the villain?

Oscar:
But... I thought I was… the hero.

(Oscar's head cracks and explodes)

Deadpool:
And the Oscar goes to... hell.

(The audience applauds)

Irina Spalko:
Guess he was not a popular dictator.

Wasp:
Scott.

(The Zorg ZF-1 Pod Weapon System, Captain America's shield, and various bones and costumes are strewn about the floor)

O-Ren Ishii:
Are we all that’s left?

(Batman (Ben Affleck) holds Wonder Woman's lasso)

Kaecilius:
How can we claim to have won, given how many we lost?

(Deadpool looks at Harley Quinn's bat)

Black Widow:
Well... There’s one more he can afford to lose.

(Black Widow aims her gun at the last orb)

Professor Charles Xavier:
No! Wait. Raven. You know what to do.

(Mystique's face transforms into Oscar's)

Professor Charles Xavier:
Oh, wow! That’s a… much better idea than what I was thinking of.

Oscar (Mystique):
Regenerate... the Warriors.

(The orb stays floating)

(Mystique's face transforms back into her own)

Mystique:
It was worth a shot.

(Mystique dies)

(The orb regenerates Mystique)

Professor Charles Xavier:
Raven?

(The orb regenerates Ant-Man)

Wasp:
Scott!

(The orb regenerates Wonder Woman)

Batman (Ben Affleck):
Diana!

(The orb regenerates Sabertooth)

???:
That guy!

(The orb regenerates Luke Skywalker, Superman, and Iron Man)

(Doctor Manhattan is counting his abs)

Doctor Manhattan:
10, 11 and 12. Ah. Back to normal.

(In the background, the orb regenerates The Riddler and Agent Smith)

Deadpool:
So. Everyone just gets to come back? Well. That’s just lazy writing.

(In the background, the orb regenerates a T-Rex, the Indominus Rex, a Spinosaurus, and the Indoraptor)

Domino:
Or good luck.

(The orb regenerates Harley Quinn)

Deadpool:
Not that I’m complaining.

(Peter Quill plays ""Super-stition-Bowl"" on his MP3 player)

Peter Quill:
What? You can’t celebrate without music!

(The orb regenerates Nebula as Groot dances)

Darth Vader:
Bring it in here, you little scamps.

(Darth Vaders puts his arms around Princess Leia and Luke Skywalker)

(In the background, the orb regenerates Professor Hulk)

(Rey holds up a JediPhone)

Rey:
Family photo?

(Kylo Ren, Han Solo, C-3PO, and R2-D2 join Darth Vader, Princess Leia, and Luke Skywalker as Rey takes a photo)

(Odin is standing with Thor, Hela, and Loki)

Odin:
I’m so happy I could... disintegrate into radiant particles and float away on the wind.

(Ellen Ripley is hugging a Xenomorph Drone surrounded by Xenomorph eggs, a Xenomorph Warrior, a Xenomorph Runner, and a Facehugger Xenomorph)

Ellen Ripley:
I’m so happy I feel like my chest is gonna burst!

(Harry Potter catches the Golden Snitch)

Harry Potter:
Haha!

Voldemort:
Oh, Harry. You little snitch-snatcher, you! Weeheehee!

(Godzilla and Smaug are hugging)

Smaug:
What were we even fighting about?

(Batman (Christian Bale) shakes The Joker (Heath Ledger)'s hand, but is shocked)

Batman:
Hey!

The Joker:
I’m just messin’ with ya! Come here, ya big cudgel!

(Batman and The Joker hug, but Batman places a note on The Joker's back saying ""Throw me off a building"")

(Thanos gives his Time Stone to Doctor Strange and his Mind Stone to Vision)

Thanos:
Hey - you can always use a spare.

Peter Quill:
Uh, Mr Mad Titan? Can I ask you an important question about your daughter?

Deadpool:
Here. I got this off a... close friend.

(Deadpool places a Green Lantern ring on Harley Quinn's finger)

Deadpool:
It doesn’t make one turn invisible, but... in your case, that’s a big check in the plus column.

Harley Quinn:
I want to see your face.

Deadpool:
I don’t think we’re quite ready for that just yet.

Harley Quinn:
Trust me. Whatever you’re hiding, I’ve dated worse.

Deadpool:
Okay... Here goes.

(Deadpool takes off his mask and Harley Quinn gasps)

Deadpool:
See? I knew it was too soon. OK look, I’ve been researching this experimental surgery in China--

Harley Quinn:
Shh! You’re beautiful.

(Harley Quinn kisses Deadpool as Gandalf shoots off fireworks)

Female Audience Member:
Hey! What are we supposed to watch now?

Harley Quinn:
You should watch our movies. From what I understand, they don’t all take place in the same location!

Female Audience Member:
Interesting.

Zorg:
What do we do now? Where do we go?

Jadis the White Witch:
I certainly don’t want to stick around here. It’s always Summer - never Winter.

Gozer:
Do you think… we’d be accepted... on Earth?

Superman:
Uh, I can speak to this. Humans... are an extraordinary species. Heck, they created all of us. But… one superhuman was a lot for them to handle. Hundreds of them all at once? I fear they’d suffer superhuman fatigue and turn on us.

Red Skull:
Well, if we can’t go to Earth, where can we go?

The Wicked Witch of the West:
Oh, is there a world out there that we could call home?

Ego:
Well, I don’t know about that, but... I can make us a world. I am... sort of a planet.

Peter Quill:
Dad! Come on. No one wants to live on your saggy old planet.

Tony Stark:
Wait - you’re dad is a planet? W-hoy. Hey, look - I’m familiar with living in the shadow of a parent but that is ridiculous.

Morpheus:
All in favour of building our own world?

(Everyone raises their hand)

Amanda Waller:
How do we get out of here though?

(Doctor Manhattan teleports away and then returns)

Doctor Manhattan:
The barrier has been destroyed. I can teleport us anywhere in the known universe.

Cable:
“Known”? That narrows our options.

Roy Batty:
Well what are we waiting for?

The Riddler:
I’ve just got one question, which is rare for me. WHAT IN THE WORLD are we going to call our new world?

Nick Fury:
Avengerland!

Batman (Ben Affleck):
Justice World.

Galadriel:
Middle-Earth.

The Wicked Witch of the West:
Oz!

Thor:
Asgard 2.0!

Austin Powers:
Shagadelia!

Tony Stark:
Planet Stark.

Severus Snape:
No. It cannot be associated with any one property. That wouldn’t be fair to the rest.

Hans Gruber:
That's actually a very good point.

Sheriff George of Nottingham:
Yeah that's a good point.

Alexander Dane:
Yes I would have to agree with that.

Deadpool:
How about... Fanfictasia?

Harley Quinn:
That’s horrible. I love it!

Falkor:
Gets my vote.

(Falkor winks)

Black Widow:
Fanfictasia it is. I don’t know what it means, but I like it.

Ego:
I’ll start building it as soon as we get there. Everyone can have input.

Padmé Amidala:
It will be the first planet designed by committee.

Doctor Manhattan:
OK. Everyone brace yourselves. Next stop, Fanfictasia.

(Batman (Ben Affleck) gives Lex Luthor a vomit bag)

Maleficent:
It’s funny how Oscar only did live-action heroes and villains, when there’s so much more to choose from.

(Maleficent shows an image of the animated Maleficent)

Apocalypse:
I guess there’s only so many characters one arena can hold.

Peter Parker:
Goodbye, alien arena!

T-800:
We won’t be back.

(Doctor Manhattan teleports everyone out of the arena as the camera zooms out to show six more arenas)

(A door opens, revealing Mario)

Mario:
Let’s-a Bowl!

(A caption says ""SUPER-VIDEOGAME-BOWL!"")

Arthur Morgan:
It’s on like that guy!

(Arthur Morgan points at Donkey Kong who throws a barrel at Goro)

Carmen Sandiego:
Where in the world am I?

The Dragonborn:
It’s a Far Cry from Uncharted Skyrim,

(Jack Carver and Nathan Drake raise their guns)

The Dragonborn:
which, er... was a bit of a Bioshock.

(Geralt of Rivia unsheathes his blade and a Big Daddy drops holding a Little Sister)

The Lone Wanderer:
Fall out, Sims! We got a Call of Duty!

Master Chief:
You say goodbye, I say Halo.

(Altaïr Ibn-LaʼAhad sneaks up behind Princess Zelda and is about to assassinate her)

Altaïr Ibn-LaʼAhad:
What am I doing? I can’t stain my blade with the flesh of an innocent! I have a creed to consider!

Princess Peach:
Stop that man! He’s committing Grand Theft Kart!

(Trevor Philips is driving Princess Peach's Wild Wing and hits Frog before he's overtaken by Sonic)

(Pac-Man eats Centipede while a Pong Paddle hits an Octopus next to a Crab and a Squid)

Chun-Li:
It’s not a street, but when in Rome...

(Chun-Li kicks Ryu onto a table of World of Warcraft figures Thrall was playing with, Minecraft blocks assembled by Steve, and Starcraft figures with which Sarah Kerrigan was playing)

Thrall:
Hey! You’re knockin’ the Crafts table!

Lara Croft:
You are the weakest Link. Goodbye.

(Lara Croft shoots Link before she is crushed by a Teewee before a Rhode Island Z falls next to it)

(A caption says ""SUPER-CARTOON-BOWL!"")

Mickey Mouse:
Pluto! Here boy!

Scooby-Doo:
Rooby-roo?

Bugs Bunny:
Nyehhh. What’s up, dog?

Smurfette:
I’m so thrilled to be here - it’s smurferrific!

Daria Morgendorffer:
Yeah. Exploiting the intellectual properties of other people always brings a huge smile to my face.

Fred Flintstone:
Hey Betty, have you seen… WILMAAAA!!!

Betty Boop:
Boo-boop-ee-doo! No!

(In the background, a Yellow Submarine floats by)

Bubbles:
We can’t fight each other!

Blossom:
We were cooked in the same pot!

Buttercup:
Bring it on, you half-baked biscuits!

(Buttercup uses her laser eyes on Blossom and Bubbles)

Homer Simpson:
Mmmm. Honey-coated spongecake.

(Homer Simpson is holding a half-eaten Spongebob Squarepants who has been coated in Winnie-the-Pooh's honey)

(Snoopy is sleeping with Woodstock on his stomach and dynamite by his side)

(The dynamite rolls off Snoppy's doghouse and lands next to Wile E. Coyote who pushes an ACME plunger, making it explode in his face)

(A caption says ""SUPER-ANIME-BOWL!"")

Sailor Moon:
In the name of the moon, I shall punish you!

(Totoro, Kitty White, Astro Boy, and Doraemon fly past)

Goku:
Sounds kinky!

(Goku fires a Ki Blast at a Pikachu)

Pikachu:
PIKACHU!!!

(Pikachu is vaporised)

(A caption says ""SUPER-PUPPET-BOWL!"")

Judy:
Everyone stay back - we’re having a domestic!

(Judy hits Mr. Punch with a rolling pin)

Lamb Chop:
Whenever you are feeling blue--

(Lamb Chop is hit by a rolling pin, which shocks Gordon Shumway)

Elmo:
I’m Sickle-me-Elmo!

(Elmo runs around with a sickle)

Ms. Piggy:
Kermie, I though you loved me!

(Kermit the Frog raises a banjo)

Kermit the Frog:
It’s not easy being forced to… murder your friends!

(Howdy Doody hits Kermit the Frog with a bat)

Howdy Doody:
IT’S HOWDY-DOODY TIME!

(A caption says ""SUPER-BOARDGAME-BOWL!"")

Rich Uncle Pennybags:
YOU... SHALL NOT... PASS GO!

(Rich Uncle Pennybags hits the floor with his cane and sends the Ace of Spades, the Queen of Hearts, the Five of Diamonds, the Mouse Trap Cage, the Blue Mouse, a Miss Peg, a Hit Peg, a twice-hit Battleship, a Battleship, a Patrol Boat, a ""T"" Tile, an ""S"" Tile, two 6-sided Dice, a Black Knight, the White Queen, the Black King, a White Pawn, a White Checker, a Black Checker, Colonel Mustard, and Miss Scarlet flying)

(A caption says ""SUPER-CALIFRAGILISTIC-EXPIALIDOCIOUS-BOWL!"")

(Mary Poppins floats to the floor where there are Penguins dancing)

Mary Poppins:
Just a spoonful of MURDER!

(Mary Poppins stabs two penguins with her umbrella)

(A caption says ""SUPER-CEREAL-BOWL!"")

(A piece of Captain Crunch cereal knocks a piece of Cinnamon Toast Crunch into a bowl of milk containing 3 Apple Jacks, 2 Corn Flakes, and a Bran Flake)

Oscar:
Captain Crunch. You are the ultimate breakfast cereal.

(Jeff Albertson is revealed to be watching the video on his phone)

Jeff Albertson:
Eesh. Rice Krispies should have won. Worst video ever.

(Jeff Albertson is crushed by King Ghidorah)

(Alita and Bumblebee run in the background)

(Spider-Woman swings by on a web with Wyldstyle and Emmet Brickowski while the Red Ranger performs a flying kick)

(Mysterio attacks King Ghidorah as Buzz Lightyear flies past)

(Supergirl flies into the sky and Rescue shoots lasers at King Ghidorah)

(The Millennium Falcon blows up the USS Enterprise)

(The DeLorean Time Machine piloted by Marty McFly and Dr. Emmett Brown flies into the camera, making the screen cut to black)

T-800:
We are back! I lied.

Harley Quinn:
Allow me to Quinn-troduce ArtSpear Entertainment, AKA Joe & Rita.

Deadpool:
It’s just these two nerds above us making these videos on their lonesome.

Tiffany:
And it sure ain’t easy!

Count Dracula:
It takes oceans of time and continents of hard work.

Hermione Granger:
But it’s super easy to help them out.

William Wallace:
Subscribing only takes one second. And it’s free!

Black Widow:
Of course, if you want to help more you can always become a sponsoring member of this channel.

Davy Jones:
So jump aboard, cos there’s plenty more where this came from.

The Wicked Witch of the West:
Move it, my pretties! Fanfictasia isn’t gonna build itself!

Harley Quinn:
Gotta go.

Robin:
Holy end screen voice-over, Batgirl!

Batgirl:
Batman’s in trouble - we need to get out of this cell.

Short Round:
You listen to Short Round, you live longer!

Batgirl:
OK, I’m listening.

Short Round:
You see? You are still alive!

Yukio:
Hi Chewie!

(Chewbacca growls)","","","","",""
"대박인생 Remix / DAEBAK Life Remix (feat. 로꼬, ZENE THE ZILLA, 창모, Queen WA$ABII, 먼치맨, 수퍼비)","Don Mills","4Pa6pZ6Y2R3Bzo2eIB9mU6","[Verse 1: Don Mills]
잊혀지지 않는 나의 rap, 진짜로 왕 대박
나야말로 포기를 모르는 남자, 이름 바로 정대만
죽기 전까지 rap 하는 게 목표, 물론 멀쩡하다면 내 성대가
황마 역사를 써낸다, 알고 보니까는 천재다
내 어깨를 들이밀어도 갈 곳을 잃어버린 듯이
빠져 있었지 맥아리가
다 왁자지껄, 그냥 짜질 걸 하는 맘 버리고 난 뒤로는 대박이 나
Fresh off the boat, 물이 말라 건조해 지고 바로 성공
대박이 나버린 인생을 한번 섞어
Mills gon' do it, 서 버리지 선봉

[Chorus: Don Mills]
대박, 인생 완전 대박 멋대로 살면
대박, 결국에는 인생 완전 될 대로 대, 대
대박, 인생 완전 대박 멋대로 살면
대박, 결국에는 인생 완전 될 대로 대, 대
대박, 인생 완전 대박 멋대로 살면
대박, 결국에는 인생 완전 될 대로 대, 대
대박, 인생 완전 대박 멋대로 살면
대박, 결국에는 인생 완전 될 대로 대, 대

[Verse 2: Loco]
2012년 황마k 형 구릿빛 피부는 여전하시네요
추억의 IT Entertainment
녹음실엔 형이 무서워서 못 들어갔드래요, yeah
그때 내 주식 김혜자 도시락
Dok2가 사준 타코, 이게 부자들의 음식입니까? (Yeah)
2021 더페버 신 메뉴 한 입 하고 광고 촬영
시급 계산해보니까 2천만원
I'm back, 진짜 back, 비로소 짬이 소화됨
불러야 할 것 같아 OKGO 세 번째

[Verse 3: ZENE THE ZILLA]
내 인생 완전 대박
돈 버느라 질문해도 못해줘 대답
내 이런 삶을 누가 해봤겠어
예상했다 해도 뛰어넘어 밟아 다음 계단
김여사 막내 아드님은 너무나도 대단
삼봉이랑 성공이랑 결혼할 건 빼박
자꾸 올라가다 보니 여긴 마치 해발 1,566m 태백산
하지만 더 남았다는 게 학계의 정설
Oh, 이 몸이 죽어서도 타고 타고 전해지는 관악의 전설
Oh, 이러니 대박적인 여성들이 좋아하지, 멋이 나는 녀석
찰 일 없어 쪽박, 내가 찰 건 아마 bust down (Bling)
찰 일 없어 쪽박, 내가 찰 건 네 엉덩짝

[Chorus: Don Mills]
대박, 인생 완전 대박 멋대로 살면
대박, 결국에는 인생 완전 될 대로 대, 대
대박, 인생 완전 대박 멋대로 살면
대박, 결국에는 인생 완전 될 대로 대, 대 (Yeah)

[Verse 4: CHANGMO]
Don Mills가 굶어 죽기 직전의 놈 살려냈고 그 새끼는 창모
Fashion 감이 없어 캉골 베레모를 쓰고 공연했죠 Don Mills 미래 콘
031 놈 인생을 구해낸 6, 내 첫 방송 또한 Mills 형과 EBS
난 돈이 많아도 안 샀어 VVS
보석 안 해도 다 알잖아요 내 인생은 대박
평균 1000 착장은 쌈박
여자 만나면 무조건 3박 4일쯤은
호텔 가서 그 짓만 해, 재력, 정력 대박
난 이 세대의 The Q, 그리고 Jay Park
자동차 딜러한테 문의했어, 일시불로 가실? 메이박

[Verse 5: Queen WA$ABII]
걍 내 통장을 check out, 나의 남자 물건 대박
Even this pussy got the drip, drip, wearing Balenciaga
어제의 나는 걔랑 오늘 돌아서면 배반
근데 걱정은 안 해, spending mula, mula, mula
내 인생 대박, 네 고긴 케밥, riding his dick like 세단
처럼 타고 올라 매일 밤 길이를 재 봐, 좆까, 다 내 맘
Pass out 시켜 in the late night
전부 다 계획대로 됐지 check out
싹 다 모아서 패자, 이해 못해 세상
맨날 해 돈놀이 계산

[Verse 6: Munchman]
대한민국 (딱딱 딱딱딱 딱딱 딱딱 딱)
대한민국 (딱딱 딱딱딱 딱딱 딱딱 딱)
월드컵처럼 난 다 먹어 eat it up
비슷한 새끼들 전부 다 길 잃어
유명한 놈들아 모여봐 이리로
가리온, 오리온, 개 대박, get it on
대박 인생, okay, beat you up
어두운 햇살이 따스히 비춰
뜨겁게 뿌리는 열정의 케첩
약 치고 짜지마 그저 난 외쳐
신난 Munchman 신세계 개척
사악한 너희들의 에네르기 세척
한국 VVS 모르면 간첩
함성 발사, 치료해 상처
말 못 할거면 소처럼 일해 Q처럼
우리는 영원히 Ill 해
만지면 피나, 조심해, 마치 Gillette
나중에 만나 이만 저는 실례

[Verse 7: SUPERBEE]
Bitch, I'm a don if I started somthin' 이미 done
이미 돈의 견해는 master, 나는 못 돼 independent
내 옆에 있는 bro 시끼들과 pendant 맞추고서 만들 거야 Fangle
Huh, 대박, 집에 삼겹 구워먹던 애가
대도식당 룸의 상석에 앉아 화요를 쳐 마셔
Hater said, ""이게 나라?""
I'm gone, 더 높은 level로 level up
Roadster, Tesla, Tesla
주문을 걸어, I skrr, skrr
불 나게 쏠래 킨텍스로
3000을 벌었지 열흘 만에
허나 no fucking rap money
나 돈의 신께 정말 선택을 받았어
감사해요 for real

[Chorus: Don Mills]
대박, 인생 완전 대박 멋대로 살면
대박, 결국에는 인생 완전 될 대로 대, 대
대박, 인생 완전 대박 멋대로 살면
대박, 결국에는 인생 완전 될 대로 대, 대
대박, 인생 완전 대박 멋대로 살면
대박, 결국에는 인생 완전 될 대로 대, 대
대박, 인생 완전 대박 멋대로 살면
대박, 결국에는 인생 완전 될 대로 대, 대","","","","",""
"CHAMELEON (Feat. SUMIN, Dbo) (Prod. SUMIN)","Don Mills","7CP1u7vb5Yyj9qz2e6Ulnk","[던밀스 & 카키 ""카멜레온"" ft. 수민 & 디보 가사]

[Verse 1]
어 그래 나 변했다 뭐
니가 뭐를 보태 줬다고
니가 뭔데 말을 저따구로 해
내 승질 건들여 그땐 그냥 되는 거야 꼰대
넌 또 뭐냐 뭔데 갑자기 전화
혀는 풀려서 얘 진짜 왜 이러는 거야 정말
내가 있잖아 기억 하나도 안 난다고
그래 어쩔 건데
야 나 던밀스라니까 몰라? 나 어깨 깡패
신발 끈 묶는 너랑 달라
계산대로 제일 먼저 걸어가
나보고 변했다고 하는 넌
내 본명 혹시 뭔진 아냐고
모른다면 이젠 알만 해
계속 변할 거야 난 카멜레온
유연해진 내 멘탈 유명해진 것도 인정
건네 너의 귀에 적어도
너같이 비굴하게는 난 안 변해

[Pre-Chorus]
나무 위로 올라가 저 숲을 내려다보면
변한 게 없네 모두 그대로야 yeah
오늘도 밖에 나가 헤엄을 쳐 너를 위해
내 작은 소리로 다 안을게
그러니까 내게
내게 말해줘

[Chorus]
Ooh, ooh, ooh, ooh
너무 궁금해 그래서 난 못 참아
Oh, oh 내게 말해줘
Ooh, ooh, ooh, ooh 카멜레온
헷갈리지 말아 줘 카멜레온

[Verse 2]
이 새낀 누구야 대체 장실 거울 속에
죽일 듯 째려보네 Huh 바짝 마른
Face uh 여전히 내 밑에는 bass uh
달라진 냄새 Uh 정확히 이 년 새
옷을 대충 걸쳐 입어
다 까진 구두 구겨 신고
Back in the stu 난 움직여 move
구렸던 기분은 저리 치워
Uh, uh 형들 저길 봐 쟨 아직 개소리를
변했단 말에 난 걍 고갤 끄덕여줘
평생 해 손가락질
나의 지갑 네 뱃살보다 thicker
맨날 했던 짓을 반복하는 짓
재미없어 닥쳐 줄 순 없는지?
바보 같은 소리
답도 없이 고인
물 안에서 놀긴
난 uh-hmm
움직여 조용히
알맞은 색 위로, 내기할게 You gon' love it

[Verse 3]
Excuse moi
난 French는 몰라
근데 걔랑 french kiss
I'm so sticky
말이 많아 네 mouth
난 그냥 미키 마우스
왜 이렇게 새롭냐고
난 갓 태어났어
우리 좀 더 발칙해지자
남 신경 쓰기엔 너무 아까운 시간
걔네가 뭘 알겠어
난 너만 신경 써
우린 좀 더 높게 날고 싶어 하늘 위를 함께
더 자유롭게 Way too sexy, way too sexy yeah

[Pre-Chorus]
나무 위로 올라가 저 숲을 내려다보면
변한 게 없네 모두 그대로야 yeah
오늘도 밖에 나가 헤엄을 쳐 너를 위해
내 작은 소리로 다 안을게
그러니까 내게
내게 말해줘

[Chorus]
Ooh, ooh, ooh, ooh
너무 궁금해 그래서 난 못 참아
Oh, oh 카멜레온
Ooh, ooh, ooh, ooh 카멜레온
헷갈리지 말아 줘 카멜레온","74.812","0.308","0.494","-16.42","0.4270000000000001"
"MVP","Don Mills","3kM96zt7iGGgwKDtxXBcJx","[던밀스 ""MVP"" 가사]

[Intro]
소리 질러, VMC
24 Don Mills, VMC
Oh, yeah, Mills

[Chorus]
빨개 벗고 rappin' (Rappin')
다락방이 내 자리 (자리)
거기서 dream chasin' (Chasin')
인생 즐기며 살지, huh (Huh)
빨개 벗고 rappin' (Rappin')
다락방이 내 자리 (자리)
거기서 dream chasin' (Chasin')
인생 즐기며 살지 (Call me)
MVP, MVP (She calls me)
MVP, MVP (They call me)
MVP, MVP (She calls me)
MVP, MVP

[Verse 1]
2012년에 다시 한국 돌아왔지 (Huh)
지하철역 가도 알아보는 사람 없지 (Huh)
기억해 내 이름 황마 from the bottom
Rapper들 전부다 바름, huh (Huh)
일부로 외국 티 내고 싶어서 어눌한 척 했지 발음, huh (Huh)
Musmas 도착하자마자 부평 지하상가 통해 구해 알바 (알바)
포부 컸지, 여전히 크지, 내 꿈은 커, 여긴 너무 작다 (작다)
자타공인 너무 많은 고민, 한강 건너가는 황마 (황마)
Rap이 내 천국, 김밥 먹고 나서 다시 헤엄쳤지 알바
더 이상 알바 하지마, 내가 뭐를 하든 말든 알 바야 인마
당산에서 남구로까지 걸어가 길렀지 발바닥 힘만
방구석 rapper 뚜벅이 택시 타고 강남 넘어가려면 멀었지
바람난 Don Mills 2013 예전엔 상상조차 못했지, huh

[Chorus]
빨개 벗고 rappin' (Rappin')
다락방이 내 자리 (자리)
거기서 dream chasin' (Chasin')
인생 즐기며 살지, huh (Huh)
빨개 벗고 rappin' (Rappin')
다락방이 내 자리 (자리)
거기서 dream chasin' (Chasin')
인생 즐기며 살지 (Call me)
MVP, MVP (She calls me)
MVP, MVP (They call me)
MVP, MVP (She calls me)
MVP, MVP

[Verse 2]
2020년에 다시 서울 돌아왔지, huh (Huh)
역병 돌아 전국체전까지 밀려났지, huh (Huh)
마스크 끼고 결혼식 하객 사진 역사에 남지, huh (Huh)
향동동 황동현 Mills gon' do it 역사에 남지, huh (Huh)
Pull up, 그리고 press rest, 밀어버려 역사의 무게
적당히 스며들어 역사 인물에
TV랑 laptop, cell phone을 번갈아 가며
욕심을 내니 끝이 안 보여
대체 언제 다시 봐 핀 조명
자체 발광, 자체 brand fresh off the boat MVP rap

[Chorus]
빨개 벗고 rappin' (Rappin')
다락방이 내 자리 (자리)
거기서 dream chasin' (Chasin')
인생 즐기며 살지, huh (Huh)
빨개 벗고 rappin' (Rappin')
다락방이 내 자리 (자리)
거기서 dream chasin' (Chasin')
인생 즐기며 살지 (Call me)
MVP, MVP (She calls me)
MVP, MVP (They call me)
MVP, MVP (She calls me)
MVP, MVP
MVP, MVP (She calls me)
MVP, MVP (They call me)
MVP, MVP (She calls me)
MVP, MVP
MVP, MVP (She calls me)
MVP, MVP (They call me)
MVP, MVP (She calls me)
MVP, MVP","82.365","0.8029999999999999","0.457","-4.533","0.5710000000000001"
"Kingsman","Don Mills","0TCBtHQbgBbAoG5jTxcIJq","[Intro]

[Chorus: Sean Kingston]
These hoes are trifling
That's why we ain't gon' wait for 'em
These young niggas better smart up
And don't get caught up
I say shawty got a husband
But she out here creeping
These young niggas better smart up
And don't get caught up
Don't do it [x3] (noooooo)(don't do it nigga)
Just cause she's fine with ass, man she just want a nigga with cash
She trifling

[Verse 1: Meek Mill]
Shawty got a man but she creeping oooh
I guess she want a young nigga eating her
But I was never known to keep a ho
Met her in Mia, was with my nigga Tre a week ago
In fact, he told that he ate two weeks before
She said she ain't fuck in months, I'm like you sneaky ho
But I switch them bitches like my sneakers though
Fucking all my homies she was trynna keep a secret though
Loving the crew, love the place for the team
She sucking my dick, guess she's chasing that dream
I made her go ham, he made her a queen
I ain't chasing these hoes, nigga I'm chasing this cream

[Chorus: Sean Kingston]
These hoes are trifling
That's why we ain't gon' wait for 'em
These young niggas better smart up
And don't get caught up
I say shawty got a husband
But she out here creeping
These young niggas better smart up
And don't get caught up
Don't do it [x3] (noooooo)
Just cause she's fine with ass, man she just want a nigga with cash
She trifling

[Verse 2: Nipsey Hussle]
She look good but to me she's just a bummy bitch
Tryna fall in love cause she know I'm bumpy rich
Hear my name ringing, she know I'm on my tip
She can't walk out her house without hearin'em play my shit
2008 came in this game and I have made a grip
I’m sucker-duckin, fuckin' with the ones I made it with
One thing they knew about the hustle, I don't save a bitch
She be content with saying she done fucked a famous crip
Basic bitch that we flippin' you be laying with
Her pussy played out, they call it Avirex
O-B-G-Y-N she got you in labor with
Your maybe baby cause you're weak and be chasin' your dick nigga

[Chorus: Sean Kingston]
These hoes are trifling
That's why we ain't gon' wait for 'em
These young niggas better smart up
And don't get caught up
I say shawty got a husband
But she out here creeping
These young niggas better smart up
And don't get caught up
Don't do it [x3] (noooooo)
Just cause she's fine with ass, man she just want a nigga with cash
She trifling","","","","",""
"88","Don Mills","0MaozTtiw4qrNo1LTnudRw","[Hook]
갓 잡아 올린 참치처럼 팔팔해
내 세 번째 다리처럼 매일 딱딱해
여기저기 들리는 내 이름, ""던 밀스!""
여기저기 들리는 내 이름, ""던 밀스!""

[Verse 1]
겉으로 알아보는 사람들이 늘어가는 순간에 빵빵 거리면서 내 심기를
건드리며 자꾸 길을 막아. 찢어먹고 씹어먹고 빨아먹고 빌어먹어
따뜻하게 뎁혀놓은 자리, 내 자리
두리번 두리번 거려. 다리 아파? 어디 앉아?
평상시에 잘해. 나중에나 네가 아네 마네 해도
내가 하는 말: ""안 해, 안 해, 안 해, 안 해""
안에서 새는 바가지 밖에서도 마찬가지
방구석 래퍼는 외출을 나가도 절대로 다물 수가 없지, 나의 아가리
걸레를 뱉어 벽에 걸어 놨다매, 너?
어디서 본 거야? 그런 개같은 매너
확실히 봐라. 이게 바로 내 건데
너한테 건네줄게. 벨트 풀어헤쳐

[Hook]

[Verse 2]
새벽 네 시 반에 난 일어나
새로 산 시계가 잘못됐나?
실수 투성이라도 일어나
인생은 돌고 돌아: 김연아
시건방진 건 못 참아. 잘못 배운 애일 걸?
허세만 가득해서 하는 ""yezzir""
기본 예절부터 지키고 와. 적어도 네가 한국인이라면
역사를 무시해 가치가 없어, bitch, 개년
네가 할 수 있는 욕이라곤 'shut the fuck up, motherfucker'
랩한다 떠들지 마. Shut the fuck up, motherfucker
아무나 쓰는 가사 너만 쓰냐? Motherfucker
존경을 원한다고? Shut the fuck up, motherfucker

[Hook]","89.956","0.7559999999999999","0.778","-4.927","0.7879999999999999"
"88 Remix (Feat. C Jamm, Olltii, PSYCOBAN, WUTAN)","Don Mills","30rVR8FgDgwA87PcS9Hz6J","[Hook: Don Mills]
갓 잡아 올린 참치처럼 팔팔해
내 세번째 다리처럼 매일 딱딱해
여기 저기 들리는 내 이름 던 밀스
여기 저기 들리는 내 이름 던 밀스
갓 잡아 올린 참치처럼 팔팔해
내 세 번째 다리처럼 매일 딱딱해
여기 저기 들리는 내 이름 던 밀스
여기 저기 들리는 내 이름 던 밀스

[Verse 1: C Jamm]
던 밀스 형이 나를 원해. Call me
대신 할 수 없지. 나의 멋 one and only
대세는 뭔가 캐릭터 근데 그런
이유로 나를 깎아 내려 what
Yello Boss 확인해봐
Check the Boy in Eumko PD's camera
Ballin' 내 세번째 다리처럼 굳이
보여주는 것 밖엔 방법 없는 게임의 규칙
What it is what it is it's ma shit Rap music
힙합은 냉철한 숙녀 and my Dick is in her pussy
We fucked a lot
We fucked a Lot
And man we're gonna fuck a lot
어쩌구 저쩌구 뒤에서 많은
말을 말고 랩로 날 꺾어봐
누굴 추종하는건 꼭 뭣 같지 만은 않아
허나 난 똥꼬는 안빨아 단지 내껄 닦고 다녀

[Verse 2: Olltii]
우린 팔팔해서 날뛰어
나이 차이가 어떻게 되었건
넌 지조 지킨다고 안 뛰어
Nice guy완 다른 rapper
뛰어 노는 곳에서 점잔빼고
멋있단 생각 적당히 해줘
싸이코반이 불러 fuck your Swagger
힙합 코스프레 말고 입어 정장 스웨터
불평만 쉐도해 네 무대엔 남자든 여자든 안 노니까
당연한 거잖아 무대 밑 관객이 너 보다 훨씬 더 잘노니까
네가 예쁜애들 옷을 어떻게 벗길까를 고민할 때도
이미 그 여자애들은 내 무대를 보고 벗어
껴입고 있기엔 너무 Hot해서
얼만큼 기분좋을 만큼
겉만 뜨거워 지는게 아냐 동시에 네 열망 꿈도
열받듯 받아 자극
자극 받은만큼 다들 팔팔하게
날뛰어봐 손들고 옆짝꿍과

[Hook: Don Mills]
갓 잡아 올린 참치처럼 팔팔해
내 세번째 다리처럼 매일 딱딱해
여기 저기 들리는 내 이름 Don Mills
여기 저기 들리는 내 이름 Don Mills

[Verse 3: Psycoban]
난 깡패 여자란 시험 때려 마치 수험생
능력치로 따지면 수학시간 선생
내 Y자지 둘을 X년들에게 대입하지
Bitch 빨리 중앙대 대입하지
내 팬티 속은 패션쇼 네 팬티 속은 게이빠지
넌 스키니팬츠 나는 배기바지
매우 튼실한 하체덕분에
세개나 달린 황금자지
갑빠지 갑빠지 갑빠지 아니지 남자는 삼자지
빅자지 빅자지 빅자지 빅자지 니 딸년을 따지
보지를 마싸지 마싸지 마싸지 마 지금은 싸지마
엔간히도 딱딱한 나의 셋 넷 댓번째 다리
백기는 치워 대신 하얀팬티를 벗어제껴
내게 댐비는 여잔 채여 발에
객기로라도 Move ya body
용제호형 shit better let us be
88 86 호랑이처럼 팔팔해

[Verse 4: Wutan]
병신들에게 내 첫마디는
Motherfucker fuck your swag
너희 뒤 닦아주는 애들까지
Fuck your fans
뭘하고 싶니 돈 벌고싶지 뭘 변명해
논리도 내게 필요 없으니까
한번 더 말해줄게 fuck your swag
Underground or overground
다 좆까 우린 이제 한국 힙합
아이돌 그룹 발라드 뭔 단어들을
앞 뒤로 갖다 붙여 새끼야
좆같은 소리 말어
너도 네 꼬라지를 부정하니까
네 옆에 스모키 친구도 좆 받아물고
그냥 입 닥쳐 새끼야
우린 참치처럼 팔팔해
넌 금붕어처럼 뻐끔대
여긴 절대 못 변해 뭐를 섞어대도
언제나 그대로지 검은색
Sin city 무법지 계집애 같은 년들에겐 무섭지
이건 술래잡기 사슴같은 년들이 먹이감 이니까 숨어 Bitch

[Hook: Don Mills]
갓 잡아 올린 참치처럼 팔팔해
내 세번째 다리처럼 매일 딱딱해
여기 저기 들리는 내 이름 Don Mills
여기 저기 들리는 내 이름 Don Mills

[Verse 5: Don Mills]
내가 가는대로 가운데 손가락
보여주는 사람들이 줄어들어 이제
나를 위해 움직이는 것이 대수롭지 않게 됐지
처음엔 아무 도움없이 혼자 시작했어
지금 내 옆자리봐 인맥이 어쩌구 저쩌구 하는 새끼들
네 옆에 친구들이 네 인맥이야
생긴대로 놀아 끼리끼리 놀아
네가 나에게 다가올 껀덕지 만들어서
아둥바둥 발버둥 감성 팔아도
네가 홀딱 벗고 쌩쇼를 해도
더러워 안 서 하나도
날 아는 여자들은 알겠지
시원하게 할 수 있어 지루하지 않을 때까지
너 걸레를 뱉어 벽에 걸어 놨냐 어디
돈 자랑하네 돈좀 벌어 놨냐 어디
할 수 있는건 있는척 껍질 벗겨 봐도
어디 좆도 없는 병신새끼 지랄병

[Hook: Don Mills]
갓 잡아 올린 참치처럼 팔팔해
내 세번째 다리처럼 매일 딱딱해
여기 저기 들리는 내 이름 Don Mills
여기 저기 들리는 내 이름 Don Mills
갓 잡아 올린 참치처럼 팔팔해
내 세번째 다리처럼 매일 딱딱해
여기 저기 들리는 내 이름 Don Mills
여기 저기 들리는 내 이름 Don Mills","","","","",""
"OKGO2 (Prod. HOLYDAY)","Don Mills","5OckvleM32CdLkp0GPOfhl","[Chorus]
조기기상 6시에 나 좀 깨워
590장의 달력 찢고 태워
이제 세 끼 짬밥으로 배 안 채워
고속버스터미널 날 태워
I'm back, 진짜 back
전역해 Don Mills, okay
I'm back 진짜로 back
전역해 Don Mills, okay

[Verse 1]
안녕 나야, Don Mills, 군인 머리 여전히
먹다 흘린 짬들 냅둬, 내가 전부 짬 처리
HOLYDAY 갈굴 땐 호주머니에 손 꽂아 넣어
난 권력이 너무 좋아, 병장병
감히 누구를 judge, 떨어진 감엔 모르는 척
진짜 안 떨어진 감각
누울 자리 본 뒤에 편히 다리 뻗지
군대서 만났던 후임은
나보고 스물셋 같다네, wow
그때 난 거꾸로 말했지
그니까 어떻게 이런 일 how
반면 난 후퇴 후 고정 had to grind
Had to dig it, 심은 나무 뽑고 나선
채워 다시, get it
포구 확인 이상 무, 사장님은 류상구
미비점 보완하고 이상 전달 끝

[Chorus]
조기기상 6시에 나 좀 깨워
590장의 달력 찢고 태워
이제 세 끼 짬밥으로 배 안 채워
고속버스터미널 날 태워
I'm back, 진짜 back
전역해 Don Mills, okay
I'm back 진짜로 back
전역해 Don Mills, okay

[Verse 2]
개털 사계절 털갈이 털 흘리고 다닐 type
기상시간 내 맘대로 일어나서 마실 가
대문 여는 순간 허벅지 붙잡고 난리 나지
차곡차곡 쌓아 놓고 표적지를 향해 뻥
그 놈의 돈, 그 놈의 돈-돈-돈
Corona virus mask on, 가려 네 코-코-코
내 코가 석자, 포병 숫자로 코가 삼자 후퇴 후
전진 3km 후진 다음에 1cm 정도는 앞으로 가
가운데 손가락 접어 바짓가랑이 안 잡아
100 bands came through ma 품
Surfin' that crack from the hood
24 ice 금이랑 은으로 도배
목에다 걸어놔 삶의 무게 삶은 곡에

[Chorus]
조기기상 6시에 나 좀 깨워
590장의 달력 찢고 태워
이제 세 끼 짬밥으로 배 안 채워
고속버스터미널 날 태워
I'm back, 진짜 back
전역해 Don Mills, okay
I'm back 진짜로 back
전역해 Don Mills, okay","","","","",""
"Mills Gon Do It REMIX (feat. Woodie Gochild, ZENE THE ZILLA, EK, BILL STAX, ODEE, Deepflow, 창모)","Don Mills","3r5H15BkEeBYbtSlyewweK","[Chorus: Don Mills]
걱정 붙들어 매도 돼 cuz Don Mills gon do it
두발 뻗고 쉬어도 돼 cuz Don Mills gon do it
두말 않고 내가 가지 cuz I'm Mills gon do it
Cuz I'm Mills gon do it, cuz I'm Mills gon do it
Mills gon do it, Mills gon do it
Mills gon do it, Mills gon do it
Mills gon do it, Mills gon do it
Mills gon do it, Mills gon do it

[Verse 1: Woodie Gochild]
(Yes I’m a Woodie Gochild)
난 또 존나게 불러 (brr)
Child 또 존나게 불려 (brr)
황치 형이 날 불러서 몸값을 여기서 또 한번 불려
향후 난 보증수표가 되겠지 2018 힙합 새 지평
반짝하고 사라질 놈들 똥줄에다 불 지펴
What's my name Woodie Gochild
아니 달리 불러 Supernova
이 track 위에 같이 달려 YTC4LYF
또 하나 그건 ZENE THE ZILLA
지금의 날 잘 보고 따라와, 내 지금의 것은 말이야
네게 다가올 미래야, 난 그저 저 위로 올라가

[Verse 2: ZENE THE ZILLA]
ZENE THE ZILLA 목걸이가 네 개
밀스 형 결국 삼성 울려 내게
돈이 벌리니 공부할까봐 회계
ZILLA는 절대 가지를 않아 베개에
음, 음, 난 그냥 해
따질 시간 없어 요목조목
음, 음, 돈 아님 명예
내 친구가 아니면 꺼져버려
음, 음, 멍청이들
폼 내고 싶으면 해 요로코롬
음, 음, 음, it's young thugs babe

[Verse 3: EK]
나의 변화 몸소 체험 중, 더욱더 멀어지게끔 junk food
2018 self phone은 busy, 큰일 내다보니 어느새 선두
신림에서 rock star의 탄생, 보란 듯이 정답인 선택
매번 거침이 없지 멈춰 난 초침
그럼 사람들이 물어대네 'EK 누구?'
내 이름을 물어 내 이름만 올려
내 목걸인 얼어 보란 듯이 벌어
보란 듯이 성공해 늘어나는 zero
내 표정 못 구겨, 네 역할은 구경
메모해 두렴, 벌어 난 유료
Worldwide stunner, 월, 화, 수 turn up
넘어서 나는 더 날아서 나의 목표로 가지
점치기 전 빠른 행동 개시

[Chorus: Don Mills]
걱정 붙들어 매도 돼 cuz Don Mills gon do it
두발 뻗고 쉬어도 돼 cuz Don Mills gon do it
두말 않고 내가 가지 cuz I'm Mills gon do it
Cuz I'm Mills gon do it, cuz I'm Mills gon do it
Mills gon do it, Mills gon do it
Mills gon do it, Mills gon do it
Mills gon do it, Mills gon do it
Mills gon do it, Mills gon do it

[Verse 4: BILL STAX]
B-I-double L-S-T-A-X
내 crypto, 내 cash, 내 credit AMEX
손 대면 네 면상 위에 붙여 대일밴드
ATM 작업실은 24시 편의점
내 인생 lotto 터진 기분 , 사실 구라 fuck a luck
운 필요 없이 올라가지 upper echelon
Trap daddy bill, bish I stacking hunnit millz, aye
Hunnit bills you know the drills, one shot 100 kills, aye

[Verse 5: ODEE]
지고는 못 살지 덕분에 난
명줄이 닿아도 죽지 못하지
내 혀를 잘라놓기 전까지는
겸손 따윈 떨지도 않지
누구는 하고 난 그냥 해내
1차선 Mills Way 추월해 빨리
휴식은 사치 부려도 남길
성공을 만끽 그 전에 다시
올려 올려 품위유지비로는
아직 모자란 페이를
매년 매해 먹었단 애들 사이
난 걔네의 구토를 유발하는 새끼
내겐 안보여 날 의심할 틈이
돌다리를 두드릴 시간 안 두지
니들 꿈에 우린 또 현실감을 느끼지
VM SLY ODEE Milly gon do it

[Verse 6: Deepflow]
Mills gon do it, 그어버려 큰 그림
Nerd 같은 짓은 don't don't don't do it
난 미래를 봤고 jackpot을 터트림
휘두르는 대로 장외로 가뿐히
Double 8 number, 행운의 번호
안 질려 맨날 했던 거
공연해 번 돈 이젠 무덤덤
요새 난 양화 안 건너
홍대 내 집, 홍대 내 스튜디오
Hundred bill, 월세내지 없어 내 빚 whatever
올해도 간바레 Deep

[Verse 7: 창모]
리민 he did it, 리민 he made it
억 원을 벌어, 허나 더 원해
난 되고파 지폐로 매립
더 많은 엉덩일 원해
다양히 London, LA
1000 아닌 5000급의 pay
암것도 아냐 네 겐세이
잘나가 VMC와 나의 clique
황치 형은 정말로 나의 은인
본 적 없어 이리 사나이인
이 우린 출세했지 finally
우리 출신 존 나 minor league
허나 이젠 날 챙겨 뉴에라
D cap 의미 그건 우리 마을
576 출신이면 구매 각
Mills Mills gon do it
Bition bition gon do it
카스 캔을 따 pow
맥주는 국산 옷 수입
Dirty south Koreano
Underground rock star
지금은 만족 안 돼
손에 쥔 이 하나하나 다 돈 벌어","","","","",""
"Ssal (Feat. J-Tong)","Don Mills","0qVoLI0cAStArr9V6dRDUP","[Pre-Chorus: Don Mills]
Woo, I like it better
So what you gonna do
I know it better
So I know what to do
내가 하는 거 상관하지마
Cuz I'm better than you

[Chorus: JTONG]
옳고 그름의 기준 없는 어린 섀끼들 끄지라
뭐가 똥인지 된장인지 직접 먹어보고 느끼라
구분도 몬 하고 까불닥 거리다 한 놈만 걸리라
이 대가리 피도 안 마른 새끼들 갈아 마시삘라
기회주의의 영악한 늙은이 섀끼들 끄지라
처맞기 전에 그 표리부동한 아가리 닥치라
자꾸 뒤에서 거들먹거리다 한 놈만 걸리라
대가리만 굴리는 게으른 새끼들 갈아 마시삘라

[Verse 1: Don Mills]
어눌한 발음, 뿌리도 없는 애송이들 교포 흉내
어설픈 놈들, 어색하게 걸쳐 입고 선택한 boom bap
척하는 것들이 어디 와서 감히 태도를 논해
뜨지도 못하는 것들이
손 잡아 우물 안에 빠져 허우적허우적, whoa
이건 너를 밀어내는 행위
앞과 뒤가 다른 건 필요 없어 spam mail
알아서 하지 왜 존경을 강요해, 넌 꼰대
나는 열려 있어, C Jamm을 만나서 말해, ""존경해""
달콤한 말로 바른말 꺼버리는 지밖에 모르는 병신새끼
우리 집에 마롱이랑 놀이터로 기어가 개소리 대결이나 해
재능 없으니까 기부할 생각도 없어, 니나 해
고민 안 해, 성형하지 않아도 난 미남형

[Chorus: JTONG]
옳고 그름의 기준 없는 어린 섀끼들 끄지라
뭐가 똥인지 된장인지 직접 먹어보고 느끼라
구분도 몬 하고 까불닥 거리다 한 놈만 걸리라
이 대가리 피도 안 마른 새끼들 갈아 마시삘라
기회주의의 영악한 늙은이 섀끼들 끄지라
처맞기 전에 그 표리부동한 아가리 닥치라
자꾸 뒤에서 거들먹거리다 한 놈만 걸리라
대가리만 굴리는 게으른 새끼들 갈아 마시삘라

[Verse 2: Don Mills]
내 통장은 텅텅 비었지만 난 항상 당당해
버는 족족 다 탕진했지, 또 벌어 다음달에
목 뻣뻣하게 세워 턱 하늘을 향해 발사해
내 멋대로 걸쳐 입고 다녀, 대체 니가 뭔데 상관해
속으로 욕하지, 어쩌다 만나면 표정에서 드러나
늘어난 티는 내 type 아냐
고무줄 넣고 내 갈 길만 뚫어놨지 보는 대로
내 친구들을 부를 때는 '닌자' 대신에 불러 '친구'
겉멋 들은 계집애 같은 게 센 척하는 꼬라지는 징글

[Pre-Chorus: Don Mills]
Woo, I like it better
So what you gonna do
I know it better
So I know what to do
내가 하는 거 상관하지마
Cuz I'm better than you

[Chorus: JTONG]
옳고 그름의 기준 없는 어린 섀끼들 끄지라
뭐가 똥인지 된장인지 직접 먹어보고 느끼라
구분도 몬 하고 까불닥 거리다 한 놈만 걸리라
이 대가리 피도 안 마른 새끼들 갈아 마시삘라
기회주의의 영악한 늙은이 섀끼들 끄지라
처맞기 전에 그 표리부동한 아가리 닥치라
자꾸 뒤에서 거들먹거리다 한 놈만 걸리라
대가리만 굴리는 게으른 새끼들 갈아 마시삘라","","","","",""
"? (Prod. GRAY)","SGBOYZ (Jay Park, Don Mills, Loco, Nucksal)","1lVU264I9zQ24l1RnPLPDQ","[쌔끈보이즈 ""궁금해"" 가사]

[Verse 1: Jay Park]
Baby, baby
궁금해
잘 지내고 있는지
Baby, baby
궁금해
너의 모든 것들이
I say ooh
I won’t hurt you like that
Oh baby, don’t worry
I won’t hurt you like that

[Chorus: Jay Park]
궁금해
속마음까지
너의 모든 것을 알려줘
궁금해
속마음까지
너의 모든 것을 알려줘

[Verse 2: Don Mills]
Baby, baby 나도 궁금해
재범이 형 잘 지내고 있는지
Baby, baby 나도 궁금하다니까
(GRAY) 비트 왜 잘 찍는지
내가 진짜 궁금한 건 AOMG에
혹시 남는 자리 하나라도 있나요
상구 형 미안해요
인생에 세 번의 기회가 온다는데
이번 기회 놓치면 큰 일이야
다시 한 번 말하지만 미안해
너무 쌔끈하지 우리 미래를 생각할 때마다
아무런 걱정도 하지 않아
왜냐면 난
이 순간부터 쌔끈보이즈

[Chorus: Jay Park]
궁금해
속마음까지
너의 모든 것을 알려줘
궁금해
속마음까지
너의 모든 것을 알려줘

[Verse 3: Loco]
알고 싶어 올라갈지
Yeah 알고 싶어 내려갈지
Yeah 지금 들어가야 맞는지
내 전부를 걸 수 있는지
나도 바보는 아니야 알아
Nobody knows but God bless me
확실한 건 액땜 저번 달에 다 끝났지
그러니까 이번 time 내 미래는 쌔끈해
들소 팔아 당장 나도 X로 바꿀래
내 기분 마치 Skrr
내가 up down 물어 볼 때
너의 대답이 난 저엉말로 궁금해
Baby, 걱정 마 곧 쨍하고 sunshine
드디어 찾은 것 같아 아마도 넌 나의
최자, 난 너의 Bruno Mars
곧 달달해질 기분 타고 Let’s go to mars

[Verse 4: Nucksal]
힙합보다 궁금해 죽상을 하고 끙끙대
어떻게 살고 있는지 어떻게 사는지 있는 집
랩스타의 lifestyle 외로운 건 똑같아
오늘은 좋아 날씨가 나가고 싶어 똑같아
가까이 보고 싶어 돋보기 듣고 싶어 너의 독백이
운전할 때 욕하는지 놀리면 너 욱하는지
혼자 있을 땐 우울한지 친구들이랑 롤 하는지
아 그리고 또 쌔끈보이즈 땜에 놀랐는지
어서 우릴 반겨줘 무슨 일인지 말해줘
항상 여기서 웃어줄게 너의 진심을 꺼내줘
세상은 완전 토네이도
비가 쏟아진대 오늘 밤에도
날 너의 옆에 둘게 우산을 갖다 줄게

[Chorus: Jay Park]
궁금해
속마음까지
너의 모든 것을 알려줘
궁금해
속마음까지
너의 모든 것을 알려줘

[Outro: Jay Park]
궁금해
쌔끈 보이즈가 너무 궁금해
궁금해","168.21","0.914","0.373","-4.185","0.56"
"Art of Boxing","Don Mills","7pGoNNuWvhCF6PY1BnPAJp","[Hook: Don Mills]
Blowin' up, blowin up' steppin' up, blowin' up
Blowin' up, blowin up' steppin' up, blowin' up
Get up go straight, I'ma go get it I’m a boxer
Get up go straight, I'ma go get it I’m a boxer
Gotta get up
Gotta get up

[Verse 1: Don Mills, Yankie]
I’m chasin' my dream
매 순간 벅찬 마음으로 올라 4각의 ring
약간의 긴장 때문인지 아무 소리 안 들려, 천천히 한 바퀴
Handwrap 감을 때 느꼈던 감정 round bell 울릴 때까지 난 주인공
넘어진다 해도 다시 또 일어서 정신 붙잡았지 I make 'em knockdown
Straight 바로 꽂았지 in your face 눈 깜짝할 새 I see that
망설이지 않는 담대한 내 skills 탄탄한 내 practice
돌도 씹어서 삼켜 버릴 정도로 단련이 된 단단한 맷집
실패를 해도 괜찮아 다음 기회를 노려 난 또 경험들이 stackin'
앞손 뻗어 거리를 재 적당한 거리로 날리는 잽
Ducking 후 올리는 바디 & 훅 심판은 외치지 “10”
Countdown 시간이 느리게 흘러가는 것 같아 모든 게 slow motion
상대 얼굴은 상처투성이 나도 마찬가지겠지
피와 땀이 섞여 범벅
그 위로는 champion belt on
Nobody knows where I came from
이제는 폼 나지 제법
상처로 채운 시간들은 배신 안 해 결국 날 만들어 champion
상처 가득한 시간들도 배신 안 해 결국엔 됐잖아 champion

[Hook: Don Mills]
Blowin' up, blowin up' steppin' up, blowin' up
Blowin' up, blowin up' steppin' up, blowin' up
Get up go straight, I'ma go get it I’m a boxer
Get up go straight, I'ma go get it I’m a boxer
Gotta get up
Gotta get up

[Verse 2: Yankie]
Yeah 빛이
보이는 저링 위 그 바래왔던 dream big
던져 원투, 훅 스윙 연습대로 no tricks
무게를 담아 하나 하나 내게 쌓이는 benefit
야생동물 출몰 주위 몇 톤이든 I break your rib
몇 배로 갚아 넣어 니가 어떻게 치든 난
몇 배로 갚아 쳐 니 뇌리에 박힐 내 이름 무수
하게 떨어질 내 앞에 별들의 film (you know)
다운된 니 무릎앞에 펼쳐진 아포칼립스의 길을
여긴 내 캔버스 넌 내 예술의 오푸스
마치 춤을추는 무대위 내 잽은 like 칵투스
이미 박힌 내 타투 절대 못 나가 it's my zoo
갇혀있니 두려움에 LOOP 5 6 7 8 9 10 LOSE
피 땀 눈물 24/7 how many times I pour out
Look up 내 벨트 위 들리는 함성과 카운트다운
팔을 머리위로 높여 스쳐가는 nostalgia
다 걸어 나의 라이프 남은 나의 fight 끝은 없어 내 도전

[Hook: Don Mills]
Blowin' up, blowin up' steppin' up, blowin' up
Blowin' up, blowin up' steppin' up, blowin' up
Get up go straight, I'ma go get it I’m a boxer
Get up go straight, I'ma go get it I’m a boxer
Gotta get up
Gotta get up

[Bridge 3: Yankie, Don Mills]
Hands up 니 가드 위
Body blows take your soul
Face down uppercut
Yeah we know
We steppin' it up
Bands up 니 가드 위
Body blows take your soul
Face down uppercut
Heah we know
We steppin' it up
Hands up 니 가드 위
Body blows take your soul
Face down uppercut
Yeah we know
We steppin' it up
Hands up 니 가드 위
Body blows take your soul
Face down uppercut
Yeah we know
We steppin' it up

[Hook: Don Mills]
Blowin' up, blowin up' steppin' up, blowin' up
Blowin' up, blowin up' steppin' up, blowin' up
Get up go straight, I'ma go get it I’m a boxer
Get up go straight, I'ma go get it I’m a boxer
Gotta get up
Gotta get up","","","","",""
"Ye I Need (Feat. Nucksal, ODEE)","Don Mills","1d8EcHq1juKcFzDTIMg4sm","[Hook: Don Mills]
Yeah, I need a job, yeah, I need a car
Yeah, I need money, Imma be a star
Fuck you all haters gonna hate, uh
꺼져, 니 할 일이나 해, uh
Yeah, I need a job, yeah, I need a car
Yeah, I need money, Imma be a star
Fuck you all haters gonna hate, uh
꺼져, 니 할 일이나 해, uh

[Verse 1: Don Mills]
대접받길 원하지 넌
제대로 하나 이뤄놓은 거 없으면서 지랄
한 탕 노려 난 빠찡꼬
넌 똥통에서 삽질하지
아니나 다를까 매를 벌지
난 바닥에서 와서 거침
내 style은 확실, 넌 그냥 copy pussy cat
주특기는 suck dick
Rockin' Timberlands, rockin' Triple A
Rockin' 청바지, 내 jacket rockin' 거위 털 달림
너희 다 제발 TV로 봤던 거로 뜬구름 잡지마
절실히 원하는 내가
수박 겉핥은 것들 빨아줄 맘이 어디 있어?
그저 얄팍하게 따라 베꼈지, 내 관점으론
니가 던져준 건 겨우 휴지 한 조각
좀 전에 씻고 나왔는데
억지로 샤워 시켜놓고 와리가리
본질이 안 좋아, 정신이 번쩍, 찬물 끼얹어

[Hook: Don Mills]
Yeah, I need a job, yeah, I need a car
Yeah, I need money, Imma be a star
Fuck you all haters gonna hate, uh
꺼져, 니 할 일이나 해, uh
Yeah, I need a job, yeah, I need a car
Yeah, I need money, Imma be a star
Fuck you all haters gonna hate, uh
꺼져, 니 할 일이나 해, uh

[Verse 2: 넉살]
그래, 나도 완전 공감 할 일이나 해라
게으름과 병신 자웅동체, 너는 해마
사랑스런 너는 문신 말고 그려 헤나
얼씬거리지 마, 넌 친구도 아니잖아
Yeah, I need 테이블을 지키는 기도
왜 친한 척 앉아 우리 bottle을 빌어먹고 앉아 있어?
비록 우린 크세르크세스
관대하지만 너 같은 앤 관에 넣어야 돼
악어새는 악어 이빨에 낀 고기를 먹고 살어
그래, 난 필요해 이쑤시개, 니네 밥을 담어
그래, 많이들 먹고 가렴
Don Mills 어깨 여자들이 달려
스케줄 때문에 새까만 달력
ODEE의 목소린 전기 총을 부르고
이제 남은 건 view가 좋은 강변 (Whoo)
Q형처럼 필요해 돈을 새는 기계
Don Mills의 미래, 올해 VMC 성적은 all A
가끔 파티에선 우리도 놀래, 자꾸 놀재
이젠 필요한 게 필요 없어
아직도 광대들은 난리 법석
해가 뜨고 있네 벌써
벌거벗은 무대 ODEE가 달려드네 덥썩, uh

[Hook: Don Mills]
Yeah, I need a job, yeah, I need a car
Yeah, I need money, Imma be a star
Fuck you all haters gonna hate, uh
꺼져, 니 할 일이나 해, uh
Yeah, I need a job, yeah, I need a car
Yeah, I need money, Imma be a star
Fuck you all haters gonna hate, uh
꺼져, 니 할 일이나 해, uh

[Verse 3: ODEE]
나는 밑바닥을 못 봐
존나 배가 부른 삶을 살테니, yeah-ho
또라이인 척할 애들 사이 난 정상을 갈테니
한참 오를 경사 내고 살아 매일
뭐라고 뱉던 떠받들게 나에 대해
나에게는 붕 떠 비상이지
너에게는 lap dance 빼곤, 내 위로 앉을 수 없게 해
(I need) 요가바지의 bitches
(I need) 돈 명예 높은 위치
(I need) 성공을 잡는 미끼
(I need) 손맛을 보는 입질
니들을 알리는 헛기침에 Bless me
신의 은총 내가 대신 입지
난 죽어도 레자 아닌 가죽 남기지
잠들기 전이 내 꿈꾸는 밤이지
다 한 끝 차이로 갈려 가는 삶에
끝이란 건 없지 나에게
Lifestyle, 난 바래 단내 나는 삶이 아닌
맛보며 살아가게 될 방식
앞일을 몰라 인생은 사다리타기
맘이 가는 대로 선을 긋게 되는 타이밍
나는 미래를 못 봐, 이 미래 안에 말하지
곧 이룰 것과 뭘 원하는가에 대한 결과","","","","",""
"돈이 밀려오는 스타일 / Don Mills Style","Don Mills","4xmxQA6MGozU2iPXZvakRS","[던밀스 ""돈이 밀려오는 스타일"" 가사]

[Intro]
돈, 돈, 돈
돈, 돈, 돈
돈, 돈, 돈
RAUDI pull up, pull up, pull up

[Chorus]
Oh
돈이 밀려 오는 style (Style)
힘의 원천 다름 아닌 쌀 (쌀)
돈이 밀려오는 style (내 style)
힘의 원천 돈이 밀려오는 style
돈이 밀려 오는 style
돈이 밀려 오는 style
돈이 밀려 오는 style
돈이 밀려 오는 style (Mills gon' do it! Yeah)

[Verse]
가방 열어도 한 권 안 보이는 책 (Fuck)
날라리 형들처럼 메는 쌕 (밀려)
겉멋만 들어서 펴 겉 담배
노래방에서 불러대 높은 노래 (Yeah)
대학 졸업장 없어도 돈을 번다니 (Let's go)
갑자기 hip-hop에 목숨 건다니 (다니)
갑자기 바뀌네 옷 입는 style (Style)
밀리던 숙제가 돈이 된다니 (Fuck)
밀려오는 whip, 얼음 바닥 위를 위를 걸어 (위를 위를 걸어)
익숙하진 않지만 뭔가
맨날 누려 누려 왔었던 거처럼 (난 맨날 누려)
Million dollar 달라 쑤셔 넣어 (셔)
뚜껑 열고 나만 뚤렁 내려 (내려)
돈이 밀려들어오는 style
힘의 원천 다름 아닌 쌀
담배나 펴, 허송세월 보내도
누가 내 신경을 써 (신경)
내 인생 내 거, 또 네 인생 네 거니
네 인생 아무도 책임 안 져
오히려 떠넘기려 기회를 보다 보다
이때다 싶으면 전부 네 탓
내 탓 없으니까 책임일랑 묻지 마라
근데 나는 못 넘어가 호락호락

[Chorus]
Oh
돈이 밀려 오는 style (Style)
힘의 원천 다름 아닌 쌀 (쌀)
돈이 밀려오는 style (내 style)
힘의 원천 돈이 밀려오는 style
돈이 밀려 오는 style
돈이 밀려 오는 style
돈이 밀려 오는 style (Mills gon' do it!)
돈이 밀려 오는 style","","","","",""
"Don Mills Glock (Feat. Owen)","Don Mills","31b1NL1vOubaVh7SGx6Val","[트레이비, 플리키뱅, 던밀스, 더블다운, 폴로다레드, 제네 더 질라, 다민이 & 제프리 화이트 ""WON"" 가사]

[Intro: Tray B]
어차피 끝까지 가면 있는 건 우리야
한국 래퍼 equal vibe, 맨날 술이야

[Chorus: Fleeky Bang, Tray B]
(Ah) Going like a rocket, feel like I'm 보이저
I keep a Drako, I'm not a soldier (Grr)
Everything's deady 내 적 안보이죠
빨간 눈, 래퍼가 아니라 도적
우리 나타나면 래퍼들 벙쪄 (What the fuck?)
우린 걍 재미로 래퍼들 겁줘 (Bow, bow)
똑같이 태어나 다르게 걷죠 (YEL)
One, two, three

[Post-Chorus: Don Mills]
It's the block, block, block
Block, block, block, block (One)
Block, block, block, block
Block, block, block (One)
Block, block, block, block
Block, block, block (One)
Block, block, block, block
Block, block, block (One)

[Verse 1: Fleeky Bang]
태워버려 니 CD, ay (Brr)
니네 다 gay like Diddy, ay (Ho!)
니넨 다 Drake 쳐발라 like I'm K Dot
I'm the man 넌 boy like giri, ay
Tokyo or France, I'm rockin' in the show
AKUMA 인간이 아니라 초인
난 찍어 top 넌 내려가 slowly
날 디스하면 넌 되버려 고인

[Verse 2: Tray B]
Two-tone on my body that's makin' me Nemo
대전 놈들 날 보면 놀래 'cause I came from the bottom (Ah, yeah)
Shawty said she's Christian 그래서 하나 줬어 Dior
I took her to the 데이토나 'cause she skinny and brown (YEL, YEL)

[Verse 3: Fleeky Bang, Tray B]
동생 착해
더블다운 형 내 앞에
카메라 앞에선 숨겨 내 모습
Fleeky and bang은 싸패
Ay, one for the money
Two for my bros
방송 좆도 신경안써
이천이십오 free Y-O (Free-O)

[Verse 4: Double Down]
Headshot, if you really 궁금해 (Brr)
Still, I pull that trigger
내 손가락 너무 뚱뚱해
I’m really fucking dangerous 너 진짜 조심해 (Watch out)
Do it two times, Double Down 진짜 나는 너무해 (Two times, two times)
큰형 Fleeky, Polo, Tray
Bitch I call that dirty play
Block one, glock gun, blocka, blocka, blocka
왔다갔다 with the choppa spin like a helicopter
I'm trapping 엄마 미안해
Should I rob you? 할까말까?
Choppa really 반짝반짝

[Verse 5: Polodared]
한국 hip-hop scene에 찐따새끼 왤캐 많아
오년 전에 만났으면 친구야 넌 빵 사와
포켓치킨 한개 콜라 그리고 맛스타랑
이따 줄게 돈은 일단 네 돈으로 사와
네가 shawty라고 부르는,그녀는 이미 우리집에 있지
아 비밀인데 그녀 엉덩이에, 그거 몽고반점이 아니지
Internet gangster들 TV에서 날 보고 왔어 PTSD
걔네 원하던 돈 여자 명예 전부 빠짐없이 다 뺐지

[Chorus: Fleeky Bang, Tray B]
(Ah) Going like a rocket, feel like I'm 보이저
I keep a Drako, I'm not a soldier (Grr)
Everything's deady 내 적 안보이죠
빨간 눈, 래퍼가 아니라 도적
우리 나타나면 래퍼들 벙쪄 (What the fuck?)
우린 걍 재미로 래퍼들 겁줘 (Bow, bow)
똑같이 태어나 다르게 걷죠 (YEL)
One, two, three

[Post-Chorus: Don Mills]
It's the block, block, block
Block, block, block, block (One)
Block, block, block, block
Block, block, block (One)
Block, block, block, block
Block, block, block (One)
Block, block, block, block
Block, block, block (One)

[Verse 6: Don Mills]
Block one, we already won (Yeah)
Mills gon do it 올라가 바진 내리고
너네 하는 행동 쓰는 가사 전부 진부
말아 주긴 뭐를 말아 그냥 김밥이나 말지
Block one, we already won (Already won)
Mills gon do it, got that shit
I'm gon flip that 친구 flow (Flow)
이건 어디선가 들어봤던 가사 (가사)
근데 정식으로 유통 안돼서 괜찮아

[Verse 7: ZENE THE ZILLA]
Ay, ay, leshgo
뭔 놈의 가면을 쓰래
가려지겠냐고 이 초록향
잘 먹었습니다, Mnet이 간만에 알뜰히 차려준 고봉밥
Yeah, 다들 수고 (수고)
Yeah, it's time to 수거 (수거)
돈, 인기, 뭐든 지금뿐야, 공수래공수거 (Leshgo)
Block one already won
Gimme that won, that what I want
우리가 원체 맛도리라 한 번 더 보기를 원해
이거야 원 옛다, 받아라 special song
Yeah, we got on a 해적선
넘 굴러서 바지가 헤졌어
근데 돈이 수선해줬어, leshgo

[Verse 8: DAMINI]
Sorry darling, 난 머슴아도 기집도 못돼
And I'm homeless, 부대끼지도 독립도 못해
너흰 여전히, 몸뚱이 와꾸가 어쩌구 저째
Step back 안 걸어 얻을 거 없는 game
배째 들러리 될 바엔 뒷짐
여긴 hip-hop이라기 전에 서울시
작으면 똥자루 크면 멀대 (멀대)
이래도 저래도 지랄 싸움박질
난 니 무의식에 알 박지
난 다음 생에도 여긴 적응 못해
니가 와서 맞춰 난 못해, baby
Why would we be block one here?
난 나로 돌아가지 다시, ay

[Verse 9: JEFFREY WHITE]
Oh my god, 못고쳐 내 버릇
나 요리조리 피해가지 여러 법을
어떤 벌도 달게 받아 이쁜 너는
깊이 들어가니 bubble
난 진국 설렁
네 남친 squirrel
얼마나 별로면 매일 밤 와서 벌 서
아무렇지 않게 그냥 전화 걸어
자기 목소리를 왜 그렇게 떨어

[Chorus: Fleeky Bang, Tray B]
(Ah) Going like a rocket, feel like I'm 보이저
I keep a Drako, I'm not a soldier (Grr)
Everything's deady 내 적 안보이죠
빨간 눈, 래퍼가 아니라 도적
우리 나타나면 래퍼들 벙쪄 (What the fuck?)
우린 걍 재미로 래퍼들 겁줘 (Bow, bow)
똑같이 태어나 다르게 걷죠 (YEL)
One, two, three

[Post-Chorus: Don Mills]
It's the block, block, block
Block, block, block, block (One)
Block, block, block, block
Block, block, block (One)
Block, block, block, block
Block, block, block (One)
Block, block, block, block
Block, block, block (One)","","","","",""
"Wild Hiphop (Feat. C Jamm, Okasian)","Don Mills","0o4nvQn8ffqCEtxhh2zIV0","[Intro: DJ Rated R & Franchise]
Let's take it out to Spittsburgh
Can't forget Billy The Kid
And Beedie, what up?
Can't forget to give a fat shouts-out to Living Proofe
Mac Miller
Pull the pistols, I'm off to the races, gone with the wind (Can't forget Sam [?])
Pull the pistols, I'm off to the races, gone with the—
Pull the pistols, I'm off to the races, gone with—
Pull the pistols, I'm off to the—
(Henny & Haze)
Pull the pistols, I'm off to the races, gone with the wind
Got my partners a part of this and we gon' get it in
Mass appeal through your stereo, ears explode, listen in
With six of the truest M—

[Verse 1: Franchise]
Pull the pistols, I'm off to the races, gone with the wind
Got my partners a part of this and we gon' get it in
Mass appeal through your stereo, ears explode, listen in
With six of the truest MCs who fumbled jewels by glistenin'
Hell, from that pretty city where niggas be gettin' it
However you need it, the camp got it, how we dishin' it
Underground commercial with talents so versatile
And punches that'll have 'em in the hearses with the curtains
Blast and leave 'em hurtin' on any beat that I work with
Sam, set up the funeral, your beat, I'm 'bout to murk it
These other niggas is worthless unless it's Ciego in the booth
Or Beedie spillin', bringin' the pain with Living Proofe
Sixty-proof's in my cup, mix the juice and that
Get the Buddha wraps, swervin' lanes as I cruise with Mac
Open the page as I'm roastin' the haze
With quotes full of flames
Bill The Kid, flow on the page

[Verse 2: Bill The Kid & Beedie]
And ever since we came down, y'all fuck with us
Twistin' up the game, Dutchy, easy, while the paper
See the flavors of the bud we want
Showin' love, that's comin' crazy, how these women love to page me
When they know it's only one I'm gon' fuck with, 'cause
I'm not the player type, just feed me grapes
Watch the haze, crispy, save the whites
LV chain onto my jeans, they know I'm playin' right
Tell me what my name is to the game, I'm always sayin' I'm
Number one, comin' with a microphone, pounds of weed
Every pair of kicks is like I'm licensed as the number one kid in fly Nikes
Not another fly like me (Yeah)
I get it done when I said it, watch me stomp the beat (Check it)
In my Flights right when the instrumental drops (Look, look)

[Verse 3: Beedie]
Well, I'm back, ready for round two (Yeah)
Hustle 'round the grounds, fool
Always keep my pivot, y'all be slippin' in your clown shoes (Shoes)
I'm from a foul zoo, Pittsburgh, it's Beedie Crack
Here with Franchise and all my guys, let me speed it back (Back)
If you can move, then I'ma work it like physical fitness (Yeah)
Have ya bitch bendin' backwards like she was a gymnast (Haha)
Yes, it's the fuckin' greatest (Greatest)
So let me tell you, when I say it, chyeah, we gettin' papers (Papers)
Whole team squadded up, we takin' over acres, no fakers, homie (Yeah)
Feds takin' pictures, cops watchin', got the cameras on me (Why?)
Got the sticky, smell the orange crush, mandarin
Out with Fran' and them
Spittin' synonyms and antonyms
My standard is outstandin', man (Uh-huh)
Every time I grab a pen (Woah), waitin' right around the bend (Chyeah)
Make you need an aspirin (Yeah)
She ain't even gotta ask for him
Thinkin' if she want a road boy, your chance is slim

[Verse 4: Living Proofe]
Yeah, so much shit up on my brain
Crack the window, light it up, drop the ashes on the pane (Yeah)
Some type eclectic, breathin' through the strange
Been the rock to the jungle, the lion to the mane
Never catch me lyin' on my name
I'm the Proofe, while they aim to shoot, I just shoot to aim
So I'm packin' it to accurately tame
All these animals and cannibals just tearin' up the game
(I'm) so fly (Yup), no need for a plane
Move the clouds, leave the sun, shoot the stars, make it rain (Rain)
So high, the dollar makin' change
Flashbacks like a vet, took a bottle to the brain
Cash stack (Yup), I'm ballin' once again
Got a mean crossover, stay the fuck up out my lane
Deep thought, hold it, yet your cheap talk lower than my sight
So precise, you could never touch my range

[Verse 5: Ciego & Mac Miller]
Poppin' pills, I never sleep, I barely eat
I'm drinkin' square, smokin' beers, is it clear?
Soap appeared, sober weird, anti-social, I don't care
Middle finger for you here
Failure never shows the fear
I am over standin' there
Not the best, somethin' here
Death is closin' in the rear
Rats are [?] here
Rapidly, I regulate
Droppin' like the counterweight
Duckin' from them county weights
Reperate and calculate
Contemplation, confrontation, hesitation, [?] shakin'
Block awakin', watchin' how you conversatin'
Goin' in, then again, left 'em where I first begin
The worst of men
My worthless sense, I'm grindin' harder, shinin' longer
Really-nilly, smokin' Philly
Barber foolin' like I'm Billy
Push me, I'ma show you, silly
Number two, I'm really illy
Overlooked, you know the dealy
Really wanna try me, really seen my city?
Niggas gritty, bar pissy
Hoodie on (Uh), [?] with me (Look)
Truth

[Verse 6: Mac Miller]
Ayo, I'm comin' with a flow you ain't seen in a long time
Makin' the song cry
If you not with me, you on the wrong side
People goin' by smokin' so I throw 'em five
Try and get a hit of this haze, Franny be smokin' la
La costa nostra, I keep it in the family
Plus I'm goin' global, ma', the kid gon' win a Grammy
Award, you can hand me the Billboard
That's the type of shit a muhfucker would kill for
This is some real war
Bitch, this no Call of Duty
I got a bunch of lil' groupies, dress 'em all in Gucci
'Cause it don't mean shit
Fresh kicks on my Bruce Lee shit
I see you effin' H's, now you hangin' with a G, bitch
A young boy all season
Go against the Empire, that'd be treason (Hahaha)
Few bags of hash when they bringin' all my weed in
And two bad bitches, find me sittin' in between 'em

[Outro: DJ Rated R]
ID Labs
Henny & Haze, Rated R
2010, we on our mixtape takeover shit
Spittsburgh in this motherfucker
Yo Pittsburgh, we get it?","","","","",""
"Totally On Fire","Don Mills","0PLnzBfbz9y1Oy6aleNAI1","[던밀스 ""화끈해 완전"" ft. 제네 더 질라 가사]

[Intro: Don Mills]
Yah
Hey, hey
Ah, yeah

[Pre-Chorus: ZENE THE ZILLA, Don Mills]
너는 너무 화끈해 (That's right), 너를 바라보면 나는 후끈해져
너는 너무 화끈해 (Uh), 나는 점점 너가 궁금해져
너는 너무 화끈해, 던밀스 헤어라인처럼 깔끔하고도 말끔해 (Yeah)
따끈하다 못해 따끔해 (Oh) 그리고 화끈하다 못해 뜨거워 완전

[Chorus: Don Mills, ZENE THE ZILLA]
완전하게 뜨거워 나 뜨거워서 미쳐요
완전하게 뜨거워 나 뜨거워서 미쳐요
완전하게 뜨거워 나 뜨거워서
미쳐버릴 지경이야
완전하게 뜨거워 나 뜨거워서 미쳐요
완전하게 뜨거워 나 뜨거워서 미쳐요
완전하게 뜨거워 나 뜨거워서 미쳐요
완전하게 뜨거워 나 뜨거워서 미쳐요

[Refrain: Don Mills]
사실은 걱정돼
화끈하게 널
사랑해야 되는데 조금 (Come on)
부족한 화끈함에 넌
나를 떠나간다니

[Verse: ZENE THE ZILLA, Don Mills]
너의 마음 정말 알쏭달쏭
한번 살아보자 알콩달콩
엽기적인 널 보니까 달콤 살벌
용기 내서 너에게로 다가갈걸
너에게로 다가갈게 살금살금
너의 행동 하나하나 앙큼상큼
나의 마음 뺏어 먹어 야금야금
너란 여자 정말로 화끈 빠끈
화끈, 화끈, 화끈, 화끈
화끈, 화끈, 화끈, 화끈
앞에서 봐도 화끈해 (Yeah)
옆에서 봐도 화끈해 (Yeah)
뒤에서 봐도 화끈해 (Yeah)
완전히 완전 화끈해

[Refrain: Don Mills]
사실은 걱정돼
화끈하게 널
사랑해야 되는데 조금 (Come on)
부족한 화끈함에 넌
나를 떠나가

[Pre-Chorus: ZENE THE ZILLA, Don Mills]
너는 너무 화끈해 (That's right), 너를 바라보면 나는 후끈해져
너는 너무 화끈해 (Uh), 나는 점점 너가 궁금해져
너는 너무 화끈해, 던밀스 헤어라인처럼 깔끔하고도 말끔해 (Yeah)
따끈하다 못해 따끔해 (Oh) 그리고 화끈하다 못해 뜨거워 완전

[Chorus: Don Mills]
완전하게 뜨거워 나 뜨거워서 미쳐요
완전하게 뜨거워 나 뜨거워서 미쳐요
완전하게 뜨거워 나 뜨거워서
미쳐버릴 지경이야
완전하게 뜨거워 나 뜨거워서 미쳐요
완전하게 뜨거워 나 뜨거워서 미쳐요
완전하게 뜨거워 나 뜨거워서
미쳐버릴 지경이야","","","","",""
"미쳤었어 / It Was Crazy (feat. Beenzino)","Don Mills","4nSms0PmwDWkQdchtrlJTV","[Chorus: Don Mills]
꿈이 나를 채찍질 해, 칠해 백지
Tivoli로 skrt, skrt, Ian Ka$h on the 땜삥
난 미쳤었어, 난 미쳤었어
난 미쳤었어, 난 미쳤었어
꿈이 나를 채찍질 해, 칠해 백지
Tivoli로 skrt, skrt, Ian Ka$h on the 땜삥
난 미쳤었어, 난 미쳤었어
난 미쳤었어, 난 미쳤었어

[Verse 1: Don Mills]
난 미쳤었지, 감성 팔이 없이 rich 해졌지
동양의 2 Chainz 하고 같이 ballin' same 패거리
내 미래 포스터 작업실 벽면을 장식
지하로 들어와도 아침, 여긴 내 직장 do ma sit
마실 가지, 가사 작업 machine 황마
소심한 자식은 상종 안 해
사서 미리 걱정 마
마음에 방이 좀 작은 분들은
화내도 돼 이해를 하니까
시간낭비라도 비난, 비판들을 해야 속 개운하니까
난 대인배가 되고 싶어
잃어버릴 수가 없는 이성
음악에 내 인생 걸고 있어
절대로 질리지가 않는 직업
나를 유명하게 만들어 준다고
부자로 만들어 준다고 한 Beenzino
약속을 아주 잘 지켜서
며칠 후 만나기 위해 check 일정

[Chorus: Don Mills]
꿈이 나를 채찍질 해, 칠해 백지
Tivoli로 skrt, skrt, Ian Ka$h on the 땜삥
난 미쳤었어, 난 미쳤었어
난 미쳤었어, 난 미쳤었어
꿈이 나를 채찍질 해, 칠해 백지
Tivoli로 skrt, skrt, Ian Ka$h on the 땜삥
난 미쳤었어, 난 미쳤었어
난 미쳤었어, 난 미쳤었어

[Verse 2: Beenzino]
하루 종일 돈을 버네, 하루 종일
대낮부터 Tokyo 돌아, 갸루 종일
Balenciaga bag, Akihabara swag
Tsutaya에서 책, check card dab, uh
저녁식사 sushi, all my team 이 쑤심
엄마 선물 Phillip Lim shoe, 성빈 림 올림
Millionaire Poetry album so sick
내 판모밀 소스 수심 추가, Jazzyfact 곧, uh
Fuck em all, fuck em all, IAB Mschf sold em all
하루 만에 돈을 쓸어 담아, 아이디어는 늘 떠들며
At Bruce Lee, 강남구청, 여전히 눈을 난 안 붙여
The Quiett song, there is no tomorrow
난 그래서 하루 종일 불 붙여

[Chorus: Don Mills]
꿈이 나를 채찍질 해, 칠해 백지
Tivoli로 skrt, skrt, Ian Ka$h on the 땜삥
난 미쳤었어, 난 미쳤었어
난 미쳤었어, 난 미쳤었어
꿈이 나를 채찍질 해, 칠해 백지
Tivoli로 skrt, skrt, Ian Ka$h on the 땜삥
난 미쳤었어, 난 미쳤었어
난 미쳤었어, 난 미쳤었어","","","","",""
"88","Don Mills","6jZBQdjwGUHVboxfnUWKZb","[Hook]
갓 잡아 올린 참치처럼 팔팔해
내 세 번째 다리처럼 매일 딱딱해
여기저기 들리는 내 이름, ""던 밀스!""
여기저기 들리는 내 이름, ""던 밀스!""

[Verse 1]
겉으로 알아보는 사람들이 늘어가는 순간에 빵빵 거리면서 내 심기를
건드리며 자꾸 길을 막아. 찢어먹고 씹어먹고 빨아먹고 빌어먹어
따뜻하게 뎁혀놓은 자리, 내 자리
두리번 두리번 거려. 다리 아파? 어디 앉아?
평상시에 잘해. 나중에나 네가 아네 마네 해도
내가 하는 말: ""안 해, 안 해, 안 해, 안 해""
안에서 새는 바가지 밖에서도 마찬가지
방구석 래퍼는 외출을 나가도 절대로 다물 수가 없지, 나의 아가리
걸레를 뱉어 벽에 걸어 놨다매, 너?
어디서 본 거야? 그런 개같은 매너
확실히 봐라. 이게 바로 내 건데
너한테 건네줄게. 벨트 풀어헤쳐

[Hook]

[Verse 2]
새벽 네 시 반에 난 일어나
새로 산 시계가 잘못됐나?
실수 투성이라도 일어나
인생은 돌고 돌아: 김연아
시건방진 건 못 참아. 잘못 배운 애일 걸?
허세만 가득해서 하는 ""yezzir""
기본 예절부터 지키고 와. 적어도 네가 한국인이라면
역사를 무시해 가치가 없어, bitch, 개년
네가 할 수 있는 욕이라곤 'shut the fuck up, motherfucker'
랩한다 떠들지 마. Shut the fuck up, motherfucker
아무나 쓰는 가사 너만 쓰냐? Motherfucker
존경을 원한다고? Shut the fuck up, motherfucker

[Hook]","89.956","0.7559999999999999","0.778","-4.927","0.7879999999999999"
"Spicy Love","Don Mills","7g2uSvM3gC1xbFqXvwWrOW","[던밀스 ""화끈한 고백"" ft. 폴로다레드 가사]

[Intro: Don Mills]
Ooh, ooh, ooh
Ooh, ooh, ooh
Rock it
야, 사랑한다고 (Ooh)
나랑 죽을래 아님 나랑 같이 사랑할래?
진짜 미안한데 (Ooh)
나 진짜 사랑한다

[Chorus: Polodared, Don Mills]
오늘 밤 나 화끈하게 너한테 고백해 버리겠어
심장 떨리고 가슴 떨려, 이런 날 어떻게 버리겠어?
제발 받아라 내 사랑을 난 너 없음 죽은 목숨
그러니까 제발 날 쳐다봐, 날 바라봐 날 쳐다봐

[Verse: Polodared, Don Mills]
사랑해, 좋아해, 사랑 좋아, 사랑해
Paris baguette를 참 좋아했었던 넌 있어 내 안에
미안해 근데 진짜 너를 진짜 좋아한다
아니 그보다 더한 감정 난 감히 사랑이라 말할 수 있어
(잠깐만, 아이고, 안돼)
난 하지 못한 말이 남았었는데 (내 안에 가득해)
넌 대체 어디서 뭘 하냐고 (넌 대체 어디에?)
조금만 기다려 내가 너를 데리러 간다니까요
아무도 모르게 살금살금 사랑 고백해

[Refrain: Polodared, Don Mills]
던밀스 사랑해, 폴로다레드 사랑해
우릴 좋아하는 사람들이 이렇게 많은데 너는 왜 안 사랑해?
사랑해, 좋아해, 사랑 좋아, 사랑해
나는 마치 붓따같이 너만 졸졸 따라다니지

[Interlude: Polodared, Don Mills]
화끈한 사랑
화끈한 사랑
화끈한 고백
화끈한 고백
당신을 위한 화끈한 남자 (잠깐만, 안돼)
폴로다레드에요
[?], 가자

[Chorus: Polodared, Don Mills]
오늘 밤 나 화끈하게 너한테 고백해 버리겠어
심장 떨리고 가슴 떨려, 이런 날 어떻게 버리겠어?
제발 받아라 내 사랑을 난 너 없음 죽은 목숨
그러니까 제발 날 쳐다봐, 날 바라봐 날 쳐다봐

[Refrain: Polodared, Don Mills]
던밀스 사랑해, 폴로다레드 사랑해
우릴 좋아하는 사람들이 이렇게 많은데 너는 왜 안 사랑해?
사랑해, 좋아해, 사랑 좋아, 사랑해
오늘 진짜 고백해야겠어 말리지 마","","","","",""
"OK Remix (Feat. Polodared, Tray B)","Don Mills","0RfnB3S7U57KwuF1OPT9Ws","[Couplet 1 : JL]
J’ai arrêté d’croire que j’serai un jour millionnaire
Que mon don d’orateur ferait qu’on m’verse un salaire
Mon vocable me servirait d’ascenseur social
Otis n’est pas venu donc j’reste en bas d’l’échelle
J’sais qui tire les ficelles, mais j’suis pas un pantin
Pas racoleur, mon style pas assez enfantin
J’ai pas l’train qui fait bouger l’bassin, secouer l’séant
Mon rap est pur, tu veux qu’j’y ajoute un diluant
La gloire n’est plus mon stimulant
Et j’veux pas faire le MC en simulant
Lancé comme une balle donc j’compte sur l’inertie
Tant pis si pour mon taf personne ne m’dit merci
L’amour du game m’a comblé, mon ventre n’a pas rempli
Mais fier, même si les charts j’n’ai pas conquis
Avec moi-même, je n’suis pas en conflit
Et toujours la même ardeur quand j’me confie

[Refrain]
J’me fais plus d’illusions et j’crois plus au Père Noël
Depuis belle lurette je sais qu’le monde est cruel
J’me fais plus d’illusions et j’crois plus au Père Noël
Depuis belle lurette je sais qu’le monde est cruel
J’me fais plus d’illusions et j’crois plus au Père Noël
Depuis belle lurette je sais qu’le monde est cruel
J’me fais plus d’illusions et j’crois plus au Père Noël
Depuis belle lurette je sais qu’le monde est cruel

[Couplet 2 : JL]
J’ai arrêté d’croire qu’on pouvait vivre d’amour et d’eau fraîche
Pour survivre, faut trouver la brèche et y faire son trou
Car l’homme est prêt à tous les coups, l’homme triche
De toute façon, toutes les sources seront bientôt sèches
La vie n’est pas douce, elle est rêche
Plus cactus que survêt’ peau d’pêche
Plus proche du grand huit que d’la balade en calèche
Pour être pépère faudrait qu’j’sois Hare Krishna ou Amish
Mais j’vis dans c’monde matérialiste où faut avoir le dernier Macintosh
Le truc high-tech pour pas être une cloche has been
Le jean branché vu dans les magazines
Faut avoir pour être sinon la vie ne sera pas câline
Alors j’veux posséder comme l’homme lambda
Chrome sur quarante-cinq années, grand écran plasma
Place-toi, fais la course et tout l’monde peut avoir
Mais le cake est minuscule, tout l’monde veut sa part

[Refrain]
J’me fais plus d’illusions et j’crois plus au Père Noël
Depuis belle lurette je sais qu’le monde est cruel
J’me fais plus d’illusions et j’crois plus au Père Noël
Depuis belle lurette je sais qu’le monde est cruel
J’me fais plus d’illusions et j’crois plus au Père Noël
Depuis belle lurette je sais qu’le monde est cruel
J’me fais plus d’illusions et j’crois plus au Père Noël
Depuis belle lurette je sais qu’le monde est cruel

[Couplet 3 : Rocé]
J’ai arrêté de croire que nous sommes tous égaux en droits
La droiture du peuple n’empêche pas l’injustice des rois
J’ai arrêté de croire en des rois qui s’disent présidents
Trahissent leurs engagements et disent que c’est un accident
J’ai arrêté de croire aux accidents ceux de l’Histoire
Quand les crimes se répètent j’appelle ça un système qui foire
J’ai arrêté de croire qu’les meilleurs sont sur un podium
Pas en l’intégrité d’ceux qui restent droits comme une colonne

[Couplet 4 : JL]
J’ai arrêté d’croire en la paix totale sur l’globe
Moi j’y peux rien et l’ONU fait mal son job
J’allume le poste et j’fais whoa comme Black Rob
C’est chaud à quel point les gens s’détestent
Des peuples entiers se haïssent, se snobent
Des haines s’accumulent donc le vase déborde
La colombe, la pauvre, a une balle dans l’cœur
Trop d’cow-boys sur Terre, pas assez d’pacificateurs

[Refrain]
J’me fais plus d’illusions et j’crois plus au Père Noël
Depuis belle lurette je sais qu’le monde est cruel
J’me fais plus d’illusions et j’crois plus au Père Noël
Depuis belle lurette je sais qu’le monde est cruel
J’me fais plus d’illusions et j’crois plus au Père Noël
Depuis belle lurette je sais qu’le monde est cruel
J’me fais plus d’illusions et j’crois plus au Père Noël
Depuis belle lurette je sais qu’le monde est cruel

[Outro]
OK, encore un nouveau remix
De l’homme que l’on nomme DJ Sek
La vie est cruelle, j’t’apprends rien
On continue, pas d’retraite, pas d’reddition","","","","",""
"a ground header (Feat. KOR KASH)","Don Mills","3tjVPCqnTcgkDWLhHRP5wO","[Verse 1: KIM MOI]
맨땅에다 대가리 박으면 머리가 너무 아파요
그것이 바로 청춘 동시에 지갑도 아파요
사람들이 계속 뭐라 해서
들어보니 내가 이겼다네요
하 씨발 이걸 해명해 말아 Fuck
Trap 외삼촌 데리고 왔지 미래
안 봐도 잡아 이건 내 마지막 기회
I don’t care how many people talk some
Shit about me
맨땅에 대가리 박아도 keep going
I’m just do my thangs motherfuckers

[Chorus: Don Mills]
맨땅에다 갖다 박아버려
맨땅에다 그냥 갖다 박아버려
맨땅 맨땅에다 헤딩 맨땅 맨땅에다 헤딩
맨땅에다 헤딩 맨땅 맨땅에다 헤딩

맨땅에다 갖다 박아버려
맨땅에다 그냥 갖다 그냥 박아버려
맨땅 맨땅에다 헤딩 맨땅 맨땅에다 헤딩
맨땅에다 헤딩 맨땅 맨땅에다 헤딩

[Verse 2: Skyminhyuk]
너도 할 수 있잖아 보란 듯이 증명해 냈지
음치 박치 래퍼 맨땅에다 박아 대가리
죽고 싶었었지만 죽지 않고 that's me
힘든 날이 없었다면 지금의 나도 없겠지
No kizzy
고졸 새끼가 Stacking money
어릴 때는 객기였고
이제는 온전히
Still On My Grind
수호자지 Underground
나보다 멋있어? 과연 누가

[Verse 3: SINCE]
흙바닥에서 샅바 잡고 버텨왔지 씨름
맨땅에다가 존나 박았지 내 돈과 기름
피를 조금 봤어도 안 죽어 새끼야 안 내 신음
난 될 수 없어 pussy 좆 되게 뱉거든 시를
대체 할 수 없지 난 필요해 술 마실 때만 대리
너는 마테라치 난 지단 빡침 가슴팍에 박치기
내 대가리 깨질 생각 안 해 시작부터 맨땅에 헤딩
누가 살아남을지 봐봐 내 성공에 모든 걸 베팅

[Verse 4: Toigo]
머리 위로 racks on racks on racks on me
밀스 형 내 머리에다 줘봐 센타링
수비수들 데려다가 Do mosh pit
그사이에 헤딩 박아 마치 조원희
Finally get dough
걸어 시동
맨땅에서부터 2024
Puff got 2 phones
We the 8 ball
유료 전화들이 울려 콜렉트콜

[Verse 5: Street Baby]
맨땅에다 갖다 박았더니
거리의 지식
I Got street knowlege street baby 거리가 내 침실
Mayhem was the na name of the skreet
좀 get it 주입식
교육이잖아 이 정도면 공부했다며 병신아
왜 내가 더 잘 버니 너보다 궁금하겠지
너도 죽기 직전까지 갔다 와 보면 알겠지
아마 근데 못하자나 거까진
그게 내 방식
야마 없어 쟤넨 좆도 밀스 형
보더니 화장실

[Verse 6: Kitsyojii]
맨날 맨땅에다 헤딩 bounce back
이제 #OLLAGANDA 위로
코인 좆도 모르면서 찢어 갖고 와 봐 그 비트
밀스 형 내가 좆밥일 때부터
먼저 손을 내밀어줬지
So 형이 같이 가자는 길 나락이어도
나의 대답은 오킹
아스팔트와 같은 이 rap scene
마빡 깨질 때까지 나 헤딩
조규성 가나전 두 골 내 머리로
한 골 더 보태줘 만들어 해트트릭
헤딩 끝에 나 헤드 스핀 너무 힙합이라 B-boy shit
인생은 돌고 돌아 김연아 맨땅 버전 나 키츠요지

[Verse 7: K$AP Rama]
도화선에 불이 붙어 밀스 형 전화 한 통에
다 찢어 이 곡에서 내 목소린 통해
아무도 못 막지 올라가버린 내 폼에
쟤들은 말해 오메 씨발 저 새낀 대체 뭔데
갑자기 툭 튀어나와서는 국힙씬 반으로 접네
케이셉 라마 모두가 다 아는 내 이름
더 바빠지겠지 내일은
이젠 몰라 공연섭외 제의는
Question 사재기
뒷배 없이 올라온 사람 누구 what?
아직도 인정 못 해?, fuck you bitch 걍 엿먹어

[Verse 8: Poison Mushroom]
날 쳐다본 빈지노의 눈
내 벌스 들은 빈지노의 귀
내 이름 부른 빈지노의 입
날 생각하니 나온 빈지노의 미소
내 노래를 틀은 빈지노의 폰
내 이름 나온 빈지노 인스타 라방
내 목소리 울려 퍼진 빈지노의 스피커
비켜 우리 형 내가 지켜

[Verse 9: Kim Nong-mill]
맨땅에다 헤딩 다시 맨몸으로 다이빙
그게다 되지 퇴비 아냐 마른 논물 대기
네가 말 해 감히 내 실패는 없어 의미가
그 말엔 없어 damage 다시 쌓아 올린 palace
이곳은 오직 members only
성공은 chemical 이걸 누가 못 믿어
Just do and going
할 때 제일 설레어
Let’s grinding and prove it
못함 벌레여

[Verse 10: CHERRY BOY 17]
Skrr skrr 나도 매일 방안에서 받아 비싼 벌
5백을 쓰고 만원으로 받아 비싼 벌
그때 내 main dish 라면에다 2프로로 버텨
너네 바닥치고 올라올 때 난 딸치고 왔어
But 더 터뜨려 bust it
돈 되는 거 더 쓸어다가 폭식
어차피 또 벌면 나가 뮤비에 uh
난 멈추지 않아 pump it
콜캐쉬처럼 포기를 난 포기
힙합씬도 못 버리지 아직

[Verse 11: Roh Yun Ha]
Microphone checker 123 불러만 준다면 blah blah
좆도 없던 새끼 나타났지 그렇게 할 거면 나와봐
나 걍 다 갖다 박았지 압구 홍대 이태원 마이크 잡아
공짜 술은 손도 안 댔어 니들 처바를 생각만
너 긴장 할 때 난 lala
무대 위에 내 모습 봐봐
꽉 채워서 뱉어대 a lot of 좆 되는 verse
다 이미 알아
진짜로 감사해 하나님
욕 좀 섞여 있는 찬양
물론 안 빼먹어 I'm proud of myself
안 늦었어 따라와 봐

[Chorus: Don Mills]
맨땅에다 갖다 박아버려
맨땅에다 그냥 갖다 박아버려
맨땅 맨땅에다 헤딩 맨땅 맨땅에다 헤딩
맨땅에다 헤딩 맨땅 맨땅에다 헤딩

[Verse 12: Nochang]
던 햄이 여덟마디만 부탁하신대
아 그런 말 뒤지게 안 듣는
나 그냥이 형이잖아
공부 열심히 해놓고
수능 때는 자버릴 정도로
원대한 꿈이 있었잖아
꿈, 꿈대로 살고 있지
그런데
그때 꿈을 좀 섬세하게 꿀 걸
음악하고 싶었던 부분만
현실이 된 부분에 관하여 묵념
여덟마디 끝
맨땅과 맞서기 위해 맨머리가 될 정도로
낭만이 넘치잖아
분량이 넘치는 걸 죄송하다고 말 안 하고
할 말은 계속하잖아
열둘마디
네 마디가 남았잖아 쉴 수 없잖아
(인생을 바꿀 쉼표)
무음 절 벌스로 맞받아쳐야
다들 아는 노창이 형이잖아

[Chorus: Don Mills]
맨땅에다 갖다 박아버려
맨땅에다 그냥 갖다 박아버려
맨땅 맨땅에다 헤딩 맨땅 맨땅에다 헤딩
맨땅에다 헤딩 맨땅 맨땅에다 헤딩

맨땅에다 갖다 박아버려
맨땅에다 그냥 갖다 그냥 박아버려
맨땅 맨땅에다 헤딩 맨땅 맨땅에다 헤딩
맨땅에다 헤딩 맨땅 맨땅에다 헤딩","","","","",""
"Dope (feat. Son Simba, YANGHONGWON)","Donutman","7yjPd6j3nXsVm7Rp6xx3Gd","[Intro: Donutman]
Ay, ay, ay
It's motherfuckin dope
Cook it, bake it, whip it, servin'

[Verse 1: Donutman]
난 매일마다 구워내지 motherfuckin' dope
내 목소리가 재료지, beat에다 섞어둬
병신 상품화된 rapper들 다 fuck 'em up
난 작업하기 전에 말하지 않아 돈 먼저
Respect이 먼저, hip-hop의 원리, that's basic shit
다 알아들었지만 지키는 이는 몇 없지
Hall of fame road to the riches hall of fame
-에 들어가기 위해 밟는 첫번째 단계
다 첫 술에 배부르려고만 하지, ay
서로 등쳐 먹는 게 습관이 됐기에
아무도 믿지 못해, 그래서 견제하지
마치 그 모습이 Afghanistan과 Pakistan을
보는 듯해, 그렇지만 I ain't with that
긍정적인 mind로 살아, always keep that
1 hunnit percent 잃지 않아 절대
내 물건은 순도 100%, 안 들어있지 허세, ay

[Chorus: Donutman]
It's motherfuckin' dope
It's motherfuckin' dope
다 듣고 취했어 왜냐면 it's motherfuckin' dope
It's motherfuckin' dope
It's motherfuckin' dope
다 듣고 취했어 술, 담배, 마약 없이도

[Verse 2: Simba Zawadi]
내 느낌은 fuckin' dope, 현기증 나, 마치 holy ghost
Bitch rapper들의 귓바퀴엔 악마들이 꼬릴쳐
난 진짜 멋을 내려입고 너넨 Hollister
아니면 Abercrombie motherfucker 강남 거지 꼴
모든 걸 쏟아낸 듯 해도 여기 더 있어
내 verse에 매번 목숨을 정확하게 섞지, whut
모두에게 천국을 보여
너네끼리만 물고 빠는 cartel들은 들어, yo party's over
감각을 잃은 너희에게 삶을 줄 Sullivan 같은 존재
이곳에서 도망쳐
Rolex 자랑들만 하는 양아치들은 fuck that
판을 키우겠다던 진짜 dealer들은 어딨어?
이 판의 절반을 먹은 돼지들의 거짓말
그 절반을 밝힐 blue magic flow가 여깄어
1 hunnit percent 변하지 않아 절대
내 물건이 정신을 맑게 만들어줬지

[Chorus: Donutman]
It's motherfuckin' dope
It's motherfuckin' dope
다 듣고 취했어 왜냐면 it's motherfuckin' dope
It's motherfuckin' dope
It's motherfuckin' dope
다 듣고 취했어 술, 담배, 마약 없이도

[Verse 3: Young B]
내꺼야 다
너희 몇 년 전 내 말은 ""개 뻥야 다""라 말했지만
니 rapper 친구 내 flow 베껴 가
나의 해는 내 방 안에 있지, friends 해 떴다 말하지마
내 rap 쳐박지 니네들 헤드폰에다
Level up 한단계 더, 나 구름 위 눕게 돼
내 부모님 steak 내 집안에서 굽게 돼
Album 내고 1월 1일 club의 두개 table
애들 앉혀놓고 smoke and drink, ay, look at there
Yeah, 금발이 튄 뻗은 다리 skinny, yeah
가슴팍에 'G', 쟤네도 우릴 가르키지
내 눈빛까지 느껴버림 안돼 가늠질이
셀피 원한다면 다른데 알아봐둬 미리
'Cause it is fuckin' dope man, 없어도 돼 chain
좆까 fake motherfuckers, 빼입어도 못해 대입
Fame이 뭔데, rapper 새끼들 왜 이리 못해
Get it away, 니 내리는 거 내겐 내일이면 돼, yeah

[Chorus: Donutman]
It's motherfuckin' dope
It's motherfuckin' dope
다 듣고 취했어 왜냐면 it's motherfuckin' dope
It's motherfuckin' dope
It's motherfuckin' dope
다 듣고 취했어 술, 담배, 마약 없이도","88.115","0.634","0.874","-6.672","0.136"
"hurt (feat. punchnello)","Donutman","1mtWYUcdHan2qswSYjeAzx","[Intro]
(Please, please, pleeeaase)
To our Father, who art in heaven…..damn

[Chorus: TrxggaTre & Choir]
(Bless meee, ble-, bless meee, bless meee, ble-, bless meee)
So I ask the Lord to(Bless Me, ble-, bless meee) 
Yea I ask the Lord to(bless me, ble-, bless meee), yea I ask the Lord to

[Verse 1]
This for my real niggas, take the beat and kill niggas
Go and pop the steel niggas(Pow), shit can get for real nigga
I ain't never lie to you niggas bout what I wrote(nope)
And if I do, man I ask the Lord don’t take me for a jokе(please don't take mе for a joke)
Before I go, man this game came with a lot of chances
And with that money chicks gone start giving you lots of glances
Like “Trxgga where you get yo Benz?”, bitch this off advancements
I’m playing with the dreams like a nigga Steve Francis
I’m only 18 and I’m runnin’ round frantic
Like will I sink or float? A nigga feeling Titanic
I’m cut from a different stone, Rosetta can't understand this(uh)
I’m calling on God and I just pray the Man’ll answer, like

[Chorus]
(Bless meee, ble-, bless meee, bless meee, ble-, bless meee)
So I ask the Lord to(Bless Me, ble-, bless meee) 
Yea I ask the Lord to(bless me, ble-, bless meee), yea I ask the Lord to

Verse 2:
This for my lil’ sisters, real sisters, go-getters
Type of chick that buy her own place and answer to no nigga(yea)
Type of chick that go through the highs and the lows with ya(yea)
Type of chick that look in ya eyes and steal the soul from ya(yea, yea)
I can see my future unfold on the horizon
And all my work gone end up as checks, like its Verizon(like it's Verizon)
I hate to disappoint all my family and leave ‘em crying(and leave 'em crying)
Yo life can change in one year that’s why I’m steady grinding(that's why i'm steady grinding)
Late nights, early mornings writing in my closet yo
I barely got enough money to record in a studio
And on top of that a nigga gotta pay these student loans(yea)
That’s why every time I write I’m tryna make the hottest songs
Musics in my blood, Benny K, Aaron Deux, and BOE(shoutout to y'all)
Little do they know them songs that they make inspire me
Probably didn’t know that lil’ cuzzo was a MC(""oh he rap now?"")
And I pray lil’ shawty don’t mess up the Benz I’m renting
And I know that it’s some people in this world to get me
I just pray before I go, that I can leave a legacy(that's all I ask)
Leave a image on this world that people’ll forever see(that's all I ask)
And I say this all in prayer Lord, please Bless Me
(Please bless me)

[Outro: TrxggaTre & Momma]
Mom: Ummm, that’s why, that’s why God wants you to let it go. So whatever hurt you have don’t...hang on to it, God is doing it. Everything that God’s stolen from us, our family, time, even time the bible says it, clearly, and God gave it to me. All the time that we lost, we’re gonna get it back. The money we lost, we’re gonna get it back, you know...
Trxgga: Definitely getting that back!
Mom: The family… oh yea! In ten-fold!
Trxgga: Ten-fold!
Mom: Ten-fold
Trxgga: Babyyy!","90.379","0.392","0.534","-7.636","0.163"
"Coin Laundry","Donutman","7c15oEQBX6E0hGdDSsGxZy","[도넛맨 ""코인세탁소 (Coin Laundry)"" 가사]

[Chorus]
오늘은 어딜 가길래
그렇게 비싼 걸 몸에
날 만날 땐 편하게만
입으면서 언젠가부터
날 보는 눈빛이 달라졌어
Where you go where you go where you goin'
다시 돌아오겠지 우리 봄이
계절에 맞게 옷을 갈아입듯이
달라지는 너의 태도에 난

[Verse 1]
불신이 늘어났어 마치 니트류
넣으라 했잖아 울샴푸
계면활성제가 뭐라구
우리 사일 떨어트릴 순 없어 얼룩져서
못 입게 된 옷 세제 한 스푼 더 넣어
푹 쪄서 푹 쪄서
먼지 턴 다음에 다 쭉 널어 uh
나는 어느새 네게 헌 옷이 됐고
넌 눈을 돌리지 to the fresh clothes uh
어쩔 도리가 없어
윗도리 아랫도리 다

[Chorus]
오늘은 어딜 가길래
그렇게 비싼 걸 몸에
날 만날 땐 편하게만
입으면서 언젠가부터
날 보는 눈빛이 달라졌어
Where you go where you go where you goin'
다시 돌아오겠지 우리 봄이
계절에 맞게 옷을 갈아입듯이
달라지는 너의 태도에 난

[Verse 2]
소외감을 느껴 오랫동안 안 입어서
작아진 패딩처럼 yeah
Why you make me small
나 어디 가서 꿀리지 않는데
달라져 니 앞에 서면 yeah
괴로워 니가 없는 밤은
나 혼자 지켜야 돼 옷장을
여긴 습기 곰팡이가 가득
너의 손길이 필요해 지금 바로

[Bridge]
명품은 때를 탈수록 빛이 나는 법
넌 왜 몰라 내 마음 limited edition
넌 계속 날 짐짝 취급했어도
얼마 못 가서 날 다시 찾을 걸 알어

[Chorus]
오늘은 어딜 가길래
그렇게 비싼 걸 몸에
날 만날 땐 편하게만
입으면서 언젠가부터
날 보는 눈빛이 달라졌어
Where you go where you go where you goin'
다시 돌아오겠지 우리 봄이
계절에 맞게 옷을 갈아입듯이
달라지는 너의 태도에 난

[Outro]
자켓에는 먼지
흰 티엔 먹다 흘린 커피
늘어난 청바지 엉덩이
Okay, yeah we gotta do laundry
우리 마음속에도 멍이
얼룩 처럼 많이 생겼지
전부다 지워내자 깨끗이
Okay, yeah we gotta do laundry","","","","",""
"Science Love (feat. GIRIBOY)","Donutman","3dpy5C7eYBSPR9Uo9dsnE2","Hangul

Science Love
Science Love
우리 사이 너무 화학적 화학적
I know you want me
And I want u too
우린 서로 끌어당겨
마치 N과 S극
그러다가 다시 밀어내
왜냐면 우린 같은 극
서로 끼워 맞추기에는 우리 너무 닮은듯 해
But I can't fight with this feeling girl
Science Love
I gotta call you my
Science Love
Science Love

우린 서로 밀고 끌어당기지
마치 정해져있었던 듯이
처음 봤을 때부터 나의 눈이 너
에게서 떨어질 생각을 안하죠
난 물어봤어 니 전화번호
010에 blah blah I'm on the phone
매일 전화 걸 때마다 통화중
뭐라구 안들려 니 말이 하나두
Ooh ooh pick up the phone
Don't hang me up baby I know you're home
넌 거짓말하지 입버릇처럼
나쁜 버릇 고쳐줘야겠어
내가 너를 혼내려 할 때면
이건 뭐 배째라는 태도
나는 어이가 없어 근데 너의 얼굴을 보니까
이해가 돼 점점
나도 이런 내가 싫어 아버지
왜 나를 이렇게 낳았지
나도 평범하고 착한여자 하고 살고싶어
삶의 나머지
But look how bad she is
도톰한 Lips & Hips
사람들이 말하기를 우리 둘이
같이 있을때면 터진대 케미

Science Love
Science Love
우리 사이 너무 화학적 화학적
I know you want me
And I want u too
우린 서로 끌어당겨
마치 N과 S극
그러다가 다시 밀어내
왜냐면 우린 같은 극
서로 끼워 맞추기에는 우리 너무 닮은듯 해
But I can't fight with this feeling girl
Science Love
I gotta call you my
Science Love
Science Love

Science Love Science Love
계산 No 우린 과학적
화학적 사람 But
No 월터 화이트 난 행크맨
밖에선 너무 가학적
사랑 앞에선 마마보이
너는 내게 마치 엄마거든
너없인 놀이터도 못가거든
그래 우린 정말로 닮았어
그래 우린 정말로 닮았어
원래 멋있는 기리보이 오빠 오빠인데
니 앞에선 내 얼굴은 빻았어
우린 힙합에 삶을 살았고
힙합에 삶을 알아 uh
저녁에 반응하는 자석
난 영원히 이 자리에 착석
암전
Feel like I'm 요리사
Feel like I'm 조리사
너는 마치 크리스탈
내가 만든 크리스탈
우린 법 지키는 코리안
뽑아가봐 머리카락
우리 사랑은 멀리가
너희 사랑은 프리스탈

Science Love
Science Love
우리 사이 너무 화학적 화학적
I know you want me
And I want u too
우린 서로 끌어당겨
마치 N과 S극
그러다가 다시 밀어내
왜냐면 우린 같은 극
서로 끼워 맞추기에는 우리 너무 닮은듯 해
But I can't fight with this feeling girl
Science Love
I gotta call you my
Science Love
Science Love

Romanization

Science Love
Science Love
Uli sai neomu hwahagjeog hwahagjeog
I know you want me
And I want u too
Ulin seolo kkeul-eodang-gyeo
Machi Ngwa Sgeug
Geuleodaga dasi mil-eonae
Waenyamyeon ulin gat-eun geug
Seolo kkiwo majchugieneun uli neomu dalm-eundeus hae
But I can't fight with this feeling girl
Science Love
I gotta call you my
Science Love
Science Love

Ulin seolo milgo kkeul-eodang-giji
Machi jeonghaejyeoiss-eossdeon deus-i
Cheoeum bwass-eul ttaebuteo naui nun-i neo
Egeseo tteol-eojil saeng-gag-eul anhajyo
Nan mul-eobwass-eo ni jeonhwabeonho
010e blah blah I'm on the phone
Maeil jeonhwa geol ttaemada tonghwajung
Mwolagu andeullyeo ni mal-i hanadu
Ooh ooh pick up the phone
Don't hang me up baby I know you're home
Neon geojismalhaji ibbeoleuscheoleom
Nappeun beoleus gochyeojwoyagess-eo
Naega neoleul honnaelyeo hal ttaemyeon
Igeon mwo baejjaelaneun taedo
Naneun eoiga eobs-eo geunde neoui eolgul-eul bonikka
Ihaega dwae jeomjeom
Nado ileon naega silh-eo abeoji
Wae naleul ileohge nah-assji
Nado pyeongbeomhago chaghan-yeoja hago salgosip-eo
Salm-ui nameoji
But look how bad she is
Dotomhan Lips & Hips
Salamdeul-i malhagileul uli dul-i
Gat-i iss-eulttaemyeon teojindae kemi

Science Love
Science Love
Uli sai neomu hwahagjeog hwahagjeog
I know you want me
And I want u too
Ulin seolo kkeul-eodang-gyeo
Machi Ngwa Sgeug
Geuleodaga dasi mil-eonae
Waenyamyeon ulin gat-eun geug
Seolo kkiwo majchugieneun uli neomu dalm-eundeus hae
But I can't fight with this feeling girl
Science Love
I gotta call you my
Science Love
Science Love

Science Love Science Love
Gyesan No ulin gwahagjeog
Hwahagjeog salam But
No wolteo hwaiteu nan haengkeumaen
Bakk-eseon neomu gahagjeog
Salang ap-eseon mamaboi
Neoneun naege machi eommageodeun
Neoeobs-in nol-iteodo mosgageodeun
Geulae ulin jeongmallo dalm-ass-eo
Geulae ulin jeongmallo dalm-ass-eo
Wonlae meos-issneun giliboi oppa oppainde
Ni ap-eseon nae eolgul-eun ppah-ass-eo
Ulin hibhab-e salm-eul sal-assgo
Hibhab-e salm-eul al-a uh
Jeonyeog-e ban-eunghaneun jaseog
Nan yeong-wonhi i jalie chagseog
Amjeon
Feel like I'm yolisa
Feel like I'm jolisa
Neoneun machi keuliseutal
Naega mandeun keuliseutal
Ulin beob jikineun kolian
Ppob-agabwa meolikalag
Uli salang-eun meolliga
Neohui salang-eun peuliseutal

Science Love
Science Love
Uli sai neomu hwahagjeog hwahagjeog
I know you want me
And I want u too
Ulin seolo kkeul-eodang-gyeo
Machi Ngwa Sgeug
Geuleodaga dasi mil-eonae
Waenyamyeon ulin gat-eun geug
Seolo kkiwo majchugieneun uli neomu dalm-eundeus hae
But I can't fight with this feeling girl
Science Love
I gotta call you my
Science Love
Science Love","","","","",""
"Own Way","Donutman","5voSksqTtfu9puyZqm9DDr","(Opening)

Peppino: Wait... What the hell?!
I'M BACK HERE!?!?
But!... That!-
That was the exit! It HAD to be!

[Pizzaface emerges, and laughs maniacally, while Peppino screams]

Pizzaface: OH!, that little Italian freak! THOSE were expensive!
Wait... You FELL for it?! I'm surprised! I thought you have some braincells SOMEWHERE!
MAYBE I SHOULD TEAR IT OPEN FOR A CLOSER LOOK...

Peppino: No... No! NO!!!


(Lyrics)

[Peppino]
Pizzaface here, now I'm running
Back to square one, oh how lucky
I guess it's my own fault for
Trusting a portal than that big door
Heart is aching, legs are racing
Mind's all fuzzy, all my own fault
Got too desperate, after all
This is The Death I Deservioli

[Pizzaface]
Pizzaface's here, now you're running
You're back to square one, oh how lucky!
It's your own fault, who would trust a portal over the exit door?

THIS. IS. THE. DEATH. THAT YOU, DESERVIOLI!!!
(Heart is aching? legs are breaking. Mind's too fuzzy? All you're own fault! You got too desperate, you deserve this!)

[Peppino]
The sound is gone from all around!
Rooms shaking within this compound!
The screens black, my feet are clunky!
Pizzaface is right behind me!
I DON'T WANNA GET FUNKY!

Wait- what?
That door...
It was the exit!
Next to...
Portal...
THE PORTAL WAS A TRAP, WASN'T IT?!

[Pizzaface]
Exit? Ha!
As if!
You're stuck in here!
My prey
Don't pray
You'll die with fear!

[Peppino]
Running. Faster
For my livelihood!
Got to...focus...
Or I'll die for sure!

[Pizzaface and Peppino]
I'm beating you in this race!
I can taste your fate!
Getting baked by Pizzaface!
You'd win if not for your weight!
Childish insults, that's your best? (Hahaha, hahaha!)
I SEE THAT THERE'S MORE LEFT! (Haha, hahaha!)
Okay sure, you're big and fast
But you're still oddly last!

[Gustavo and Mr. Stick]
Where the hell is Peppino?
I hope he's not dead, but I already know!
It's been 5 minutes, he'll be fine
As long as his money's mine!

[Pizzaface]
You want...your way...
But you will die today!
You don't...want this...
Don't you wanna die with bliss?

[Peppino]
Just shut your trap, you piece of crap!
I'm making this second lap!
Wait-no, move out my way!
You foe made to decay!
Screw it, here I'll throw in a taunt!

[Pizzaface]
You're getting cocky, you're getting lucky!
YOU WILL SOON BE MINE!
Time to get served!
To your master!
It's the death that you deserve!

[Peppino and Pizzaface]
I'd recognize this part anywhere
The exit has just got to be near
Time to get the hell out of here
No more fake outs!
Closer, closer...
Your fat ass slows you down so much!
Ignore...portal...wait, is it even there?
You'll soon see now
What ev. Don't care! That door's my ticket out of here!
That your fate is hot and ready!
[Peppino]
There's the...exit...safe and sound for sure!
No more...torture...
I AM OUT THROUGH THAT FUCKING DOOR!","","","","",""
"Lemonade","Donutman","3XtCtA3xWO9oasWGLp62qw","[Verse 1]
난 매일마다 짜내지 lemonade
내 머리속에서 나와 내 밑에
깔리는 조명이 날 빛나게
만들어 너희들은 아마 테이블옆에
앉아있겠지 나는 공급책
Muhfuckin' plug imma link you up
너희 homeless 같은
머저리들에게 난
만들어줄거야 새주소
이리와서 나를 따라와봐
아직 네게 보여줄게 많아
많은 rapper들께서 말하듯이
여기에는 정치인들이 너무 나도 많아
그 사이에서 내 힘으로 살아
남을라면 가지고 있어야돼 무기
나는 one mic one pen 혀 하나
형들 똥꼬는 빨지않아 굳이
Aye 그래도 어느정도는 이뤄냈지
기억나네 영라와 puff puff pass it
냈을때만 해도 got nuthin'
이제 뭐 rap하면서 먹고 살지
하지만 앞으로 keep it goin'
우린 무단횡단하지
Fuck the police
신경쓰지 않아 남의 눈치
우린 하고 싶은 일하면서 벌지

[Hook]
Get lemonade
Get lemonade
Get lemonade
너무 달콤해
Get lemonade
Get lemonade
Get lemonade
너무 달콤해

[Verse 2]
고등학생때 부터 했던 rap이
Yeah yeah
만들어줬지 나의 fuckin' pay day
어떻게 될지 고민은 내일해
지금 난 그냥 마시고 있지
Lemonade
너무 달콤해서 전부다 잊게 만들어
현실에서 오는 negative
지금 내 노랠 듣고 있는 청자들도
느꼈으면 하지 이느낌
나눠주고 싶어 이거는 homemade
돈 많이 받지 않아 no tax
면세점의 담배처럼 전부다
나눠가지고
모여서 다 relax
넘 많이 세우지마 핏대
세상 누구나 다 하지 mistake
넘어진 다음에 어떻게 일어나서
극복했는지가 문제
너무 걱정하지마 my friend
모두다 잘 될거야 all is well
무슨 일들이 있던간에 이 말
잘 새겨놔 마음속에
우리한테는 가끔씩 필요하지
세상속의 해독제
찾기가 힘들지만 내게 주어진 것들로
I make it my self

[Hook]
Get lemonade
Get lemonade
Get lemonade
너무 달콤해
Get lemonade
Get lemonade
Get lemonade
너무 달콤해

[Bridge]
달콤한 인생을 살지
Imma get that lemonade
다른 사람들이 뭐라던 상관안해
Imma get that paper
Imma get that lemonade
Imma get that paper
Imma get that lemonade
달콤한 인생을 살지
Imma get that lemonade
다른 사람들이 뭐라던 상관안해
Imma get that paper
Imma get that lemonade
Imma get that paper
Imma get that lemonade

[Hook]
Get lemonade
Get lemonade
Get lemonade
너무 달콤해
Get lemonade
Get lemonade
Get lemonade
너무 달콤해
Get lemonade
Get lemonade
Get lemonade","143.998","0.744","0.789","-7.245","0.783"
"rehab","Donutman","766hDGvMdisDMliW3LLppM","Date To Be Announced01.1102.1103.1104.1105.11""The Honour"" - Majorsteez
""Yoh x3"" - Majorsteez06.1107.11""Sowenza Rongo""
 - DJ Stokie, LeeMcKrazy & TMan Xpress
""No Healing""
 (feat. Joey2.0 & Ta Longz) - Stogie T
""Leopold II""
 - Stogie T
""French Tips, Pt. 2""
 - IAN LOVLY, YoungstaCPT & Rowlene
""Umguzumbane We Summer"" (feat. Ovii Mathandos) - Makwa & Kwesta
""Ngibale Nami"" (feat. LilyFaith & Nilo Soundz) - Maraza
""Fired Up"" - PatricKxxLee
""Beautiful Chaos"" - Titose
""No Posts"" - Ca$h Khali
""Ngiziqambela Amanga"" - Nue Sam
""Amaza"" (feat. Dooushii & Moholo) - Elvirgo & Zanda Zakuza
""Deep In The Bottom (of Africa)"" [DBN Gogo & Ntwana_R Remix (Radio Edit)] - Black Coffee & Monique Bingham08.1109.1110.1111.1112.11""Shona (Remix)"" - SAMI'KAY, Naledi Aphiwe & ilovelethu13.1114.11'Vele Uyena (Risk It All)
 - Skyla Tylaa, JAZZWRLD, Thukuthela & Elaine
""Grandе Vita""
 (feat. Ricky Tyler) - Stogie T
""Blood Labs""
 - Stogiе T
""Inkunzi""
 (feat. Mnobi Yazo) - Touchline & Kwesta
""Book of Acts""
 - Jay Jody, Blaklez & Cool&Blak
""Jabula""
 - Freshlyground
""Vele Uyena (Risk It All)""
 [feat. Solaariss] - Skyla Tylaa, JAZZWRLD, Thukuthela & Elaine
""Ke Wave"" - Herc Cut The Lights, Focalistic & Brotherkupa
""And Still"" - Moozlie
""Summer Year Long"" - Rethab!le & Thekidsnextdoor
""Chillers Punch"" (feat. Tumie & Jr Classic) - MacG & Sir Jay Lute
""Hurts So Bad (Sketchy Bongo Remix)"" - Danny K
""Heke"" - Umthakathi Kush, Tman Xpress & DJ Mydowa
""Criminal"" (feat. Kiddy Kozzy, Mfana we style & BxPs) - Terminal ZA, Dj Fineface SA, Mondro sa & DouMan
""Kaso"" (feat. Ghos.t & ExzyBeatz) - Robot Boii & King P15.1116.1117.1118.1119.1120.1121.11""9 Missed Calls""
 - Tony Dayimane & Thatohatsi
""Win Or Lose""
 - Stogie T22.1123.11""MONSTER""
 - KindlyNxsh, Blxckie & Nasty C24.1125.1126.11""Best Decision"" - Jinger Stone, Kabza De Small & SLY27.11""Sodwa"" (feat. Ihashi Elimhlophe) - Pearl Thusi
""Brown Sugar"" - Xowié & Kane Keid28.11""Buya Ekhaya"" - Mawelele & Naledi Aphiwe
""REALLY"" (feat. Nasty C) - Nadia Nakai
""B.O.C"" (feat. Herc Cut The Lights) [Remix] - GR8FUL, Kulture Gang, Kiddo CSA & LesediTheDJ
""Sala Kanje"" - LaCabra
""CRASH"" - PatricKxxLee & OSL1NN
""Woza La"" (feat. Slice SA & Tzzy Makhathaza) - MacG, King P & Sir Jay Lute
""Pelo Tse Thata"" (feat. Mulest Vankay & DJ Maphorisa) - Pabi Cooper, Boohle & Focalistic
""Ngikuthanda Nje"" (feat. Sbonga) - Vico Da Sporo29.1130.11","71.815","0.558","0.407","-13.609","0.777"
"New Beginning","Donutman","6kFYg1oFSuJyoTZZqqpp6j","[Hook]
It's the new beginning
New beginning
처음부터 다시 지어 공든탑이
무너지는 걸 눈앞에서 봤지
New beginning
New beginning
Hoe들앞에서 나는 new beginning
Bitch들앞에서 나는 new beginning
사람들앞에서 나는 new beginning
넌 기억하게 될거야 clarity team

[Verse 1]
New beginning new beginning
처음부터 다시 마치 고삐리 shit
땅바닥에서 별 that's what i be
나혼자서 보여주지 clarity shit
Mad city mad city seoul where i be
카메라 뒤에서 나는 캠핑하지
너희들은 외면해 시간이 지나면
알게될꺼야 내가 모아둔 이 돈
어디에다 쓰이는지 봐 masterpiece
만들어서 너희앞에 돌아가는 식
팔아가는 식 다시 돈을 걸고서
돌려드려 수혜자는 우리 어머니
너넨 모르지만 꽤나 돈을 벌었지
몰 들어가서 나는 shopping spree
여자친구 하고는 소고기 썰었지
입벌리고 나서 나는 마셔 sushi
절대 거지같은길로 돌아가지 않아
몰락하지 않아 채웠잖아 나의 가방
Hater 들은 전부 너무 가진게 없잖아
그래서 말이 많아
무시하고 나는 방아
쇠를 당기지 나의 탄환
통장과 너희들 머리위에
찍히지 commas
너무 쉽게 입을 열고 입을 닫아
내가 할말은 하나
다 처음으로 돌아가라

[Hook]
It's the new beginning
New beginning
처음부터 다시 지어 공든탑이
무너지는 걸 눈앞에서 봤지
New beginning
New beginning
Hoe들앞에서 나는 new beginning
Bitch들앞에서 나는 new beginning
사람들앞에서 나는 new beginning
넌 기억하게 될거야 clarity team

[Verse 2]
넌 기억하게 될거야 clarity team
이 게임에서 우리들은 멘디니지
저 맨 뒤에 있던 놈들이 갑자기
튀어올라선 서울시에 색 입히지
쳐다보던 사람들은 can't forget it
역사의 한 장면이 되겠지
그 다음엔 아마도 우린 on the tv
전파를 타고 전세계에 퍼지겠지
우리들은 묻힐거야 fan 더미위
그 위에서 screamin'
Like money ain't a thing
푼돈 뜯어먹는 놈들에게 전해
Get the fuck off
여긴 우리 땅이지 bitch
그날이 올때까지
Just calm down peace
써내려가지 새로운 역사 한 페이지
하나도 안 빼먹었어 comma까지
내 허물들까지도 전부 적어놨지
나는 기억해 내 출발은 mic하나
이제는 많은 fan들이 보고있어
My life
내가 하는 말 무대에서 입는 옷
전부다 입방아에 오르내리지만
방아쇠를 당기지 나의 탄환
통장과 너희들
머리위에 찍히지 commas
너무 쉽게 입을 열고 입을 닫아
내가 할말은 하나
난 처음으로 돌아간다

[Hook]
It's the new beginning
New beginning
처음부터 다시 지어 공든탑이
무너지는 걸 눈앞에서 봤지
New beginning
New beginning
Hoe들앞에서 나는 new beginning
Bitch들앞에서 나는 new beginning
사람들앞에서 나는 new beginning
넌 기억하게 될거야 clarity team","140.038","0.741","0.469","-6.445","0.0704"
"Puff Puff Pass It (feat. Life of Hojj)","Donutman","2MJyUGV24YRpvRNXMDWDUc","내가 원하는 건 특별하지 않어
좋은 기분에 술 한잔
뭐 땜에 열을 받어
앉아서 눈을 감어
담배 연기는 흩어져
고등학생때 처럼
빨리피고 나서 다 넘겨

Puff, puff, pass it
Puff, puff, pass it
Puff, puff, pass it
Puff, puff, pass it

나와 내 친구들 저마다
몇가지 고민들
가지고 있어 어떤애는
회사의 면접에 떨어져 거미줄
치게 생겼다며 술만 퍼마시다가
비틀대며 걷는중
We ridin' around the city
근데 하나도 얻는게 없는 듯
예쁜 내 아내를 얻는 꿈
램보르기니에 타는 꿈
원하는 건 모두 달라도
방법은 하나뿐 uh
걍 뭐든지 열심히 하면 끝
너무 신경쓰지마 남의 눈
괜찮아 우리는
목적지를 향해서 가는 중

내가 원하는 건 특별하지 않어
좋은 기분에 술 한잔
뭐 땜에 열을 받어
앉아서 눈을 감어
담배 연기는 흩어져
고등학생때 처럼
빨리피고 나서 다 넘겨

Puff, puff, pass it
Puff, puff, pass it
Puff, puff, pass it
Puff, puff, pass it

Puff once, puff twice
웝 말이 헛나옴 puff twice
넘 많이 펴대면 머리 아퍼
옆으로 넘겨 that’s right
That's right
시샤와 칵테일 한 잔에 get high
내 템포와 엇박자인 도시 서울시
Boy we livin' that life
가끔은 묻곤해 내 꿈은 현실이 될까
가까워 보이다가도
멀게만 느껴져 성공한 이들의 삶
친구들은 말해 걱정마
너란 새낀 잘 될꺼야
나도 그럴것 같애 친구야
근데 있잖아 어떤날들은
나도 내가 아닌듯해
Man it’s crazy
이 모든걸 너무 빨리 원하는건
욕심이겠지
Uh 삶은 백미터보단 마라톤
괜찮아 우리는
목적지를 향해서 달려가
I'll make it
And that's real

내가 원하는 건 특별하지 않어
좋은 기분에 술 한잔
뭐 땜에 열을 받어
앉아서 눈을 감어
담배 연기는 흩어져
고등학생때 처럼
빨리피고 나서 다 넘겨

Puff, puff, pass it
Puff, puff, pass it
Puff, puff, pass it
Puff, puff, pass it","","","","",""
"Me Again","Donutman","03zBkc5ZRC3ZETFV4Yppg9","난 뒤척거려 침대 위에 누워
아침 해를 보며 멍하니
몇천 번의 기도 뒤엔
언제나 몇천 배의 공허함이
버텨냈던 매 순간이
이제 보니 연결됐어 나의 발전과
1분 1초 안정 따윈
없어 지금도 날 찌르는 날 선 말
나의 결말을 전부 아는 척 마
난 보여줬지 여태 주사위의 한쪽만
매일 어두운 방에 홀로 처박혀 완전함
을 찾아 울며 반복했던 Pantomime
내 미랜 이제 신의 간섭 밖
을 향해 넘어가고 있어 가시철조망
언젠가 그도 길의 끝에 가면 답하겠지
내가 정말 내 무덤을 팠던가는

내가 더 값비싼 시계를 메고
조금 편안히 잠들려 해도
이젠 꿈 안에서 마저 계속
신은 거부해 날

그래서 난 항상 준비돼있어
밤이 끝나면 찾아올 내일도
오늘까지 답을 피했던
신의 축복에 난 Amen

신이시여 왜 날 이곳에
내가 해야 할 일은 무엇이기에
신이시여 왜 날 시험에
들게 하셨는지 난 무언가를 이뤄낼
것만 같아 축복이 끊이질 않네 God bless
이 축복을 나눠줄게 God bless
내 삶의 이유를 점점 알게 돼
난 가야 하네 더 앞으로 I get it
나밖에 할 수 없다는걸
내가 해야만 한다는 걸
나는 알았네 그의 말을 거부하지 않겠어
돌아가지 않겠어 멈추지 않겠어
Oh God
그는 나를 놓지 않아
실수 한 번으로 무너지지 않아
일어나면 되잖아
포기하면 끝이란 걸 알아
쉴 수 없잖아

Take me
Take me again
Take me
Take me again

가줘
가져가 이제 나도
다 질렸거든 이런 거엔
숨지만 말고 가줘

I just wanna live right now
내 앞에서 모두 비켜봐
여기까지 오래 걸렸다
Bitch 넌 몰라 지금 내 상황
No flex in my zone 깝치면
바로 날아가 너의 뚝배기 Imma shoot u down
Muhfuckas how u feel now?
날 무시했던 너희 얼굴이 떠올라
이런 가사는 이제 식상하지만
이게 현실이야 u gotta deal wit it
Hip hop이 돈이 안 될 때부터 나는 rap 했지
너흰 돈 때문에 다리 벌리는 Prostitute
Lil' stupid ass bitch I ain't fuck wit you
잊지 않아 같이 걸어온 동생 형들
서윤이 형 난 지원사격
해주러 왔어 내가 뛰어들면 cover me up

내가 더 값비싼 시계를 메고
조금 편안히 잠들려 해도
이젠 꿈 안에서 마저 계속
신은 거부해 날

그래서 난 항상 준비돼있어
밤이 끝나면 찾아올 내일도
오늘까지 답을 피했던
신의 축복에 난 Amen","94.502","0.465","0.746","-13.581","0.662"
"Time Is Money","Donutman","4AgfVVLEgsY3Fl9QTdLWGO","""WOODZ""
Life is short and life's a race
Whip whip
Your time is tig taeg

Life is short and life's a race
Whip whip
Your time is tig taeg

Life is short and it's kind of a race
Sigan-ilan mal-eul tago dallil ttaen
Nagma juui nagma juui
Sogdoleul jeulgil ttaen josimhaeya dwae

Nangman vibe and nagma life
Tteol-eojigo dwileul bwa
Nega mwol tteol-eoteulyeoss-eulkka
Neoui kkum-eun jal gajigo danigo iss-eulkka
Nega jilm-eojigo ganeun geos-eun gwayeon mueos-ilkka

Aiya y aiya y
Aiya y aiya y
Juleumjin sigan-i ulil gidalyeo geuttae

Dadeul wait wait wait wait
Igeon Fake fake fake fake
Geojis life wa geojismal
E sog-a donman joch-agaji ma weg

We know we need more money
But time is still tick tocking
I don't wanna be a fake boujee
So what do I gotta do? Enjoy your life

Life is short and life's a race
Whip whip
Your time is tig taeg

Life is short and life's a race
Whip whip
Your time is tig taeg

Eeny meeny miny moe
Catch the freakin money but
Youth is slipping, let it go
Eeny meeny miny moe

Eeny meeny miny moe
Catch the freakin money but
Youth is slipping, let it go
Eeny meeny miny moe

""Punchnello""
Tteol-eojiji anh-a naneun yeogi balpan wiui malio
Jyaenedeul jeonbu balbgo ollagaji, geulae
Neoneun neoui mog-eul eodi geol-eossneunga?e daehaeseo yaegihaebojago
Ildan jong-alideul geod-eo then whip

Juui jom yeogin mikkeuleo
Tteol-eotteulyeo neohui jigabdo
Kkumdo ilh-eobeolin nomdeul-i don don geolyeo
Jebal geu ib jom

Gajja tensyeon-e gajja insaeng
Gajja haengselo gatjanhge

I mojalan nomdeul-eun jiga heullin ge kkum-inji ttong-inji doenjang-injido
Molla eotteoghae?

Teulaebiseu bikeul said ""oh you talking to me?""
Dagchyeo nan bring it together
Nuga jappajyeoissji? Get up boy
Jeolm-eum-eun gugyeojyeo ne baes-salcheoleom
Yeoyulobgo sipdago? geulae nan an mallyeo
So broom broom broom jechyeonagayaji
Hansilado ppaleuge geulae

""WOODZ""
Eeny meeny miny moe
Catch the freakin money but
Youth is slipping, let it go
Eeny meeny miny moe

Eeny meeny miny moe
Catch the freakin money but
Youth is slipping, let it go
Eeny meeny miny moe

""WOODZ,Punchnello""
Life is short and life's a race
Whip whip
Your time is tig taeg

Life is short and life's a race
Whip whip
Your time is tig taeg

Eeny meeny miny moe
Catch the freakin money but
Youth is slipping, let it go
Eeny meeny miny moe

Eeny meeny miny moe
Catch the freakin money but
Youth is slipping, let it go
Eeny meeny miny moe","173.09799999999996","0.961","0.769","-2.15","0.613"
"Love Clarity (feat. Life of Hojj)","Donutman","0jwsMtSHH9eO0IBOwELAoT","[Verse 1 : Donutman]
내 옆에 아무도 없어도
형제들은 내 옆에서
도와주고 있어 내 rhyme & flow
뱉어대지 난 서울에서
내 soul에서 나오는 가사
원천지 사람에게 보내고
다시 돌려받아 몇배의 love
난 너희 절대로 안 까먹어
세윤이형 호재 영라
민혁이 kidd king 나눠 먹지
이건 절대로 회사얘기는 아니고
Squad shit 마름모지
맞춰입었어 다 카모로
오늘 밤 우린 전부 따먹어
서울시에 사는 이쁜 여자
On the block
이건 바람피는게 아니라 애인과
하는 사랑 얘기지 we need love
잠깐 shout out to my sister
체리콕 홍대에서 만나서
몇번 안봤지만 familiar
모두 전부 get familiar
익숙해져 get familiar
우리가 누군지 모른다면
어서 따라해봐 이 말을 세번
Clarity clarity clarity
Oh you didn't know
우리 목소리와 style
뿐만이 아냐 선명하지 이름도
Seoul city we got the killer flow
우린 역사에 남을 시를 써
잠깐 반짝 하고 사라지는 놈들과는

[Hook]
비교하지 말아줘
비교하지 마라 비교하지 마라
비교하지 마라 비교하지 마라
비교하지 마라
비교하지 마라 비교하지 마라
비교하지 마라 비교하지 마라
비교하지 마라

Clarity clarity clarity
You didn't know
Clarity clarity clarity
You better know

비교하지 마라 비교하지 마라
비교하지 마라 비교하지 마라
비교하지 마라
비교하지 마라 비교하지 마라
비교하지 마라 비교하지 마라
비교하지 마라

Clarity clarity clarity
You didn't know
Clarity clarity clarity
You better know

[Verse 2 : Young Lion]
I used to give a fuck
About a lot things
Then one day i said fuck em all
컴튼사는 켄드릭이 말했듯이
공짜따윈 없거던
같은이치로 내 big 고추도
공짜가 아니니까는
누가 내 몫을 챙겨주기전까지는
I don't really give a fuck about yall
Biggie biggie biggie
돔페리뇽 12병 in the case
큰 금반지끼고 뻐큐 손가락
All in yo face
친구같은건 없어 나한테는
오직 나의 fam bitch
왜냐면 내가 힘들었을때
넌 어딨었는데 bitch
많은 일을 겪어왔지 완벽과는
너무나도 멀기땜에
돈을 쓰지 시간낭비하지않아
그건 답이 없기땜에
나는
살고싶어 나의 삶을
누구나 죽겠지만은
누구나 살지는 않음
Drinkin fuckin makin music
Baby that's all i do
상관없어 틀에 박힌 애 새끼들이
내게 뭐래두
금 이빨 맞출꺼야
이쁘게 웃을라구 woo
형제들도 맞춰줄꺼 다같이 웃을라구
Love clarity

[Hook]
비교하지 마라 비교하지 마라
비교하지 마라 비교하지 마라
비교하지 마라
비교하지 마라 비교하지 마라
비교하지 마라 비교하지 마라
비교하지 마라

Clarity clarity clarity
You didn't know
Clarity clarity clarity
You better know

비교하지 마라 비교하지 마라
비교하지 마라 비교하지 마라
비교하지 마라
비교하지 마라 비교하지 마라
비교하지 마라 비교하지 마라
비교하지 마라

Clarity clarity clarity
You didn't know
Clarity clarity clarity
You better know","","","","",""
"Never Change","Donutman","6kcFnhi1WYA38MTDTqHixM","[Verse 1]
많은 사람들이 말해
돈 벌어야지 man
너도 어서 타
위로 올라가는 race
경쟁 경쟁 위해 하는 rap
이제 음악보다는 인기가 더 중요해
Cocaine 처럼 잊지 못해
달콤한 열매 나도 맛을 봤네
하룻밤 여자들이 내게 말해
Hey bae can you
Follow me on instagram
다른 rapper들은
나한테 빨아먹었어
내가 TV에 나올 땐 respect 하는 척
하더니 이제는 전활 안 받어
회사 계약했대
Lil' homie good luck
난 여기 올라왔지 홀로
너희 같은 새끼들 너무 많이 봤어
내가 쇼미더머니
다시 나간다고 하면
연락오지 피디보다 먼저
Bitch ass muhfucka why u rap
그냥 비데 회사에 취직해
When i drop shit 너는 가사 장에
내 이름을 적고 그걸로 clean my ass
나는 한번 적은 이름 안 빼
콰이엇 형 화나 형 still my favorite
P-type 쇼미에서 망신당했어도
헤비베이스 여전히 나의 playlist

[Hook]
난 변하지 않았어 mane
처음 그때하고 난 똑같애
여전히 옥탑 작업실에서
밤새서 만들어 날이 선 내 rap
Yeah i'm the muhfuckin' only one
걔네와 나를 비교하지 말아줘
내 성격 카메라 앞에서 가식 떨며
방송은 못해도 my flow is dope

[Verse 2]
좋은 재능을 가진 어린 놈
나는 여전해
정신 있어도 안 쓰지 컨셔스 랩
너무 뻔해 하는 말이 똑같애
정치인 같애 우리를 조절해
Who's the real who's the real
누가 진짜고 가짜인진 관심 없네
I'm the muhfuckin' only one
비교대상 없지
내 flow가 여기 필요해
수돗물 공급해
순도 백퍼센트 전부 튀는 rap
하려고 할 때 난 뱉지 결정체
24k i'm never never gonna change
처음부터 끝까지 난 똑같애
마치 이 노래 2 절의 flow 같애
Uh 이제 약간 지루해
질것 같으니까
Imma switch it mane
다시 땅바닥에서부터
올라가지 내겐 아무것도
남은 거 없어도 i can flow
Better than anybody
내 경쟁자는 없어
누군 내가 쇼미더머니 나오고 나서
변했다고 말하네 but
내 마음가짐 아무것도 안 변해
2절의 첫 flow
다시 bring it back

[Hook]
난 변하지 않았어 mane
처음 그때하고 난 똑같애
여전히 옥탑 작업실에서
밤새서 만들어 날이 선 내 rap
Yeah i'm the muhfuckin' only one
걔네와 나를 비교하지 말아줘
내 성격 카메라 앞에서 가식 떨며
방송은 못해도 my flow is dope

[Bridge]
I never change
I never change
I never change
I never change

[Outro]
모든 것은 변한다고 말해
돈 앞에 흔들리는 건 너무 당연해
맛 본적 없는 놈들이
탐욕에 대해 입을 여는 건 참 편해
난 이 새끼들의 표정이
달라지는 모습을 너무 많이 봤다네
Still young gifted muhfucka
난 절대로 너희들처럼 안 변해
I never change","116.013","0.534","0.817","-11.808","0.47"
"Lil' Money Big Dream","Donutman","11hFsl9rNZJWGbM3uQJMi1","[Verse 1]
아무것도 가진 거 없던 놈이
전부 다 가진 듯이 목소리
높이고 있어 마치 본조비
새끼들한테 보여주지 본보기
Rap style 은 pistol
쏴 죽여 모두 피 토
파고들어 너네 빈틈
피부와 핏줄 속에 침투
시켜 나의 mofuckin' 유전자
받아먹어 like a bitch in the 호빠
좆밥 새끼들 말이 많아 입을 벌려봐
니 목구멍에다 gun shot
갈기지 내입에서 나오는 소리는
Rat ta ta tat
다른 rapper들은
Hannah montana
걔네 하는 것 보다 해내 몇 배로
그니까 나는 받아 마땅해
Mo' chedda
3년전부터 내 주머니
Gettin' fatter
입는 옷과 신발 다 새 거
뱉는 rap은 더 깔끔해져
열여섯 마디는 16 carat
다이아몬드 반지 같애
매일 밤마다 갈고 닦네
작업실에서
I've been do my thang
밖엔 잘 안 나가도 나갈 땐
신고 다니지 brand new
Shoes on my feet now
I can handle
My life 가고 싶은 데로
발걸음 옮겨 다음 level
유니클로 에서 supreme
편의점김밥 에서 sushi
모든 건 점점 나아지고 있어 but
여기서 만족할 수는 없지

[Hook]
Yeah i got lil' money big dream
Yeah lil' money big dream
Yeah lil' money big dream
Yeah lil' money big dream
Hoe i got new shoes on my feet
Yeah yeah i know it ain't shit
But i got lil' money big dream
Yeah lil' money big dream
Lil' money big dream
Lil' money big dream
Lil' money big dream
Lil' money big dream
New shoes on my feet
I know it ain't shit
Lil' money big dream
Yeah lil' money big dream

[Verse 2]
한 달에 오십 만원 벌던
알바생에서
Now i'm thinkin' bigger
좋은 옷과 신발보다는
내 나이에 안 어울리는 집이 필요
아직 별로 가진 게 없어서
많이 나오지 않는 세금계산서
내년에는 번 돈의 40프로 정돌
쿨하게 떼주겠어
엘리베이터 탄 것처럼
계속해서 goin' up
난 헬리콥터
타고 사라질 꺼야
그 다음에는 우주정거장에
내이름 새겨
Neil armstrong young
Lifted mixtape 커버에 그려져 있던
우주인처럼 나는
무중력 상태를 유지하고 있어
Under the pressure
Yeah under the pressure
Under the fuckin' pressure
압력 속에서 더 단단해져
난 석탄에서 다이아몬드
만들어내지 나의 손으로
연필심을 더 꽉 눌러서
열여섯 마디 안에 압축시켜
나의 삶의 한 장면 한 장면
한 장면도 대충 넘어간 적 없어
적어놨지 모두
너한테는 별거 아닐지 몰라도
이게 나한텐 보석이거든
So i gotta keep it clean
Like new shoes on my feet
아무것도 아닌걸 알지만
여기에는 큰 꿈이 담겨있지

[Hook]
Yeah i got lil' money big dream
Yeah lil' money big dream
Yeah lil' money big dream
Yeah lil' money big dream
Hoe i got new shoes on my feet
Yeah yeah i know it ain't shit
But i got lil' money big dream
Yeah lil' money big dream
Lil' money big dream
Lil' money big dream
Lil' money big dream
Lil' money big dream
New shoes on my feet
I know it ain't shit
Lil' money big dream
Lil' money big dream

[Outro]
Gold chain rings i want it all
Shoes cars house i want it all
Wifey girlfriend mistress i want it all
Money fame power i want it all
Lil' money big dream","","","","",""
"Ali (feat. Keem Hyo-Eun)","Donutman","5FvDfe9eeC9R8pEGCXqpJH","[Verse 1 : Donutman]
When i'm on the beat
막을사람 ain't nobody
전부 다 앞에 쓰러져
난 무하마드 알리
Cassius clay
날려 원 투 잽
Ain't no 펀치라인 shit
이건 pure rap shit
불순물 한점 없는 1 hunnid percent
누군말해 평범해 색깔없어 mix that
잘나가는 rapper들의
속사포하는 style
공연에선 뛰어다니면서 외쳐봐 skrr
너도 될수있어 muhthafuckin' star
That's you wanna be
여태 고집부려서 대체 얼마나 벌었니
Money money 돈이 굴러가게 하지
Run this shit
이해못한다고 생각해
좆같은 industry
전부 빨래통에 넣고 laundry
썩은 정신상태는 clarity가
다시 brain washin'
닥터드레 detoxin'
Remixin' these bithces
전부 쓰러뜨리지 like 무하마드 알리

[Hook]
Fly like a butterfly sting
Like a bee
전부다 쓰러뜨려 like 무하마드 알리
This is rap game 이건 아니지 현피
주먹대신 mic 쥐고 올라가지
On the ring
Fly like a butterfly sting
Like a bee
전부다 쓰러뜨려 like 무하마드 알리
This is rap game 이건 아니지 현피
주먹대신 mic 쥐고 올라가지
On the ring

[Verse 2 : 김효은]
내 방 하늘의 별
고이 가져와 서울로
내 맘 같이 한강을 가로지르는 선로
이 끝은 얼로
날 데려갈진 몰라도
보라고 최고라고
Go 라고 난 자신있게
말할 수 있어 여전히
과거는 저 멀리
잠시 젖었지 철 없이
여럿이 but fuck it
이젠 내 놀이턴 그 동네가 아냐
뻗어나가 더 뻗어나가
내 한방에 너네는 뻗어 나가
얻어맞아 너거 봤냐
나 나 난 쉰 적이 없으니
계속 올라가지 몇 배로
새 보금자린 18층
출발이 시팔 높네요
이건 어때요
사실 니들이 뭐라건
나는 좆도 신경 안써
사실 니들이 뭐라고
감상해 영화로 닥치고
다시 제자리로 맘을 다지고
따지고 보면 내가 하려던 말은
이게 아닌 누구도 못 막지
보여줘 내 방식 쓰러뜨려
Like 무하마드 알리

[Hook]
Fly like a butterfly sting
Like a bee
전부다 쓰러뜨려 like 무하마드 알리
This is rap game 이건 아니지 현피
주먹대신 mic 쥐고 올라가지
On the ring
Fly like a butterfly sting
Like a bee
전부다 쓰러뜨려 like 무하마드 알리
This is rap game 이건 아니지 현피
주먹대신 mic 쥐고 올라가지
On the ring

[Outro : Donutman]
내가 쓰러진 줄 알았다면
You don't know me hoe
난 여전히 여기
무하마드 알리처럼 서있어
15만원짜리 마이크와 내 낡은 컴퓨터
만있으면 i can kill everybody
And everywhere
날 의심하는 새끼들에겐
I don't give a fuck
내가 줄 수 있는건
Straight punch no metaphor
내 손에 쥔 이 가사장이 펀칭백
터질때 까지 때려
Imma be the next champ","88.014","0.7659999999999999","0.6990000000000001","-5.8020000000000005","0.311"
"POISON (feat. Leellamarz, The Quiett)","Donutman","7BS8OziiBrFqMrtxxASvNI","[Zwrotka 1: Miuosh]
Z szyi zerwę każdą smycz z ust wypluje każdy knebel
Jestem stąd jestem sobą pewnych rzeczy jestem pewien
Idę prosto przed siebie przez te betonowe lasy
Kiedy zapada zmrok wbijam w tłok ludzkiej masy
Jeden krok dzieli mnie od tego całego świata
Tylko jeden a rzadko komu udaje się wracać
Nie chcę spłacać ich długów, żyć tak jak mówi reszta
Na straży swej stać będę póki czuję bicie serca
Mój dom to moja twierdza, ta Ziemia moją matką
Nie będą o mnie pamiętać, bo zapomnieć chcieli dawno
Żyję tu własną prawdą inną niż tamta
Wolę odejść z honorem niż utonąć w ich kłamstwach
Zielona mila spacer skazańca
W oczach krew za plecami szarańcza
Wdech mnie wykańcza dłońmi dotykam nieba
Ich świat nic mi nie dał nic mi nie może mi zabrać

[Zwrotka 2: Pelson]
Pierwsze teksty na papier pod Molesty znakiem
Lałem wtedy na wszystko byłem niebieskim ptakiem
Z biegiem czasu coraz lepszy w rapie
Biały kruk na scenie czas to wywietrzyć, łapiesz?
Mam czerwone spojówki czarne trampki
Idę po drodze depczę piaskowe zamki
Nie pluje na los nie robie z siebie ofiary
Patrzę na świat przez różowe okulary
Czarny charakter na żółtych papierach
Kiedy zmiana jest faktem udowodniłem nie raz
Słyszałem kroki Boga życie jest kruche
Mam złotą proporcję między umysłem a duchem
Wersów plecak, tysiące w zeszycie
Oślepiam blaskiem jestem słońcem w zenicie
Robię swoje z mikrofonem i strzała
Potem gram w zielone, myślę o niebieskich migdałach

[Zwrotka 3: Ero]
Niech nigdy nikt nic nie staje na mej drodze
Widzę dobry układ planet i sztamę w mej załodze
Tu buduje swój zamek i to nie jest zamek z piasku
Kartka atrament oddaje co miejskie miastu
Jest więcej nas tu niż mógłbyś się spodziewać
Dla architektów słowa wznieś ręce do nieba
Ej jestem tym kim trzeba we właściwym czasie
Tu gdzie prawdę mówią wersy nie artykuły w prasie
W pełnej krasie przedstawić wszystko jest trudno
I nie znaczy że będziesz bogaty jak wdepniesz w gówno
Bit jest jak płótno wokal jak pędzel mistrza
I może to te obrazy na których w przyszłości zyskasz
Ktoś toczy pianę z pyska i zawsze jest na nie
Jego zdanie, sram w jego uznanie
Jaśnie wielmożny panie Ero to mowa o mnie
I choć był bym pijany i tak myślę przytomnie

[Zwrotka 4: Małpa]
Zeszliśmy na ziemię z drzew wtedy gdy świat był płaski
Namalować obrazki kredą na ścianach jaskiń
Żyliśmy z braćmi by wziąć ich pod opiekę
Wyjść przed szereg aby w końcu móc nazwać się człowiekiem
Okiełznać rzekę ocean a w końcu powietrze
I nauczyć się wybierać które drogi są najlepsze
Ciągle chcąc jeszcze oddawać za bezcen
Wszystko co wcześniej sprawiło że tutaj jestem
Idę po respekt od przodków w zaświatach
By wreszcie gdzieś w środku móc odczuć że spłacam
Dług który niekoniecznie należał do mnie
Chwyta za zawleczkę twój nieustraszony żołnierz
W końcu pojmiesz że choć to nie to samo
Walczymy w jednej wojnie, a więc stanowimy całość
Niech świat podpalą niech spłonie od jednej iskry
Nadchodzi koniec za moment będzie po wszystkimTekst - Rap Genius Polska","103.993","0.95","0.56","-5.99","0.228"
"Me Again (feat. CRUCiAL STAR)","Donutman","48iV53cfZRUdf85x6baFPJ","난 뒤척거려 침대 위에 누워
아침 해를 보며 멍하니
몇천 번의 기도 뒤엔
언제나 몇천 배의 공허함이
버텨냈던 매 순간이
이제 보니 연결됐어 나의 발전과
1분 1초 안정 따윈
없어 지금도 날 찌르는 날 선 말
나의 결말을 전부 아는 척 마
난 보여줬지 여태 주사위의 한쪽만
매일 어두운 방에 홀로 처박혀 완전함
을 찾아 울며 반복했던 Pantomime
내 미랜 이제 신의 간섭 밖
을 향해 넘어가고 있어 가시철조망
언젠가 그도 길의 끝에 가면 답하겠지
내가 정말 내 무덤을 팠던가는

내가 더 값비싼 시계를 메고
조금 편안히 잠들려 해도
이젠 꿈 안에서 마저 계속
신은 거부해 날

그래서 난 항상 준비돼있어
밤이 끝나면 찾아올 내일도
오늘까지 답을 피했던
신의 축복에 난 Amen

신이시여 왜 날 이곳에
내가 해야 할 일은 무엇이기에
신이시여 왜 날 시험에
들게 하셨는지 난 무언가를 이뤄낼
것만 같아 축복이 끊이질 않네 God bless
이 축복을 나눠줄게 God bless
내 삶의 이유를 점점 알게 돼
난 가야 하네 더 앞으로 I get it
나밖에 할 수 없다는걸
내가 해야만 한다는 걸
나는 알았네 그의 말을 거부하지 않겠어
돌아가지 않겠어 멈추지 않겠어
Oh God
그는 나를 놓지 않아
실수 한 번으로 무너지지 않아
일어나면 되잖아
포기하면 끝이란 걸 알아
쉴 수 없잖아

Take me
Take me again
Take me
Take me again

가줘
가져가 이제 나도
다 질렸거든 이런 거엔
숨지만 말고 가줘

I just wanna live right now
내 앞에서 모두 비켜봐
여기까지 오래 걸렸다
Bitch 넌 몰라 지금 내 상황
No flex in my zone 깝치면
바로 날아가 너의 뚝배기 Imma shoot u down
Muhfuckas how u feel now?
날 무시했던 너희 얼굴이 떠올라
이런 가사는 이제 식상하지만
이게 현실이야 u gotta deal wit it
Hip hop이 돈이 안 될 때부터 나는 rap 했지
너흰 돈 때문에 다리 벌리는 Prostitute
Lil' stupid ass bitch I ain't fuck wit you
잊지 않아 같이 걸어온 동생 형들
서윤이 형 난 지원사격
해주러 왔어 내가 뛰어들면 cover me up

내가 더 값비싼 시계를 메고
조금 편안히 잠들려 해도
이젠 꿈 안에서 마저 계속
신은 거부해 날

그래서 난 항상 준비돼있어
밤이 끝나면 찾아올 내일도
오늘까지 답을 피했던
신의 축복에 난 Amen","94.502","0.465","0.746","-13.581","0.662"
"No.1","Donutman","4ECmXULvaVPvrAPdpZT1uv","Chorus:
No One's Perfect
No One’s Perfect
No One's Perfect
No One's Perfect
No One’s Perfect
No One's Perfect
No One's Perfect
No One's Fucking Perfect
No One's Perfect
No One's Perfect (Oh)
No One's Perfect
No One's Perfect (Fuck this)
No One’s Perfect (Kill me)
No One’s Perfect (What's so funny?)

Verse 1:
We out here smokin’ 'balloons like it's raining
Girl I ain't even been home so why we niggas ordaining
My heart is broken like a needle I’ll see this shit with flaming
I am so happy we are together but that don't mean we relating
Call me the strongest nigga ever, stranded with prevailing
Since you a bitch with love I might have to do love jailing
No nigga perfect (True)
Don't mean you lie (True)
I know you wanna die but let's take a trip to Dubai (Fuck no)
If you don't wanna we can go to Brunei (Yes)
Hey Ethan Hawke ('Sup dude?)
Suck my cock (What dude?)

Chorus:
No One's Perfect
No One's Perfect
No One's Perfect
No One's Perfect
No One's Perfect
No One's Perfect
No One's Perfect
No One's Fucking Perfect
No One's Perfect
No One's Perfect (Oh)
No One's Perfect
No One's Perfect (Fuck this)
No One's Perfect (Kill me)
No One's Perfect (What's so funny?)

Verse 2:
I heard a guy named Anne get a bunny
Then I went to his house and ripped off this one knee
Why do we die so soon, like this south nigga Chung Hee
Fuck women, diamonds, and jewelry I got love with money
You never guess my final wish
To get a bitch

Chorus:
No One's Perfect
No One's Perfect
No One's Perfect
No One's Perfect
No One's Perfect
No One's Perfect
No One's Perfect
No One's Fucking Perfect
No One's Perfect
No One's Perfect (Oh)
No One's Perfect
No One's Perfect (Fuck this)
No One's Perfect (Kill me)
No One's Perfect (What's so funny?)","90.492","0.878","0.495","-4.3","0.621"
"Smile","Donutman","1w0uoYAq7w4LK6Rovx0vGD","On the corner of 5th and Main
By an old riverbed and a railroad train
There's a shop near the track
The owner works in the back
He's got a hole in his shirt, a hole in his shoe
He walks around without a whole lot to do
He's got no car, he's got no clothes
Does what he does, and that's all he knows

'Cause he's a donut man
He's doing what he can
He's happy every day, he's got nothing to lose
He's found his way

He's a donut man
He's doing what he can
He's happy every day, he's got nothing to lose
He's found his way

For at least ten years and a day
He's been going in and out of his way
To give what he's got
The Lord knows he gives a lot
With his fortune made and money down
The gifts he gives are all over town
On his face a beautiful smile
He's sending out all the while

'Cause he's a donut man
He's doing what he can
He's happy every day, he's got nothing to lose
He's found his way

He's a donut man
He's doing what he can
He's happy every day, he's got nothing to lose
He's found his way

Ahh-ahh
Ahh-ahh
Ahh-ahh

His children grew up, and he grew old
His hands got shaky, and the shop got sold
On many lives that the story's been told
There ain't nothing left but a donut hole

'Cause he's a donut man
He's doing what he can
He's happy every day, he's got nothing to lose
He's found his way

He's a donut man
He's doing what he can
He's happy every day, he's got nothing to lose
He's found his way

Donut man
Donut man
(He's a donut man, happy every day, just a donut man)
Donut man
(He's a donut man)","93.577","0.141","0.43","-16.376","0.143"
"Wash Away (feat. Brown Tigger)","Donutman","63GyTU9U7vg4Xc5a8g4j2C","[Verse 1: ilyaugust]
Now I'ma end up as a story
SRT, going fast
Ay, fuck around, li'l baby, two-hundred up on the dash
Like, whoa, ay
Do you have a little bit of time today?
(one, two, three)

[Chorus: ilyaugust]
Cross my eyes out, yeah
Kill me slowly, I'm not scared of death
I'm not scared of bullet holes in my chest
Cross my eyes out, yeah
Kill me slowly 'cause I'm not scared of death
I'm not scared of bullet holes in my chest

[Verse 2: ilyaugust]
I told you a long time ago in a place far away, oh
And I just want to know if it's too much to ask of you
Baby, can you just stay? Whoa
I tried my best, but I always get hurt
Heart pops out of my chest every time I look at her, oh
Can't get her out of my head, she should be in my bed
I always try my best, but it never seem to work, bro

[Chorus: ilyaugust]
Cross my eyes out, yeah
Kill me slowly, I'm not scared of death
I'm not scared of bullet holes in my chest
Cross my eyes out, yeah
Kill me slowly 'cause I'm not scared of death
I'm not scared of bullet holes in my chest

[Verse 3: Shleem Pink!]
I watched your pain wash away
I followed you to your grave
I think I'm falling in love
The last of the undead to awake
I saw your corpse in my room
My home resides in your tomb
I think I'm falling in love
Now we're both locked out of heaven's gates

[Chorus: ilyaugust]
Cross my eyes out, yeah
Kill me slowly, I'm not scared of death
I'm not scared of bullet holes in my chest
Cross my eyes out, yeah
Kill me slowly 'cause I'm not scared of death
I'm not scared of bullet holes in my chest

[Post-Chorus: ilyaugust, Shleem Pink]
I'm going crazy for you
Go Jeffery Dahmer for you
Don't tell me I'm not a threat
Don't tell me I'm not a threat
I'm going crazy for you
Go Charles Manson for you
Don't tell me I'm not a threat
You'll see me when you are dead","202.696","0.644","0.107","-8.068","0.257"
"Quentin Tarantino (feat. G2, Khundi Panda)","Donutman","7L3AXv9yXJJiyb3fgx96h5","Shoot it up like quentin tarantino
난 빠져나왔다고 서울시의 미로
Rap game 때려치우고 나서 돈을 벌어
Big checks big checks
I'm numero uno
I fuck bitches everyday
거리에 헛소문 나면 어떡해
친구들은 걱정해 so I rock aries
No problemo everything's alright
Yeah
날 뒤에서 욕하던 놈들 전부 다 탐을 내
말이 많아 인스타 gang 현실에서 만나면
벙어리처럼 입을 다무네
랩 못 하는 래퍼 새끼 걸러
여기까지 오는데 난 오래 걸렸지
카메라 flash 눈이 부셔 번쩍
난 말해 ready set go

Shoot it up like quentin tarantino
Shoot it up like quentin tarantino
Shoot it up like quentin tarantino
Ready set go huh

Shoot it up like quentin tarantino
Shoot it up like quentin tarantino
Shoot it up like quentin tarantino
Ready set go huh

Lights Camera roll action
액정 속엔 모두가 다 주인공 right
행동 보면 관심만 고파
유행에 노예 난 django untied
가치는 올라가지만 난 free
사슬 풀고 자유로워진 발밑
Lord forgive me for im about to sin
Murder these clown rapper on these screens
Makе my way discreet
소리소문없이 나는 직진
Until the mission complete
매일 반복해 rеpeat
돈바달 냄새를 쫓아 죽을 때 까지 난 계속 go
Always movin on the low
가슴속엔 사랑 아님 독
적들은 내겐 그저 하나의 obstacle
Now ready set go

Shoot it up like quentin tarantino
Shoot it up like quentin tarantino
Shoot it up like quentin tarantino
Ready set go huh

Shoot it up like quentin tarantino
Shoot it up like quentin tarantino
Shoot it up like quentin tarantino
Ready set go huh

Shoot it up like Quentine Tarantino
평생 놀면서 탓하니 quaratine을
맛 따져가며 먹을 줄도 모를 너에게
내 것은 얼굴의 즙 다 빼는 할라피뇨
한 마디도 놓칠 생각이 없는
나에게 니가 발로 쓴 가산 참 질려
Alpha leader 니가 뭐라 나를 부르든
한 트랙에선 양보 안 돼 넌 한참 밀려
같은 그릇 근데 다른 냄새
너는 3분 카레 나는 denzel
Whoo young boy had to penetrate
리그 다 뚫었지 난 매일을 갱생
맹세해 매일 새 마음가짐으로 살아
고여있는 걔네는 몰라 who the fuck is you
욕해서 미안한데 미안하지 않아
병신들 정신줄 메고 받아드려 현실을

Shoot it up like quentin tarantino
Shoot it up like quentin tarantino
Shoot it up like quentin tarantino
Ready set go huh

Shoot it up like quentin tarantino
Shoot it up like quentin tarantino
Shoot it up like quentin tarantino
Ready set go huh","","","","",""
"Cigarette (feat. Kidd King)","Donutman","2T2pZYO5XpFSPydEN1wBBn","담배처럼 타 들어가 내 마음
넌 불 붙이고 날 빨아들여 like
Hh ha
Hh ha
Hh ha
난 돼버렸어 잿더미

Yeah 어떻게 그래 넌 사람이
이렇게 금방 식어 사랑이
우리 너무 뜨거웠잖아
너무 빨아들이다가 손이 데일까봐
걱정했었지
필터엔 립스틱이 가득 묻어
재떨이는 꽃다발로 변했지
혼자 남은 내 방에 가득찬 너의 연기
때문에 숨이 막혀와 난 죽어 천천히
너의 미소 너의 눈물
너의 숨결까지 전부 다 연기였니
손짓 한번과 함께 넌 멀리 사라졌지
I can't forget
I can't forget about you bitch

담배처럼 타 들어가 내 마음
넌 불 붙이고 날 빨아들여 like
Hh ha
Hh ha
Hh ha
난 돼버렸어 잿더미
담배처럼 타 들어가 내 마음
넌 불 붙이고 날 빨아들여 like
Hh ha
Hh ha
Hh ha
난 돼버렸어 잿더미

Yo 내 생각에 난 걍 재떨이
너의 모든걸 털어놓게 냅뒀지
So 지금 내 앞엔 꽁초로 만든 선인장뿐
여기서 과연 꽃이 필 수 있을까
But I don't wanna fuck with you anymore
I dont wanna smoke with you anymore
더 이상 니 생각대로 되지 않을걸
Yeah you know
너 때문에 연초에서 아이코스로 바꿨어
원하지 않았지만 난 맞췄어
그런게 사랑이라 배웠거든
근데 우리 사이는 해봐야 담배 한보루
다 피웠음 이제 꺼져
다 빨았지 이제 없어
더이상 네게 줄건 아무것도
My dick ain't free anymore

담배처럼 타 들어가 내 마음
넌 불 붙이고 날 빨아들여 like
Hh ha
Hh ha
Hh ha
난 돼버렸어 잿더미
담배처럼 타 들어가 내 마음
넌 불 붙이고 날 빨아들여 like
Hh ha
Hh ha
Hh ha
난 돼버렸어 잿더미","76.693","0.126","0.4629999999999999","-17.347","0.0581"
"데려갈게 (feat. The Quiett)","Donutman","6bLmILPPDD2fHgLLD53cw6","[도넛맨 ""데려갈게"" Feat. 더콰이엇 가사]

[Intro: Donutman]
Hey, we be high like forever
Never turnin' down

[Verse 1: Donutman]
Oh, 돈은 못 벌지만
젊으니까 걱정은 없어
하고 싶은것만 해
Muthafuck the love songs
하지만 난 매일 연습해
정신줄 놓지않어
매일 밤새면서
내 또래 친구들처럼
시간 낭비를 할 수도 있지만
I got a shit to do
재능을 알아 본 신께서
임무를 맡겼거든
첫번째 일이지
Fake rappers, I kill em all
여자들도 짤없어
Rap을 못하면 얼굴이 이뻐도 (Holl up, holl up)
전부다 모아놓고 wrap 'em up
전부다 모아놓고 wrap 'em up
수준없는 아이돌 새끼들
밀전병에다 싸먹어
너희땜에 힙합이 죽어
심폐소생을 하러왔어
구급차가 왔으니
모두 안심해 진짜 느낌이 달러
데려갈게 정상까지
We take it to the top
조심해 난 속도가 빨라서
위험하니까
다 손잡이를 꽉 잡어
절대 흔들리지마
우릴 괴롭히는 문제들
다 좆까고 날라가

[Chorus: Donutman]
We be fly
We be fly
We be high like forever
High like forever
Fly
We never turnin' down
We high like forever
Like there's no ground

[Post-Chorus]
데려갈게
데려갈게
데려갈게
내가 데려갈게
데려갈게
데려갈게
데려갈게
내가 데려갈게

[Verse 2: The Quiett]
난 기억하네 처음 랩 할 때
16살 때 모두가 말하네
""한국에선 안돼"" 난 믿지않았네
그래서 정상에 난 데려왔네
이건 시작일 뿐 이 기나긴 꿈
그들이 말하길 내 가사는 돈 이야기 뿐
이 자식들은 내가 죽고 나서야 이해하겠군
내 랩들은 내 삶에 대한 얘기야 100프로
이건 나의 인생 I'm pourin' perignon
내 거실에는 천만원 짜리 stereo
It's 1llionaire baby
We the rich fuckin' family
Just copped a new Bentley
I'm ridin' round & I'm gettin' it
데려갈게 더 높이 we take you to the top
니 앞이 보이지 않는다면 내 길을 따라와
From Tokyo to New York, all sold out
We gon' celebrate this shit
Bitch let's just fuck all night

[Chorus: Donutman]
We be fly
We be fly
We be high like forever
High like forever
Fly
We never turnin' down
We high like forever
Like there's no ground

[Post-Chorus]
데려갈게
데려갈게
데려갈게
내가 데려갈게
데려갈게
데려갈게
데려갈게
내가 데려갈게

[Outro]
Holl up, holl up","","","","",""
"Beer","Donutman","2mPIOgNGFxtsGJJjNVXZQe","(Verse One)

Looking for a party on a Saturday night
Heading to the happy hour feeling all right
Saw a little cutie smiling at me
Knew I’d get lucky baby can’t you see
I'm not sure what happened but if I had to guess
I'd say the I.P.A. kicked my A.S.S

(Verse Two)
Feeling mighty fine, making my move
Rhythm’s a-clicking, I'm feeling the groove
Start a conversation, feeling my best
Gonna win or lose, baby no regrets
I was feeling good...she was saying yes
Too bad the I.P.A. kicked my | A.S.S

(Verse Three)
Started drinking in the afternoon
By now my whole world, was starting to swoon
They say I have a problem, or such and such and such
All my friends think I drink too much

(Versе Four)
Heading to a hotel, evеrything’s a blur
Ready for the loving that's gonna occur
Walked into the room and we started to kiss
Getting all excited for my pretty little miss
Last thing I remember she was taking off her dress
When the I.P.A. kicked my A.S.S

(Verse Five)
Guess I passed out, when I woke she was gone
Nothing left to do so I headed home
Speeding down the highway, cross the overpass
Cops were waiting, I was going too fast
Trooper pulled me over...couldn't pass the test
Cause the | I.P.A. kicked my A.S.S

(Lead)

(Verse Six)
Took me down, spent the night in jail
Had to call Hector to post my bail
A mighty tough lesson I’ll make it clear
Drinking and driving is a bad idea

(Verse Seven)
Back at the courtroom Hector got me free
Found a loophole technicality
This time I was lucky let me make it clear
Got to be careful when you drink strong beer
Let this be a lesson, don't...make your life a mess
That I.P.A. will kick your A.S.S","169.998","0.493","0.473","-6.733","0.54"
"PUFF JACKET (Feat. Kim Seungmin)","Donutman","5dl5X5otPbAwMss6mNjDBH","[Part 1: Lance Butters]
Wer du bist, was du machst, ist egal
Lance Superstar, nicht austauschbar, Bitch
Komm mal klar, ich bin interessiert an
Rappern, die desintressiert sind dich zu featuren
Und in der Szene macht jetzt jeder hart auf Styler
Ich schieb 'ne ruhige Kugel und bezeichne die als Neider
Denn Coru und Lance Butters, Vorreiter wie Smash Brothers
Ich mein, wer kann das schon, von den Anderen?
Ihr sagt, ihr bringt individuellen Scheiß
Pff, aber klingen tut ihr gleich
Kein Plan vom Flow und 'nem Feeling
Das übergreift von Vocals bis hin zum Beat
Ihr seid ziellos und weak
Und fragt, was unterscheidet mich von euch?
Ganz einfach, ich unterscheide mich von euch
Und warum sollte ich mich anstreng' für 'ne Szene
Die nicht mal weiß worum es geht, huh?

[Hook: Lance Butters]
Deine Sis liebt uns, deine Sis braucht uns
Sie sagt es auch, euer Tape sei viel Rauch um nichts, es
Ist die Gang wenn du's jetzt nicht kapiert hast
Es gibt kein Feature für deutsche MCs, was
Willst du, vor uns bist du Punk plötzlich ganz klein
Achte ruhig weiter auf ganz tolle Punchlines
Und du meinst, dass dich die EP enttäuscht
Doch wir hab'n kein Problem mit Fanboys

[Part 2: Coru]
Ich genieß es
Wenn ich smooth über Beats rapp'
C zum U, T-Rex
Zumindest vom Bizeps
Du bist ein Pre-Set für Weakness
Du, uh, stirbst und verdienst es
Sieh, es ist gut gemeint, 'n Fingerzeig
Wenn ich dem Indergeist erklär, dass du
In 100 Jahren immer noch behindert bleibst
Im Vergleich zu uns
Coru und Lance, unser Style ist Kunst
Farbenfroh, Kunterbunt auf dem Beat
Untergrund, unbesiegt, 100 Punkte für uns
Und du ziehst schon ins Negative
Schreib deine Zeilen auf Nerz
Und sie bleiben nichts wert
Frank Castle Cooking Gang
Gegen Technik fixiert tight Rap ist jetzt vier, drei
Du wirst gevierteilt
Also goodbye, motherfucker

[Hook: Lance Butters]
Deine Sis liebt uns, deine Sis braucht uns
Sie sagt es auch, euer Tape sei viel Rauch um nichts, es
Ist die Gang wenn du's jetzt nicht kapiert hast
Es gibt kein Feature für deutsche MCs, was
Willst du, vor uns bist du Punk plötzlich ganz klein
Achte ruhig weiter auf ganz tolle Punchlines
Und du meinst, dass dich die EP enttäuscht
Doch wir hab'n kein Problem mit Fanboys

[Part 3: Chissmann]
Yeah, Chissmann, Frank Castle
Du willst Stress?
Jo, was los, komm her
Spiel' nicht den Held, das' nicht Con Air
Ich hab kein Kommer-
Ziellen Erfolg (Folg, folg)
Ja klar, was redest du da?
Kein Scheiß, wie wenn Nazis bei Tiger Woods klingeln
Und sagen, die Schläger sind da
Deine Freundin gefickt - 10er bezahlt, yeah
Bitch, ruf mich an, zehn mal gesagt, yo
Hamburg-Rap heißt nicht Fisch verkaufen
Hier hat jeder eine Bitch am laufen
Ich kann's dir erklär'n - hör zu
Rausgeh'n, umgucken, angeben
Dem Dönermann die Hand geben
Sich gut kleiden, zeigen der Wagen teuer
Meine beste Jacke gibts fünf mal in Deutschland
Das Handy lautlos, unbekannt, auflegen
Im Wettbüro die Hunderter ausgeben
Und, nein, ich mach' keine Faxen
Wenn auf dem Kiez die Backpfeifen klatschen
Heißt es nur, die Bitch muss Abtreibung machen
C-H-I Doppel-S, yo, yo

[Hook: Lance Butters]
Deine Sis liebt uns, deine Sis braucht uns
Sie sagt es auch, euer Tape sei viel Rauch um nichts, es
Ist die Gang wenn du's jetzt nicht kapiert hast
Es gibt kein Feature für deutsche MCs, was
Willst du, vor uns bist du Punk plötzlich ganz klein
Achte ruhig weiter auf ganz tolle Punchlines
Und du meinst, dass dich die EP enttäuscht
Doch wir hab'n kein Problem mit Fanboys","","","","",""
"Comfortable (feat. BLNK)","Donutman","2AZQ8mXf3V0y8qrIuefokV","I just wanna be comfortable 나는 편하게
누워서 게으름 피며 돈도 벌고 싶다네
작업하긴 귀찮아
난 가사 쓰는 기계가 필요해
누가 좀 발명해줘 앨범 내게
Limitless 약을 먹고 싶어 아주 가끔씩
가사 쓰다 막히면은 이거 완전 답 없지
한 달 동안 백지 앞에서 고민해
어떤 개소리로 또 채워 넣지 이 blank
난 오늘도 열심히 일해
난 오늘도 돈을 벌었네
난 오늘도 너를 사랑해
이런걸 쓰고 대충 걸어 autotune
Ay ay ay ay
Ay ay ay ay
여기다가 화음 쌓으면 Like
Ay ay ay
Ay ay ay ay
Ay ay ay ay
Errbody wanna be comfortable

I just wanna be comfortable 나는 편하게
누워서 게으름 피며 돈도 벌고 싶다네
작업하긴 귀찮아
난 가사 쓰는 기계가 필요해
누가 좀 발명해줘 앨범 내게
Limitless 약을 먹고 싶어 아주 가끔씩
가사 쓰다 막히면은 이거 완전 답 없지
한 달 동안 백지 앞에서 고민해
어떤 개소리로 또 채워 넣지 2절은 피쳐링

짬 처리 느낌 드는 거는 어떡해
잘 지낸 거지 티비봤어 도넛맨
가사 쓰다 블랭이 나와 연락했겠네
눈이 멀고 나선 관심법을 쓰지
Guess it
Who i am
간만에 한 피쳐링 이건 멜로디로 적어
이쁘장히
인마 어떤 앨범 만들길래
가사 적는 기계가 필요하다니
시작해볼랬는데 끝나가네
이런 빌어먹을 놈의 8마디
일단 연락줘 봐 갈지 말지
책상 앞에 놀고 있어 아직까지
Like ay like ay
마디가 남아서 채워 like ay
Like ay like ay
마디가 남아서 채워 like ay
난 네게 복수할 거야 머지않아
이것도 내면 시발 연락 안 할 거잖아
그래 괜찮아 내겐 오토튠 있으니까
이거 만드는 데 20분 걸렸다 comfortable","105.109","0.6","0.714","-7.643","0.506"
"I Could Do Dead (feat. JUSTHIS)","Dbo","6XQEZM1uwuHpsYLVEgYs73","[Intro:]
Jaydubb on my back

[Hook: Dbo]
Shawty on ma dick, she suckin' deep (Yee)
I just wanna lick that pussy lip (Lip)
Pussy so [?]
Rest in paradise 'cause
I could do dead
I could do dead
I could do dead
I could do dead
I could do dead
I could do dead
I could do dead
I could do dead, yeah

[Verse 1: Dbo]
Pull up on the block, I'ma celebrate life (Yeah)
All up in my bidness suddenly (Ha)
착각하지 말아줘, 허깨비 (Ha)
좋은 것은 일찍 죽어 장례식 (Rrr)
싫어하지 말아
너 그렇게 살다가 언제 다리 한번 쭉 뻗겠니
어제 만난 친군 내일이면 (Oh)
땅에 묻혀 그 속에서 천천히 썩겠지
Bad romance, she drownin’ like
She fell in love with Tony Montana (Choo)
인생은 여행 사랑 위대해 her favorite Louisiana (Ayy)
And broke boys, we don't care
Every born, we must be flexin (Flex)
날 사랑하는 사람 이렇게 많은데
날 싫어하는 사람 하나 없겠니?
I think she wanna suck dick, ah
입안이 넣어 난 기뻐, oh (ah)
Pussy wet, I'ma collector
I just wanna get lit (I just wanna get lit)
Pussy good, she took a picture
I put ma dick on that pink (I put ma dick on that)
I only fuck wit that po-
Sitive energy 돈 냄새를 코로 흡입 (Ayy)
Columbia chick with Caribbean bitch (Yeah)
Columbus처럼 나는 항해해, 아니 (You know)
잘못 빨면 다 오그라들지 (Ho)
억울한 것은 느닷없이 갇혀 있어 다 어항 (Oh)
부셔줄게 떠나
넌 절대 그럴 리가 없다며 부정하겠지, uh

[Hook: Dbo, Justhis]
Shawty on ma dick, she suckin' deep (Yee)
I just wanna lick that pussy lip (Lip)
Pussy so [?]
Rest in paradise 'cause
I could do dead
I could do dead
I could do dead
I could do dead
I could do dead
I could do dead
I could do dead (Justhis, Dbo, yuh, yuh)
I could do dead, yeah

[Verse 2: Justhis, Justhis and Dbo]
You only live once
And you could be dead tomorrow, 시바꺼
인생 한 번 사랑 아녀, 필요할 뿐 like 염따형
Fuckboys can't relate and I'm a 大哥
멤버 이름 몰라 Seventeen
But she said you look like seventeen (Ha-ha, what?)
No lie, 마치 저 래퍼들이
'이거 Justhis한테 맞고 생긴 훈장'이라 자랑하게 됐듯이
그래, 쩐다, 시발놈아 한 달 내 수입 (Woo)
이제 돈만이 예술 척도 됐듯이 (Arg)
그게 나쁘단 적 없어 (Arg)
나는 혁명가 like Marcel Duchamp
니가 내 개념을 이해할 때
이미 난 Future, I'm a Wizrd
내 앞 뒤 안 맞는다 인생허비 하는 동안
이미 편견에 갇힌 건 니야
Trap, trap, trap, yeah, I could do that
왜 겐세이? 생색도 해낸 새끼만이 낼 수 있네
올렸네 올해 앨범 2개에 올해 노래, 올해 collaborate
올해 레이블 후보에 포함된 내가 뭘 했녜, damn
논점 흐리는 이 색맹 새끼들 개 패 벌지 몇 백 배
Stress 해소 돼면서
미래 장모님에게 이쁨 받는 통장 get해
그래, 내 rap
취향 아닐 순 있어도 까는 놈은 N-O-N-E
그럼 내가 다시 물을게, Michelangelo 천지창조가
니 취향이 아닌 게 어딨냐, 이 pussy새끼
넌 도망자, (Ah) 난 절대자 (Ah)
예술엔 있지 (Ah) 정답 병신아 (Sh)
아니라면 방구석 가 병신아
아니라면 날 죽여 봐 병신아, ah!

[Hook: Dbo and Justhis]
Shawty on ma dick, she suckin' deep (Yee)
I just wanna lick that pussy lip (Ha-ha-ha, lip)
Pussy so [?]
Rest in paradise 'cause (Argh!)
I could do dead
I could do dead
I could do dead
I could do dead
I could do dead
I could do dead
I could do dead
I could do dead, yeah","","","","",""
"Young CEO","Dbo","26ufPH76Z030Ea1c87hUdu","[Intro]
If I told you that I'm good on my own would you believe me? (Believe me)
You will never see me outside 'cause I'm hiding from the old me
I'm not good and I'm not bad
I can't even feel sad (Can't even feel sad)
I'm not good and I'm not bad (I'm not good and I'm not bad)
But I miss what I had (But I miss what I had)

[Chorus]
It's hard to wake up
It's hard to even talk
I fucking hate to sleep 'cause I struggle in my dreams
It's hard to wake up
It's hard to even talk
Fill me up with meds 'cause I don't need any help
It's hard to wake up
It's hard to even talk
I fucking hate to sleep 'cause I struggle in my dreams
It's hard to wake up
It's hard to even talk
Fill me up with meds 'cause I don't need any help

[Verse 1]
Don't you fucking get it, I'm gon' die this way (Die this way)
Fucking with my brain 'cause you just wanna get paid (Wanna get paid)
You got white robes and fancy degrees
You're so cool
So much better then me (Better then me)
Yeah, you're so fucking important
Ain't that what you want people like me to see? (People like me to see)
So much better than me
Better than me

[Chorus]
It's hard to wake up
It's hard to even talk
I fucking hate to sleep 'cause I struggle in my dreams
It's hard to wake up
It's hard to even talk
Fill me up with meds 'cause I don't need any help
It's hard to wake up
It's hard to even talk
I fucking hate to sleep 'cause I struggle in my dreams
It's hard to wake up
It's hard to even talk
Fill me up with meds 'cause I don't need any help

[Outro]
I [Censored] hate doctors, man","","","","",""
"STICKY TOP (Feat. 양홍원)","Dbo","5jH3gEMqXCzNzwe97iU5pe","[디보 ""STICKY TOP"" ft. 양홍원 가사]

[Intro: Dbo]
Yeah
Bitch, I'm smoked out, *mambling* (Bih, bih, bih)
Believe what I see, *mambling* (Bih)
Believe what I see

[Chorus: Dbo, YANGHONGWON]
Bitch, I'm smoked out perfect, it's just meant to be (Be)
It just takes time 뭐 어때, 혼자가 아냐 우린 (Yah)
If she breakdown, I fuck that, you can be mad at me (Me, ayy)
I go deep down, purple shit, 너도 느낌을 아니 ([?])
I can think about brain, you too welcome to my crip (Bah-bah)
I'm straight dripped out, bitch bad, tell that check on me (Yeah-yeah, me)
I just sit back and relax, bitch, stay on your lane (Stay)
I can rip you apart, zip up, fuck you thought it was (Fuck you)
넌 걜 과소평가하다가 걍 코 대인것뿐 ([?])
너무 많은걸 코 밑에 있는건 무기
I just pull up with my drip, my swag, I'm sticky to the top (I just pull up)
I just pull up with that pretty bitches, hop up and it drop

[Verse 1: Dbo]
I'm just smoking pretty strong
난 편안해져 별수 없지 (Ayy)
연기가 퍼져 아지랑이 (Yah)
I put the culture in my shit (Culture)
내껀 커져 커져 커져, 보질 터트리는 짓
I'm so freaky, fuck it, touch it, touch it
Pussy, money, weed, codeine
새로운 세대 차 세대
It's a Chanel vintage (Chanel)
그들은 잠에서 깨야돼
그녀의 참외 뱨꼽 위
I put my genes, water fountain
You gotta understand what about it
You gotta chance to achieve (Achieve) dream
Young boy dream

[Bridge: Dbo]
난 기다리고 있었어 줄에서
내 차례까지 못 기다리겠어
내 순서가 왔고 난 기회를 잡아
난 돈과 결혼에 죽음이 주례사
난 전투를 준비해 우린 용맹한 전사야
난 악마처럼 걔가 천국에서 떨어지길 기다렸어 내 천사야

[Chorus: Dbo]
I can think about brain, you too welcome to my crip
I'm straight dripped out, bitch bad, tell that check on me (Check-check)
I just sit back and relax, bitch, stay on your lane (Bitch)
I can rip you apart, zip up, fuck you thought it was
넌 걜 과소평가하다가 걍 코 대인것뿐 (Hey)
너무 많은걸 코 밑에 있는건 무기 (무기)
I just pull up with my drip, my swag, I'm sticky to the top
I just pull up with that pretty bitches, hop up and it drop

[Verse 2: YANGHONGWON]
I'm cool 뒷머리 길러도 나 멋이
Old school하다온게 출신 근데 나 부티
스물 둘 내 집에 온 누나 둘, hey (Wah)
지워지게해줘 전부 (전부, ayy)
몇개째인지도 몰라 (몰라)
계속 희미해져 과거 (과거)
오늘만 내 애인해줘 thot (Thot-thot)
혼자 for life, 이제야 난 피해 (제야 난 피해)
이 죄에서 탈피 (탈피, 죄에서 탈피)
너무 많네 탈이 (너무 많네 탈이)
Where is God? (Where is God?)
Fuck, Reset pop pills (Pop pills, pop pills)
그래 이건 새 삶이지 (그래 이건 새 삶이지)
새로운 내가 되게하지 (내가 되게하지)
잠에서 깨면 난 이미없어

[Chorus: Dbo]
I can think about brain, you too welcome to my crip
I'm straight dripped out, bitch bad, tell that check on me (Me)
I just sit back and relax, bitch, stay on your lane (Stay)
I can rip you apart, zip up, fuck you thought it was (Fuck it)
넌 걜 과소평가하다가 걍 코 대인것뿐 ([?])
너무 많은걸 코 밑에 있는건 무기
I just pull up with my drip, my swag, I'm sticky to the top (I just pull up, sticky-sticky)
I just pull up with that pretty bitches, hop up and it drop","","","","",""
"One Hunnit","Dbo","3EVuHxRd8syOYUcPe0WQIk","[Verse 1: Swings]
몸무게는 바뀌었지만 keep it 100
고딩 수학 점순 아냐 keep it 100
내 energy의 level 항상 keep it 100
나중에 벌 mills 알아 keep it 100
같이 갈 사람들만 가 잠깐
앨범 없는 애들이 뭘 까 잠깐
나는 용돈 줘 너는 타 잠깐
승잔 승잘 보고 올라가 잠깐
Loser는 자신 없으니까 까
그런 애들 다수가 부자
올해에 쟨 쇼미 나온다
Clones 뻔한 pattern 바꾸자
내 동년배들 대부분 멸망
윗사람들 말 꺼내지 마
문화모기 어린 애들아
다른 장르해 왜 힙합 하냐

[Hook: GIRIBOY]
One hunnit percent 나는 유기농
맑은 공기 약수터 정수기 수질
넘보지마 오지마 올라와 볼라고 오지마
청정지하 암반수로 하지 얼굴 미용

[Verse 2: Black Nut]
내 처음 single처럼 keep it 100
마치 Del Monte, bitch, I keep it 100
너네 따라쟁이, 미국 래퍼 옷걸이
내가 따라할 건 오직 미국 래퍼 돈벌이
우린 우리끼리 놀아, 너넨 걍 쩌리
그냥 신주닭발 가서 뜯어 닭도리
나는 top 위에 올라, getting high like --
Pockets fat, 내겐 있지 다른 Swings 한 명이
어딜 가도 니넨 물을 흐리고 난 흘려
Yeah, I'm drippin' water, 물을 빼 미아리처럼
Black Nut and Swings, 너네 얼굴빛 歌舞伎
We gettin' chips 마치 Calbee, ayy
Your bitches not bad and boujee
걔넨 fat and stupid
그냥 쇼미만 나오면 대주는 groupie
먹고 싶지 않어 걔넬 굳이
맨날 해 난 IU 번호를 캐낼 궁리만 I'll levitate
I never hesitate
예쁜 계집애들 새 지폐다발 또 lambo는 candy paint
떳떳하게 내 것을 해서 I'm a get that
계속 꼴리는 대로 쓰지만 나는 아냐 길태
컨셉과 현실을 쟤넨 구분 못 해
But bitch I don't care, yeah

[Hook: GIRIBOY]
One hunnit percent, 나는 유기농
맑은 공기 약수터 정수기 수질
넘보지마 오지마 올라와 볼라고 오지마
청정지하 암반수로 하지 얼굴 미용

[Verse 3: Dbo]
Yeah 빛이 나는 모습 내가 볼 땐
너는 그저 내가 흘린 정액
길을 잃었어 돈과 명예
그 중에 무엇을 one hunnit
I gotta eat so wait microwave
Think she's figure and I'm gonna figure out
끊임없이 변해 내가 찾는 건 아니야
그들을 다 용서해야 했어
그녀는 ink ink ink
아무것도 없어 난 도전을 하고 있어 동 떠
그저 그런 애들을 끌어내려
내가 그리는 건 미래니까
조심하는 게 좋아 너의 female artist
난 그냥 원해 앞으로 뒤로
I give her electro
이 녀석들은 날 받들어
시간이 가고 난 밖으로
그녀의 태도는 아 뜨거","105.058","0.915","0.85","-1.575","0.218"
"I Know What I'm Doing","Dbo","5KGE9mqIl2rviurYiGqdNd","[디보 ""I know what I'm doing"" ft. 이센스 가사]

[Intro: Dbo]
Don't stop
I know what I'm doing
I got reason to win (Let's go)

[Chorus: Dbo]
I know what I'm doing
I got reason to win
Baby, what you doing?
넌 한입으로 uh, uh
I know what I'm doing
I got reason to win
Baby, what you doing?
넌 한입으로 uh ,uh
I know what I'm doing
I got reason to win
Baby, what you doing?
You don't even, uh, uh
I know what I'm doing (Woah)
I got reason to win (Woah)
Baby, what you doing? (Woah)
You don't even know me

[Verse 1: Dbo]
Bo
Yeah, 넌 날 몰라
난 내 flow 골라
다 원해 나와 콜라-보 (Oh)
Yeah, you just fall out
넌 음악을 몰라
잘하는 랩 속사-포?
What? There's level to it, hoe
곡이 좋아 보여도 복사본
영혼이 없어 얘넨 또 싸 똥
넌 꽃중엔 조팝꽃
고속도로가 뻥 뚫렸고 난 똑바로
난 앞 뒤 같아 토마토
난 오작교 넌 오작동
꼬칼콘 니 노잣돈
코카콜라 맛있다
맛있으면 내 바나나
봐 나 나는 기차

[Chorus: Dbo]
I know what I'm doing
I got reason to win
Baby, what you doing?
넌 한입으로 uh, uh
I know what I'm doing
I got reason to win
Baby, what you doing?
넌 한입으로 uh, uh
I know what I'm doing
I got reason to win
Baby, what you doing?
You don't even, uh, uh

[Verse 2: E SENS]
Yeah, 지갑 잘 안 닫혀
수지 타산 내 약점
But 벌이 사시 사철
내 옆에 있음 살 쪄
누가 인생이 썅년이래
그럼 난 걔 전 남편
빡쳐서 바로 찼어
다시 안 봐 평생 안녕
오늘 본 강남 여자들 왜 다 존나 이뻐?
같이 놀아요, 나 고양시에 혼자 있어
Yeah, 밀물 밀려오네
I'm going in 안타면 손해
좆되게 till eight in the morning
지금 삶 반지하서 그려봤던 거지
같이 빡쳤던 친구들 다 얼굴 쫙 폈어
야, 술 더 시켜 도수 좀 높은 거
비싸고 양 적은거, hehe, 맛있어

[Chorus: Dbo]
I know what I'm doing?
I got reason to win
Baby, what you doing?
넌 한입으로 uh, uh
I know what I'm doing?
I got reason to win
Baby, what you doing?
넌 한입으로 uh, uh
I know what I'm doing?
I got reason to win
Baby, what you doing?
You don't even uh, uh
I know what I'm doing?
I got reason to win
Baby, what you doing?
You don't even know me","109.996","0.588","0.804","-19.531","0.217"
"POP IT UP","Dbo","3D5i8oH4cCr0qktOZz5MG5","[디보 ""POP IT UP"" ft. 도끼, 오케이션 가사]

[Chorus: Dbo]
Louie, Fendi, Gucci, Prada, littty, litty, litty, yeah
Louie, Fendi, Gucci, let's get litty, litty, litty, yeah
Pop it up, baby, just pop it up (Pop it up)
Pop it up, baby, just pop it up (Pop it up)
Pop it up, baby, just pop it up (Pop it up)
Pop it up, baby, just pop it up (Pop it up)
Pop it up, baby, just pop it up (Pop it up)
Pop it up, baby, just pop it up (Pop it up)
Pop it up, baby, just pop it up (Pop it up)
Pop it up, baby, just pop it up

[Verse 1: Dbo]
연기가 가득찬 방에서
불을 붙혀 내 lighter
여긴 바로 내 놀이터
여자들 천국 못 말려
막걸리 배부르게
얘네들 막무가내
침대 위 막노동 해
유혹이 너무 많네
그네 안 흔들리네
침대가 계속해서 흔들려
내 피를 빨아 뱀파이어
이 여자들 정신 팔려
I'm yo father Darth Vader
Baby, just fuck it, let's go
Baby, just smoke it, let's go
Baby, just suck it, let's go
Baby, just fucking let's go, woah
우리는 안 좋은건 안해
이제 우리를 원해
말해, 너네 뭘 원해?
찰칵, huh, bang, bang
우린 이거 계속 해야돼 turn up
얘네들은 계속 아가리 털어
목 마른 애들이 계속 날 꼬셔
난 시간 없으니까 저리 꺼져

[Chorus: Dbo]
Yeah, Louie, Fendi, Gucci, Prada, littty, litty, litty, yeah
Louie, Fendi, Gucci, let's get litty, litty, litty, yeah
Pop it up, baby, just pop it up (Woo!)
Pop it up, baby, just pop it up (Woo!)
Pop it up, baby, just pop it up (Pop it up)
Pop it up, baby, just pop it up (Pop it up)
Pop it up, baby, just pop it up (Pop it up)
Pop it up, baby, just pop it up (Pop it up)
Pop it up, baby just pop it up
Pop it up, baby, just pop it (Yo)

[Verse 2: Dok2]
어쨋든 우리는 계속돼 turn up
또 쟤네들 아가리 계속해 털어
니 기분 상했다면 I was just stunnin’
실수한게 있다면 I was learning
범인은 쟤네 I'm innocent
난 5퍼 쟤네 다 ten percent
나머지 팔십오 애석해 하기엔 바뻐
뭐 알아서 해석해 God
Kith on kith on kith
또 키뜨 위에 키뜨 and kin 늘 끼리
힘 loyalty 위엄 big blessing과 지혜 인내 코끼리
We litty 가는길 빠삭한 지리
자극만 섞인거 말고 난 지리
They ain't talking shit, they just Siris
They capping we five-nine fifties
This is my new era, 다 눈 내려 자 who better
늘 두배로 나의 힘 불릴때 쟤네 레벨 다 그대로
그때로 나는 안돌아가지 절대
태도 양자리 삼월 말 내 birthday
다 지네들 챙기고 남은거 덜때
나는 모두 나눠 사이 좋게

[Verse 3: Okasian]
I been stuck in the dark, so throw no shade
Step to the light, lookin' for a new way
Let my pride go 'cause that shit betrays
When you know better, no, you can't go both ways
아침에 눈뜨면 기도해
케이션 해 도끼 해 디보 해
기본도 안하고 왜 기분 내
난 말을 아끼고 돈 쓸래
Uh, pop it up
If you ain't paying, I ain't popping out
떨어 트리면 터뜨려
언제 터뜨렷냐는듯 첨으로
범고래 더 큰물에
방법이랑 재료는 충분해
안걸려 다 보이는 그물에
Can't do that, hm-mhm

[Chorus: Dbo]
Louie, Fendi, Gucci, Prada, littty, litty, litty, yeah
Louie, Fendi, Gucci, let's get litty, litty, litty, yeah
Pop it up, baby, just pop it up (Pop it up)
Pop it up, baby, just pop it up (Pop it up)
Pop it up, baby, just pop it up (Pop it up)
Pop it up, baby, just pop it up (Pop it up)
Pop it up, baby, just pop it up (Pop it up)
Pop it up, baby, just pop it up (Pop it up)
Pop it up, baby, just pop it up (Pop it up)
Pop it up, baby, just pop it up (Pop it up)","128.03799999999998","0.715","0.8759999999999999","-5.97","0.6409999999999999"
"Championship","Dbo","5wBiRL4s1DxMQ1tsVsnaiU","[디보 ""Championship"" 가사]

[Intro]
Yeah, huh
너 래퍼냐 인플루언서냐
나 모르겠어 스튜디오나 가
Bitch
장난치지말고 곡이나 내
아-하 디보
Let's go

[Chorus]
난 피쳐링 쓸 래퍼 없어
비행기 타고 미국가지
얘넨 왜케 멋이 없어?
난 마이크앞에 솔직하지
힙합인척 광고하지만
너 어떻게 해서 돈 벌었니?
어떻게 해서 활동하니?
어떻게 유명해졌니?
난 수단과 방법을 보지
니 행동이 진실의 소리
니 과건 control Z 못해
All you do is control C, ay
Let's make a mass baby, yeah
All I do is championship

[Verse]
난 가장 사랑받고 가장 미움받는 래퍼
난 니 favorite 래퍼의 favorite 래퍼의 favorite 래퍼
원래 모조품이 더 잘 팔려
난 대체불가 그게 내 매력 huh
난 확고하니 호불로 갈려
진짜 아티스트들은 눈치 챘어
줏대없는 아트 넌 clout chaser
얜 조신한척 내겐 음담패설
니 여자친구 왜 나랑 있어
내 여잔 니네보다 리얼
내 삶의 일부 난 스튜디오
난 내 최고 버젼 내 비젼 믿어
(Huh) 난 갖고 있어 이 game key를
(Huh) 걔네 잘하는건 엉덩이에 kiss
(Huh) 걔넨 가스라이팅해 조심해 친구
When I'm gone, who gon' miss me?
Because I don't miss, rest in peace (Ay)

[Chorus]
난 피쳐링 쓸 래퍼 없어
비행기 타고 미국가지
얘넨 왜케 멋이 없어?
난 마이크앞에 솔직하지
힙합인척 광고하지만
너 어떻게 해서 돈 벌었니?
어떻게 해서 활동하니?
어떻게 유명해졌니?

[Outro]
Woah-woah-woah-woah, woah, woah
All I do is championship
Woah, woah, woah, woah
All I do is championship
Woah, woah, let's get it on
Woah, woah, let's get it on
Woah, woah, let's get it on
Woah, woah, let's get it on, let's bring it on
Let's get it on, let's bring it on, let's, let's
Let's get it on, let's bring it on, let's, let's
Let's get it on, let's bring it up
Let's gеt it on, let's bring it up
Woah, woah, let's turn it up
Woah, woah, let's turn it up
Woah, woah, lеt's turn it up
Woah, woah, let's turn it up, oh","","","","",""
"Horse","Dbo","32ERc154apRqv3oe3n026R","[디보 ""Horse"" 가사]

[Intro]
Yeah
Riding around with Dbo
She get me feeling like ooh
Riding around with Dbo (Aah)
Jaydubb on my back

[Verse 1]
Love keep me going (Ye-eah)
Look at you darling (Ye-eah)
긴장해 하루 종일
운전대를 붙잡아 ([?])
밤샌듯이 졸린 눈 기분 전환
입냄새가 고독해 (Eh)
Happy Valentine (Eedeh)

[Refrain]
걔는 입 안에서 화
매일 일해 월화
수목 금토일
난 차가워 (Ice, ice)
빛이 나고 난 silence
답답한 순간
교통 경찰관
내 손을 잡아 꽉
Ride around my town, baby (Town)
Ride around my town (Riding, riding)
완벽하게, yeah
난 완등해 정상
좋은 공기를 마실래
얼음 녹아 버릴뻔
별처럼 움직여
My VVS diamond

[Chorus]
Horse, horse, horse, yeah (Ha, ha)
Horse, horse, horse (Ha, ha, wee)
그 위에 올라타 (Horse, horse, horse)
시원하게 (Horse, horse, horse, ooh)
Horse, horse, horse (Ya)
Horse, horse, horse (Sticky, sticky)

[Verse 2]
Get that matter fact
I get paid (Argh)
Keep that I prepare
I'm just saying (Argh)
I get respect
What does that mean (Eeh)
Understand me? (Ooh)
I want to stack it (Uh)
목걸이가 얼어도 (Pa-pa)
내 목은 안 얼어, yeah (Rrr)
시원한 바람이
코를 타고 흘러 (Phrrr)
So cool
My thing in your area (Area)
각설탕처럼 먹여 (Ooh-ooh)
Wanna have a party with me?
We need some refresh
눈이 번쩍하고 떠질꺼처럼 상쾌해 ([?])
지나가는 사람들 날 쳐다보지
난 크게 생각해 그런가보지
자꾸 보채지마 난 시간이 더 필요해
불난집에 부채질 너무 강력해

[Interlude]
Hot, hot, hot, hot
Hot, hot, hot, hot
Hot, hot, hot, hot (Riding my hor', hor', hor', riding my hor')
Hot, hot, hot, hot

[Refrain]
걔는 입 안에서 화
매일 일해 월화 수목 금토일
난 차가워 (Ice)
빛이 나고 난 silence
답답한 순간
교통 경찰관
내 손을 잡아 꽉
Ride around my town, baby (Town)
Ride around my town (Riding, riding)
완벽하게 yeah
난 완등해 정상
좋은 공기를 마실래
얼음 녹아 버릴뻔
별처럼 움직여
My VVS diamond

[Chorus]
Horse, horse, horse, yeah (Ha, ha)
Horse, horse, horse (Ha, ha, wee)
그 위에 올라타 (Horse, horse, horse)
시원하게 (Horse, horse, horse, ooh)
Horse, horse, horse (Ya)
Horse, horse, horse (Sticky, sticky)","92.162","0.715","0.705","-6.5920000000000005","0.784"
"Chojo","Dbobby","0rdeIeAEnbjoo3DAVJFsux","1. Leo, Cristiano typy drą japę
Ja jestem fanem Kyliana Mbappe
Palisz wroty jadąc po chodniku
Gastro bierze na molo, do wody robię siku
Bławatny kupiec twój Old mordzia przepalona
Za łyka gorzkiej zrobi ci dead poola
Jak Dickson Choto mainuje obronę
Najlepsza bramka Drogby witamy w zespole
Jamajskie kłaki chodujesz na bani
By RAPEer nie tykał twojej pani
Blokuję konto zmarzlaków na Twitterze
Potężny ligowiec tam mózgi pierze","","","","",""
"Peacock (feat. ZENE THE ZILLA)","Dbo","6iCffi0f4iIe2lIPlMc5PP","[디보 ""Peacock"" ft. 제네 더 질라 가사]

[Intro: Dbo]
Oh
Okay
Jaydubb on my back

[Chorus: Dbo]
I just wanna be a man (Man)
I wanna buy a bigger land (Yah)
걸레 같은 넌 비겁해 (Prr)
전화 한 통이면 pick up (Oh)
I'm a peacock (-cock)
다른 색의 힙합 (Uh)
날갤 필까 (Yo)
공작처럼 인사 (Yes-yes)

[Verse 1: Dbo]
깨달아 인생의 진리 (Uh)
I'm ready for billionaire (Billi')
어디서 났는지 비밀
She's definitely a milli (Milli)
난 준비해 따뜻한 침실 ([?])
알겠니 알려줘 미리 (Uh)
I came from nothing really, yeah, I can say that (Yeah-yeah)
집 밖에 나가기가 싫어 세대 (Yeah-yeah)
찍찍찍 찍 찍 찍 찍 찍 내 계획 (Yeah)
잘하고 있니
목표를 이뤘니
깨끗하게 정리 (Ow)
Bruce Lee, woah (Yah)
I'm on some shit, bitch (Bih)
I'ma hit (Hit)
Then I'm gonna dip (Dip-dip)
떨어져
줄래 거머리 (Drip-drip)
이유 있는 야반도주 (Yah)
나는 정확하게 조준 (Ooh)
난 누구보다 잘 다뤄 (Ooh)
그년 내 소중한 도구 (Yah)
검사가 주는 기소유예
글쎄 너 하는 거 보구
난 내 돈을 달라고 요구
울먹이는 그녀에게 먹이는 총구

[Chorus: Dbo, ZENE THE ZILLA]
I just wanna be a man (Man)
I wanna buy a bigger land (Yah)
걸레 같은 넌 비겁해 (Prr)
전화 한 통이면 pick up (Oh)
I'm a peacock (-cock)
다른 색의 힙합 (Uh)
날갤 필까 (Yo)
공작처럼 인사 (Yes-yes; *caugh*)

[Verse 2: ZENE THE ZILLA, Dbo, both]
나도 인사 니 여친은 짐 싸 (Yeah, yeah)
찾지 말어 그녀는 이미 내 침대 위 (Yeah, yeah)
식후땡 피고 날라 하늘 위 (Yeah, yeah)
기우제 물러갔지 가뭄이 (Ooh)
홀라당 벳기지, ooh (Yeah, yeah)
꼴까닥 했지, ooh (Yah, yah)
진주 목걸이 아래로 은색의 목걸이 아래로
은색의 목걸이 공작 꼬리처럼
영롱히 삼봉이 초까리 (Okay)
영롱히 삼봉이 초까리, yah
너네들 눈깔이 ('Kay)
너네들 눈깔이 맘에 안 들어, yah, yah, yah
질투 나도 째려보지마 함부로, yah, yah, yah (Eh)
I'm a peacock, 니 여자는 꿀꺽 (Uh)
물을 두 컵 입을 헹궈, prr (Oh)
찾지 말라니까 전화 계속 brrr (Uh, uh)
근데 걔는 자꾸 내 밑에서 부르르르 (Fuck)
근데 걔는 자꾸 내 앞에서 부르르르

[Chorus: Dbo]
I just wanna be a man (Man)
I wanna buy a bigger land (Yah)
걸레 같은 넌 비겁해 (Prr)
전화 한 통이면 pick up (Oh)
I'm a peacock (-cock)
다른 색의 힙합 (Uh)
날갤 필까 (Yo)
공작처럼 인사

[Verse 3: Dbo]
I got plug on my back (Uh)
I apply for the show (Uh)
I got plus on my mass
풀어도 풀어도 답답해 (Eeh)
모두 틀에 들어갔네 (Yah)
나는 풀 위에서 뛰어놀게
I need black plastic bag
I put Prada properly (Pra)
다 봐라 파란 바람 (바람)
I'm like Barack, I got some problem (Problem)
They're from me (From), they look like my clone (Clone)
I aim at yo head like buffalo
I got Celine, point
우린 만나 꼭짓점 (Uh)
난 약속은 꼭 지켜 (-cock)
늦어서 미안해 (미안해)
난 찍어 마침표
아직 안 끝났지 뭐 (뭐)
난 모험을 하니까
바닥에 오지 마 너 바닥에서 안 왔다면 (Uh), yah, no
야 너 사라질 수 있어 하늘에서 떨어져 녹아버린 눈처럼
난 거름이 돼서 계속 (Uh) 내 걸음을 이어 (Yah)
우린 멈추지 않아 (Huh)
부자가 돼버려","103.99","0.691","0.208","-8.593","0.299"
"Let it burn","Dbo","62fDbnnQajVJHibFLuHBQc","[디보 ""Let it burn"" 가사]

[Intro]
Woah (Woah)
Woah (Woah)
Yeah (Yeah)
Huh (Huh)
Okay, yeah
WayTooLost, the number one

[Chorus]
I'm on fire baby hunnit dollars ,let it burn
Getting higher baby feeling strong, let it burn
All the flames dancing like a wave, let it burn
All the flames dancing like a star let it burn

[Post-Chorus]
Ah-ah, love in my lifestyle
Ah-ah, I'm good right now
Ah-ah, I'mma rockstar
Ah-ah, I'm walking in the thin line

[Verse]
Party in LA (Ay), fly to Japan (Ay)
Hope you understand (Ay)
Hope we meet when we can
Clubbing on the weekend
Flexing on the vid cam
No perfect plan 'cause life don't pretend

[Pre-Chorus]
Spending on my guap
Hunnit bands on the spot
환하게 웃어봐
화난게 풀려 다
Every time in the light
I try to keep it right
Every time in the dark
I found my inner spark

[Chorus]
(Mm-mm-mm) I'm on fire baby hunnit dollars, let it burn
(Mm-mm-mm) Getting higher baby feeling strong, let it burn
(Mm-mm-mm) All the flames dancing like a wave, let it burn
(Mm-mm-mm) All the flames dancing like a star, let it burn

[Poat-Chorus]
Burn, burn away
I think I'm gonna wait (Wait, wait, wait, wait)
Burn, burn away
다 태워 버릴래 (Let it burn)
Burn burn away
I think I'm gonna wait (Let it burn)
Burn burn away
다 태워 버릴래 (Let it burn)","132.016","0.899","0.42","-5.446","0.193"
"Early Money (Feat. Keith Ape)","Dbo","54MgshTlySl2cp47rZOBuQ","[디보 ""Early Money"" ft. 키스에이프 가사]

[Intro: Dbo, Keith Ape]
Ooh-ooh, ooh-ooh-ooh, 디보
Yo
Uh
Ooh, what?
Yah
Ayy
Ooh

[Verse 1: Dbo, Keith Ape]
Truth or dare, I double dare you
You must think I'm devil (Choo, choo, what?)
Choose your side, who's your partner?
You must bitch lucky heaven (Choose your side), uh
She a thot fucking on yo 빵
I said, ""Bitch, what you have?"" (What you have?)
하늘 별 땅 걘 나쁜 여자 내가 아마 걔를 어 잠깐 (하늘 별 땅)
하늘 별 땅 나쁜 여자 걘 방울 뱀처럼 혀를 낼름 (Yo, yo, yo, yo)
그녀는 사탕처럼 빨아 이를 숨기고 내 밑에 뱀을 (Ooh! 내 밑에 뱀을)
그 여자는 희생을 머리를 내줌, 그냥 나의 제물 (What? 그냥 나의 제물)
억제랑 자극이 안 되는 내 중추신경은 괴물 (내 중추신경은 괴물, wow!)
난 너무 아픈 것처럼 sick boy 마치 세균 (Yo! 마치 세균, ayy)
손목에는 Johnny Dang을 니 여자는 나의 drip을 애무 (애무, 애무)
난 Keith haring 마냥 lucky strike를 줄담배로 태움 (Yeah-yeah! Lucky strike를)
태워 3.5그램을 이 Backwood는 나를 대리고가 heaven (*caugh*)
I'm bad like Michael Jackson, that's sex (Woah)
I'm moonwalking, 넌 제스쳐나 연습해 (Woah, woah! Hee!)
Sex, love, pain, 넌 더 연습해
내 여자 거기는 열대 우림처럼 너무나 습해
그리고 내 거기는 강하지 마치 Smith & Wesson
And I fuck you bitch like hee-hee, Micheal Jackson

[Chorus: Dbo, Keith Ape]
I don't fuck wit her no more but she on me ([?])
We go outside, it's sunny (Sunny, sunny)
우린 아침에 일어나면 데굴데굴 굴러들어와 돈이 ([?])
우린 아침에 일어나면 데굴데굴 굴러들어와 돈이 ([?])
I'll make 'em scary, -cary, -cary like a nightmare Freddy
아니면 그냥 마치 13일의 금요, 금요일
내 목걸이 so damn bloody (Bloody)
Look, it ain't dirty, 그래도 여전히 빛나지 too shining bitch, I feelin' like Stanley Cubrick (Yo, yo)

[Verse 2: Dbo, Keith Ape]
My friend YSL, 역시 여자는 두껍게 (두껍게)
말만하고 도망치는 도망치는 년들은, we ain't like that (Ayy, yah)
I don't even smell bad, you don't even know my finger so sticky (Okay)
휘청대는 건물 떨어지는 천둥, I'm on that slime shit (Ou!)
Don't bite that shit (Yeah, bitch!), 걘 진심을 진심으로 삼켜 (Don't bite that shit)
Don't bite that shit, 근데 그녀는 말해 입 아퍼
좀만 참어 곧 발포 그럼 진심으로 삼켜
난 너가 맘에 쏙 들어 왜냐 넌 안 하니 비싼 척
내 손목에는 귀한 거 명품이 내 몸에 흘러내려 다 비싼 것, bitch

[Chorus: Dbo, Keith Ape]
I don't fuck wit her no more but she on me (Sticky-sticky)
We go outside, it's sunny (Sunny, sunny)
우린 아침에 일어나면 데굴데굴 굴러들어와 돈이 (돈이, 돈이, 돈이)
우린 아침에 일어나면 데굴데굴 굴러들어와 돈이 (돈이, 돈이, 돈이)
I'll make 'em scary, -cary, -cary like a nightmare Freddy (Ching-ching-ching)
아니면 그냥 마치 13일의 금요, 금요일 (Nightmare Freddy)
내 목걸이 so damn bloody (Bloody)
Look, it ain't dirty, 그래도 여전히 빛나지 too shining bitch, I feelin' like Stanley Cubrick (Like Stanley Cubrick)

[Outro: Dbo]
우린 아침에 일어나면 데굴데굴 굴러들어와 돈이
우린 아침에 일어나면 데굴데굴 굴러들어와 돈이","","","","",""
"홍길동 (Hong Gil-Dong)","Dbo","7qhwOzOPNbrbpccPdFeJx9","[디보 ""홍길동"" ft. 그냥노창 가사]

[Pre-Chorus: Dbo]
부릉부릉 구름타고
날아다녀 손오공
여의봉 내 용기로
올라가지 초고속
I'm trendsetter 난 앞서갔네
걔넨 고인물에 고인돌
난 동에 번쩍 서에 번쩍
삐까번쩍 홍길동

[Verse 1: Dbo]
Ah, 모쪼록 잘 부탁해 나는 go
바보처럼 행동해 너넨 감옥
날 미워하는 놈들에게 난 돈
난 없으면 있는 대로 살오
들었어 니 얘기 구라라며
쪽팔려 어떻게 살어
있는 척 여긴 너무 많어
걔는 회사에서 가공된 상품
Hmm 완공된 공사장 난 대대자손
잘 먹을꺼야 내 작품 유품
Hmm 간장공장 공장장은 간공장장이고
디보 공장은 바루 디보 에크
누구 집 감이냐니 당연히 내 감이지
난 오성처럼 시도 손
널 올려준걸 잊어버린 순간
넌 내려가 시소
Attitude, all my soldiers I salute
Yessir, absolute
All my beasts out of zoo
All my beasts out of zoo
Don't be acting fool
Don't be acting fool
Culture, I'm a activist

[Pre-Chorus: Dbo, Nochang]
부릉부릉 구름타고 (Yeah)
날아다녀 손오공 (Skrr, skrr)
여의봉 내 용기로
올라가지 초고속
I'm trendsetter 난 앞서갔네
걔넨 고인물에 고인돌
난 동에 번쩍 서에 번쩍
삐까번쩍 홍길동

[Chorus: Dbo, Nochang]
(King) Hong Gil-Dong
(King) Hong Gil-Dong
(King) Hong Gil-Dong
(King) Hong Gil-Dong
(King) Hong Gil-Dong
(King) Hong Gil-Dong
(King) Hong Gil-Dong
(King) Hong Gil-Dong
(King)

[Verse 2: Nochang]
우리 머리속엔 유에프오
항상 둥둥 떠있어 부레옥잠
심장안엔 음악을 향한 순애보
맑은피와 썩은피를 잘 구분해요
한순간과 척을 지지
똑같은거 하려면은 굳이 밤을 왜 새, 취침 실시
아버질 아버지라 부르지 못하면 아비부라 부르면 되지
똑똑해, 난 참 비상해
모두와 다르단 기분에 아늑해
겉돌아 멋지단 기분에 갸륵해
오년전 날 살린 디보는 사랑만 가득해
그때부터 함께 탄 UFO, hey

[Pre-Chorus: Dbo]
부릉부릉 구름타고
날아다녀 손오공
여의봉 내 용기로
올라가지 초고속
I'm trendsetter 난 앞서갔네
걔넨 고인물에 고인돌
난 동에 번쩍 서에 번쩍
삐까번쩍 홍길동

[Chorus: Dbo, Nochang]
(King) Hong Gil-Dong
(King) Hong Gil-Dong
(King) Hong Gil-Dong
(King) Hong Gil-Dong
(King) Hong Gil-Dong
(King) Hong Gil-Dong
(King) Hong Gil-Dong
(King) Hong Gil-Dong
(King)","","","","",""
"반짝반짝","Dbo","34vMBrV1PDxkJkGsgF9rwp","만약 그가 죽었다면
그는 아마 저 하늘 위에서
반짝 반짝 반짝 반짝 반짝 빛나
반짝 반짝 반짝 반짝 반짝 빛나
반짝 반짝 반짝 반짝 반짝 빛나
반짝 반짝 반짝 반짝 반짝 빛나
별이 되서 반짝 반짝 빛나
다이아몬드 보다 더 빛나
바람 보다 높이 날아
말해 누가 널 사랑해
누가 널 사랑해 누가
Saying when this rain is over
Under the rainbow
Understand me now
Wu ya
만약 그가 죽었다면
그는 아마 저 하늘 위에서
반짝 반짝 반짝 반짝 반짝 빛나
반짝 반짝 반짝 반짝 반짝 빛나
반짝 반짝 반짝 반짝 반짝 빛나
반짝 반짝 반짝 반짝 반짝 빛나
바짝 벌고 떠나 ya
반찬거린 너무 약한 놈들
반쯤 감긴 눈을 볼 때
니 몰골을 볼래 yeah
반창고를 내가 붙여줄게 hey
숨을 참고 내가 들어갈게 wave
너무 예쁜 그녀와 함께
좋은 기억을 남길래
별이 빛나는 밤에
폭죽이 터지는 날에
불빛을 뒤로 한 채
우린 그 사이에
간직하겠지 서로의 눈
잠시만 이대로
잠시만 이대로
참지 마 이제는","","","","",""
"RIP","Dbobby","6a5l1Tymkwgo3HweALeW9M","[Intro]
Grrah, grrah, grrah, grrah, boom (24 is the G.O.A.T.)
Lee Drilly
94Gz, no Gz like these, you heard?
Jack Bs, jack bigger Bs, drop my shit, we gon' let it squeeze
Grrah, who want smoke with Lee? Grrah, grrah, grrah, boom
Who want smoke with Lee? Who want smoke with—
Grrah, grrah, grrah
Look, listen

[Verse]
Who want smoke with me? Because I'm known to let it blast
94Gz, no Gz like these, put JB on your ass
Last nigga tried it, he was runnin' kinda fast
But me and bro the fastest chase down gang, it's still free Spazz
Puttin' pain, shit is simple, only puttin' it what I done been through
Wipe his nose, hit his tissue, [?], they gon' get with you
I'm a demon, I got issues, keep my gun, I fell in love with pistols
Got a .30, it's official, you could tell by the way this shit hit you
Lee Drilly, that's a demon, he a different type of savage
When there's beef, we creep with heat, then stretch 'em like some plastic
They left him with a kid and now that lil' bitch a bastard
Do a hit then passed it off, they searched me, I ain't have it
One, two, three, four, Nazzy brains was on the floor
Five, six, seven, eight, U.E. got hit in his face
Nine, ten, eleven, better up that first, can't go like Jake
Spin through 187, trey-57, let the weapon spray
What the fuck is that?
Like, boom, boom, boom, boom, boom, that's me dumpin' back
Like, oh, oh-oh, oh, oh, oh, that's them runnin' back
Me and E-Wuu blitz the front, do drill, and JB blitz the back

[Outro]
(Grrah, grrah, grrah, grrah, boom)","124.0","0.861","0.771","-7.818","0.426"
"ROCKSTAR LIFESTYLE","Dbo","5NZfZJsyYEhdhEeeoMfpra","마지막으로 내가 기억나는 건 내 돈
마지막으로 내가 기억나는 건 내 돈
마지막으로 내가 기억나는 건 내 돈
마지막으로 내가 기억나는 건 내 돈
Last time I do that shit
She told me she love me
Last time I do that shit
She told me she love me
Rockstar lifestyle might not make it
Rockstar lifestyle might not make it

She just wanna ride along
힘들 때면 dial ma phone
I can do it all night long
Money sheesh sheesh 돈
Money sheesh sheesh 돈
조용 shh shh 입 닥쳐
열심히 *발 살어

마지막으로 내가 기억나는 건 내 돈
마지막으로 내가 기억나는 건 내 돈
마지막으로 내가 기억나는 건 내 돈
마지막으로 내가 기억나는 건 내 돈
Last time I do that shit
She told me she love me
Last time I do that shit
She told me she love me
Rockstar lifestyle might not make it
Rockstar lifestyle might not make it

Digital, Visual
I cannot work in no cubicle
뒤지게 놀자고
내일 없는거 처럼 살자고
UFO, UFO
They looking at me like a UFO
눈을 떠, 눈을 떠
They check out my drip and my uniform
너가 없는거 nice
내 이빨에 ice
얘내들은 몰라
This my Digital life
Welcome to Digital life
XYBER 세계로와
사이비 종굔 아냐
내게로 내게로 와

마지막으로 내가 기억나는 건 내 돈
마지막으로 내가 기억나는 건 내 돈
마지막으로 내가 기억나는 건 내 돈
마지막으로 내가 기억나는 건 내 돈
Last time I do that shit
She told me she love me
Last time I do that shit
She told me she love me
Rockstar lifestyle might not make it
Rockstar lifestyle might not make it","150.017","0.541","0.632","-10.687","0.147"
"HERE","Dbo","24HBvf1Zqoi4bqaQbltytq","어떻게 어느새 여기까지 yeah yeah
Lots of stacks lots of steaks rockstar yeah yea
Here here yeah I start it from not here here
We came a long way now we here here
Look around baby we here here we here
Here here we here
Here here we herе
Here herе we here
Here here we here

First thing first you gotta check ma schedule school girl
내게 사길 칠려 한다면 난 다 죽여
이 여잔 악마처럼 너무 나빠
근데 여긴 천국
자꾸 비싸게 굴지마 난 전부 다 보여
잘해 줄때 잘해 새꺄 모르겠냐 uh
쌓이는 돈 쌓인 리스펙
삶이 달라 woah woah
Scientifically now you do that math
Don't mass up bro woah
원하면 얼마든지 줄수있어 I'm on that yacht
Woah
친구들과 woah
어디로가 woah
Whoo woah
여긴 나쁜 여자들이 헤엄치고 있어 난 바다
망망대해 같은 삶 인누와아
Yeah I wish you're here
Dbo

어떻게 어느새 여기까지 yeah yeah
Lots of stacks lots of steaks rockstar yeah yea
Here here yeah I start it from not here here
We came a long way now we here here
Look around baby we here here we here
Here here we here
Here here we here
Here here we here
Here here we here

Ah yeah we here
I’m stacking up guap all year
XYBER GANG we the wave in Korea
I done came a long way my career
Long hair, don’t care
I’m mixing Cartier and Moncler
Dbo throwing ones in the air
I make this choppa sing Aaliyah
Smoking on too strong
Lil bitch I’m hot like Tucson
서울 대전 대구 부산
I make it rain 가져와 우산
매주마다 하는 공연은 shutdown
Rollie all the bussdown
Bitch we up now
Can’t fumble the bag it’s a touchdown
Shawty be pouring champagne in my cup now
And it’s stuck now!
XYBER GANG pull up with chxpstix
W Magazine 장식
에너지 필요해 더줄게 Hot 6
이건 새로운 방식
돈 뿌려서 바꿔나 날씨
선글라스 껴야대 잠시
왜냐면 너무나 밝아 내 앞길 now I’m here

어떻게 어느새 여기까지 yeah yeah
Lots of stacks lots of steaks rockstar yeah yea
Here here yeah I start it from not here here
We came a long way now we here here
Look around baby we here here we here
Here here we here
Here here we here
Here here we here
Here here we here

We here 비실거리던 놈 이제 보내줘 어제로
난 finally 돈이나 막 써버리는 부자가 됐으니 hello
꿈 깨 이제는 더 마실래
여전히 난 소주를 마신데
아미리는 더 원해
비리비리한 몸 치워 아재
난 stackin해 stackin해 stackin해 stackin
요즘 난 미쳐 뛰어다녀 무대위
더 sagging해 sagging해 sagging해 sagging
이걸 못느끼면 너넨 이어폰을 빼지
Bitch i go hard
여전히 어린나이
너넨 못느껴 차이
아마 너도 마찬가지
Yeah yeah we go up
For bitch 놀땐 더러워
막 벌어야 힘이 생기지
난 죽을때까지 건방 떨어
Yeah yeah yeah yeah we

어떻게 어느새 여기까지 yeah yeah
Lots of stacks lots of steaks rockstar yeah yea
Here here yeah I start it from not here here
We came a long way now we here here
Look around baby we here here we here
Here here we here
Here here we here
Here here we here
Here here we here

안보였어 내 길
그래서 팠어 외길
지금은 높아 now we here
신은것만 같아 하이힐
나간것만같아 티비
내 지갑 feelin like 키위
우린 필요했어 힘이
오늘 목표는 어제의 나 이기기
엄마 목에 걸어 오백
King louie i never go back
내 삶은 아직도 hell
넌 꿀빨고 결국 패
I'm rich mother fucker
이쁜여자 옷 벗겨
나 만남 안해도 돼 돈걱정
We dont give no fuck
넌 기본기가 fuck
난 아이스 위 김동성
내 옷 LV
내 바지 amiri
내 신발 mcqueen
어느새 우린 여기 we

어떻게 어느새 여기까지 yeah yeah
Lots of stacks lots of steaks rockstar yeah yeah
Here here yeah I start it from not here here
We came a long way now we here here
Look around baby we here here we here
Here here we here
Here here we here
Here here we here
Here here we here","108.071","0.801","0.594","-4.14","0.594"
"Real Purpose","Dbo","1h1TNivkHdNZ3fjUVRX4WJ","[Intro: Prince Jay and (Dope)]
Chase your dreams (Dope!)
Never ever let it go (We still moving weight across RAP street)
Make it count (Yeah that's right)
Never ever let it slip (Issa Dope World)
Chase your dreams
Never ever let it go oh oh oh


[Hook: Dope]
Your target, your reach, the reason you sing on that pitch
The reason for which something is done, the reason for which you play along when life hurts you bad, when family calls you mad, but your faith is ironclad, that must be purpose, friend be glad
Your target, your aim, the reason you take the blame
The reason you listen to NF to Cole to Kendrick to Drake to 'Crae
The reason you listen to Pac to BIG to Snoop and freestyles on Sway
You listen to stay ahead of the game I see purpose, YAY!


[Verse 1: Prince Jay]
Yeah why do you wanna be famous
Why do you wanna be rich
Why do you wanna love
Take the whole world in a flip of a coin
Y'all Niggas be steady be ready
Y'all Niggas be running wild
Y'all Niggas be aiming high
Picturing the world like a piece of cake
Yeah eeee
Here alone in my own mind
A prisoner of my own dreams
Looking at the world all I see is dreams
Whoa whoa whoa whoa
Yeah I know, I know what it feels like
To be aiming at the things that you never had
Yeah I know, I know what it feels like
To be aiming at the things that you never got
Chase your dreams NEVER ever let it go
Make it count never ever let it slip
Chase your dreams NEVER ever let it go oh oh


[Hook: Dope]
Your target, your reach, the reason you sing on that pitch
The reason for which something is done, the reason for which you play along when life hurts you bad, when family calls you mad, but your faith is ironclad, that must be purpose, friend be glad
Your target, your aim, the reason you take the blame
The reason you listen to NF to Cole to Kendrick to Drake to 'Crae
The reason you listen to Pac to BIG to Snoop and freestyles on Sway
You listen to stay ahead of the game I see purpose, YAY!


[Verse 2: Prince Jay]
What you gon' do when there's nobody there to pick you up
What you gon' do my nigga
Trying so hard to reach out but nobody's there to pick you up
What you gon' do oh oh oh
This life will never ever give you all that you deserve
All you gotta do is take the risk and breakaway
This life will never ever give you all that you need
All you gotta do is take a chance and breakaway
Hey Fame,  what you doing out there
I need you now
I want you now
Fast cars, money, girls all I want
Nobody's ever gonna stop my peak
I'mma stay up right
Just to watch you closely
Hold you tightly
Hold you tightly
Chase your dreams NEVER ever let it go
Make it count never ever let it slip
Chase your dreams NEVER ever let it go oh oh


[Hook: Dope]
Your target, your reach, the reason you sing on that pitch
The reason for which something is done, the reason for which you play along when life hurts you bad, when family calls you mad, but your faith is ironclad, that must be purpose, friend be glad
Your target, your aim, the reason you take the blame
The reason you listen to NF to Cole to Kendrick to Drake to 'Crae
The reason you listen to Pac to BIG to Snoop and freestyles on Sway
You listen to stay ahead of the game I see purpose, YAY!

(APV)

[Outro: Dope]
Chase your motherfucking dreams mehn","","","","",""
"Space","Dbo","4EyBhLhjXPupgaLy7MCDE2","[Hook]
우주 yeah 우주 yeah
여긴 바로 무중력
차원이 다른 수준 난 우주
차원이 다른 수준 난 우주
차원이 다른 수준 난 우주

[Verse 1]
우 나를 크게 틀어줘
예 내가 탄건 우주선
아니면 아닌거지만
내가 초대할게 누구던
니넨 다 외계인 난 검은 자객
칼이 빛나지 기억을 삭제
내 밑에 블랙홀 난 들어갈래
꽉 닫힌 다리 열려라 참깨
순간을 잡아 난 사진
I'll be right here mommy
이건 마치 연락이
끝나지 않은 여자 같지
내 옆에 있겠지
나를 바라보는 것만으로도
너무나 다르겠지

[Hook]
우주 yeah 우주 yeah
여긴 바로 무중력
차원이 다른 수준 난 우주
차원이 다른 수준 난 우주
차원이 다른 수준 난 우주

[Verse 2]
우주까지 올라가서 별자리
Fuck you 보내줄게 편안히
다 꺼져버려 병신같은 성격
내 목을 조여서 나도 쏟아냈어
Too many guys are talking and
Too many bitches are talking man
Jane drop that ass
Stick ma finger to your space well than
나는 즐기지 시간을 죽이지
It's good time
야 내가 시작하면 끝장
이렇게 살아왔어 습관
제발 좀 제발 좀 내게 진짜를 줘
그럼 신나서 난 영화를 찍겠지
열심히 일하고 연기를 뿜는 대신

[Hook]
우주 yeah 우주 yeah
여긴 바로 무중력
차원이 다른 수준 난 우주
차원이 다른 수준 난 우주
차원이 다른 수준 난 우주","76.945","0.912","0.475","-5.561","0.198"
"CHXPSTIX","Dbo","06OQBOkrs3ogINCR7GSx0n","They love you than they hate you
Than they love you again
난 사랑에 빠진 것처럼 행동해
좋다 하고 싫다 하고 좋다 하네
뭐라 해도 걍 너 해 다 까라 해
Turn you to a noodle with the chxpstix
Turn you to a noodle with the chxpstix
Turn you to a noodle with the chxpstix
Turn you to a noodle with the chxpstix

She like fish dikks sht sht
Boy what you thinking huh sht
She like to suk it sht sht
On ma K pop sht sht sht
I make the K pop hit sht sht
밤에 움직여 박쥐 sht sht
바로 거기다 박쥐 huh huh
니 눈에 착시 sht sht

너네 모두 다 봤지
얼어 붙은 내 반지
너네 모두 다 봤지
얼어 붙은 내 반지

They love you than they hate you
Than they love you again
난 사랑에 빠진 것처럼 행동해
좋다 하고 싫다 하고 좋다 하네
뭐라 해도 걍 너 해 다 까라 해
Turn you to a noodle with the chxpstix
Turn you to a noodle with the chxpstix
Turn you to a noodle with the chxpstix
Turn you to a noodle with the chxpstix

Finger on the trigger 손가락은 젓가락에
Aiming at your noodles turn your brain into spaghetti
Pull up with the chopsticks make em chop you likе karate
I make this choppa, choppa, choppa sing like it’s bеyonce
보석을 박아 내 강냉이다
신사임당을 니 엉덩이다
니 여친 가다가 경로이탈
XYBER 세상 모든게 디지털
아무리 막아도 난 빛이나
얘내들에게 난 장래희망
Put you on a shirt 너의 장례식장
Put you on a shirt 너의 장례식장
Came up eating top ramen noodles with the chxpstix
Going crazy going viral I’m the trending topic
주머니에 무기 keep a rocket in my pocket
Hate you then they love you, if you hatin we going pop shit!

They love you than they hate you
Than they love you again
난 사랑에 빠진 것처럼 행동해
좋다 하고 싫다 하고 좋다 하네
뭐라 해도 걍 너 해 다 까라 해
Turn you to a noodle with the chxpstix
Turn you to a noodle with the chxpstix
Turn you to a noodle with the chxpstix
Turn you to a noodle with the chxpstix

I keep fucking with her though she’s toxic
It’s cause she’s dripping like my diamonds it’s a faucet
Came to Korea hit up Dbo made a mosh pit
Was broke and eating noodles with the chopsticks
Now I keep running up bag after bag I get her a Berkin for certain I know that she need it
Jump on a flight when I land we meet at the Telly I hit from the back now she sleeping
Hop in a whip and we push it to start put a foreign in foreign I don’t need a key bitch
Dropping the top and she showing her cleavage
You dropped your song and it’s not even decent
No cap in my rap 모자 없어
Step in Rick and Raf diamonds perfect cut
She love you then hate you we lovers again
Im with the fam I don’t even have friends
Made my own wave I don’t need any trends
Kill every verse he just did it again

They love you than they hate you
Than they love you again
난 사랑에 빠진 것처럼 행동해
좋다 하고 싫다 하고 좋다 하네
뭐라 해도 걍 너 해 다 까라 해
Turn you to a noodle with the chxpstix
Turn you to a noodle with the chxpstix
Turn you to a noodle with the chxpstix
Turn you to a noodle with the chxpstix","","","","",""
"HERE","Dbo","3xVZnJEoS5DD5tjgVppkRC","어떻게 어느새 여기까지 yeah yeah
Lots of stacks lots of steaks rockstar yeah yea
Here here yeah I start it from not here here
We came a long way now we here here
Look around baby we here here we here
Here here we here
Here here we herе
Here herе we here
Here here we here

First thing first you gotta check ma schedule school girl
내게 사길 칠려 한다면 난 다 죽여
이 여잔 악마처럼 너무 나빠
근데 여긴 천국
자꾸 비싸게 굴지마 난 전부 다 보여
잘해 줄때 잘해 새꺄 모르겠냐 uh
쌓이는 돈 쌓인 리스펙
삶이 달라 woah woah
Scientifically now you do that math
Don't mass up bro woah
원하면 얼마든지 줄수있어 I'm on that yacht
Woah
친구들과 woah
어디로가 woah
Whoo woah
여긴 나쁜 여자들이 헤엄치고 있어 난 바다
망망대해 같은 삶 인누와아
Yeah I wish you're here
Dbo

어떻게 어느새 여기까지 yeah yeah
Lots of stacks lots of steaks rockstar yeah yea
Here here yeah I start it from not here here
We came a long way now we here here
Look around baby we here here we here
Here here we here
Here here we here
Here here we here
Here here we here

Ah yeah we here
I’m stacking up guap all year
XYBER GANG we the wave in Korea
I done came a long way my career
Long hair, don’t care
I’m mixing Cartier and Moncler
Dbo throwing ones in the air
I make this choppa sing Aaliyah
Smoking on too strong
Lil bitch I’m hot like Tucson
서울 대전 대구 부산
I make it rain 가져와 우산
매주마다 하는 공연은 shutdown
Rollie all the bussdown
Bitch we up now
Can’t fumble the bag it’s a touchdown
Shawty be pouring champagne in my cup now
And it’s stuck now!
XYBER GANG pull up with chxpstix
W Magazine 장식
에너지 필요해 더줄게 Hot 6
이건 새로운 방식
돈 뿌려서 바꿔나 날씨
선글라스 껴야대 잠시
왜냐면 너무나 밝아 내 앞길 now I’m here

어떻게 어느새 여기까지 yeah yeah
Lots of stacks lots of steaks rockstar yeah yea
Here here yeah I start it from not here here
We came a long way now we here here
Look around baby we here here we here
Here here we here
Here here we here
Here here we here
Here here we here

We here 비실거리던 놈 이제 보내줘 어제로
난 finally 돈이나 막 써버리는 부자가 됐으니 hello
꿈 깨 이제는 더 마실래
여전히 난 소주를 마신데
아미리는 더 원해
비리비리한 몸 치워 아재
난 stackin해 stackin해 stackin해 stackin
요즘 난 미쳐 뛰어다녀 무대위
더 sagging해 sagging해 sagging해 sagging
이걸 못느끼면 너넨 이어폰을 빼지
Bitch i go hard
여전히 어린나이
너넨 못느껴 차이
아마 너도 마찬가지
Yeah yeah we go up
For bitch 놀땐 더러워
막 벌어야 힘이 생기지
난 죽을때까지 건방 떨어
Yeah yeah yeah yeah we

어떻게 어느새 여기까지 yeah yeah
Lots of stacks lots of steaks rockstar yeah yea
Here here yeah I start it from not here here
We came a long way now we here here
Look around baby we here here we here
Here here we here
Here here we here
Here here we here
Here here we here

안보였어 내 길
그래서 팠어 외길
지금은 높아 now we here
신은것만 같아 하이힐
나간것만같아 티비
내 지갑 feelin like 키위
우린 필요했어 힘이
오늘 목표는 어제의 나 이기기
엄마 목에 걸어 오백
King louie i never go back
내 삶은 아직도 hell
넌 꿀빨고 결국 패
I'm rich mother fucker
이쁜여자 옷 벗겨
나 만남 안해도 돼 돈걱정
We dont give no fuck
넌 기본기가 fuck
난 아이스 위 김동성
내 옷 LV
내 바지 amiri
내 신발 mcqueen
어느새 우린 여기 we

어떻게 어느새 여기까지 yeah yeah
Lots of stacks lots of steaks rockstar yeah yeah
Here here yeah I start it from not here here
We came a long way now we here here
Look around baby we here here we here
Here here we here
Here here we here
Here here we here
Here here we here","108.071","0.801","0.594","-4.14","0.594"
"세상에 (New World) (Feat. B-Free, Jeremy Quest)","Dbo","41A0H5MzVVt4DO8k9Q6Ii2","구름을 타고 나갈게
그래 하려다 말았대
그래 난 했어 나약해

살아남았어 감사해
난 바다보다 산만해
난 위로 올라 가야해

올라가야 호흡곤란
오다가다 오락가락
북극성 눈 쳐다봐 입 뻥끗
잘못하면 방아쇠 산타처럼 빨간색
이해 이해 이해 시계위에 비행
원숭이 엉덩이는 빨개
손오공사오정저팔계 심장을 따라가
내가어딨냐고 니 여자 입
양보할게 양보다 질
엄마 찾아 어린 양이
필요한건 마음의 양식
수준 높은 니 가사가 식
차원이 다른 난 신
나있어 살 꺼야
I'ma buy that shit dash

구름을 타고 나갈게
그래 하려다 말았대
그래 난 했어 나약해
살아남았어 감사해
난 바다보다 산만해
난 위로 올라 가야해

파도를 타지 사막에
미안해 먼저 난 갈께
Ain’t no way that you can stop me
Hit it, then pass it like stockton
Out in Shanghai, what's happenin'
필요해 녹색 와사비
양탄자 타고 난 날어
Feel like Aladdin 모든 문 열려라 참께

눈을 또 깜빡하니까 바닥이 말라
하다가 말다가 다시 또 말아
숨을 또 참지 바다 싱싱해 팔딱팔딱
깨끗한 눈 이와 너무나 차가워
주변에 눈빛이 너무나 차가워
주변에 모두다 상어
하지만 걱정 마 난 한손에 잡어
언제나 반가운 소식
일어나 먹어 또 조식
Blowing on killah like John Wick
신선한 salad fresh cook salman
안 먹어 절대로 싼 shit
안 통해 그들의 상식 안 통해 그들의 방식
I don’t know, shit, don't call me
몰라 난 몰라 no comment

하루 종일 태워 비워버린 휴지통
Blow on my 휴지두
먹은 것들은 도로 뱉어
But I'm wasted as fuck
텅 빈 머리통
선을 긋고 돌아와서 in my zone
모르는 번호는 ringing the phone
Hang up the call, then tell him I'm gone
Rest in peace too cbs in my lungs

왜 넌 바보 멍청이
Why you tryin' to fuckin' preach

Ding dong ditch, fuck the snitch
Life's a bitch, yeah I know
어디든 man I'm gone
Catch me if you can
Gotta go, gotta go now, I gotta leave
디보형 구름타고 let me free

수상스키 너 수상해
유통기간 지나 상해
입힐 수 있어
하늘위로 비상해
개념이 없어 진상해
그녀의 기분 이상해
한 글자 한자 상상해
어머나 어머나 세상에

구름을 타고 나갈게
그래 하려다 말았대
그래 난 했어 나약해
살아남았어 감사해
난 바다보다 산만해
난 위로 올라 가야해

Let it hit 우산을 준비해
머리 위에서 비가 내리니
김치 붉은색 피를 부어
Green cabbage
I hop on it, she ask my girl out bitch
Take it easy, take care","","","","",""
"If You","Dbo","3EGeQgiJqUazpZlEka94EP","이제 혼자서 난 익숙해
I'll be get over it it's Okay
이런 고문은 다 비슷해
빗방울이 떨어져 비 오네
I been thinking about u tonight
넌 이런 내 맘을 몰라
너와 거리를 걷던
난 천천히 사라질 게
If you really love me
You be right here wit me
If you really love me
You be right here wit me

If you
If you
If you
If you
떨어 떨어 떨어져
떨어 떨어 떨어져
떨어 떨어 떨어져
떨어 떨어 떨어져

Mmm 빗방울이 떨어져
Woo 눈물이 떨어져

난 계속 떨어질 수만은 없어
악몽처럼 계속 찾아오는 것도
난 계속 싸울 수만은 없어
내가 사라져야 너에게 해 비춰
Fade away I fade away
넌 내게 미안해
난 너를 밀어내
우리의 사고가 나지 않았다면
우리가 닮아 가지도 않았을 텐데

이제 혼자서 난 익숙해
I'll be get over it it's Okay
이런 고문은 다 비슷해
빗방울이 떨어져 비 오네
I been thinking about u tonight
넌 이런 내 맘을 몰라
너와 거리를 걷던
난 천천히 사라질 게
If you really love me
You be right here wit me
If you really love me
You be right here wit me","93.856","0.416","0.502","-7.162999999999999","0.115"
"ROCKSTAR LIFESTYLE","Dbo","06Rs0WU2Csg9LSiDA7DBli","마지막으로 내가 기억나는 건 내 돈
마지막으로 내가 기억나는 건 내 돈
마지막으로 내가 기억나는 건 내 돈
마지막으로 내가 기억나는 건 내 돈
Last time I do that shit
She told me she love me
Last time I do that shit
She told me she love me
Rockstar lifestyle might not make it
Rockstar lifestyle might not make it

She just wanna ride along
힘들 때면 dial ma phone
I can do it all night long
Money sheesh sheesh 돈
Money sheesh sheesh 돈
조용 shh shh 입 닥쳐
열심히 *발 살어

마지막으로 내가 기억나는 건 내 돈
마지막으로 내가 기억나는 건 내 돈
마지막으로 내가 기억나는 건 내 돈
마지막으로 내가 기억나는 건 내 돈
Last time I do that shit
She told me she love me
Last time I do that shit
She told me she love me
Rockstar lifestyle might not make it
Rockstar lifestyle might not make it

Digital, Visual
I cannot work in no cubicle
뒤지게 놀자고
내일 없는거 처럼 살자고
UFO, UFO
They looking at me like a UFO
눈을 떠, 눈을 떠
They check out my drip and my uniform
너가 없는거 nice
내 이빨에 ice
얘내들은 몰라
This my Digital life
Welcome to Digital life
XYBER 세계로와
사이비 종굔 아냐
내게로 내게로 와

마지막으로 내가 기억나는 건 내 돈
마지막으로 내가 기억나는 건 내 돈
마지막으로 내가 기억나는 건 내 돈
마지막으로 내가 기억나는 건 내 돈
Last time I do that shit
She told me she love me
Last time I do that shit
She told me she love me
Rockstar lifestyle might not make it
Rockstar lifestyle might not make it","150.017","0.541","0.632","-10.687","0.147"
"분홍 나비 (Ft. 원슈타인)","Dbo","0uVKWY02DriPjFsu44jAz0","She ma butterfly butterfly
It's getting kinda late
Uh
난 찾아봐 찾아봐 니가 길을 잃지 않게 um hm
내게 거짓말은 마 말은 마
내 영혼을 맡길께 yeah
Ha ha 나비야 나비야 내게 날아 와줄래 yeah
She ma pink butterfly butterfly
벚꽃이 또 폈네 활짝

이 달빛에 눈 맞아 아무 걱정 하지마
나도 몰라 계속 올라 가다 보니
떨어지는 것 같아
나도 모르겠어 아무래도 난 깊게 빠진 것 같아
내 은하수 그 위에 날개짓 이 지구를 봐

Feel so great
Luv your face
넌 내게
큰 생각이야
내 배 속에
뭔가가 가득해
날아가 우주
Woo
Fly around me yeah yeah
지구와 달처럼 yeahh
넌 나의 분홍나비
넌 나의 분홍나비야

이 지구를 봐 이 지구 안에 너
그 안에 나 그리고 떠나
우리가 함께 있다는 말이
있다는 것을 알
거짓말이 아니란걸
날 안아줘 안아줘 이리와서 안아줄래 yeah
분홍색 분홍색 내가 널 꼭 안아줄께 꽉 uh

난 미워할 시간은 없고
너에게 쓸 시간은 있어
근데 난 그 시간을 몰라
끔찍하게 싫어 난 니가 떠날때

너의 잔상이 남아서 물결처럼 일렁이네 yeah
난 언제나 이 자리에 있을때니
넌 자유롭게 내 주위에서 날아

Feel so great
Luv your face
넌 내게
큰 생각이야
내 배 속에
뭔가가 가득해
날아가 우주
Woo
Fly around me yeah yeah
지구와 달처럼 yeahh
넌 나의 분홍나비
넌 나의 분홍나비야

Ma pink butterfly butterfly love to see that
When you fly high
난 찾아봐 찾아봐 니가 길을 잃지 않게 um hm
내게 거짓말은 마 말은 마
내 영혼을 맡길게 yeah
Ha ha 나비야 나비야 내게 날아 와줄래 yeah
She ma pink butterfly butterfly
벚꽃이 또 폈네","","","","",""
"Real Die Fake Live","Dbo","3oBIEbMegAng0Tbwaz0OYh","[Verse 1: Trippie Redd]
Yeah, chop the cheese up like a deli (Yeah)
We got choppers, we got shellies
Man, I'm high as fuck like Zelly, woah (Loesoe goin' crazy)

[Verse 2: Zelly Ocho]
Yeah, we got money, but we look sketchy (Yo)
Let's go, yeah, let's get ready
I had money before you met me (Yeah, yeah)

[Verse 3: Trippie Redd]
Yeah, pockets swole, they fuckin' hefty
Told her, ""Lick my left teste""
Diamonds colored like confetti (Yeah)

[Verse 4: Zelly Ocho]
Vlad, what Trippie say? No fetti
Turned money into my bestie
Head had turned, thought I was deadly

[Verse 5: Trippie Redd]
Yeah, she think I'm God, she said, ""Come bless me""
I'm the shit, I know I'm zesty
Big dog, you can't pet me (Arf)

[Verse 6: Zelly Ocho]
Hey, they puttin' bullets where your flesh be
I get high, I got jet wings
I go up, I take the whole team

[Verse 7: Trippie Redd]
Holdin' shit down like a goalie
I been stackin' with my twin, niggas hatin', Mr. Moseby
Kept the chopper by my side, man, you niggas couldn't hoe me
Got a hundred and one problems, but, lil' nigga, I ain't Zoey (Yeah)
Yeah, walkin' through my hood, all the OGs know me (Grrah)
Got a mansion in the hills, man, tell them crackers, ""Blow me""

[Verse 8: Zelly Ocho]
Bought a mansion in the hills, I used to sit up in the nosebleeds (Hey)
Kill his best friend, now he lonely (Hahaha)
Real niggas die, fake live, that's how the code be (Yeah)
You know I'm just blowin' through a bag with my brodie

[Verse 9: Trippie Redd]
You know I'm just chillin' in my fuckin' bag, I'm gettin' cozy (Yeah)
Blueberry Faygo with some Act', but I ain't Mosey
Chillin' with your bitch, playin' Ring Around The Rosie (Yeah)
Yeah, I'm only twenty-two, but I ain't leavin' without my .40 (Blah)
I'm a dark nigga how Edgar Allen Poe be
When I be feelin' blue like Obi-Wan Kenobi
And I'm stackin' green like motherfuckin' Yoda
You niggas rep the gang, lil' nigga, better throw it up
Throw the bitch away, she a lame and she chose up
In the trenches, watchin' anime with a damn double cup

[Verse 10: Zelly Ocho]
Got these niggas mad as fuck 'cause she chose us (Hey, yeah, they mad)
I got money on my line, still hang my phone up
How the fuck I'm gettin' to this green? I didn't have no luck
We gon' have to blow his mind, I think he know stuff
Yeah, I used to have that bitch, but she chose drugs
I let her sip my soda (Yeah)
Sometimes I feel like she don't want love
You know it's fuck the opps, I treat 'em like they no one","","","","",""
"FALLIN (Feat. 용용)","D.Ark","6dRs7IYrqh5FTHJurw1sP9","[디아크 ""FALLIN"" ft. 용용 가사]

[Intro]
(Down, down, down)
(Down, down, fallin')
(Fallin’ down, down, down)
(Down, fallin')

[Verse 1: D.Ark]
어디야?
네 생각나는 밤이야
너 없이 하는 party야
이 노래로 끝낼 게 마지막 기회
더는 못할래 사랑은 똑같애
난 너를 좋아해 그게 더 좃같애
그냥 지나가지도
더는 잠을 자지도 못하겠어
Seugafen on my mind
너를 찾지 또

[Chorus: D.Ark]
난 슬픈 게 아냐
그저 화나
잡지 않아
맘이 아파
내 맘은 always fallin' (Fallin’), fallin' (Fallin')
낙엽처럼 I'm fallin' (Fallin'), fallin'
I don't wanna fallin’ down (Down)
I don’t wanna fallin' down (Down)
I don’t wanna fallin' down (Down)
Because I'm fallin' now, yeah

[Verse 2: YongYong]
어디야? 너의 집 앞 다 왔어 (왔어)
나랑 얘기 좀 해 알았어 (았어)
이 반복 수천 번 했어 (Yeah, yeah, yeah, yeah)
달라지는 건 없어
네가 담배를 열 까치 태울 때
내 속이 타들어갔어
Whisky로 목을 태울 땐
내 목소린 애가 탔어
돌이킬 수 있을 때가 많았잖아 (잖아)
감정은 메말라가 (라가)
I don’t fuckin' love you
심장에 칼을 꽂은 채로
침대 위에서 밀칠 때
그때 이미 난 모든 게 fallin' down

[Chorus: D.Ark]
난 슬픈 게 아냐
그저 화나
잡지 않아
맘이 아파
내 맘은 always fallin' (Fallin'), fallin' (Fallin')
낙엽처럼 I'm fallin' (Fallin'), fallin'
I don't wanna fallin' down (Down)
I don't wanna fallin' down (Down)
I don't wanna fallin' down (Down)
Because I'm fallin' now, yeah

[Outro: D.Ark]
난 슬픈 게 아냐
그저 화나
잡지 않아
맘이 아파
내 맘은 always fallin', fallin'
낙엽처럼 I'm fallin', fallin'","118.009","0.517","0.832","-8.355","0.595"
"Cold (Feat. SUPERBEE) (Prod. Way Ched)","D.Ark","187yTccJjpINpPGWH1qtDy","I love your face and the things that you do
Make me warm sometimes when I'm away
I guess you'd say that at the end of the day
You'll be the only person here that exists

You left my heart in some cold dark place
Where your love grows on a vine and I see it all the time
I didn't mean a word that I said
When I was lying to your face about being alone

I've gone away forever
I've gone away
I've gone away forever
I've gone away

I reach out to touch you baby
You're not there
You reach out to hold my hand
Please don't you dare

'Cause I've gone away forever
I've gone away
I've gone away forever
I've gone away

I reach out to hug you baby
You're not around
You reach out to kiss my face
Please not right now

What can I say that hasn't been said before
One hundred times before you took the dog
And I wish I knew how to breathe again
I fear I'm gonna die inside my skin

This has gotta be the last time that we fight
Or go at each other's throats
Will you go, as I want to mend?","150.039","0.962","0.457","-3.722","0.721"
"Do My Best (Feat. Jessi) (Prod. Way Ched)","D.Ark","7w115PrDV6KB1WrhQAtQsZ","[디아크 (Feat. 제시) ""Do My Best"" 가사]

[Verse 1: D.Ark]
벌써 나 떴, 떴나 봐
거, 거봐 나 이 이뤘나 봐
허나 건방 떨어 널 몰라봐
내가 아마 날 너무 잘 알아
내가 예언을 했잖아 이 위치에
내가 뛰어간다 했잖아 래퍼의 길
내가 증명을 한다고 보란 듯이
나를 무시했던 놈들에겐 랩이 미운 짓
고마워 Past (past)
Let's (let's) Dance (dance)
I try my best (best)
Let's (let's) Dance (dance)
나는 천재 아냐 Man
선택한 직업 때문에
난 노력파라 해
난 나를 책임져야 돼
모든 게 뜻대로 다 되는 건 현실이 아닌데
아마 하늘이 나의 간절함을 알아봐 준 게

[Chorus: D.Ark]
I do my best
난 이뤄 내가 원하는걸
I do my best
날 믿어 의심치 않은걸
I do my best my best
Like whoo
I do my best my best
Like whoo

움직여 Move
Show & Prove
움직여 Move
Show & Prove
I do my best my best
Like whoo
I do my best my best
내가 흘린 땀은 절대 배신하지 않아

[Verse 2: Jessi]
I'm feelin like a model on the runway
Everyday its feelin like sunday
내 걸음이 돈 벌어 All day
Just move it to the left like Beyonce
Do it like me? baby no way
허풍떨지 마 넌 못해
거품 없어 난 내 자체
난 빛나 선글라스 벗지 마
누나를 봐 돈처럼 멋 내
뒤는 안 봐 내 길은 One way
내 Style 알잖아
Boy you know that I don‘t play
I’m a different type of a beast
But It’s okay

[Chorus: D.Ark]
I do my best
난 이뤄 내가 원하는걸
I do my best
날 믿어 의심치 않은걸
I do my best my best
Like whoo
I do my best my best
Like whoo

움직여 Move
Show & Prove
움직여 Move
Show & Prove
I do my best my best
Like whoo
I do my best my best
내가 흘린 땀은 절대 배신하지 않아

[Bridge: D.Ark]
I do my best my best
Team 웨모 got a BACKPACK
We ride we ride we ride
I do my best
실수 성공 행복 슬픔 때론 생각하곤 해
I do my best my best
Feel so cold, I feel so cold
사람들은 차가워

[Chorus: D.Ark]
I do my best my best
Like whoo
움직여 Move
Show & Prove
움직여 Move
Show & Prove
I do my best my best
Like whoo
I do my best my best
내가 흘린 땀은 절대 배신하지 않아","126.994","0.783","0.59","-3.423","0.263"
"GENIUS (Feat. CHANGMO)","D.Ark","1NicxbS7NRiqclpy14WfCX","작업을 해 스튜디오에
갇힌 채로 돈 벌 궁리해
사랑은 개나 줘라 해
난 성공하기 전에 연애 안 해

Yeah, I'm a genius
논란은 마이너스
사람들의 관심을 끌기 위해 살아
Yeah, I'm a genius
Oh really Jesus
너 빼고 모두 다 인정하는 천재소년

I wanna be the genius
모두가 인정하는
누구나 천재이길 바라지
다 존경하는 사람이 되길 원해
누구보다 잘나가는
부자가 되길 바라며 일들이 잘 풀리는
남자가 동경하는 여자가 사랑하는
천재가 되길 바라며 세상을 소유하는
기분을 느끼고 싶어
관심을 끌어 나는
네 말처럼 떡잎은 애초부터 달라 나는

I don't know why 나 빼고 아마추어 같아
사람들 채널 안 돌리고 프로 같다면서
칭찬해 줘서 두꺼워 낯짝
검정고시도 붙었다 다다 다다

I'm a genius, I'm a genius
Oh, are you so freakin' serious
I'm a genius, I'm a genius
Oh yeah, I'm a freakin' genius

5살 때부터 나는 genius
배경 학력 필요 없어, 너와 다른 alien
삐뚤어지긴 했어 마치 Aldrich Killian
늘 들어 ‘어떡해 사람들이 너 노래가 질리면?'
난 그럴 일 없어, 그게 뭐야 그럼 아니지 genius
시기, 트렌드 같은 소린 이놈에겐 틀린 것
신께 빌린 요 재능 펼치는 게 의무인
이 바닥 놈은
게다 매분이 삶 다 걸린 듯이 일해 한 달 억을
벌어도 아무것도 아닌 듯이 달려
Workaholic, 우림이 스타 만들었지
네 관심사엔 무관심, 되, 돼도 관심 없지
겸손히 라면 먹고, 라면 대신 뿔려 wallet
PSY 랑 일 얘기해 앞가림도 하는 천재
나 같은 놈에게 넌 놓으려 해 철퇴
그럼 보란 듯이 잘 살아야지, 별수 없네
안 꿇어 무릎 바닥 많이 기어 본 애
타고난 천재 굶어봐서 독해

I don't know why 나 빼고 아마추어 같아
사람들 채널 안 돌리고 프로 같다면서
칭찬해 줘서 두꺼워 낯짝
검정고시도 붙었다 다다 다다

I'm a genius, I'm a genius
Oh, are you so freakin' serious
I'm a genius I'm a genius
Oh yeah, I'm a freakin' genius

놀라지 마 나 실은 노래도 불러
재주가 너무 많아서 (걱정돼)
따라 해봐 오 난 가사를 절었어
So proud to be your 밈 baby

G-E-N-I-U-S

I'm a genius, I'm a genius
Oh, are you so freakin' serious
I'm a genius, I'm a genius
Oh yeah, I'm a freakin' genius","158.657","0.615","0.603","-4.931","0.561"
"비밀 노래 (SECRET) (Feat. MELOH)","D.Ark","3QFY5qZB5qXkyjMvY1vP0Z","[디아크 ""비밀 노래"" ft. 멜로 가사]

[Chorus: D.Ark]
너의 생각에 잠이 안 와 맨날
Girl, I wanna tell you I need you right now
말해봤자 넌 이미 없잖아
우리 꿈속에서 다시 만나
난 그래 아직 사랑이 뭔지 몰라
제발 알아봐 줘 나의 마음만
너도 알길 바래
너도 알길 바래, ooh

[Verse 1: D.Ark]
난 사랑을 잘 몰라
나는 왜 너를 보면 맘이 숨겨지지 않을까, 왜?
너가 없음 나는 여전히 쓰레기였는데
난 하루 종일 너와 대화하고 싶은데 (Uh)
오늘 밤엔 네게 내 속맘을 고백하려 해
뻔한 사랑 노래가 아니길 부디 바랄게
난 나조차도 몰래
써버렸어 노랠
친구들은 놀래 (Oh no, no, no, no, no)
날 떠나지 마 (No, no, no, no, no, no)
날 떠나지 마
나는 원래 여자 맘을 몰랐단 말야

[Chorus: D.Ark]
너의 생각에 잠이 안 와 맨날
Girl, I wanna tell you I need you right now
말해봤자 넌 이미 없잖아
우리 꿈속에서 다시 만나
난 그래 아직 사랑이 뭔지 몰라
제발 알아봐 줘 나의 마음만
너도 알길 바래
너도 알길 바래, ooh

[Verse 2: MELOH]
No, I don't wanna let you out my head
또 바보같이, waitin’ for your text
(But, you don't need me like I need you)
다 알면서 이런 식 왜
You know what I want
Tell me, how was your day?
너 왜 날 무시해? (Oh, no, yeah)
Girl, why you make me suffer?
나 너 때문에 잠도 못 자고
기다리는 게 익숙해졌어 (Oh, yeah)
Why you treat me so cold?
이유도 모르고
I don't know, I don’t know, I don't know (I don't know)
또 바보같이, waitin' for your text
(But, you don't need me like I need you)

[Chorus: D.Ark]
너의 생각에 잠이 안 와 맨날
Girl, I wanna tell you I need you right now
말해봤자 넌 이미 없잖아
우리 꿈속에서 다시 만나
난 그래 아직 사랑이 뭔지 몰라
제발 알아봐 줘 나의 마음만
너도 알길 바래
너도 알길 바래, ooh","","","","",""
"1&ONLY","D.Ark","5F7nvuTnR20x6a3UyXetyv","[디아크 ""1&ONLY"" 가사]

[Verse 1]
나에게 와줘서, 고마워 my love
내가 바빠서 너무 챙겨주질 못해
나에게 와줘서, 미안해 my love
평범하질 못해서 내가 유명한 죄
내가 바칠게
널 위해 쓴 내 곡에 진심을 다해서
넌 그냥 들어줘
할 수 있는 게 (할 수 있는 게)
가사를 적는게 (가사를 적는게)
우릴 알리는 것보단 이 노랠 틀어놔

[Chorus]
넌 나의 one and only girl
난 사실 요즘 엄마 생각보다
너가 더 생각나는 걸
이 노래가 힙합이 아니어도
넌 나의 one and only girl
난 사실 요즘 아빠 생각보다
너가 더 생각나
Everything just talk about me
Oh, you're my everyday

[Verse 2]
우린 이미 끝난 사이지만
알아 난 못해준 게 많으니까
그래서 니 옆을 떠나주지 난
더 큰 어깨로 가줘 사랑하지만
날 원망하니 넌 왜
아니야 넌 그래도 돼
우리 갈 길은 no way
넌 충분히 아름다워
머릿속에 도배
시켜놨지, girl I miss ya
꿈속에서도 I met ya
Baby girl, I want you to stay
돈 더 벌게, girl, hold on
책임감 없이 널 떠난 보낸 순간 날
미안해 항상 그랬었지 행동보단 말
나도 알아 물론 널 돌아킬 수 없지만
너가 사랑이라면 난 앞으로 사랑은 못해

[Chorus]
넌 나의 one and only girl
난 사실 요즘 엄마 생각보다
너가 더 생각나는 걸
이 노래가 힙합이 아니어도
넌 나의 one and only girl
난 사실 요즘 아빠 생각보다
너가 더 생각나
Everything just talk about me
Oh, you’re my everyday

[Bridge]
You're my one and only
You're my one and only
You’re my one and only
기회를 줘, baby
You're my one and only
You're my one and only
Wanna be your only

[Chorus]
넌 나의 one and only girl
난 사실 요즘 엄마 생각보다
너가 더 생각나는 걸
이 노래가 힙합이 아니어도
넌 나의 one and only girl
난 사실 요즘 아빠 생각보다
너가 더 생각나
Everything just talk about me
Oh, you're my everyday","","","","",""
"POTENTIAL","D.Ark","37l1sbhRO9lYT35XxFoBop","[Verse 1]
This endless night
This funeral dirge
We celebrate life
At the end of the earth
When everything is gone
There'll be nothin' left to lose
The ice is closing in
And nothing will remain
We took what we could get
And we burned it anyway
With all those secrets
We swore we'd take 'em to the grave
The light will falter and we'll fade
And in the darkness, we'll say

[Chorus]
""This winter hasn't been so rough
Oh, it was cold, but still, it wasn't cold enough
To freeze the blood beneath my spine
And at least I survived""

[Verse 2]
We're sleepin' through the days
And sinkin' like a ship
We're wastin' away
Bit by bit
Everyone is gone
And everything is changed
It won't ever be the same
And when it's over, we'll say

[Chorus]
""This winter hasn't been so rough
Oh, it was cold, but still, it wasn't cold enough
To freeze the blood beneath my spine
And at least I survived""

[Bridge]
We've had some dark days
We're in the thick of it now
And when the ice breaks
There will be no one around
We've had some dark days
We're in the thick of it now
And when the ice breaks
There will be no one around

[Chorus]
This winter hasn't been so rough
Oh, it was cold, but it wasn't cold enough
To freeze the blood beneath my spine
And at least I survived
This winter hasn't been so rough
(We've had some dark days)
Oh, it was cold, but still, it wasn't cold enough
(We're in the thick of it now)
To freeze the blood beneath my spine
(And when the ice breaks)
And at least I survived","100.923","0.975","0.337","-5.21","0.316"
"자살시도","D.Ark","11VIleaW8FRmNkKaOL9NKy","[박재범, 와이엘엔 포린, 디아크, 365LIT, 피에이치원, 릴보이, 이영지, 아우릴고트, 추현승 & 권오선 ""DNA Remix"" 가사]

[Verse 1: Jay Park]
넘어져도 다시 일어나
나는 전설이지
내가 죽기 전에 미리
같이 사진부터 찍어놔
I stand on my ten toes
두 다리가 여러 명 기둥이 되었지
머릿속 게을리
움직인다고 생각하면 System에 오류나
Soul of lion’s what I got on my chest
Morals and principle come before checks
가둬두려 해도 탈출했지
노예 되기 전에
난 선택해 Death
매년 판을 벌려 다시 기록 세워
나는 착한 사람 동시에 통장 채워
한국인 피가 흘러
절대 안 굽혀
Man, it's in my DNA

[Chorus: Jay Park]
In my DNA
In my DNA
In my DNA
In my DNA
In my DNA
너와 나의 차이점
In my DNA
어떤 요리를 해도 맛있어
In my DNA
난 너무 높이 와 있어
In my DNA
I ain‘t Tupac but I’m a ridah

[Verse 2: YLN Foreign]
Get your hands
I don't want to speed race
포기했어 이젠 지침
다 네 맘대로 해
이 새끼 카피한 걸로 돈 벌어
넌 네가 네 목소리 팔아서 벌어
두 번이나 본 댓글 처음인 것처럼 해
이제는 나도 포기했거든
That's okay
이리와 좀 더 줄게
Yo 너흰 진정하지
비밀 지키면 Thanks
얘가 하면 오마주
내가 하면 다 카피
그래서 너랑
나중에 누가
재범이형이랑 작업해 Facts
Yeah baby
Yeah bow wow
Yeah one time
Yeah aye
DNA So fresh
Play with new face
Love your hate
I'm DNA Foreign
In my YLN

[Verse 3: D.Ark]
DNA DNA
My Blood shining like VVS
다른 핏물 다 시시해
가짜 힙합 행세들 VS
음악방송 한다고
나 보고 관두래 Rapper
상업적인 음악 해도
너보다 힙합 From the ghetto
I wanna more metro boomin'
나도 한때는 Middle fingers up
바지는 라인 밑까지 땅을 쓸며 걸어
한 쪽엔 Big Poppa를 틀고서
괜히 쓸모 없는 자부심은 버려
마인드는 본토라 총구를 겨눠
상재처럼 패배배배 따윈 없어
내가 랩을 뱉음 접자
우리 회사에 비하면 넌 적자
기억해둬 내 이름 김우림 석자
나는 너의 신상을 털어 뻑가
Cause I’m rap and sing and dance like Jay Park

[Verse 4: 365LIT]
프로젝트 게놈에서
잘못 연구 된 놈
얼른 애를 낳아야겠어
한 놈 두 놈 세 놈
성수동의 캐롤
됐지 Compilation album
아무나 다 덤벼
나는 무적의 Rambo
Mad Max shit
Bitch I'm ridah
다리 아래로 오면 가차 없이 밟아
계속 오르는 몸값
Bitches tryna find out
내가 어딨는지 봐봐
너는 Knocked down
Yeah, I hit that dough
Yeah, I hit em' up, hit em' up, hit еm' up
Yeah, I ballin' like I'm Migos
Get in thеre, get in there, get in there
세 개의 심장 토이고
필드 위를 Shoo, shoo, shoo
Hop in the dump truck
핸들을 Skrr, skrr, skrr, skrr

[Verse 5: pH-1]
DNA
난 다르게 지었네
생태계를 위협해
Be aware
난 위험해
멍청이들 없는 얘기를 지어내
너무 지겹네
그냥 쭉 속에서 살아 인터넷
I’m with my man
He YLN Foreign my benzo
It go Skr, skr, skrrrrr
은행갈 때 내 입장곡 Brr, brr, brrrrr
We be stacking mula for the family
먹여 배불리
네 음악 별로
어떻게 그 나이에 벌써 퇴물임?
난 깨달아버렸지
부서진 판타지
여긴 참 더럽지
넌 대체 무엇 땜에
영혼을 걸었니
나의 차와 집이 변해도
나의 DNA는 변할 리 없지
H1ghr gang we the clique
H1GHR GANG WE THE CLIQUE

[Chorus: Jay Park]
In my DNA
In my DNA
In my DNA
In my DNA

[Verse 6: lIlBOI]
내 DNA에 있어
내일의
Got a feelin’
새로운 느낌이지
검은색 비니
눌러쓴 Image
Just like the villain
이제는 질릴 때도
되었다지만
전화가 왔지
재범이형 Ok
I’ma go kill it
별 다를 것
없지 아마도
이걸 말해 뭐해
I'm the boss
내 마름모는
다른 곳이 아니고
나의 손목에
My time is gold
내 시간 빛나지
Look what I did
고작 반년 만에 어느새
경지에 올랐지
언제나 새로워
Etc
아무것도 안 하는 짓은
내게는 너무나 해로워
Cause I see now
어디로 갈지
당연하게 움직여
Like it was in my DNA

[Verse 7: Lee Young Ji]
So why u trippin'?
Just take that all you got
난 보여줘 내 유일무이 Drippin'
우성인자 다 챙겨가
무성한 잿빛도시에서 직진
DNA 박고 Tongue twistin'
덕에 어린 꼬마는 Get 해
All that bands, like the only
Yeah then who gon' beat me
사뭇 진지
또 낙관적 사고를 실시
성공 직시해
Umm kinda trippy!
Ohh I can't get out of this (taste)
Go 직진
적진에다 Bow wow
This beat got me feelin' like ahhh
안 훔쳐가 네 기믹
큰 경기에 비해 낮은 네 Limit
No doppin'
Stop bluffin'
붙어 태초의 DNA로
Ain't got nothin' to lose
접해 새로운 성공의 Phenomenon
내 유전자를 빚져 바꿔낸
순해 여사님 Outfit
내년 이때쯤에는
거처가 바뀌겠지 U got this?

[Verse 8: Ourealgoat]
I got a Glock
Block
여기는 내 구역
진짜배기 무대 위를 Cop
질투를 너무 많이 받아
DNA 탓
화가 난 놈들의 이유는 너무 복잡해
바닥서 굴러 올라와 보니 쟤네 참 딱해
피눈물 흘릴 때까지
눈뜨고 잡았던 방식
누군 또 말해 ＂넌 반칙패＂
허무해 그냥 내 간지 땜에
거울 봐 난 너를 알지
분에 못 이겨 매일 온갖 일
비겁하고 꿍하게 살지
항상 내게 의심이 많은 놈들 말이 많네
비웃고 떠들어 댔겠지 ＂쟨 얼마 가지 못해＂
두 눈 치켜들어 잘 봐 날 언제든 너희 앞에
이게 내 야망 넌 총 필요할 거야 머리맡에

[Verse 9: Choo]
Rarri 시달릴 때 마다
난 느껴지는 것이 Cocky
난 Ballin
항상 정신 차려보면 눈떠 아침
돈 벌리는 게 거짓
같아 보니 붙어 사임
그 거리 느낌
이제 겪어보니 믿지 착시
잠시건 지치지 않고
나는 항상 길을 걷지
팔지 나는 간지
이제 Break it like a cop
80 에서 알지
Make some DNA and
착한 거는 아니지만 필요하지 나
많이 왔지
근데 역시 못 멈춰서 하
Feelin’ DNA
난 항상 다른 걸로 시도
아무 실패
내한테는 갖고 오지 Pistol
빛이 났지
근데 이제 바뀔 차례 DNA
굴려 나의 발음
가릴 거는 니네 뒤에 해

[Verse 10: OSUN]
Attention please
주목 받을 수록 빛이 나
Another DNA
가지고 태어났어 나
I've been to here
꿈에서만 그려왔지 막상
와봄 별거 아니지
지껀 아무도 안 챙겨 Why
All white
AF1을 신고 춤춰 YLN
난 머리부터 발끝까지 착장 준비해
1년전에
난 내가 아녀
까던 애는 저 뒤에서
마치 강시처럼 서있어
나는 Dali Van Picasso
You need gene edit
만약 내가 되고 싶다면
바꿔야 될 거야 DNA
라마형처럼
난 항상 생각이 다르지 Lyricist
OK no cap
No pain no gain
넌 빼도 된다던데
All day 어때
No thank 너무해
건방짐 장착 In my DNA

[Chorus: Jay Park]
In my DNA
In my DNA
In my DNA
In my DNA
In my DNA
너와 나의 차이점
In my DNA
어떤 요리를 해도 맛있어
In my DNA
난 너무 높이 와 있어
In my DNA
I ain‘t Tupac but I’m a ridah","","","","",""
"VV","D.Ark","4oncW4Jkjb4J99taLdQPKG","Waarom stemmen jullie steeds op de VVD
Ben ik dan de enige die weet
Twaalf bewindspersonen opgestapt
Twee kabinetten omgeklapt
En nog steeds zie ik Rutte op TV

Corona hebben ze ook verneukt
Toeslagenaffaire geen idee
Doe een bod op Nederland B.V

Waarom stemmen jullie steeds VVD
GODVERDOMME","","","","",""
"Numbers of Cases (Feat. CHANGMO) (Prod. Way Ched)","D.Ark","7vOV2q2fHxvrREUtiYrkXx","[디아크 & 배기 ""경우의 수"" ft. 창모 가사]

[Intro]
Ooh
Way Ched

[Chorus: CHANGMO]
나 때로 생각들을 하곤 해
내 생을 바꾼 많은 선택에
의한 결과를 되감아보고파 (보고파)
실수, 성공, 행복, 슬픔 다 (슬픔 다)
나 때로 생각들을 하곤 해
내 생을 바꾼 많은 선택에
의한 결과를 되감아보고파 (보고파)
실수, 성공, 행복, 슬픔 다 (슬픔 다)

[Verse 1: D.Ark]
만약 내가 태어나지 않았더라면
할머니는 말해 너가 없음 고생 덜했어
만약 내가 rap을 하지 않았더라면
할머닌 말해 너는 아마 gangster 됐어
I'm workin' all night long, 없이도 엄마 손
이 게임은 날 구원했어 고마워 정말로 (Oh-oh)
일해 twenty-four, (High) tension in my stu
내 유일한 일탈 동시에 내 업과 난 입맞춤 (Ha)
아름답고 하나뿐인 무대로 인해
우리 둘은 만나 같은 목표로 인해
뭐가 됐든 우린 됐어 rapper
But 난 아직 정신 못 차림 안 올려 내 지퍼
만약 내가 여기서 망한대도
그 경우의 수는 내가 져도 이긴다는 걸

[Chorus: CHANGMO]
나 때로 생각들을 하곤 해
내 생을 바꾼 많은 선택에
의한 결과를 되감아보고파 (보고파)
실수, 성공, 행복, 슬픔 다 (슬픔 다)
나 때로 생각들을 하곤 해
내 생을 바꾼 많은 선택에
의한 결과를 되감아보고파 (보고파)
실수, 성공, 행복, 슬픔 다 (슬픔 다)

[Verse 2: Baegi]
Yeah, 내 경우는 하나 일년 동안 tippy toes
점점 가짓수를 넓혀가지 기필코 (Woah)
Superstar 내 꿈 위해서 난, here we go up (Yeah)
숨이 막혀도 너에겐 비밀로 (Pow)
쫄지마 여태 해왔잖아 인마
나의 주사위는 던져졌으니까
몇 칸을 가도 괜찮으니 시작부터
해야겠지 난 내 목표를 향해 dive
I know that is my way
Bye, bye, no 모범생
난 널 기다릴게
Yeah, yeah, yeah, yeah
I know that is my way
꿈꿔왔던 창모 웨이체드
형들이 나를 믿어
뒤로 갈 수 없어 별이 되기 위해 빌어

[Chorus: CHANGMO]
나 때로 생각들을 하곤 해
내 생을 바꾼 많은 선택에
의한 결과를 되감아보고파 (보고파)
실수, 성공, 행복, 슬픔 다 (슬픔 다)
나 때로 생각들을 하곤 해
내 생을 바꾼 많은 선택에
의한 결과를 되감아보고파 (보고파)
실수, 성공, 행복, 슬픔 다 (슬픔 다)

[Verse 3: D.Ark, Baegi, D.Ark & Baegi]
Yuh, we go high
이젠 빛을 봐야 돼, time to shine
Hey, Baggie The Vibe
우린 질 수 없어 with D to the Ark
너와 나는 달라
하지만 목적지는 같아
결국 모였잖아
우리가 보여줘 상극의 합
Uh, 경우의 수 어째
우리가 달라도 뭐 어때, you heard?
또다시 함께
꿈이 아니야 너 잠 깨
Yeah, 진심은 담되, yeah, uh
가식은 다 빼
Baggie The Vibe, D to the Ark
똑같은 경우가 보여준 차이
(똑같은 경우가 보여준 차이)

[Chorus: CHANGMO]
나 때로 생각들을 하곤 해
내 생을 바꾼 많은 선택에
의한 결과를 되감아보고파 (보고파)
실수, 성공, 행복, 슬픔 다 (슬픔 다)
나 때로 생각들을 하곤 해
내 생을 바꾼 많은 선택에
의한 결과를 되감아보고파 (보고파)
실수, 성공, 행복, 슬픔 다 (슬픔 다)","","","","",""
"잘 지내(Bye)","D.Ark","2iSS8MPXXYpcU9tpf1vVfZ","[디아크 ""잘 지내"" 가사]

[Verse 1]
널 너무 사랑하나 봐
이런 감정은 처음이야 난
너 없이 다시 외로워진 밤에
홀로 쓸쓸히 나를 달래
점점 줄어든 대화
우리보단 이젠 그냥 너와 나
이대로 무뎌지기는 싫은데
다 그냥 차라리 지울래

[Pre-Chorus]
Loved with you
I told you be mine, be mine
Loved with you
I told you be mine, be mine

[Chorus]
Hey 난 너 없이도 이젠 잘 지내
오늘도 어김없이 잘 지내는 듯한
거짓말이에요 에요
눈물조차 거짓말이에요 에요
Hey 난 너 없이도 이젠 잘 지내
오늘도 어김없이 잘 지내는 듯한
거짓말이에요 에요
눈물조차 거짓말이에요 에요
너도 잘 지내

[Verse 2]
아직 적응이 안 돼
미안해 넌 날 사랑하면 안돼
나같이 사고 치는 놈은 안돼
난 나라서 넌 더더욱 안돼
괜히 나때문에 너의 이미지가 훼손될까 봐
나보다 더 잘난 사람 많고 또 많겠지만
사람들은 나를 욕해서 더 물어뜯지만
너에겐 그런 모습 보여준 내가 밉지 난

[Pre-Chorus]
Loved with you
I told you be mine, be mine
Loved with you
I told you be mine, be mine

[Chorus]
Hey 난 너 없이도 이젠 잘 지내
오늘도 어김없이 잘 지내는 듯한
거짓말이에요 에요
눈물조차 거짓말이에요 에요
Hey 난 너 없이도 이젠 잘 지내
오늘도 어김없이 잘 지내는 듯한
거짓말이에요 에요
눈물조차 거짓말이에요 에요
너도 잘 지내","","","","",""
"生각","D.Ark","2GMdVOCHW8oDFaSRJBqcGs","BE
 - BTSOriginal Album
 | 
Romanization
 | 
English Translation
If I had to choose one word to describe this album the best, it would be 'comfort.' It's maybe not BTS that the general public knows, but it's the BTS that fans know best and it was made having them in mind. It wasn't planned and it wouldn't be done if not for the pandemic. After the MOTS World Tour was canceled because 
""one day, the world stopped without any warning,""
 they've decided to do what they do best–make music. The album almost only in Korean wrote, produced, and self-directed by the members. No collabs, no remixes, no excessive promotion, and only one deluxe edition. Yet it topped the most prestigious worldwide charts and BTS became 
the first group to rule Artist 100, Hot 100 & Billboard 200 charts at the same time
. Through lyrics they talk about mental health, dealing with uncertainty, anxieties and all the feeling that are accompanying everyone in the current situation, but instead on hardships they've focused on hope and the future, because after all, 
""Life Goes On.""
 As usual, they didn't focus on the one genre of music (because the genre is BTS), so you'll find here amazing ballad (
""Blue & Grey""
), but also EDM (
""Stay""
), and old school hip-hop (
""병 (Dis-ease)""
).
- siannveIN生
 - Stray KidsOriginal Album
 | 
Romanization
 | 
English Translation
A repackage of their first album, the seventeen-track project contains songs of a variety of genres that showcase Stray Kids' versatility in music-making. As per the title tracks, “
神메뉴 (God's Menu)
” and “
Back Door
,” Stray Kids have made it clear that they make music for themselves, and listeners can stick around if they like it too. The tracklist takes you on a rollercoaster - from hard-hitting tracks like “
Easy
” and “
타 (TA)
” to more emotional tracks such as “
미친 놈 (Ex)
” and “
일상 (Another Day)
.” The members' voices are used nicely together to form masterpiece tracks of many different concepts. Furthermore, the album includes three unit songs that gave members more opportunities to show off their capabilities. All in all, this era in Stray Kids' career nicely demonstrates their growth as a group and willingness to experiment with their music.
- PlanNine16Love Synonym #1: Right For Me
 - WONHOOriginal Album
 | 
Romanization
After the crazy year-end Wonho had in 2019, many fans including me had lost hope. In the K-Pop industry, idols have a very hard time recovering from scandals even if the accusations are proven wrong. However, Wonho defied all odds and rose above expectations with Love Synonym. Leading the album with one of my favorite songs of 2020, ""
Losing You
"", Love Synonym showed how spectacular Wonho can be even by himself. After the first listen through of this album, I found myself welling up with tears. Many K-Pop fans know Lee Hoseok for his visuals and rightfully so but with Love Synonym, Hoseok shares with fans his artistry and beautiful songwriting skills. Many people forget that he has several songwriting credits in 
MONSTA X
's discography. On tracks like, ""
With You
"" and ""
I just
"" you can witness those skills shine brightly. The lead track, ""
Open Mind
"" is extremely catchy and performative evident in the music video and live stages. Since the album is numbered one, I am really anticipating a part two in the near future for he still has a lot to share with the world.
- ssaa10decWalpurgis Night
 - GFRIENDOriginal Album
 | 
Romanization
 | 
English Translation
After 
GFRIEND
 came back with 
回:Song of the Sirens
, I was like ""Ah, nothing could have topped that for 2020"". Welp, I was wrong. 
回:Walpurgis Night
 truly shined as the members took part in the making of the album. This being their third full album, they truly topped off every past release! The promotion for the album was well done and members got a chance to talk about the meaning and getting inspiration from the holiday by the same name. 
MAGO
, became the group's 5th most viewed song. It showcased great choreography along with the powerful message of being able to embrace themselves so they can live with no worries as whatever they can be. “
Secret Diary
,” “
Better Me
,” and “
Night Drive
 are all subunit songs with the lineup of 
Yerin
 & 
SinB
, 
Sowon
 & 
Umji
, and finally 
Eunha
 & 
Yuju
. Each of the subunit songs is a first for the group as it is the first time they record in such a format. With continuing the promotions of 
回:Walpurgis Night
, 
GFRIEND
 were also invited to 
GRAMMY Museum Mini Masterclass
 and became the first K-Pop girl group to be invited to such an event. It was amazing to see that 
回:Walpurgis Night
 received positive recognition from fans  and critics worldwide
- HobschiskeSuper One
 - SuperMOriginal Album
 | 
Romanization
 | 
English Translation
After reaching the No. 1  spot on the Billboard 200 chart with their 
debut self-titled EP
, SuperM inevitably set high standards for their first full studio album. With a team consisting of outstanding producers and songwriters such as 
Kenzie
, 
Adrian McKinnon
, 
Moonshine
, and even SuperM members 
Taeyong
 and 
Mark
, the group embarked on a journey to the top. Although the pressure to deliver a good album was certainly there, SuperM still managed to come out with a piece of work that is both enjoyable and worth listening to. Including '
100
' which is a song with an exciting futuristic concept, the heart-warming and comforting track '
Better Days
' (that was performed at the World Health Organization's Big Event For Mental Health), and sexy R&B pieces like '
Drip
', '
Step Up
', and '
So Long
', SuperM proved once again that they are taking a step in the right direction.
- loveholicDystopia: The Tree Of Language
 - DREAMCATCHEROriginal Album
 | 
Romanization
 | 
English Translation
If you know anything about me, you know that I love rock, metalcore, old school pop, and rap mixed with other genres. To get into Korean music and find a girl group that mixes all these elements was just what I needed this year. I first found DREAMCATCHER's lead single 
""Scream""
 and I absolutely loved it. Then I came across 
""In The Frozen""
 as well and had the same reaction, so I decided to check out the whole album. There are catchy songs like 
""Tension""
 and 
""Full Moon""
 that remind me of anime openings, and I mean that as a compliment. I love rocky anime openings like, for example, 
""Hacking to the Gate""
 and 
""Kizuato.""
 Then we have my favorite songs off the record 
""Red Sun""
 with mysterious vocals, 
""Black Or White""
 with a badass bass and guitar, and 
""Jazz Bar""
 with a nostalgic feel of the forgotten genre. The following track, 
""SAHARA,""
 makes me wanna head-bang like the girls do in their 
self-made music video
, haha. And finally, the underrated 
""Daybreak.""
 It has similar vibes to 
""Jazz Bar,""
 but it's a completely different song. I'm just gonna say, the second half of the bridge is just amazing. This combination of songs is what makes 
Dystopia: The Tree Of Language
 my favorite Korean album of the year.
- EleventhCassetteLived
 - ONEUSOriginal Album
 | 
Romanization
 | 
English Translation
I think ONEUS is the next 
VIXX
. From the very beginning, ONEUS caught my attention, and they have continued to deliver with every release. They have perfected their sound and concept ever since their debut with ""
발키리 (Valkyrie)
"". The medieval-fantasy fairytale-like concept and sound fit them perfectly. They were able to showcase that during their time on Mnet's Road To Kingdom. With Lived, ONEUS explored different styles not just lyrically and sonically but also visually. The music video and choreography for ""
To Be Or Not To Be
"" was one of my favorites of 2020. The duality concept of Lived is evident in the title track and ""
Dead Or Alive
"" which uses clever wordplay and showcases contrasting production within the song. The best part about the album is that it doesn't dwell in the darkness. ONEUS manages to find the light on tracks like, ""
Airplane
"" and ""
혼란하다 혼란해 (Dizzy)
"".
- ssaa10decD-2
 - Agust DOriginal Album
 | 
Romanization
 | 
English Translation
One of the best rap/hip-hop albums released this year, not only in Korean but generally. Through this album AGUST D openly expresses himself, focusing more on the present, showing his rawer and more mature side. He perfectly blends traditional Korean music with trap beats and—of course—spitfire rapping. This album is like its leading track, 
""대취타 (Daechwita),""
 powerful and current, but very Korean at the same time. Lyrics are the strong side of this album and AGUST D is definitely not afraid to tackle the tough issues, those very personal, and those difficult in terms of politics or social issues. The power of this album is also evidenced by the fact that despite it was released as a free mixtape, it achieved astonishing commercial results, including 
debut at no. 1 on the Billboard Rap chart
 and topping iTunes chart in over 100 countries.
Top three 'must listen' b-sides: 
""사람 (People),""
 
""이상하지 않은가 (Strange),""
 and 
""어떻게 생각해? (What do you think?).""
- siannveMonster
 - Red Velvet Irene & SeulgiOriginal Album
 | 
Romanization
 | 
English Translation
This album delivered everything that could be expected for this sub-unit: charismatic performances and alluring mid-tempos, with a bit of quirkiness and a lot of edge. The two title tracks ""
Monster
"" and ""
Naughty
"" offer interesting and slightly unusual productions, allowing the duo to shine on creative choreographies; followed by two minimalistic R&B jams showcasing their sultry vocals on a groovy vibe. The EP ends up on a more upbeat note with ""
Jelly
"", reminiscent of Red Velvet's best B-sides; and a delicate ballad sung by Seulgi. Both members' complicity is striking and their voices blend really well together! It is especially interesting to hear Irene more, and not only as a rapper.
- ab212KAI (开)
 - KaiOriginal Album
 | 
Romanization
 | 
English Translation
Filled with symbolism in its concept including the title, Kai's debut album was everything I imagined it to be. Supported by a beautiful 
Art Film
 was the perfect prelude to his debut. Of all EXO member solo debuts, Kai's made perfect sense to have an art film attached to the album. In 7 mins, Kai showed us why he is a fashion icon, a dance machine, and in his own unique way a talented actor. The lead single, ""
음 (Mmmh)
"" is a beautiful smooth R&B track produced by 
Alawn
, which is not only performance-driven but also showcased Kai's beautiful (underrated) vocals. The music video really drives home the message he wanted to convey from the Art Film. As I watched the music video, I had instant flashbacks to Kai's pre-debut 
EXO trailer
 from 9 years ago. The album flowed seamlessly just like Kai's dancing. ""
Reason
"" and ""
Nothing On Me
"" were highlights from the album for me. The long wait for his debut was definitely worth it. I just hope we don't have another terribly long wait for its follow-up.
- ssaa10decNeo Zone
 - NCT 127Original Album
 | 
Romanization
 | 
English Translation
An album with a concept deeply influenced by the 90’s Hip-Hop and R&B is hard to pull off, yet NCT 127 pulled off the concept immaculately with their second full album Neo Zone. Overall it is an album filled with lightheartedness, varying genres, and a powerful atmosphere, that contains well-produced tracks and meaningful lyrics. This is NCT 127 at its best, showing their essence and brilliant cohesive teamwork as well as their ability to challenge themselves to go beyond their own expectations. With B-side tracks as great as '
Boom
', '
Elevator (127F)
', and '
백야 (White Night)
' and a title track as impactful as '
Kick It
', Neo Zone guarantees the group’s big entrance to the list of the K-Pop acts that will be dominating the new generation.
- loveholicDr. Romantic 2 OST
 - Various ArtistsOriginal Album
Soundtrack albums often go under the radar when discussing best albums. Dr. Romantic 2 was a really good drama but its OST was even better. Curated by YAMYAM Entertainment, the same company behind the soundtracks of Hotel del Luna and Moon Lovers: Scarlet Heart Ryeo (two other amazing OSTs) and produced by 
Song Dong Woon
 who also produced several tracks on the soundtrack for 2017's hit drama, Goblin. This OST brought back the pair-up of 
Chanyeol
 and 
Punch
 on the track, ""
Go Away Go Away
"", vocal queens, 
MAMAMOO
 also lent their voices on the track, ""
I Miss You
"" where we also got to hear Moonbyul's amazing singing voice. We also had 
Baekhyun
's beautiful, ""
너를 사랑하고 있어 (My Love)
"" one of my favorite Baekhyun songs this year. Before 
Chung Ha
 released her iconic songs of 2020, she released a mesmerizing piano ballad, ""
나의 그대 (My Love)
"" as part of this soundtrack. Some soundtrack regulars, 
Yang Da Il
, 
Gummy
, 
Monday Kiz
, and 
Heize
 were also featured. Soundtracks deserve more love.
- ssaa10decTHE ALBUM
 - BLACKPINKOriginal Album
 | 
Romanization
 | 
English Translation
As a 
BLINK
, my expectation for this long-awaited debut studio album might be unrealistically high. But whether listening to THE ALBUM as a BLINK or just as a K-pop fan, I can say that some of my favorite K-pop songs of 2020 are on this project and I think THE ALBUM successfully showcased the four-member act’s charismatic vocals and animated rapping and expressed a wide range of colorful emotions. This project has some really cool crossovers with the likes of 
Selena Gomez
 and 
Cardi B
. Selena blends into 
“Ice Cream”
 really nicely and it would’ve totally worked out if she was the fifth member of BLACKPINK in a parallel universe. 
“Bet You Wanna”
 is a great song, but imagine Cardi rapping alongside 
Lisa
 on 
“Crazy Over You”
 with bars like “Never the regular degular / Would clean my mess up / But I'd rather mess it up,” or on 
“Pretty Savage,”
 which even contains 
Rosé
’s rhyme around “b-tch”: “빛이 (bichi).” And I absolutely love the South-Asian-influenced instrumentation and production on these two songs. Also, the 
line distribution
 on THE ALBUM is more diverse than expected. Simply naming BLACKPINK’s debut album THE ALBUM might seem like YG is running out of ideas, but when they also consistently name their global live stream concert 
The Show
, name 
JENNIE
’s solo debut 
“SOLO,”
 this simplicity can be just as effective as 
Adele
’s age-themed albums.
- peakerEyes Wide Open
 - TWICEOriginal Album
 | 
Romanization
 | 
English Translation
Long associated with cute and joyful concepts, TWICE started shifting to a more mature image in 2019 with the releases of '
Fancy
' and '
Feel Special
'. This second album pushes things further and sees the group exploring new musical genres, new messages, and even new ways of using their voices – without ever compromising on the catchy choruses that made their success. It establishes TWICE's new sound and showcases its members' growth as confident women, fully aware of both their vulnerabilities and strengths. Knowing that half of the group participated in the lyrics only makes the album more enjoyable!
- ab212PEOPLE
 - CODE KUNSTOriginal Album
CODE KUNST's 4th album is fresh air in the South Korean rap/hip-hop music scene. Mixing various sounds with a pinch of melancholy and joined by long acclaimed artists such as 
Jay Park
, 
Lee Hi
, 
GIRIBOY
, 
pH-1
, 
Kid Milli
 and many more, CODE KUNST created a 16 tracks album that gives me goosebumps every time I listen to it. Songs such ""
Dirt in my HEAD
"" featuring 
Car, the garden
, ""
O
"" featuring 
Lee Hi
 and ""
Set me Free
"" featuring 
Loopy
 and 
Jvcki Wai
 can set you in the right mood. As a long-time fan of electronic music, the music production of each song is just on point, different from the others, and the voices blend with it. Hope that this music project will gain more and more popularity hereafter and a bright future for CODE KUNST.
- theArteekSelf-Portrait
 - SUHOOriginal Album
 | 
Romanization
 | 
English Translation
Knowing the versatility of Suho, his debut could have gone either way. After watching his 
performance
 of ""
지나갈 테니 (Been Through)
"" at the EXplOration world tour, I was expecting Suho's debut to be a dance-pop influenced anthem with EDM beat drops. But I was pleasantly surprised that Suho opted for a toned-down rock ballad sound. I loved how the concept of Self-Portrait is so sincere. As the leader of the group, Suho has had to balance many things in his career and personal life (I assume). Through its lyrics which were mostly co-written by Suho himself, you can see Suho finally doing a lot of self-reflection about his career as an idol and as a member of an extremely successful group. While I love the title track, ""
사랑, 하자 (Let’s Love)
"", it is not actually my favorite track from the album. ""
O2
"" takes the title for that. The song makes you feel like you are falling into an abyss. It is dreamy, slow-tempo, and Suho’s vocals on the track are tender but also strong. The instrumentation for this track is really outstanding because you can feel the density of a deep blue sea which is incorporated into the lyrics as well. The album also features singer Younha on the track, ""
너의 차례 (For You Now)
"", a duet that sounded like a proper duet as they both bounced off each other throughout the song. It was sad that the album was released right before his enlistment but I hope we get to hear more from Suho when he returns.
- ssaa10dec","","","","",""
"가지마 (STAY) (Feat. twlv)","D.Ark","4u6fUvTUB2C0MKdxJBjAyI","[디아크 ""가지마"" ft. 트웰브 가사]

[Verse 1: D.Ark]
I don't know why but I keep fallin' down
또다시 돌린 맘
처음 볼 때처럼 다시 만난다면
우리 둘은 다시 설렐 수 있을까?
담배 연기처럼 사라진, bae
네 영혼에 취해 눈을 부릅뜨질 못해
우린 사랑하질 못해
사랑한다 해놓고도 사랑하질 못해
혹 너는 내게 돌아와 준다고
말해놓고 사라진다면
Don't lie to me, oh
Call me all night long

[Pre-Chorus: D.Ark]
널 찾지만
날 찾진 마
넌 빨리 가
난 빨리 와
Girl, 가지 마
Girl, 가지 마
널 원해 난
사라지지 마

[Chorus: D.Ark]
Girl, 가지 마
제발 떠나지 마
내 손을 잡아봐
아직 놓긴 일렀어
Girl, 가지 마
제발 떠나지 마
더는 사라지지 마
난 놓진 않았어
난 놓진 않았어
난 놓진 않았어

[Verse 2: twlv]
Every night 후회의 말로
가득 채운 방안은 너의 향기만 (Ooh)
어느 날 아무런 말도
없이 날 두고 떠나버린 너지만
가지 말란 그 말은 의미 없다는걸
알지만 아직 난 널 못 보낼듯해
어린아이 마냥 떼쓰고 애원해도
다를 건 없겠지만 이렇게라도 난 널

[Chorus: D.Ark, twlv]
Girl, 가지 마
제발 떠나지 마 (떠나지 마)
내 손을 잡아봐
아직 놓긴 일렀어 (놓긴 일렀어)
Girl, 가지 마
제발 떠나지 마 (떠나지 마)
더는 사라지지 마 (Ooh, ooh-ooh, ooh)
난 놓진 않았어 (Ooh)
난 놓진 않았어 (Ooh, ooh, ooh)
난 놓진 않았어 (
Ooh
)
난 놓진 않았어 (
Oh, oh
)
(난 놓진 않았어)","","","","",""
"COUGH","D.Ark","0hGHIRvjNYWinBm2rpuROk","[디아크 ""COUGH"" (ft. 노윤하 & 허원혁) 가사]

[Intro: D.Ark]
Yuh
Yeah, uh
Look

[Verse 1: D.Ark]
그녀도 콜록
그래서 걸러
담배 한대 물고 fuck with that hoes
Sorry, I don't use condom
그녀를 물어
In 우리 집 콘도
친구 놈 한대와 말고, 그 새끼 날 절대 안불어
Bith, I'm livin' in Seoul city
이건 그냥 널 위한 기믹, uh
병신아 이걸 믿니
근데 팩트는 좆[?]이, uh
Pull up in my Lamborghini
너의 형제는 널 파니, uh
내 음악은 dirty지
싸구려 코데인과는 못 비기지

[Chorus: D.Ark]
그녀도 콜록, 형제도 콜록, 내 놈도 콜록, huh
엄마도 몰라, 아빠도 몰라, 형사도 몰라, huh
나는 그냥 좆대로 살아 남한테 피해는 안 끼치고 살아
걱정 마 담배만 빨아, 담배만 빨아, 소주만 빨아

[Verse 2: D.Ark]
팔에 타투가 너무 많아
오늘 밤 또 하러 가 난
이태원 to 강남
네 여자랑 또 방 잡아
어제 먹은 거는 또 먹기 싫어
난 토나와 체하기 싫어서 man
내가 왜 이런 가사를 쓰겠어
나 말고 네 여자가 날 찾는데 매일

[Verse 3: Roh Yun Ha]
Ay, ay, baby what you smoke?
브라질리언 보다 더 심하게 flip flap
Ay, 왼쪽 오른쪽
수상하게 걸어 얘 좀 봐 walk in zigzags
같이 하나만 피재
태국꺼 아니고 미제야 미제
Ay, 씨발 그걸 왜 이제 말해 이새끼야
난 자리를 피해
Oh no, 뒤도 안 돌아보고 그냥 run
딱 한 번만은 무슨 fuck you up
곧 뉴스에서 보겠네 good luck
내 옆에도 쿨럭, 내 앞에도 쿨럭
자 나락 갈 새끼들 서라 한 줄로
경쟁이 어딨어? 다 알아서 죽어주지
너네 덕분에 나만 배불러

[Chorus: D.Ark]
그녀도 콜록, 형제도 콜록, 내 놈도 콜록, huh
엄마도 몰라, 아빠도 몰라, 형사도 몰라, huh
나는 그냥 좆대로 살아 남한테 피해는 안 끼치고 살아
걱정 마 담배만 빨아, 담배만 빨아, 소주만 빨아

[Verse 4: Vapo]
She eat it up like buffet lil shawty, let’s go
Que eu empilho sa poha tão longe
Money rain, conto os ganho
Não ligo pa' eles, faço show em londres
I'm on a highway, my bitch is a model
제일 깊은 곳을 알려줘
My money up, I count it like hustle
So me pedir com jeitinho que te dou amor
Purple rain, seu beijo é doce
Tipo bala seu pussy é doce
파리들 꼬여 chegamo' tão longe
필요 없지 난 너처럼 Molly yeh
Now fuck your ex man, just call me up baby
Eu sou seu homem agora meu bem
I got the swag on me
Designers on me
Runnin' up a check

[Chorus: D.Ark]
그녀도 콜록, 형제도 콜록, 내 놈도 콜록, huh
엄마도 몰라, 아빠도 몰라, 형사도 몰라, huh
나는 그냥 좆대로 살아 남한테 피해는 안 끼치고 살아
걱정 마 담배만 빨아, 담배만 빨아, 소주만 빨아","","","","",""
"바람펴서 미안해(SHE'S GONE)(Feat.BE'O)","D.Ark","6gngIgMFMnbUMSX1mdZ2K9","[디아크 ""바람펴서 미안해"" ft. 비오 가사]

[Chorus: D.Ark]
She's gone, she's gone, she's gone, she's gone
바람펴서 미안해
나 홀로 버려둔
그 자리에서 머물게
She's gone, she's gone, she's gone, she's gone
바람펴서 미안해
난 그 의도가 아냐
제발 용서 바랄게

[Verse 1: D.Ark]
그 의도가 아냐, girl
문자 몇통이 다야, girl
너의 낮에 너의 밤에
집착을 했었던 난
솔직히 짜증났어, 난 맘이 아퍼
너가 친구들이랑 club에 술을 먹고
웬 남자 놈들이 네게 다가가도
너는 내게 답장이 두시간은 없고
Baby, that's all
내 변명이니 돌아와줘
맞아 누가 뭐라해도
내 잘못인걸 알아도 용서해줘
넌 날 잘 알기에
매일 너만 만났기에
너와 함께였던 시기로
돌아가게 해줘, I miss ya, Vivi

[Chorus: D.Ark]
She's gone, she's gone, she's gone, she's gone
바람펴서 미안해
나 홀로 버려둔
그 자리에서 머물게
She's gone, she's gone, she's gone, she's gone
바람펴서 미안해
난 그 의도가 아냐
제발 용서 바랄게

[Verse 2: BE'O]
너는 봤기에 나의 차 뒤에
딴 여자와 또 화기애애
알아서 하길 바랬지만
숨이 턱 한 여름에도 추워
Love, 그딴건 도움이 안돼 역시
나도 많이 헷갈려서
이런 사랑 처음해봐서
그게 사랑인줄 몰랐어
나 나빴어 맞어 봤어
숱하게 만났던 사람들관 different
I've always been waiting for someone like that
Late check out
Hotel front에다가
전화해 물어봐
내가 언제 나갔나
나 혼자 blah-blah
떠들어봤자 내 입만 아파
너 나빠 한마디에 바빠
이제 끊자 bye-bye
아닌데 진짜 아닌데
넌 자꾸 더 더 더 더 확인해
벌써 밤이네 톡이 와있는걸보니
낮에 한 말이 다 거짓말이어도 넌 날

[Chorus: D.Ark]
She's gone, she's gone, she's gone, she's gone (She's gone)
바람펴서 미안해
나 홀로 버려둔
그 자리에서 머물게
She's gone, she's gone, she's gone, she's gone
바람펴서 미안해 (미안해)
난 그 의도가 아냐
제발 용서 바랄게 (Ooh)

[Outro: D.Ark]
용서 바랄게
용서 바랄게
용서 바랄게
용서 바랄게
Oh, no
Oh-oh-oh
용서 바랄게","","","","",""
"미성년자 (UNDERAGE)","D.Ark","0isB6zzQ0n7Aw8Wwq0aSLF","[저스디스 ""Do Not Go Gentle Into That Good Night"" ft. KWAII, 던말릭, GongGongGoo009 가사]

[Intro: ILLINIT]
Do not go gentle into that good night
Old age should burn and rave at close of day
Rage, rage against the dying of the light
Though wise men at their end know dark is right
Because their words had forked no lightning they
Do not go gentle into that good night

[Verse 1: JUSTHIS]
Balvenie got me fucked up
택시에서 필름이 끊기고, 침대에서 눈을 떠
폰을 켜, oh my god, 노답이야
공황 와, 다 안읽씹하고 나서 xannies 털어 넣어
명상 때리고 가, PT 받으러
연락 온다던 앤 안 오는데, 다른 애가 flirt
She's sending a emoji
I send her back, but no emotion
나도 똑같은 놈이라 꺾어, skirt
I pop their shit up, like I pop X
Their eyes are rolling
쟤넨 자고 싶다더니, 다음엔 필요로 하지, love
나도 필요해, 사랑이, 근데 못 넘네, 선
슬슬 cool해 보이는 선
나의 삶, 누구에겐 섬, 16년 '말 안 하면 몰라'
에서 이제 22년 '말 해도 몰라'까지
모금해서 기부해도 없지, 한 글자도, 근데 떠, 언팔
걱정하시는 엄마가 걱정되는 나를
걱정하시는 엄마를 생각하면, 어떻게 그럴 수가?
화가 나다가도 더 속상하실 거 생각하며, 참고 smile
집보다 비싼 옷방보다 비싼 목, 팔
보다 비싼 profile보다 값진 목소리, 영감 올 땐
옥황상제 염라대왕도 좆까, 그게 바꾸거든, whole life
이미 겪어 본 몸이 기억하지
Dickies pants에다가 Vans
Vintage t-shirt 위에
Jacques Marie, Mage sunglasses
올해 이미 예약된 2개의 business classes
I was skipping classes but I studied the classics, J-This
2022, 대한민국, 남자, rapper, 서른 둘
I need to say this

[Chorus: JUSTHIS]
Do not go gentle into that good night, into that good night
Do not go gentle into that good night, into that good night
Do not go gentle into that good night, into that good night
Do not go gentle into that good night, into that good night

[Verse 2: KWAII]
시발부터 잘못 돼, 입에 붙어
혼자인 건 태생이라 무뎌
외로운 건 잠깐이니 묻어
그냥 같은 말들 못 받아들였더니
Came a long way
돌아가다 보니 옆 lane, 늘 비었네
애인 친구 진부하니 다 털어내고
답지 태우고 라이터 대신 써
'Cause I'm a writer
해는 매일 뜨고 지는데, 무슨 소용인가 싶어
Rising, who's next, 그런 거 안 궁금해
전부 잊어 버리고 써갈기고 싶어
Uh, 세상사의 반복
여기 집중할 때 닫혀, 모든 말들
이런 말도 배때지 부른 소리, take care
그래, 모두 행복할 수 없는 현실이 매캐해
노린다고 할 수 있을까?
운때 맞은 삶, 맞는 답이 되고 따른 가이드
그건 다음 세대 부셔지고, 다음 답, 다음 탑
반복될 걸 알아도 거스를 수 없다고
나의 트로피, 엔트로피
아무도 몰라도 돼, 운때 맞을 때 올인
놓지 않은 고삐와 꾸준히 쏴 올린
작은 공이 어디로 튀길지 나도 모르지
진짜 아무도 몰라줬던 때
이해하지 못해도 애써 준 이들 어깨
Cool한 래퍼보다 한 사람의 모습
그래서 그들 위한 내 savage mode
아니꼬움 꺾어봐, 랩
겉돌아도 벗어난 적은 없어, 이 lane
2022, 대한민국, 남자, rapper, 26
I need to say this

[Verse 3: DON MALIK]
등본을 뽑음 거기에 이젠 이름 한 개만 남아있어, 혼자 덩그러니
동사무소 문서 위에 글자로만 홀로 서 있어, 주위엔 아무도 없지
이젠 몇천따리 계약서에도 사인 해, 엄마하고의 전화도 없이
더 넓어지는 방, 두꺼워지는 주머니
익숙해지는 밤이 몇 번이고 있었지
오, 이런 또 잊어버렸어, 미안해, 나 이제
더 이상 겨우 사는 어린애가 아닌데
흘러내리는 프라다, 벨트는 마르지엘라
있는 자들이 아는 단어, 그게 우리들의 아젠다
매일 같이 일어나서 하는 돈 생각
그 사이 남은 자리에 가끔 끼워 넣은 이름들은
휘발 된 듯이 사라져 버려, 온데간데
근데 나쁜 소문은 퍼져 있어, 동네방네
달콤한 성공, 몰려드는 개미 떼
나 또한 저 코 찌르는 냄새에 취해
홀린 듯이 올라와 있네, 길 위에 이제 navigation 끄지
목적지에 가는 모든 순간이 내 main event
내일이 되면 또 일어나서 가치 있는 걸 만들고
되길 바래, 돈이 아니면 온기
삶은 관문의 연속이네, 가방 안에 넉넉히 챙겨, 톨비
And life is getting better, 내 시야로
시안을 만든 뒤에 현실로 갖고 와서 돌려받아, 샤일록
피 한 방울조차 떨구지도 않고 베어갈 수 있어, 천파운드의 살점
발 뻗고 편히 잠들기에는 내 침대는 아직 싱글
여왕과 함께 잠에 들어야지, 킹은
그래서 아직은 깨 있어
내 이름이 서울시, 그 위로 떠오른 뒤에야 깊은 취침을

[Chorus: JUSTHIS]
Do not go gentle into that good night, into that good night
Do not go gentle into that good night, into that good night
Do not go gentle into that good night, into that good night
Do not go gentle into that good night, into that good night

[Verse 4: GongGongGoo009]
누군가 알아주길 했던, 그래, 불안
말 많은 너에게도 느껴, 똑같구나
자주 생각 나는 그 사람의 품만큼
그래, 그래, 나도 언젠가는 내 어깨쯤 빌려줄까
여유가 없어서 핑계쯤은 될까?
대충 옷을 주워 입고 나가 지폐를 센 다음
차를 잡고 너와 듣던 음악, 밤을 샌 날
그게 세상에 나와도, 넌 이 세상에 없잖아
CD 팔아 2천만 원 벌었어
1억을 벌었대도 집 멀었어
너랑 살던 원룸방은 넘었어도
나 될 때까지 할테니까, 될 때까지 꿈에 그만 나와
태우 감귤 농장, 사실 따라가기 싫어
나 평생 쓰고 싶어
아, 그게 돈이든 글이든 음악이든, 아
(그게 돈이든 글이든 음악이든)
날 위로하던 너 말처럼만 세상이 예쁘면 좋겠네
넌 어깰 으쓱 팬대를 굴려
너의 홍채색과 닮아 맑은 너의 시야
그 안에 나는 어때?
밤바다 모래 위에 포개진 공책, 포개진 계절, 여름 같다 했어
겨울 같은 난, 너가 그린 그림이 거울이면 좋겠어
시간은 머물다, 술 취해 네온사인 안에 멈춰, 기억해
한여름 비가 멈춘 날
너도 지붕 밖 나와 하늘을 봤을까, 이렇게?
나 요즘 너가 이해되는데
2020년 돌이킬 수도, 뒤돌아볼 수도
없는 한여름의 내가 거기 너한테, 거기 너한테","","","","",""
"SCUM (Feat. Moon Sujin)","D.Ark","6p3Y4007fbyXPTbVW0nxfe","아픔이 찾아올 때
혼자 앓긴 싫어
보고 싶어요 그대
사람이 없어질 땐
연락하면 받아주나요 그대

난 자주 피곤하게 살아
사람들의 시선들을 피하느라
눈치 보고 숨을 쉰 단 말야
앞뒤 안 가리고
뱉는 말들의 상처도 받아
물론 내가 가는 길의
책임인 걸 알아
가족이 알면 안되기 때문에
내 사람이 나 땜에 가슴 찢어지는 게
난 약해 빠질 수가 없어 근데 싫은 게
꿈이고 나발이고 다 때려치우고 싶을 때
사회생활이 너무 지독하다는 걸
강자들을 봐 약자에게 강하단 걸
왜 약자들은 강자에게 약하단 걸
난 알고 있지만 나조차 고갤 숙여
그래도 포기 마 넌 이겨 낼 수 있으니까
난 알아 내 가사로 표현할 테니까
사회는 당신 말대로 위기와 기회가 오가는
로또 같은 세상이 너무나 두렵습니다

사회는 나를 이해해 줄 수는 없어
내 눈물조차 위로될 수가 없어
사회는 나를 이해해 줄 수는 없어
내 눈물조차 위로될 수가 없어
Oh, nah, nah
불안감에 시달리는 매일
내 시력처럼 흐릿해 가는 막막한 미래
Oh, nah, nah
힘들다면 내게 말을 해
빌려줄게 내 어깨에 마음 편하게 기대

난 사람들을 잘 안 믿어
이상하게 다들 뭔가 이득을 위해서
내게 다가와 움직여
가식은 다 비켜
얍삽한 인간들 내가 하나도
빠짐없이 다 손절했지 직접
알아 우린 너무 달라
너와 내가 자라온 환경이
다르듯이 험하게 커온
나는 너보다 더 미리 겪었네
소개해 줄게 이런 거야 멘탈 좀 챙겨 man
다들 물어뜯기 바빠
물어뜯는 애들조차 서로 다 까
이 세상은 남 잘 되는 꼴을 못 봐
뭉칠 수가 없나 봐
불가능해 하나가
이젠 습관이 돼버려
고갤 숙였네
차가운 이 도시는
춥다 못해 숙연해
계급사회에서 버텨 봤자 주연은
가진 자가 갖고 가
봐 다들 결국 조연해

사회는 나를 이해해 줄 수는 없어
내 눈물조차 위로될 수가 없어
사회는 나를 이해해 줄 수는 없어
내 눈물조차 위로될 수가 없어

Oh, nah, nah
불안감에 시달리는 매일
내 시력처럼 흐릿해 가는 막막한 미래
Oh, nah, nah
힘들다면 내게 말을 해
빌려줄게 내 어깨에 마음 편하게 기대

아픔이 찾아올 때
혼자 앓긴 싫어
보고 싶어요 그대
사람이 없어질 땐
연락하면 받아주나요 그대","83.346","0.954","0.184","-7.719","0.222"
"잠","D.Ark","6WG2W94TmO97VsVdpn1duc","I came a long way, I can't go back to shit
Man, I'm just trippin' now, I wanna show and prove
Show what I got, just shut up and watch

이건 나를 무시하는 자들을 향해서 건네는
내 맘속에 짱박힌 장돌배기의 편지
내 잠재력이 거의 래퍼 절반 이상들은
쉽게 조질 수도 있다고 난 손모가지 걸지
하긴 해도 내가 쇼미에서 똥을 싸지르고
가사를 많이 절어도 네 앨범보단 수월해
You shut the hold up man
Got a lotta 잠재력 스타성이 없는 너는 뭐를 해도 망해

I got a lotta, lotta, lotta guap
총 대신 잠재력을 혓바닥에 장전해
돈을 벌려고 나는 이빨을 털어
열다섯에 레전드를 쓰고 너를 먹어
온라인에 미친 키보드워리어들은
내 이미지에 랩을 잘하니까
랩까지도 어떻게든 까려 들고
내가 망하기를 빌어 썩 가라 가라 그래
닥치고 내 성공을 바라 huh
In this trap beat I got rappin', you fake kid I rippin'
I eat that, use chopstick, I come inside nothin'
That rappers that make me feel crazy, I'm sorry
무릎을 꿇은 이유는 추진력을 얻기 위함이라고
Yeah, I'm the real hit
이제 신경 안 써 너가 뭐라 씨불이든 간에
늙어 죽기 전에 알아서들 철이 들길 바라
I'm done, game over 내 성공은 보장

네 인생은 노답해 노력은 보답해
내 인생 야만적이야 like 오랑캐
피부는 노랗게 희망은 무한대
Nobody can't do with me anything
날 보면 내가 하도 잘해 그게 문제야
넌 대체 뭐가 문제야?
뭐가 그리 아니 꼬운데 말해봐
여긴 우리들이 혀로 푸는 숙제야
쇼미 패스 하나 받고 겁나 떳떳하지
왜냐면 내가 잘하는 걸 알았다
너가 평가서에 뭐라 하든
치고받든 상관없어 너보다는 내가 나아
내가 눈이 돌면 뵈는 것 따위는 없어
그냥 닥치고 내 길을 지켜봐
I don't do with that hit
내가 빡이 치면 눈이 돌아 머리부터 쿵쿵쿵
베이스 소리 울려 퍼져
개차반 난 소리 벌써 여기까지 들려
그딴 곡은 누가 들어 귀 호강이 먼저
누가 기억해 준 대 당연 내 앨범을 선곡

난 11세부터 힙합을 들었어
너랑 뿌리부터 다른 놈이기 때문에
비교 hate that I pop it
다 터뜨려 마치 poppin'
777처럼 내게 박힘
돈 come with me, come with me
I come with you, come with you
몇 래퍼들 빼고는 전부 코미디 코미디
난 놈이지 놈이지 nah college, college
내게 학력 따윈 필요 없어 그저 난 놈이지
내가 받고 싶은 건 돈보단 인정
나랑 배틀하면 네가 상하던지 빈정
지금 이 신점 난 돌았어 꼭짓점
이 상태로 거기 다시 나가면 난 찢어

갈 길 거야 man 너부터
아님 너 아님 다시 난 걔부터
아님 걔 아님 난 다시 쟤부터
다 쏴서 끝낼 거야 let me
Ayy, 랩으로 뱉어대 몸으로 재껴대
자랑을 하지 매일 몸으로 느끼되
너가 날 따질 때 너부터 잘하셈
실력이 모든 걸 보여줘 너한테
사랑은 똑같고 랩이나 잘하셈
돈도 한 푼 전혀 못 벌어도 돼
우리가 목숨을 걸고 택한 직업은
나는 끝을 뵈 다시 난 말할게
깝치지 말아 man 질투가 난다면
키보드 잡으셈 내 실력 까지마
너보다 잘함 18, 17, 16
그 사이 내 나인 young 17
만으로 16 너보다 많이 잘나가
그냥 겁나 잘해 쉿","","","","",""
"TAUGHT ME HOW TO LUV (feat. Jhnovr)","D.Ark","0x6lh2FFlx2D3lH633fFyH","[디아크 ""TAUGHT ME HOW TO LUV"" ft. 존오버 가사]

[Intro]
She taught me how to love
사랑을 안 믿었었어
She taught me how to love
사랑을 가르쳐준 너
She taught me how to love
사랑을 안 믿었었어
She taught me how to love
사랑을 가르쳐준 너
She taught me how to love
사랑하는 법도
난 사랑을 깨달아버렸지 too slow

[Chorus]
She taught me how to love
사랑하는 법도
But 너만 바라보게 됐어 fo' sho'

[Post-Chorus]
Thanks, be my lady, lady, lady
Girl, you're my one and only
Thanks, be my lady, lady, lady
Girl, you're my one and only

[Verse 1]
Uh, 널 만나기 전엔
난 철이 없어서 하룻밤만을 원했던
아이였고 그저 감정 없는 하루가
지나감 뭐해 여전히 안 변하는 마음과
No love girl, no love
했던 내가 이제 너와 둘이 어울려
About ya get to know ya
너를 알아가고 싶어졌어 점점
When I was fuckboy
이 순간만큼은 너의 참견이
필요해 고마워 이제 맘 편히
너만 바라보게 됐어 이젠 잠 편히
잘 수 있어 너와 함께라면 두렵지 않아
너로 인해 단점들이 줄어가는 나
힘들어서 욕도 입에 달고 살던 날
넌 나의 role model 영원한 걸 믿어 난

[Pre-Chorus]
She taught me how to love
사랑을 안 믿었었어
She taught me how to love
사랑을 가르쳐준 너
She taught me how to love
사랑을 안 믿었었어
She taught me how to love
사랑을 가르쳐준 너, oh

[Chorus]
She taught me how to love
사랑하는 법도
난 사랑을 깨달아버렸지 too slow
She taught me how to love
사랑하는 법도
But 너만 바라보게 됐어 fo' sho'

[Post-Chorus]
Thanks, be my lady, lady, lady
Girl, you're my one and only
Thanks, be my lady, lady, lady
Girl, you're my one and only

[Verse 2: Jhnovr]
너무 익숙해진 가벼움 속에
꼬여가던 날 잡아줬던 너에겐
그 어떤 상처도 남아있지 않게
I'll show you love
Can put you on a flight, babe
널 위해 내 전화기를 꺼놔
대화가 마르지 않게
아무것도 필요 없어 너와
있는 순간엔 nothing
Yeah, you're my one and only, girl
She taught me how to love
이전에 나를 비워 for your love

[Pre-Chorus]
She taught me how to love
사랑을 안 믿었었어
She taught me how to love
사랑을 가르쳐준 너
She taught me how to love
사랑을 안 믿었었어
She taught me how to love
사랑을 가르쳐준 너

[Chorus]
She taught me how to love
사랑하는 법도
난 사랑을 깨달아버렸지 too slow
She taught me how to love
사랑하는 법도
But 너만 바라보게 됐어 fo' sho'

[Post-Chorus]
Thanks, be my lady, lady, lady
Girl, you're my one and only
Thanks. be my lady, lady, lady
Girl, you're my one and only","","","","",""
"SLUTT WANT HOE","D.Ark","162VE85rm7zQbFJM6yJMuH","[디아크 & Limited1 ""SLUTT WANT HOE"" 가사]

[Intro: Limited1]
Shawty smoke the blunt same
She wanna suck my dick
24/7 outside workin'
Makin' bills and bills
We just fuckin' round
She ain't never gon' get my kissed
내 현찰 보고 she wanna fuck and gon' leave
My pinky ring weigh too much
My hand numb, I got ransom
This money fuckin' anthem
I smoke shit, yeah, bitch
I won't get cancer
I smoke shit, yeah, bitch
I won't get cancer

[Verse 1: D.Ark]
난 클럽에서 걍 돈을 버려
해가뜨면 누구냐는듯 걍 모른척해 버려
이건 우리둘만 아는 너만 좋았었던 추억
어서 니 남자에게 돌아가 다시 받아와 구원
난 스무둘에 자이 아파트에
내 밤의 속도는 andante
술은 사줘도 내 맘은 못 갖네
짠 해봐 잔에 이 *들은 짠해
Yeah, she wanna umm
또 빈속에 소주
She wanna umm
또 빨아대 킁
난 못 알아 너가 누군지
알 생각은 굳이 없어
My bitches bad and bougie
She wanna jujitsu

[Chorus: D.Ark]
I want slut, I want hoe
I don't wanna love
I don't trust your love
I want slut, I want hoe
I don't wanna love
I don't trust your love
I want slut, I want hoe
I don't wanna love
I don't trust your love
I want slut, I want hoe
I don't wanna love
I don't trust your love

[Verse 2: Limited1]
She want my ****
But I never get my
Fuckin' bad and bougie
Copped her fucking crib
And can never walk'n sight on me
Let's fuck her on the private jet
See the opps, l fuck it up
She geekin', geekin' sneaky
Bitches fuck my diggin', diggin'
Dirty bitch, tryna get in my pants
Trust your love
Got some money and shit on my peers
Call it Savage Killa
Hop out the RJ straight
Go tour to my pants
내 이름 팔지마 우린 아냐 팀

[Chorus: D.Ark]
I want slut, I want hoe
I don't wanna love
I don't trust your love
I want slut, I want hoe
I don't wanna love
I don't trust your love
I want slut, I want hoe
I don't wanna love
I don't trust your love
I want slut, I want hoe
I don't wanna love
I don't trust your love","","","","",""
"1010(天天) (feat. TRADE L)","D.Ark","6JpUDIXviQtSSjNv1XDfJA","Money like darkrp straight to my hands steady how im printing it
Mama told me better days would come from the work my hands depend in
Couple pictures drawn out through the pen of my hands with descriptions
I deliver work deep down from my chest cause i know its really all i can give

Sitting in an office doing puzzles someones really been invested
And lately, ive been having trouble telling dreams from real perceptions
Neglected- yet we accept it
Lifе easy yet correctеd
Dont even get me started on the places i left my mess in
I'd lie if i said i was beyond- made of flesh, when i say it i meant it
I don't got time for a beating or confessionals masked as arresting's
No greetings for you dogs- im alone and left with no besties
Yet deuces still remain- live a good life and dont feel tested

Head out the window bitch is driving im fantastic
I rip another out, cough it out i be the baddest
Case enfoiled rip it out, no we ain't smoke no plastic
Rain or shine, we still be out no creeping up in attics
Better days we out attain i cannot be no addict
Dont pull that trigger brother, life is worth without the spazzing
I feel that hurt you're going through, you're stronger than elastic
They're up for days training you to only be ecstatic
Need a lady friend eating salads with some cabbage
Dont fuck with weird bitches broke dudes or silly .....
Critics eat my ass like the freakiest of savage
I'll take a handout only if its just for passion
Need no game to fuck your bitch we steady been smashing
I finesse a princess and drop the stacks on a ratchet
When i wake up in the morning i slay a dragon
Fuck everyone, fuck the communists and fuck the fascists
I created life from my birth and my ecstatic
I came and go- went and died and thats fantastic
I came and go- went and died and thats fantastic
I came and go- went and died and thats fantastic
I came and go- went and died and thats fantastic
I came and go- went and died and thats fantastic
I came and go- went and died and thats fantastic
I came and go- went and died and thats fantastic
I came and go- went and died and thats fantastic","187.826","0.909","0.487","-4.092","0.293"
"AFTER 00 (feat. JI HYEON MIN & OSUN)","D.Ark","05ikARyEu2jIVBJW9g20UA","[디아크 ""AFTER 00"" ft. 권오선 & 지현민 가사]

[Verse 1:  D.Ark]
솔직히 말할게
한국 힙합 신에
우리보다 잘하는 좆만이들 못 봤어
이 바닥에 좀만 떴다 하면
연예인 병들이 쩔어서 다들 맛 갔어
겸손 따윈 존나 알아
언제나 OG들한테는 숙이고 충성
인터넷 웅성 방구석 전문가들이
또 자칭 랩잘알
Yeah bitch I'm ball out
15살에 콰형의 피처링 all out
이젠 용돈 안 모아
이건 쇼미 올패스와의 아름다운 조화
주작 더 머니 나가서
Top 12까지 살아남은 어린 자타 공인
난 어릴적부터 매일 화제 인물
너보다 잘 먹고 잘 살아서 enjoyin
주작 더 머니 yeah I'm so sorry
프듀로 부르면 절하고 나갈게
난 절대 안 포기
어쩌면 우승자보다 난 논임
난 조회수가 많으니 내 친구들 랩 잘하니
들어 이 막귀새끼들아

[Verse 2: Ji Hyeon Min]
시간은 갔지 올려 템포
난 없이 자라왔어 누가 mento
다 인스타그램 할 때 난 먹어 반도
내려 바지 pull up with fam 또 땐 불
니 리스너 보다는 낫지 내가 너랑 같냐 난 No 레이블
다들 pussy 같이 놀 때 이미 block that bitch
원한다면 바로 fight me I ain't talk that shit
통장에 눈이 쌓여 like I'm 박대기
니 남친 배고파서 바로 또 담배 핌
원래 이런 새끼 난 또 밤을 새워 갈아줌
헛짓거리 했지 병신 새꺄 없어 가로등
Racks on 됐어 이미 바껴 파란불
돌고 돌아 계속 벗어날 수 없지 파도풀
Lay low 안 무서워 니 purge
Bite him 세게 cause I'm a dog
비싼 걸 입었지만 you just nurd
매일 카페인 과다복용 반복

[Verse 3 - OSUN]
니네들이 나를 어떻게 생각하든
나는 꼴 받으면 작업실 박혀서
안된다는 말했던 새끼들 족치려
잠을 자야 될 때 가사 써
I'm makin' a new shit
Maybe I'ma better than you bitch
굳이 자랑 안 해도 돼
나 역시 너랑 똑같은 조건으로 밟혔어
3차떨, 그래 그게 뭐가 중요한데
떨어져놓고 너보다 돈 벌어
Okay, I'll be the fuckin' legend
All set up, go get 'em
나도 질렸어
It doesn’t matter “MMM” 아니라면
Turnin' up like ur motherfuckin' head
17살에 찍어
백 단위, 천 단위 그럼 boss
아니 그런 마인드는 버릴게
17살에 힙합 신에 들어온 놈
그게 나 OSUN
노는 물이 달라 적응을 못한 거로
사과는 안 해, yo
Goal, Infinity 배불리 맥이지
한국 먹고 미국으로 떠 fam wit him
재껴 니 track CD
반응할 팬들이 개소리 할 때까지
Workin’ all day, shit
I'm tumbling, switching
Flipping, son of bitch
Yall didn't give me nothin'
난 걔네 필요할 때가 없었지
없었어, 진짜로 병신아 알아놔
Chill wit mf headache
얼마나 커지나 보자고 최대
정상 이상이니 don't worry 'bout it
내 위치는 니네 말고 내가 정해","","","","",""
"취기에","D.Ark","0MrVXA7NPvJib1tJC866et","[RYUL ""문제"" ft. 김승민 가사]

[Chorus]
뭐가 문제였는지
아직도 모르겠어
어제까지는 괜찮았지 but
내일은 네 곁에서
일어나고 싶은데
할 말이 남았는데, oh
참 우리도
다를 건 없는 듯해

[Verse 1]
또 왜 그래 너 어?
피하는 거야 또
다 널 위해서
노력한 건데 난
전할 수 없어 불러 또 노랠
사람 하나 가지고 넌 뭘 겁내녜
사랑 같은 것 전부 다 뻔해
라고 했던 게 분명 엊그제 같은데

[Pre-Chorus]
다 의미 없대
지워야 한대
너 없는 밤에
하나둘씩

[Chorus]
뭐가 문제였는지
아직도 모르겠어
어제까지는 괜찮았지 but
내일은 네 곁에서
일어나고 싶은데
할 말이 남았는데, oh
참 우리도
다를 건 없는 듯해

[Verse 2]
시간은 야속해져
같은 하늘, 같은 공간에 구속돼서
너의 쪽에 속해서, 취기에 혹해서
너무 많은 말을 뱉어 전부를 걸어버린 듯해
턱 밑까지 차올라 숨 방향을 잃어 그래
우리 흔적들을 치우려다 뒷걸음쳐서 그래
지기 시작해 해 with my scars, feel like Scarface
혼자 남은 방 안에, I'm lost in the dark space

[Verse 3]
Blank face in the dark, 무뎌진 시간 속에
Day on day, then night 아직 잠에 못 든 채
체념 속에 날이 선 채 헤매 난
빛 쬐어 어둠으로부터 구해줘
시간이 더 필요하다면 와서 내 거 덜어
그 어떤 영문 하나 모른 채 어떻게 널 다 털어?
사이를 재단해 대 넌
And I 찢겨 나간 이유를 아직도 몰라, baby

[Chorus]
뭐가 문제였는지
아직도 모르겠어
어제까지는 괜찮았지 but
내일은 네 곁에서
일어나고 싶은데
할 말이 남았는데, oh
참 우리도
다를 건 없는 듯해","","","","",""
"아침","D.Ark","1uTDYTjySenBx9vqjXgfuy","[Chorus: pH-1]
I’m alive in the night time
Chain on my neck shining
Turn the lights out
보기 싫은 건 안 봐
쓸데없이 여길 둘러싸는 싸움판
Clout gang Insta gang 죄다 별루
쉐도우 복싱 링 위에서 하라 해
몰래 질투한다에 손목걸구
Jealousy in your face can’t hide that

[Verse 1: pH-1]
불을 꺼야겠어 turn the lights out
I be on the way, I’m beyond the lane
I’m too underpaid 쏟아부어 마치 탄산
바삐 움직일 때 너흰 잡지 이미 지나간 남은 잔상
Make money when you keep snoozing
I be skrt skrtin when I keep cruising
Imma pull up in the scene in a pink Stussy
Fresher than a Jiro sushi ,have somebody introduce me
준비됐다던 애들은 대체 어디에 숨어있냐구 yea
수면에 떠오른 수많은 플레이어 They don’t stay up, no yeah
이유는 변한 게 아냐 원래 전부터 걍 구린거라구
최면에 걸려, 생기는 권력 누구나 돈이 벌려
Too many times, too many, too many times
Selling too many rhymes, too many lives, yea
Too many lives buying too many lies
불 꺼 누가 빛이 나나 구별
눈떠 네가 진짜라면 glow up

[Chorus: pH-1]
I’m alive in the night time
Chain on my neck shining
Turn the lights out
보기 싫은 건 안 봐
쓸데없이 여길 둘러싸는 싸움판
Clout gang Insta gang 죄다 별루
쉐도우 복싱 링 위에서 하라 해
몰래 질투한다에 손목걸구
Jealousy in your face can’t hide that

[Verse 2: Chang Sukhoon]
좋은 아침 but it's dark out
대학교는 졸업해도 I maneuver like a dropout
늘 계획 하는 Tony Stark clout
Gotta, drop by the club say 안녕 and then get out
Cuz wowee, all these DM's are here to trick or treat
Happy Halloween, may I get the 병언 피처링?
Ch-ch-ch-change, Hydralisk for a night spit purple rain
My pH level's getting high
And even higher baby whatchu gonna do?
Rookies turn into red velvet cake when I peek a boo
Cuz I'm sicker than blue velvet Dennis Hopper cannibal
Peeping any type of flow, eat it up like 불짬뽕
Morpheus I sit em down, I'm just here to play my role
Shining like a traffic light, let me show you where to go
From the Henz to the MODECi
나의 별명은 수위아저씨 cuz

[Chorus: pH-1]
I’m alive in the night time
Chain on my neck shining
Turn the lights out
보기 싫은 건 안 봐
쓸데없이 여길 둘러싸는 싸움판
Clout gang Insta gang 죄다 별루
쉐도우 복싱 링 위에서 하라 해
몰래 질투한다에 손목걸구
Jealousy in your face can’t hide that","110.027","0.878","0.637","-9.568","0.86"
"김우림(金雨霖)","D.Ark","1j5uAP4deNnDWyrkyxSxMM","In the temple of mourning, away from light
Where the beloved ones reside
Chasing immortality, chasing your desire
For your dreams with Lilith Vampyre - you'll die

To embrace eternity, you'll die
Beyond the misty fog, in the darkness might
She waits for you in delight
Among ravens and gravestones
Thirsty for your blood and wine
She pleases herself with your vitality

And in the dark you die (die)
In the dark you die
In the dark you die

Beyond the misty fog, in the darkness might
She waits for you in delight
Among ravens and gravestones
Thirsty for your blood and wine
She pleases herself with your vitality

And in the dark you die
In the dark you die
In the dark you die
In the dark you die
In the dark you die
In the dark you die
In the dark you di
In the dark you die
In the dark you die
In the dark you die
In the dark you die","","","","",""
"트랩중딩 (Feat. The Quiett)","D.Ark","1jnIupjubdxk8YQ5wLnF7k","[Chorus: The Quiett]
Trapped since I was 15
공책에 단어들을 whippin'
되고 싶지 않았기에, 직딩
돌잡이, 돈 pickin'
King of the new school right now, yeah
King of the new school right now, yeah
Lil' Quiett get money right now, yeah
D.Ark get money right now
트랩중딩, he just tryna get some paper
그에게 진짜 수업들은 학교 밖에 있어
트랩중딩 got that Gucci backpack
학교 끝나면 뒷자석에 타지, Maybach, woah

[Verse 1: D.Ark]
그래 내 나이는 19
앞으로 몇 년도 난 하이틴
너가 물고 빠는 래퍼들은 늙어빠진 아저씨들, 코앞 30 바라보는 나이지
물론 콰형은 아냐, he's fuckin' legend
이 노래 듣고 웬 또 나이 얘기
밖에 못해, 타자를 해대지
그래도 넘친 거 기회 난 아직 애기임, uh
필요 없어, 너네 feedback, uh
해본 적 없어 난 대필, uh
14살부터 믹테, uh
혼자서 믹싱 작업, umm
물론 도움들 많았지, umm
대신 필요 없는 피드백, umm
대신 필요 없는 피드백 따윈 집어쳐, 내 아이폰에 넘쳐나
나 verse 16 not fake
네 주둥아리 닦아, 날 판단은 마
난 내 맘에 드는 걸로 모든 걸 골라내, 이게 바로 래퍼의 삶
D to the Ark 내 rappin'은 everyday
Now everyday, 단걸음 pay
Now kill the fake
난 즐기면서 모든 걸 걸고 했어, kick that shit

[Chorus: The Quiett]
Trapped since I was 15
공책에 단어들을 whippin'
되고 싶지 않았기에, 직딩
돌잡이, 돈 pickin'
King of the new school right now, yeah
King of the new school right now, yeah
Lil' Quiett get money right now, yеah
D.Ark get money right now
트랩중딩, he just tryna gеt some paper
그에게 진짜 수업들은 학교 밖에 있어
트랩중딩 got that Gucci backpack
학교 끝나면 뒷자석에 타지, Maybach, woah

[Verse 2: D.Ark]
Cuz I'm a trap kid, what
Who can versus me
너네는 돈이 쉽게 들어오니, 누가 좀 알려줘, uh
일리네어, bigger, bigger, bigger, umm
악플들은 비켜, 비켜, 비켜, umm
너네는 랩을 똥꼬로 듣냐, 난 떳떳하게 여기까지 올라왔어
이미지, get the fuck off
난 그딴 거 안 키워, 급식 래퍼들이
잘 나간다 하면 배알들이 꼴려서
이도 저도 아닌 물타기 댓글들이
그저 나한테는 상처만 되는 거, 너네는 깨달아봤어, uh?
Fuck that 주작더머니
난 돈 쓴 적 없어, 당당히 왔어
앞으로 보여줄게, 더 배로
보여줄게, 두 배로
방송으로만 판정 짓지 마, 그런 애들과는 감정 낭비야
늘 타일러 줬던 형들 덕이야, 자신감 쩔어, 그래 욕 먹어
15 때부터 너네 대체 뭘 하고 자빠졌니
그래, 난 바로 천재야, what

[Chorus: The Quiett]
Trapped since I was 15
공책에 단어들을 whippin'
되고 싶지 않았기에, 직딩
돌잡이, 돈 pickin'
King of the new school right now, yeah
King of the new school right now, yeah
Lil' Quiett get money right now, yeah
D.Ark get money right now
트랩중딩, he just tryna get some paper
그에게 진짜 수업들은 학교 밖에 있어
트랩중딩 got that Gucci backpack
학교 끝나면 뒷자석에 타지, Maybach, woah","","","","",""
"FXXK","D.Ark","28eJPMwdECzZsdsIAN7Qj8","[Hook]:

Разъебало, разъебало, разъебало, эй
Разъебало, разъебало, разъебало, эй
Я ссу на твою гвалу, на ебало, эй
Разъебало, разъебало твою шмару, эй

Заебала, заебала, заебала, эй
Заебала, заебала, твоя шмара, эй
Я - плод твоих кошмаров, под Chaz Guapo, эй
Разъебало, разъебало, у, эй

[Verse]:

Эй, ты не спишь опять из-за меня
Твоя шкура снова у меня
Тебе нужна порка, тебе нужно, блять, ремня
Мы подлетаем на район к тебе ""Узнал ты, блять, меня?!""

Твоя мама звонит, у нее проблема - это ты
Купил ей iPhone восьмой, хочу с ней рушить все мосты
Мой cellphone ломается от хейтеров и блядских сук
Я - Kizaru для хип-хопа, вы, не лезьте, блять, в игру

Этот жесткий, блять, trap shit выносит вас, поганый мусор
Твоей, блять, шалаве, интересно, как на вкус я
Твоя банда - это трусы, пидорами ты покусан
Со мной банда белорусов, и Guvapov - здесь Конфуций

Я - все, то из-за чего боишься, сука, спать
В гараже, кроме машины есть еще вот пять лопат
Я не чищу, сука, снег, это все в дело пригодится
Когда я к те выезжаю, остается тольк молиться, эй

[Hook]:

Разъебало, разъебало, разъебало, эй
Разъебало, разъебало, разъебало, эй
Я ссу на твою гвалу, на ебало, эй
Разъебало, разъебало твою шмару, эй

Заебала, заебала, заебала, эй
Заебала, заебала, твоя шмара, эй
Я - плод твоих кошмаров, под Chaz Guapo, эй
Разъебало, разъебало, у, эй","","","","",""
"SHE'S GONE(feat. BE'O)","D.Ark","6QAhK5nwE4T9xKoTeS3SFh","[디아크 ""바람펴서 미안해"" ft. 비오 가사]

[Chorus: D.Ark]
She's gone, she's gone, she's gone, she's gone
바람펴서 미안해
나 홀로 버려둔
그 자리에서 머물게
She's gone, she's gone, she's gone, she's gone
바람펴서 미안해
난 그 의도가 아냐
제발 용서 바랄게

[Verse 1: D.Ark]
그 의도가 아냐, girl
문자 몇통이 다야, girl
너의 낮에 너의 밤에
집착을 했었던 난
솔직히 짜증났어, 난 맘이 아퍼
너가 친구들이랑 club에 술을 먹고
웬 남자 놈들이 네게 다가가도
너는 내게 답장이 두시간은 없고
Baby, that's all
내 변명이니 돌아와줘
맞아 누가 뭐라해도
내 잘못인걸 알아도 용서해줘
넌 날 잘 알기에
매일 너만 만났기에
너와 함께였던 시기로
돌아가게 해줘, I miss ya, Vivi

[Chorus: D.Ark]
She's gone, she's gone, she's gone, she's gone
바람펴서 미안해
나 홀로 버려둔
그 자리에서 머물게
She's gone, she's gone, she's gone, she's gone
바람펴서 미안해
난 그 의도가 아냐
제발 용서 바랄게

[Verse 2: BE'O]
너는 봤기에 나의 차 뒤에
딴 여자와 또 화기애애
알아서 하길 바랬지만
숨이 턱 한 여름에도 추워
Love, 그딴건 도움이 안돼 역시
나도 많이 헷갈려서
이런 사랑 처음해봐서
그게 사랑인줄 몰랐어
나 나빴어 맞어 봤어
숱하게 만났던 사람들관 different
I've always been waiting for someone like that
Late check out
Hotel front에다가
전화해 물어봐
내가 언제 나갔나
나 혼자 blah-blah
떠들어봤자 내 입만 아파
너 나빠 한마디에 바빠
이제 끊자 bye-bye
아닌데 진짜 아닌데
넌 자꾸 더 더 더 더 확인해
벌써 밤이네 톡이 와있는걸보니
낮에 한 말이 다 거짓말이어도 넌 날

[Chorus: D.Ark]
She's gone, she's gone, she's gone, she's gone (She's gone)
바람펴서 미안해
나 홀로 버려둔
그 자리에서 머물게
She's gone, she's gone, she's gone, she's gone
바람펴서 미안해 (미안해)
난 그 의도가 아냐
제발 용서 바랄게 (Ooh)

[Outro: D.Ark]
용서 바랄게
용서 바랄게
용서 바랄게
용서 바랄게
Oh, no
Oh-oh-oh
용서 바랄게","137.18","0.559","0.416","-10.751","0.152"
