"title","artist","spotify_id","lyrics","bpm","energy","danceability","loudness","valence"
"Arirang","kaogaii","1Ub39u2U3z8VcTVRQhYZzn","Madilim na ang gabi
Ngunit patuloy kang nagsabi
Ng iyong nadarama
Kahit na alam na ang sagot

Bakit ba lagi na lang
Puro siya laman ng kinukwento?
Kahit na nasasaktan
Pinilit ko na lang tanggapin

[Chorus]
Ang awit ko sa inyo
Sana ay bawiin niyo
Ang hapdi, at sakit
Na dinulot niyo sakin

Ibalik mo ako
Sa tunay na mundo ko
Ang ngiti niyong dalawa~

[Chorus]
Ang awit ko sa inyo
Sana ay bawiin niyo
Ang hapdi, at sakit
Na dinulot niyo sakin

Ibalik mo ako
Sa tunay na mundo ko
Ang ngiti niyong dalawa~","84.978","0.2189999999999999","0.375","-14.078","0.392"
"Till I Die (Feat. KHAN)","kaogaii","2Ej5DF5dI8Lniv8WCry1w7","[Intro]
Oh oh
Makes me wanna go
Makes me wanna go-oh

[Verse]
Yes, one coffee, no sugar, no cream
I like these chords and I like caffeine
Music is delish, if you know what I mean
Make some noise if you're livin' the dream
Birth to death, kawaii till I die
Future funk groove and a bit of lo-fi
Friends to the end, together forever
85 degrees, it's city pop weather

[Pre-Chorus]
Feel the groove
Bust a move, yeah
Let's feel the groove
We'll dance away up to the moon

[Chorus]
Woah oh oh oh
This music makes me go
Makes me wanna say hello-oh, hello-oh
Woah oh oh oh
This music makes me go
Just gotta say hello-oh

[Verse]
Green Hill Zones and Rainbow Roads
Got more lives than I got cheat codes
Magic worlds, dress up clothes
Intergalactic radio
Freeform broadcasts, alleyways
Scratching records every day
Supersonic tunes forever
Cruising with [?]

[Pre-Chorus]
Feel the groove
Bust a move, yeah
Let's feel the groove
And dance away up to the moon

[Chorus]
Woah oh oh oh
This music makes me go
Makes me wanna say hello-oh, hello-oh
Woah oh oh oh
This music makes me go
Just gotta say hello-oh

[Interlude]
Hey!
Hey what's up?
Do you think you can make it today?
Oh yeah, sorry, I'm in traffic
Alright, alright, no problem
Oh, I'm wearing our matching shirt
What? Oh my god, I can't wait to see you!
I know, it's been so long
Right? Ok ok
Ok, see you later

[Chorus]
Woah oh oh oh
This music makes me go
Makes me wanna say hello-oh, hello-oh
Woah oh oh oh
This music makes me go
Just gotta say hello-oh

[Synth Solo]

[Chorus]
Woah oh oh oh
This music makes me go
Makes me wanna say hello-oh, hello-oh
Woah oh oh oh
I feel it in my soul
Just gotta say hello-oh","115.952","0.906","0.787","-3.936","0.374"
"Go Insane (Feat. Loopy)","kaogaii","0D1XTPsaKK6uDjlGz0ZYRE","[가오가이 & 키츠요지 ""돌+I"" ft. 루피 가사]

[Chorus: kaogaii, kitsyojii]
당연하지 woah, yeah, 당연하지 woah, yeah
당연하지 woah, yeah, 당연하지 woah, yeah
당연하지 woah, yeah, 당연하지 woah, yeah
당연하지 woah, yeah, 당연하지 woah, yeah
난 또라이, 난 또라이
난 또라이, 난 또라이
난 또라이, 난 또라이
난 또라이, 난 또라이

[Verse 1: kaogaii]
난 또라이, 예술한 보람이
드럼 위에서 놀았지 근데 돈이 따라 오다니
내 딕션 미친거녜 너 내 과거를 잊은거니
존내 딸배 뛰며 컸으니 당연히 쩔어 내 delivery
아 그래 난 말했어 soccer is hobby 태극기 뒷자리 펄럭 말이 좀
안 돼도 내가 하니 박수를 받지 출연료 더 줘라 댓글에 난리
Camera 돌면 다 구라치기 바뻐, 뒤에선 손가락 하트
난 솔직해 나만 뜨고 파서 기도해 덕소만 오르길 아파트 값

[Verse 2: kaogaii]
뇌 안 거쳐 내 필력 번역기 안 빌려
한글로만 찢어 멋진 직업
맨 정신인 적 없어 그래 충동 구매 여전해
한우 자주 먹어 그만큼 벌어
난 계산 못 해 수틀림 돌아버려 눈깔이
근데 또 애들은 늘 따르지 왜냐 난 많아 술값이
너 미칠 자신 없으면 빠르게 딴 직업 구해봐
난 돌아있지 다시 태어나면 넌 랩 할거냔 질문에 난

[Chorus: kaogaii, kitsyojii]
당연하지 woah, yeah, 당연하지 woah, yeah
당연하지 woah, yeah, 당연하지 woah, yeah
당연하지 woah, yeah, 당연하지 woah, yeah
당연하지 woah, yeah, 당연하지 woah, yeah
난 또라이, 난 또라이
난 또라이, 난 또라이
난 또라이, 난 또라이
난 또라이, 난 또라이

[Verse 3: kitsyojii]
최고가 될 때 까지 절대 안 멈춰, yeah
아니 최고가 된 것 같아 난 벌써
단지 사람들이 모를 뿐 그럼 알려 짜치는 바이럴 대신
다들 쥐어 짜낸 챌린지 찍을 때 나만 진짜로 challenge
도전해 내 자신 다음 세상 다음 하늘
하나님도 제껴 명수옹보다 더 악마의 아들
Rapper들이 받고 싶은 딱지는 공인
너희나 해 난 원해 내 실력의 자타공인

[Verse 4: kitsyojii]
허슬이 뭔 대수라고 내게 또라이래
내 눈엔 너희가 병신이고 나만 정상이네
So go to the top 빅뱅 T.O.P 는 아니야
맨날 윗 쪽만 바라보지만 GOP 는 아니야
한국에서 지 꼴리는대로 사는게
그걸로 돈을 버는게 이건 돌아야 가능해
너도 니 똘끼를 꺼내 진짜 원하는 게 있다면
난 최고가 될거야 자문자답 답은 당연

[Chorus: kaogaii, kitsyojii]
당연하지 woah, yeah, 당연하지 woah, yeah
당연하지 woah, yeah, 당연하지 woah, yeah
당연하지 woah, yeah, 당연하지 woah, yeah
당연하지 woah, yeah, 당연하지 woah, yeah
난 또라이, 난 또라이
난 또라이, 난 또라이
난 또라이, 난 또라이
난 또라이, 난 또라이

[Verse 5: Loopy]
절대 못 말려 아무도 머리 위에 꼭지가 돌 땐 (Yeah)
노려봤어 두 눈 얘네가 내 짐을 뒤질 때도 (Fuck 'em)
Fuck a manner if I feel 이건 아니지, tryna off the leash
안 재고 가 straight bit, blat, big black on ,yeah
겪어봤어 전부를 나 now, 바닥에서 위로 또 점프를
비밀이 아냐 my mama 엄마 아들 TV 나와 걍 대충 했지
Fuck other rappers 할 수 없어 너흰, do like me? nobody
빙빙 돌려 말 안해 꺼져 꺼 너의 career, come
아물지 않는 scar 두고 나가서 싸워 이기지 다음 round
지켜 내지 곧 난 뱉은 말 second round, take this shit my lesson
Now you get it 길어 내 싸움 I die winnin', 없어 나 혼자야 다구리
난 또라이지 아냐 까불이 넌 불편하지 이 발음이","141.007","0.981","0.703","-5.76","0.109"
"Where You At (Feat. Kohway)","kaogaii","0Ck7t2hFDZJtetBHJjcR6N","[가오가이 & 키츠요지 ""Where You At"" ft. 코웨이 가사]

[Chorus: Kohway]
You got to know, 달라진 날 봐 (Hey)
Too many calls, 난 이제 바빠 (Hey)
Stack it, stack it, stack it up, 이게 사는거지 alright
Playboy 더는 아냐, yeah, I don't lie
Where you at? Ooh, baby
Where you at? Don't worry
Where you at? 전화와도 말할게, I'm sorry
Where you at? Alright
Where you at? I don't mind
Where you at? Ooh baby
Come and teach me how to love

[Verse 1: kaogaii]
Where you at? 나는 집에
옆에 내 wife는 나의 식객
어깨엔 분유 자국 with baby
Okay, 나 해냈어 위기일 때
매일 같이 울어줬어 넌
안 무너졌어 영원하겠단 그 약속 지켜냈잖어
연고를 발라줬어 넌
다 나를 긁었어도, 그래 뭐 괜찮어 돈 버니 됐잖어
내려갈 일 없는 roller coaster (Ooh-oh)
내 얼굴이 박힌 공연 poster (Ooh-oh)
예능 나가 멍청 떠는 내 모습도
두 여잘 위해 벌고 써, 세무사는 장부를 적고있어, 시장님과 밥 먹고있어
많이 배 아팠음 해 나 망할거라던 잡것들이
왜 빨고 있어? 내 작업실 이제 환전소가 되어 잠궜어
내가 된다 했잖아 넌 괴로워 해
난 항상 여깄어 그래서 넌 지금 where you at?

[Chorus: Kohway]
You got to know, 달라진 날 봐 (Hey)
Too many calls, 난 이제 바빠 (Hey)
Stack it, stack it, stack it up, 이게 사는거지 alright
Playboy 더는 아냐, yeah, I don't lie
Where you at? Ooh, baby
Where you at? Don't worry
Where you at? 전화와도 말할게, I'm sorry
Where you at? Alright
Where you at? I don't mind
Whеre you at? Ooh baby
Come and teach mе how to love

[Verse 2: kitsyojii]
Where you at, my honey? Where you at, my shawty?
평생 물음표 살인마 I don't know what love is
근데 지금 여기 내 앞에 넌 서 있지
환영해 my baby, do you love me? 그럼 show me
돈을 벌어도, career 펴져도
사랑은 놓쳤었던 내 안 늘 허허벌판
그녀들 떠나며 내 마음에 남긴 scratch (Scratch)
Band 열풍이 불어도 거기엔 못 붙였던 band (Band)
그 때 너가 내게 나타나준거야 in the club
2NE1 컴백보다 반가워 nice to meet you, girl
건배 dancin', 너무 잘 맞는 talkin'
Fallin' in love, club인데 둘이서만 번지
Baby, check my swag (Swag)
Look at you, you bad (Bad)
Baby, what's your ETA? What's your ETA?
시간 맞춰 마중 갈게 baby, where you at? (At)
다시 만나 허나 and 아냐 endgame of love

[Chorus: Kohway]
You got to know, 달라진 날 봐 (Hey)
Too many calls, 난 이제 바빠 (Hey)
Stack it, stack it, stack it up, 이게 사는거지 alright
Playboy 더는 아냐, yeah, I don't lie
Where you at? Ooh, baby
Where you at? Don't worry
Where you at? 전화와도 말할게, I'm sorry
Where you at? Alright
Where you at? I don't mind
Where you at? Ooh baby
Come and teach me how to love","82.035","0.711","0.722","-4.769","0.5479999999999999"
"Big Mouth","kaogaii","0kOWQfQB7GaMJNFUZcegTq","[Intro]
(This is the only way)
(I don't wanna stand out)
(I don't feel like it)
(Bless the sing)
(Yeah, uh-huh)

[Verse 1]
Yeah-yeah-yeah
Nan hon mo narabu sekizui no aida kara
Nozoita jibun to onaji katachi ikimono
Annojou erabu tekisei suteejigawa
Kizuita jibun no mogaki wakai shita mono wo
Anata ga maeteru sono hako
Izen watashi ga suteta karabakodesu
Anata yori mae deru kanarazune
Sou it's a deal mayowazune
Warui hitone sekai kara nige
Make your choice
Muketeta focus
Kako no tigerhorse ni
Kusa bakka hayashiteru kuse
Tada boukan shiteru kai ga nai omae kara no
Hate heart
Oh shit! Mo uii?
Oshimai? Madada
Tarinai nda keiken
Tarirara singing de
Fu tokuina lyric
Futtekuru no gimikku
Shinnen ga an ya
Shin sekai angya

[Verse 2]
Chakuchi shita tokoro eiridatta dake
Te wa chimamire tada nadete taita dake de
Misuteiku misutezu ni aishite itadakete
Zenbu haita iete mo kizu wa iezu ni (Betsu ni ii)
Subarashii mono ga afureteruyo yononaka
Demo tadashii mono kakehanareteru naze ka
Tehodokida misadamena yoi kyoku
Memotorina wasurenna hikkiyougu
Kyoku hikkyou ikkyou top
Dekinaiyo seebu
Kaitokuyo hansei bun
Hazeru mata aoi inu
Atama ii riyuu narabete wa zuibun deokureta kore abaren bouseibun mo
Kami kara no gifuteddo iitai yatsu wa iwasude mo bera bera wa shabenna
Peraperana naiyou wa
Sanso muda hansokuda
Choushi dou? Nee? (Ha-ha-ha)
Chou shindoine

[Chorus]
I don't wanna stand out
I don't feel like it
Demo utaunoyo ok?
The only way
I cannot be mistaken
Nanimokamo sute
Beats per minute don't stay
The only way

[Verse 3]
""Good boy"" soune go zonchi no touri
Zenbu ""gyoi"" hoka ni kyoumi wa nai saishuu kai shikou teishi hayai
Keep going kamisama no iu touri
Mada hajimatta bakka kono beat prelude
Mawari yoku mite kuuki yome don't be rude
Osoruosoru kakidashita atarashii preview
Wasurezu ni tatakikomu hito nin avenue
Sou! Kore ga ongakudeshouga
Nanto shite mo en tame de shouka wa sasenai
Dare shimo bassenai
Hontou atte yokattayone
Kono kankyou de oto ni noreru
Tonde koko ni oreru
Daijina choushuu ga iru (Namida)
Maiku nigiru
Kimo ni meijiru itsu mo wasurechaikenai
Watashi hiriki megumareta mawari

[Verse 4]
Wadai kassarau hodo no sainou
Wanai sakarau koto mo fukanoudashi
Ba nai tappa aru ka? Kuyashiku mo no kedo dasai sakkon demo Utaitaino
Imada katsute nai da
Hajitenai song kore ga kuden ya
Tsutaetekure n ka
Sutoraiki
Okosase n zo riaru de
Hokore senzo DNA
Sadamerareta shinario
Gotsugoushugi no kagamiyo
Genjitsu tekina nakami wo
Dokozo no aho ga mitaino?
Koko made no baasu watashi ita ni tsuita
Koko made nobashi anata kita itsuita?
Doko made no kashi kyoyou? Jou itetsuita
Soko made no yatsu dare ga kitai shiteita?


[Chorus]
I don't wanna stand out
I don't feel like it
Demo utaunoyo ok?
The only way
I cannot be mistaken
Nanimokamo sute
Beats per minute don't stay
The only way

[Outro]
Maiku, doroppu
Mikata ni
New gap
Monogatari
Big up
Wasurezu ni
The only way
What's up? Kigen ukagai
Big mouth
Wa dekinai
I'm doll
Go shouchioki
The only way","112.97","0.701","0.429","-11.364","0.501"
"Come Over (Feat. BLASÉ)","kaogaii","5DKXZHVkmW8kXTWqPVWHdr","[Verse 1]
You call me on the telephone, you feel so far away
You tell me to come over, there's some games you wanna play
I'm walking to your house, nobody's home
Just me and you and you and me alone

[Pre-Chorus]
We're just playing hide and seek
It's gettin’ hard to breathe under the sheets with you
I don't want to play no games
I'm tired of always chasin’, chasin’ after you

[Chorus]
I don't give a fuck about you anyways
Who ever said I give a shit ‘bout you?
You never share your toys or communicate
I guess I'm just a play date to you

[Chorus]
I don't give a fuck about you anyways
Who ever said I givе a shit ‘bout you?
You never share your toys or communicatе
I guess I'm just a play date to you

[Verse 2]
Wake up in your bedroom and there's nothing left to say
When I try to talk, you're always playing board games
I wish I had monopoly over your mind
I wish I didn't care all the time

[Pre-Chorus]
We're just playing hide and seek
It's gettin’ hard to breathe under the sheets with you
I don't want to play no games
I'm tired of always chasin’, chasin’ after you

[Chorus]
I don't give a fuck about you anyways
Who ever said I give a shit ‘bout you?
You never share your toys or communicate
I guess I'm just a play date to you

[Bridge]
Ring around the rosie
I never know, I never know what you need
Ring around the rosie
I want to give you, want to give you what you need

[Chorus]
I don't give a fuck about you anyways
Who ever said I give a shit ‘bout you?
You never share your toys or communicate
I guess I'm just a play date to you","131.978","0.672","0.797","-6.135","0.561"
"Homie","kaogaii","1wIydHe80OV6TvCZHXPYtT","[Verse 1]
In my head, there's a galaxy, I’m trapped
Planets, that are shaped, just like my past
The aliens, mock me, and then they laugh
""You're all alone, by yourself, what an outcast.""

[Chorus]
Bright stars, they guide me through
And this galaxy's my view
Bright stars, they guide me through
In this galaxy

[Verse 2]
When things align, inside of my mind's eye
I will face my fear with all my might
There may be battles every single night
With each win, I know I’ll be alright

In the dark, creatures enter in my ship
Call themselves my ""friends"", and then they switch
But, every challenge, I will give myself grace
And create my peace, inside this place

[Bridge]
So fight on, fight on, I'll make it through, if I keep on
Fight on, fight on, I'll turn this place, into my own

[Chorus]
Bright stars, they guide me through
And this galaxy's my view
Bright stars, they guide me through
In this galaxy

[Verse 3]
Meteors remind me of my pain
Creating doubts, like a reoccurring train
With everything I’ve got, I'll focus, aim
Shoot them down, till none of them remain

It all seems like a dream, I'm in too deep
I toss and turn, every night, I get no sleep
I’m out of breath, anxious, just counting sheep
Waiting for some peace, so I can breathe

[Outro]
So I can breathe
So I can breathe
So I can breathe
So I can...

[Final Chorus]
Bright stars, they guide me through, I belong here, it's my home
Bright stars, they guide me through, And they tell me to...

[Bridge]
Fight on, fight on, you’ll make it through, if you keep on
Fight on, fight on, just turn this place, into your own

[Outro]
Bright stars, they guide me through, And I tell them, ""I am home.""
Bright stars, they guide me through, And they whisper, ""Welcome home.""","66.761","0.533","0.705","-5.66","0.759"
"I Don't Know","kaogaii","1iLS6pQGI6p5D1Fzd1ytF9","[Intro]
Arigato!
Fulcrum
Kawaiibeatz

[Chorus]
Yeah, she has no clue
I'm runnin' racks through the roof
I know what I gotta do
I know what I gotta do
Say she like my shoes
But she don't like the truth
But I'm not hiding anything
You cannot break my ruse
I'm somewhere out in Pluto
I'm somewhere really far
I really thought you knew that
I'm really going far
I'm goin' up to the stars
She fuck me in my car
Smokin' dope, it's way too strong
And she just touch my heart
She just touch my heart

[Verse]
Baby, I don't know
Baby, I don't know
I'm smokin' exotic dope (Come on!)
She wanna go, let's go
All the cash on the flo'
All the shit on the flo'
I'll do this shit on my own
Fly around, UFO's
Stickin' to the Jedi code
Hundred dollar eighth, I'm blowed (Come on!)
Why this hoe so trash? (Uh!)
I was skippin' class
And I barely passed
Now, I fly first class (Come on!)
Gettin' to the racks (Yeah!)
Hoes, they're shakin' ass

[Pre-Chorus]
Baby I don't know [x7]
Fulcrum's a codename we give to our secret informants

[Chorus]
Yeah, she has no clue
I'm runnin' racks through the roof
I know what I gotta do
I know what I gotta do
Say she like my shoes
But she don't like the truth
But I'm not hiding anything
You cannot break my ruse
I'm somewhere out in Pluto
I'm somewhere really far
I really thought you knew that (Plu-Plugg)
I'm really going far
I'm goin' up to the stars
She fuck me in my car
Smokin' dope, it's way too strong
And she just touch my heart
She just touch my heart

[Outro]
Baby I don't know [x8]
Arigato!
Kawaiibeatz","132.059","0.762","0.644","-4.987","0.7959999999999999"
"Showdown","kaogaii","7n5zEvc42vXgrxsyeTaSBE","[가오가이 & 키츠요지 ""쇼부"" 가사]

[Chorus: kaogaii, kitsyojii]
I wanna 쇼부, 쇼부, 쇼부 봐 버려, 쇼부, 쇼부, 쇼부
I wanna 쇼부, 쇼부, 쇼부 봐 버려, 쇼부, 쇼부, 쇼부
I wanna 쇼부, 쇼부, 쇼부 봐 버려, 쇼부, 쇼부, 쇼부
I wanna 쇼부, 쇼부, 쇼부 봐 버려, 쇼부, 쇼부, 쇼부 (I love 쇼부)
Man 한 번 뿐인 인생 난 봐 버려 쇼부 (쇼부)
Man 다음 기회는 없어 난 지금 쳐 쇼부 (쇼부)
Man 내일 뒤질 듯 난 오늘 안에 쇼부
I wanna 쇼부, 쇼부, 쇼부 봐 버려, 쇼부, 쇼부, 쇼부 (I love)

[Verse 1: kitsyojii]
이 귀염둥이들 버릇 못 고쳐 입에 달고 살어 어부바 (바)
꺼져 여태 누가 업어 키운 적 없지, 난 그냥 내가 직접 쇼부 봐
금수저 인맥 빽 뭐 하나 없이 여기까지 온 새끼 (Uh)
너희는 남자란 게 기념일의 내 여친보다 더 빽을 갖길 원했지
이랬네 저랬네 이유만 많아, 어쩌고 저쩌고 핑계는 더 많아
내 눈엔 죄다 여장남자 같아, 고추는 달렸는데 남자는 또 아냐
인맥이 없으면 만들어 예산이 없으면 일을 하고 실력이 모자라?
연습해 닥치고 잘 들어, 연습 game 없어 인생은 실전이야 좆만아
All in 니 삶을 전부 걸어 ballin' 다 잃거나 따거나
놓치면 사년이 뭐야 평생을 기다리다 죽어 이건 아냐 Olympic
HOFGANG 매일 띄워 승부수, 너무 띄워서 못 따라와 승무원두
야동 shorts 그만 보고, 쇼부나 봐, no die, just do or do

[Chorus: kaogaii, kitsyojii]
I wanna 쇼부, 쇼부, 쇼부 봐 버려, 쇼부, 쇼부, 쇼부
I wanna 쇼부, 쇼부, 쇼부 봐 버려, 쇼부, 쇼부, 쇼부
I wanna 쇼부, 쇼부, 쇼부 봐 버려, 쇼부, 쇼부, 쇼부
I wanna 쇼부, 쇼부, 쇼부 봐 버려, 쇼부, 쇼부, 쇼부 (I love 쇼부)
Man 한 번 뿐인 인생 난 봐 버려 쇼부 (쇼부)
Man 다음 기회는 없어 난 지금 쳐 쇼부 (쇼부)
Man 내일 뒤질 듯 난 오늘 안에 쇼부
I wanna 쇼부, 쇼부, 쇼부 봐 버려, 쇼부, 쇼부, 쇼부 (I love)

[Verse 2: kaogaii]
좀 닥쳐, uh
그 시간에 난 쇼부 쳐, uh
이십사시간을 다 써, uh
몸엔 땀띠가 났어 uh
가만 있음 되려 아퍼, uh
가난이랑 해야 해 작별 uh
체해도 일하러 갔어, uh
어금니로 손을 땄어, uh

[Verse 2: kaogaii]
이거 완전히 rap money 고집하다 외할머니 가신지도 몰랐잖아 (몰랐잖아)
똥폼 다 뗐더니 생각보다 폼나게 벌 수 있는게 졸라 많아
유튜브 외화벌이 달러가 원이 되니 달달해 놀랐잖아 (Ooh)
잠깐만 랩머니 어쩌고 벌어보니 돈 모양이 똑같잖아
빙시같은 그 새끼들도 그 스탠스 갖고 돈 벌기 위해 쇼부 치고 있어
Pay는 됐다하고 table 잡아주면 star 된 마냥 공연 뛰고 있고
난 달리거나 넘어질 바엔 쇼부쳐를 여기 썼던 가사인데 땀범벅에 썼어
이 바닥은 업소 더 노출해 몸값이 안 오르면 씨바 걍 벗어

[Chorus: kaogaii, kitsyojii]
I wanna 쇼부, 쇼부, 쇼부 봐 버려, 쇼부, 쇼부, 쇼부
I wanna 쇼부, 쇼부, 쇼부 봐 버려, 쇼부, 쇼부, 쇼부
I wanna 쇼부, 쇼부, 쇼부 봐 버려, 쇼부, 쇼부, 쇼부
I wanna 쇼부, 쇼부, 쇼부 봐 버려, 쇼부, 쇼부, 쇼부 (I love 쇼부)
Man 한 번 뿐인 인생 난 봐 버려 쇼부 (쇼부)
Man 다음 기회는 없어 난 지금 쳐 쇼부 (쇼부)
Man 내일 뒤질 듯 난 오늘 안에 쇼부
I wanna 쇼부, 쇼부, 쇼부 봐 버려, 쇼부, 쇼부, 쇼부 (I love show)","124.998","0.84","0.656","-3.755","0.187"
"Headbang (Feat. Kohway)","kaogaii","0KxkbigdxaTzzhDb2uK5tv","[가오가이 & 키츠요지 ""대가리"" ft. 코웨이 가사]

[Chorus: Kohway]
Get low, 내려입어 바지 끝까지
Let's go, check it 엉덩이 골짜기
Get low, 대가리에 새겨 못먹어도
Let's go, let's go, let's go (씨발럼아, let's go)

[Post-Chorus: Kohway]
흔들어 대가리, 들이밀어 대가리
흔들어 대가리, 들이밀어 대가리
흔들어 대가리, 들이밀어 대가리
흔들어 대가리, 들이밀어 대가리

[Verse 1: kitsyojii]
홈레코딩 보급 탓에 개나 소나 MC
너희 다 studio MC 꺼져 우린 stage MC
Live 하면 새끼들 떠올려 Insta나 YouTube
그래 SuperChat이나 구걸해 HOFGANG 공연 페이를 수금 중
뻐끔 금붕어들 fuck you
AR lipsync 원툴 제스쳐는 얼쑤
썸녀 한 번 없었을 놈들이 여기 누구 앞이라고 뚝딱거려
이 아마추어들의 뼈를 때리다 못 해 빻아 없애 순살처럼

[Verse 2: kitsyojii]
HOFGANG 우린 pro지요, 무대 위에 불을 질러
관객들 팔 다리 부러지고 회식 땐 상다리 부러지고
좆밥이랑은 겸상 안 해 넌 또 누구세요? (Uh)
개 좆같은 매너 근데 좆되는 무대매너
Dirty South Korean 이게 이번 우리 소리야
영어로는 sound 그래 병신아 못 알아 쳐먹으면 I'm sorry 야
김치 먹고 자라서 김치 힙합 그래서 순딩아 우린 매워 (Woo)
대가리 비우고 노는 법 씨바 이 형들 보고 배워

[Chorus: Kohway]
Get low, 내려입어 바지 끝까지
Let's go, check it 엉덩이 골짜기
Get low, 대가리에 새겨 못먹어도
Let's go, let's go, let's go (씨발럼아, let's go)

[Post-Chorus: Kohway]
흔들어 대가리, 들이밀어 대가리
흔들어 대가리, 들이밀어 대가리
흔들어 대가리, 들이밀어 대가리
흔들어 대가리, 들이밀어 대가리

[Verse 3: kaogaii]
오 쇼 찢고 돌아왔다 six block 의 boss
날 뭘로 봤길래 이 빙신 놀래긴, woah
난 원래 잘했고 배로 뛰지 페이가 더
뭣같지 넌 왜 깝쳤어 이 썅놈들 대가리 위에 늘 내가 있어
이제 알겠니 난 필요 없어 marketing
또 targeting 시장은 망했지만 내 돈 구멍 만개 있지
넌 숨어서 글을 써 가오가이 이 새끼는 강약약강
닥쳐 봤잖아 걍 랩 안 해도 뭐 제이통보다 내가 강강강강

[Verse 4: kaogaii]
난 너의 대가리, uh, 난 나의 대가리, uh
들이박아 메갈리안처럼 노인네 색깔론처럼
무식하게 살어도 칭찬 받어 되려 내가 돋보인다고 (What?)
왜냐면 다들 생각만 하고 난 걍 박어 그래 보법이 달러
High risk, high return, uh, 빨리는 맛은 미쳐 (What?)
뼈다귀 남을 때까지 뛰니까 내 잔고는 비만, uh
아빠가 됐지만 빠가를 고수해 안 바뀌어 nice한 내 빡대가리
Camera 치워 대가리 비워 그냥 씨바꺼 흔들어 쌀 때까지

[Chorus: Kohway]
Get low, 내려입어 바지 끝까지
Let's go, check it 엉덩이 골짜기
Get low, 대가리에 새겨 못먹어도
Let's go, let's go, let's go (씨발럼아, let's go)

[Post-Chorus: Kohway]
흔들어 대가리, 들이밀어 대가리
흔들어 대가리, 들이밀어 대가리
흔들어 대가리, 들이밀어 대가리
흔들어 대가리, 들이밀어 대가리","140.73","0.911","0.493","-7.548999999999999","0.369"
"Street","kaogaii","0dWZwNt4tQRlsgtHGhojEy","[Romanization ""Kawaii Dakejya Dame Desuka?"" (""Can't We Just Be Cute?"") ft. CUTIE STREET]

[Intro: Risa, Emiru]
Dai pinchi desu!
Ato jyuppun de
Ie wo denakucha chikoku shichaisou desu!
Nigeru ni shikazu honki dashitara
Jikan nakutemo meccha kawaiku nareru mon!

[Refrain: All]
Nya nya nya nya nya nya nya
Nya nya nya nya nya nya nya

Nya nya nya nya nya nya nya
Nya nya nya nya nya nya nya

[Verse 1: Aika, Miyu, Haruka, Ayano, *Nagisa*, **Kana**, *Emiru*, *Risa*]
To wa ie chotto ma ni awanasou!
Dakedo suppin wa miserarenai ""damee""
Kyou dake sanzai goo shite takushi!
*Meiku no dougu mo ouenchuu!*

**Watashi no dekkai yume ni kurabetara**
*Konna shippai wa chicchai ka!*
*Kono kawaisa ni menjite yurushite
Onegai!* ""Onegai!""

[Pre-Chorus: Haruka, Ayano, All]
Torienai kedo kao ga kawaii no mo
Sainou da to omotte yasashiku shite hoshii no desu
Ano te kono te de ima wo tokimeke!
Chousho wo migake migake migake!
Kawaisa de sekai seifuku!

[Chorus: Risa, (All), Haruka, Ayano, *Miyu*]
""Kawaii dakejya dame desuka?""
(Migi hidari shoumen kyun shi sasechau!)
Kawaii mono wa minna gyu-gyutto shite
(Toki wa sengoku
Ono no komachi mo) tabun honki dashiteta

(Ai wo toriau tatakai nano desu!)
*Okubyou na kokoro wa po-po-poitto shite!*
(Shea de hapi hapi tanoshiku nareru)
Koko ga koko ga koko ga sekai ichi no bashou!

[Refrain: All]
Nya nya nya nya nya nya nya
Nya nya nya nya nya nya nya

Nya nya nya nya nya nya nya
Nya nya nya nya nya nya nya

[Verse 2: Ayano, Nagisa, Risa, Aika, Kana, Haruka]
Hontou wa kawaii dake jyanai no desu!
To omotta keredo dame dame da ""yan""
Kono kawaisa ni menjite mamotte
Onegai ""onegai!""

[Pre-Chorus: Emiru, Ayano, Risa, Miyu, All, Haruka]
Yarusenai kedo watashi no kawaisa wo
Mitsukete kureru hito ga iru koto wo negatte!
Shippo furi furi furu suingu de ""kakiin!""
Tasho mo tsukae tsukae tsukae!
Doji na toko mo obaka na toko mo

[Chorus: Miyu, All, Emiru, Kana, Nagisa, Aika]
""Kawaii dakejya dame desuka?""
Tate yoko naname kyun shi sasechau!
Suki no kimochi wa gyu-gyu-gyu-gyu-gyutto shite
Toki wa kigenzen
Kureopatora mo gachi de honki dashiteta

Ai wo te ni suru tatakai nano desu!
Kimi no ai ga areba mu-mu-mu-mugendai
Maru batsu shikaku san kakudo wa guddo
Shame wa shame wa shame wa
Jidori ga moreru no!

[Bridge: Nagisa, Miyu, Kana, Emiru, Ayano]
Uchuu toka ni kurebetara sa, chippoke na watashi tachi
Seisouken kosumosu tobikoete
Doko maademo icchaitte!
Kawaii wa mugen de zettai desu!
CUTIE wa nanka iroiro sukucchai masu!

[Pre-Chorus: Risa, Haruka, Aika]
Koko wa harajuku
Kawaii mono ga atsumaru tteiu koto wa
""Nihon no chuushin!""
Kawaii okashi takusan tabetai na
""Demo dame yo!""
Kawaii meetaa ga sagacchau!

[Chorus: Haruka, All, Ayano, Nagisa]
""Kawaii dakejya dame desuka?""
Fan mo anchi mo kyun shi sasechau
Kawaisa no himitsu wa oshiete agenai!
Toki wa chotto mae
Maririn monroo mo tabun honki dashiteta

Zen ginga chuu kyun shi sasechau
Chikyuu no katachi kawacchau kurai
Rabu de rabu shite! Ai de ai shite!
Motto motto kyun na sekai wo tsukurou!

[Refrain: All]
Nya nya nya nya nya nya nya
Nya nya nya nya nya nya nya

Nya nya nya nya nya nya nya
Nya nya nya nya nya nya nya

[Outro: Aika, All]
Nya nya nya nya nya nya, nya nyan","135.713","0.275","0.488","-10.731","0.184"
"Interior","Kim Ximya","064W66ohIhy6bVFWxce2sL","[Verse 1]
Bitches I'm on my knees when you watch me
I beg you please when you stop me
Baby I'm cashing out empty the devil
The devil is me I'm cocky
Oh baby excuse me I'm balanced
내 저울은 저리 치워둔 채로
Yeah, I got my glasses on
요즘 유행하듯이 I'm judging, I'm judging
감각들은 불보듯이 뻔해
피라도 모시듯이 권해
똥고무신을 신고 선을 넘어 보지는 못해도 더 중요한 건
Pointless, decimals over decimals over commas they countless
영광은 영원하지 않다고 말씀하셨지, well I fucking guess
I better be saving these fucking 위인s
Keep these keys at least I buy me a Porsche
사실 공생하는 중, 손톱 씹어가며 경쟁 따윈 없어
매번 똑같은 짓, 다른 반응, 그건 어디 회사냐의 차이
다 닥쳐, 내가 바로 니들이 모셔야 할 king
Or you could fucking die
You know what pointless
멋있게 벌어보자는 의미지, but I'm the fucking king
I'm the fucking 세자, I'm the fucking 세자의 아들
책봉 따위는 좆까, 이 잡것들아
가서 변소나 치워, 수라나 올려, 이 씨팔 것아
내시들은 고자질에 고자질이지만 고자니까 내가 봐줬지
계속 좆 같은 소리 아뢰봐라, 주리를 아가리에 쑤실터이니
Bitches you wanna 대령해 내 용포를
잘 알겠지, 내 맘에 드는 용모는 지금 나설 터이니
Better be ready for it get me the baddestbiches
Icing of the cake and shit
Queen of the fucking 서울시 and shit
Pointless, 표정에 답은 거의 camouflage
These male cunts bunch of veterans
Take it easy baby you better check your breath
그렇게 발버둥 쳐봤자 I'm the king
내가 늙어가도 that shit never change
내가 죽고 내 이름 will ever last
내가 미쳐가면 you bitches better pray
Cause all I be doing be undoing that
Who the fuck call them kings
그런 유언비어 따위를 감히
Fuck that bitches, 그녀의 뒷구멍 재 interior

[Verse 2]
I could be dead by now
I could be dead by then
Last forever with my billion songs
수발이나 들던 미친 새끼들이 내 목을 노리는 날들의 연속
방송 안 나오냐고 감히 여쭙는 새끼들을 위해
방송 하나 만들어야겠어
토요일마다 만나면 되겠지 BANA TV
대망의 아작이 나는 주말연속
Better know what they be talking
I could have killed them
입대하기 전까지 잘 지내보자고
입대하기 전까지 I be your man
I be the man, 가오 살리다가 잊혀진 새끼
Pointless, decimals over decimals over commas they countless
You sons and bitches I beg you to please read about it
돈이 만든 위치가 만든 돈이 벌어주는 거","116.605","0.802","0.85","-7.131","0.503"
"Forgotten","Kim Ximya","5BWYPcRaZtuVX9jaQpnY4g","[Intro]
Me and my money goes way back
Me and my money goes way back
Way back, yeah

[Verse 1]
Me and my money goes way back
Back when my paychecks
Wasn't so ready (Ready)
These banks keep calling me
For some loan shit
You shouldn't worry (Worry)
Sick of all these fake flex talk
All you want fam I just forget it ('Get it)
Beat the game up, I'm going up
I never spoil it ('Poil it)
Me and my fame is so close
난 더욱 멀리 가려해
So I'm packed (Huh)
Arc on my back for approach
더욱 여유로운 상태로 I attack it (Huh)
Taking my chances, 난 제대로 아님 안해
내 직장은 좀 sketchy (Woah, woah)
Baby, they acting (Woah)
다 보여도 난 침묵
여기 생태 내 향수가 베있지

[Chorus]
Looking for reasons, just to go kill'em
Let's make this season my own (Huh)
작년에 씨름, 깔끔히 비우고
난 준비가 되었지, I'm on (Huh)
욕심 싹 버렸어
Here for your service
I'm here for the circus
I'm blowing up
Watch how I turn this all in for my favors
I'm here for the cloth (Huh)

[Verse 2]
Me and my money goes way back
Back when my paychecks
Wasn't so ready (Huh)
Nothing has changed
So why would I rush
Why would I duck for some change money
I'm here for the fat stacks
I'm here for the fast cash
I'm with the team
날 좀 더 믿어야 해
The only one to get this shit straight to the ping
Me and the crew on the low
Nothings for sure, 난 절대 안 지켜 (Huh)
This culture ain't mine, 누구의 것도 아니지
그 누가 어떻게 여길 지켜 (Damn)
This shit Is so flowing
우린 한 배에 탐 (Woah, woah)
만약 물결을 거슬러 위로 (Woah, woah, woah)
간다면 그것은 우리의 노력과는 무관해
So let's preach

[Chorus]
Looking for reasons, just to go kill'em
Let's make this season my own (Huh)
작년에 씨름, 깔끔히 비우고
난 준비가 되었지, I'm on (Huh)
욕심 싹 버렸어
Here for your service
I'm here for the circus
I'm blowing up
Watch how I turn this all in for my favors
I'm here for the cloth","150.009","0.983","0.412","-4.296","0.307"
"Runner's High (Feat. Cautious Clay)","Kim Ximya","3X8QQw2gvBtREJM8opnBWZ","[Verse 1]
얼마 안됐어, I hate it
These plastic bitches I get them
It's all about the surface no deeper
망가진 몸으로 뛰는
내가 억지로 들이마시는 신은
맘 닫힌 여자들의 흥분 횟수
딱 그만큼의 비를 내리시지
의미 없는 곡들을 쏟아내는 지랄 오늘 안에도 가능해
바로 구멍 찾기 바빠 돌아갈 맘 없는 새끼들과 다를 게 전혀
Baby, I be running crazy, I'm aiming your head
Yeah, maybe I can
You'd never understand what this money does
All these talking and gossip
물질 앞에 흔들리는 장래는
잔뜩 부풀어버린 배 안으로
부자연스러운 관심을 쑤시지만 우린 알지
Hold up, maybe you should
아니, 제발 알아듣지 말아줘
Cause I was bout to be feeding off of it

[Chorus]

[Verse 2]
Losing, losing, losing
결국에 수식 뿐인 승기는
You know what the bad music used to move with
죄다 하나같이 무늬 뿐인 느낌은
지워 버리기엔 너무 넓게 번져 버렸지, 휘말릴 뿐 (Losing)
If you wanna make it happen
각자의 신이 베푼 대로 걷는 수밖에 (Lost, bitch keep walking)
I don't give a dang (You do give a dang)
숨만 쉬면 돼 (더 많은 걸 원해)
I don't give a shit about that motherfucking money in your bank
I do give a shit, 말은 필요 없지
난 되는대로 살아왔어
15년 이후로 말이 되는 것만 하며
계속 굴러가게끔 은수저로 뒷받침
많이, 많이, 많이 벌길 원해
가물가물 할 뿐 나의 견해
When I'm bout it, bout it, I could make it ugly
계속 걸어 갈 듯 멈춰있는 것에","95.032","0.93","0.643","-6.5829999999999975","0.314"
"Drive Slow (feat. Rad Museum)","Kim Ximya","5IKGBT5nv4lEeqGlyCZ205","[Verse 1: Kim Ximya]
Coming up with unrelated metaphors
Just to impress, 난 이제 거의 다 이뤘어
I'm so ahead, 뭘 해도 나에겐 Aftermath
열심히 싸워, 난 싸워온 이유를 잊었어
Drive slow, money making
Money spending, anderoid
오직 감각에 몰아준 내 집중력은 또
다시 나를 시궁창으로 밀어버리네
가슴 아픈 내 매일 내 죄질을 되새김질해 (Drive slow)

[Verse 2: Kim Ximya]
무엇을 위해 사는가는 a pop quiz
준비할 수 없다는 사실에 망연자실
나는 같은 처지에 수많은 친구를 봐
질문은 다 마찬가지 man who is this professor
Drive slow, drive slow homie, 인생 너무 짧아
문제를 한꺼번에 풀고 나면 다음 문제는 찾아와
굳이 내일에 머리 아픔 다 오늘 겪는다면
해치워 버리는 것처럼 느껴도 it don't run out (Drive slow)

[Verse 3: Kim Ximya]
꾸밈 하나없이 사는 것
무리없이 다음 파도를 맞아 철썩이는 무거운 몸
젖어버린 옷을 벗지도 않고 그대로 말려
머린 아파와도 언젠 안 아팠어?

[Interlude: Rad Museum]
Drive slow, no brake, no limit
Feels like I'm driving down
Give me some more energy and power

[Verse 4: Rad Museum]
반짝이는 white headlight
무심한 손안에는 땀이 고여
멀어지는 출발선에 놔두고 온
꿈은 여전히 거기에

[Outro: Rad Museum]
I need to go back to my home
But I can't stop driving on the road
멈추는 법을 모를 때는
눈을 감고 천천히
호흡해 마음 속 깊이
Oh, oh, oh, oh, oh","158.708","0.441","0.482","-10.251","0.326"
"Walking On Thin Ice","Kim Ximya","5Ino5rIXFrzPhR7cwiHoJC","[Intro]
It's a whole another game
When it comes to being yourself

[Verse 1]
Bought a lot of things I guess
Didn't do a thing I guess
나의 만족은 더욱 위에
거의 만져볼 수가 없을지도
Pull a lot of strings I guess
Sleeping on these beats I guess
Sleeping on these new vibes
나는 나의 멋을
I don't believe in taste makers
나는 평생 나의 것을 찾길

[Chorus]
Don't talk about the things you didn't mean
Let's fuck around get something to believe in
넌 얼만큼 너를 믿는지 몰라도 나는 나를 너무 믿어
Talk about the things you wanna believe
Let's fuck around get in trouble for no reason
넌 얼만큼 나를 믿는지 몰라도 나는 나를 너무 믿어

[Verse 2]
Talk about the things you love
Talk about the things you adore
나는 내 길을 걷는 법 터득했어
다시 걸음마를 배운 아이처럼
I'm walking on a thin ice (Yeah)
I'm walking on a thin ice
I'm walking till my knees die","107.873","0.298","0.223","-9.978","0.0369"
"TALK TO THE HAND","Kim Ximya","4mKfhzJejE6AWBT0KalaiP","Fuck being real that's a test
Siddha knows I don't belong here
So what's the best
Fuck being fresh I’m on other shit
On some other other shit
I let you talk to the hand

Wassup CR
Wassup JB
Wassup Fat Stacks
Wassup NASDAQ

Fuck being real that's a test
Siddha knows I don't belong here
So what's the best
Fuck being fresh I’m on other shit
On some other other shit
I let you talk to the hand

Wassup CR
Wassup JB
Wassup Fat Stacks
Wassup NASDAQ

So Simple
'How you break a man' Starter Pack
You a go getter
Okay go get a snack
They be talking
Shit that they gon take it back

Fuck your feelings
‘Fuck you too’ light bеaming
Loose the ego
Think I’m on anothеr mission
Shift the transmission
I be moving slowmo
Right from the get go
I just wanna Let go

TALK TO THE HAND","99.983","0.908","0.586","-3.2289999999999996","0.539"
"One, Two (Feat. Punch)","Kim Seungmin","7Ict85eqFVFqUp6ogAjaV1","[김승민 ""하나,둘"" ft. 펀치 가사]

[Verse 1: Kim Seungmin]
우리 많이 사랑했었던
그 시간 속에 나는 아직도
남아있는 것만 같아서
매일매일 괴로워

우리 같이 걷던 거리도
공사 중이라 발을 돌리고
그대로 아름다웠던
우리 추억과 등을 돌렸어

[Pre-Chorus: Kim Seungmin]
나는 되는 중이야 달이, 저 밤하늘에 걸린
밝은 달처럼 나 성공할 거야
생각보다 너를 멀리 떠나보낸 밤이
다시 오지 않도록 약속했잖아

너와 데이트하던 별거 없던
수성 호수 공원에
널 추억하며 담배를
하나 물고 걸어 다녀 거리에
비가 올 때면 투명한 그 조그마한 우산에
붙어있던 게 이제 와서야 나 그리워져

[Chorus: Kim Seungmin]
너와의 추억이 담긴 거리에
남아있는 사랑을 지우려 해
떠나보냈던 너가 이 자리에
잔상처럼 남아서 날 힘들게
I need to go (need to go)
널 지우고 (지우고)
사랑했었던, 행복했었던
추억들을 지우려 해 하나 둘

[Verse 2: Punch]
하나, 둘 널 지워야만 했던
많은 시간들, 난 애썼어
너가 선물했었던 미소가 보이질 않네
내 거울엔 온통

나쁜 표정뿐인 걸
돌아봐요 많은 행적들
혹여라도 네가 전부를
지우려 한다면, 다 치우려 한다면
힘든 척 날 지우는 게

[Pre-Chorus: Punch]
그리도 쉽게 되는 건지
그걸로 괜찮은 건지
넌 정작 내겐 아무 말 안 건넸잖아
마지막조차 등 떠밀듯이

[Chorus: Kim Seungmin]
너와의 추억이 담긴 거리에
남아있는 사랑을 지우려 해
떠나보냈던 너가 이 자리에
잔상처럼 남아서 날 힘들게
I need to go (need to go)
널 지우고 (지우고)
사랑했었던, 행복했었던
추억들을 지우려 해 하나 둘

[Bridge: Kim Seungmin]
못된 일이 우리를
덮치게 놔둔 것만 같아 다
지우고 (지우고) 널 비우면 (비우면)
그건 사랑했었던 걸까?

[Chorus: Kim Seungmin & Both]
너와의 추억이 담긴 거리에
남아있는 사랑을 지우려 해
떠나보냈던 너가 이 자리에
잔상처럼 남아 그게 날 힘들게 해
I need to go (need to go)
널 지우고 (지우고)
사랑했었던, 행복했었던
추억들을 지우려 해 하나 둘","147.92","0.888","0.61","-5.581","0.764"
"Deep Sea (Feat. BE'O)","Kim Seungmin","1yaEsGauwkaJsu2RO0rFLg","[김승민 ""Deep Sea"" ft. 비오 가사]

[Intro: Kim Seungmin]
I think I'm in the deep sea
Just falling, don't text me any message
저 달이 나를 비추니
I don't need a spotlight

[Chorus: Kim Seungmin]
I think I'm in the deep sea
Just falling, don't text me any message
I'm drowning 저 달이 나를 비추니
I don't need a spotlight 그냥 날 덮어 검정으로
I think I'm in the deep sea
Just falling, don't text me any message
I'm drowning 내 곁을 돌던 빛이
사라진 후에 난 조각나버린 내 맘과 howling

[Verse 1: Kim Seungmin]
I'm just howling down to the moonlight
부서진 듯해 내 마음 전부
너가 떠난 후 내 눈에는 black out
My city drowning like a pool
하얀 연기 자욱한 내 방에
숨 쉴 수 없을 정도로 날 점점 죽여가 매일
I fell in your love 널 사랑했던 깊이가
너무 깊어서 이젠 벗어날 방법도 몰라
Please help me, where you at darling
날 힘들게 해도 좋으니까 just love me
I'm drowning, maybe I'm dying
So bring me 다시 너의 곁에 나를 가둬줘 baby
비 내리는 시간에 가로등 밑에 쓰러져
빗물에 가려진 내 눈물이 흘러내려가
우산을 덮어줄 사람이 없어진 나의 곁에는
그림자만이 날 바라보는데

[Pre-Chorus: Kim Seungmin]
Just falling, don't text me any message
I'm drowning 저 달이 나를 비추니
I don't need a spotlight 그냥 날 덮어 검정으로 tonight

[Chorus: Kim Seungmin]
I think I'm in the deep sea
Just falling, don't text me any message
I'm drowning 저 달이 나를 비추니
I don't need a spotlight 그냥 날 덮어 검정으로
I think I'm in thе deep sea
Just falling, don't text me any mеssage
I'm drowning 내 곁을 돌던 빛이
사라진 후에 난 조각나버린 내 맘과 howling

[Verse 2: BE'O]
더 빠져 deep sea
깊이 미리 알지 못한 silly
날 놓는 거냐며
넌 외쳐 really? really?
그래 우린 헤어져 한 뒤
목이 또 메어 더
밥을 먹어도 체하고
대화도 제한적이게 다 변했어
여자는 많다 위로하면서
일 주는 참어 이 주짼 감옥
삼 주는 말로 못 할 정도로
아팠어 언제쯤 너 없는 나로
과연 지낼 수 있나 생각을 하다
네가 했던 말과 행동 떠올라
불가능하구나

[Verse 3: BE'O]
한 번에 잊는 게 말이 돼?
어디를 가도 네가 있네
바다에 빠진 듯 주위에
아무도 보이질 않고
들리지가 않아
아파
너 없이 맞는 겨울바람 아파
바빠도 상관없이 또 생각나
I miss the hotel room
아직 추억에 살아서 못 깬 꿈
코트 주머니 속 립스틱
아직 못 꺼냈어
다시 줄 수 있으니
이런 핑계라도 댈게 더 더 더

[Chorus: Kim Seungmin]
I think I'm in the deep sea
Just falling, don't text me any message
I'm drowning 저 달이 나를 비추니
I don't need a spotlight 그냥 날 덮어 검정으로
I think I'm in the deep sea
Just falling, don't text me any message
I'm drowning 내 곁을 돌던 빛이
사라진 후에 난 조각나버린 내 맘과 howling","100.004","0.7559999999999999","0.8009999999999999","-9.366","0.405"
"This song (STUDY GROUP X Kim Seungmin, Skinny Brown)","Kim Seungmin","0ZDod3umane8yhiFprEx34","[스터디그룹 x 김승민, Skinny Brown ""이 노래가"" 가사]

[Verse 1]
하루 종일 창가에 기대어 앉아
서서히 변하다 떠난 날
그날을 떠올려 봤어
어쩜 마지막일지도 모르는 이 공간엔
너와 나 무엇 하나
바뀐 게 없는 것 같아서

[Pre-Chorus]
우리를 밀어내는 이런 노래가
날 자꾸 지워내려고만 하잖아
난 잠깐 쉬라고만 전해 듣는데
난 계속 매달리기만 해 바보같이
날 지워내는 이런 노래가
벼랑 끝에 날 밀어내는
노래가 난 이렇게도
싫어지는 이런 노래가
우릴 더 비워내고 일으키잖아

[Chorus]
날 잠깐 놓아버려도 좋아 단 며칠은
떠나가도 좋아 날 망치는
하루 속에 너란 노래가
나를 더 실은 살아나게
도와 이 노래가
날 잠깐 놓아버려도 좋아 단 며칠은
떠나가도 좋아 날 망치는
하루 속에 너란 노래가
나를 더 실은 살아나게
도와 이 노래가 oh 난

[Verse 2]
If I die Chase The Star
그건 우리 소갯말
바보같이도 널 외치고 살아 노랫말
나를 우울하고
기쁜 춤을 추게 해 이 노래가
B와 D 사이 C라 말하더라 누군가
Yeah, I'm in the Cell
어차피 몇 평짜리 위
Two birds in the trap singing
About the Cardi B
You turn onsets off
You turn offsets on
이건 기믹이 아니고 또 아냐
Conceptual
싹 밀어내려고도 했지
날 비우려고도 했지
기억 조각은 다시 돌아와있어
Like I was hacked
Uh 컴퓨터에 만든 수많은 노래
너가 없는걸 찾기 어려워
Thought it was ransomware
너는 신경조차 안 쓰겠지만
아직도 날 울리고 살려 이 노래가
정규 마지막 노래 제목
I'm not fine 근데
I'm fine 에도 참여한 걸 보면
Something's not right

[Pre-Chorus]
우리를 밀어내는 이런 노래가
날 자꾸 지워내려고만 하잖아
난 잠깐 쉬라고만 전해 듣는데
난 계속 매달리기만 해 바보같이
날 지워내는 이런 노래가
벼랑 끝에 날 밀어내는
노래가 난 이렇게도
싫어지는 이런 노래가
우릴 더 비워내고 일으키잖아

[Chorus]
날 잠깐 놓아버려도 좋아 단 며칠은
떠나가도 좋아 날 망치는
하루 속에 너란 노래가
나를 더 실은 살아나게
도와 이 노래가
날 잠깐 놓아버려도 좋아 단 며칠은
떠나가도 좋아 날 망치는
하루 속에 너란 노래가
나를 더 실은 살아나게
도와 이 노래가 oh 난
하루 속에 너란 노래가
하루 속에 너란 노래가
하루 속에 너란 노래가
하루 속에 너란 노래가
날 잠깐 놓아버려도 좋아 단 며칠은
떠나가도 좋아 날 망치는
하루 속에 너란 기억을
거슬러 올라가다
떨어져 버렸나 봐","84.194","0.528","0.541","-7.894","0.3979999999999999"
"HER","Kim Seungmin","2N3gaHiGUQsIFCWn85rFnO","긴 머리 That's a flex
하얀 피부 Did you brag?
잘 어울려 너의 Wang
넌 끌어올려 쟤네 rage

핀 뭐야? That's a flex
Double C, 아래는 RAF
Oh, you got me on the wave

너의 night 시간은 나의 시간이야 하여튼간
또 오늘 날씨 봐 파스톤 계열의
Sky so clear, right?
쟤네의 자신감 or 자의식 과잉 내 관심 밖
Oh oh oh oh oh oh oh oh

너 하나 때문에 난 쫓아 cheddar
Cheese 될 것만 같아 Jerry
5천만 원짜리 시계 찼지만
너 만나면 is not necessary
나 할 수 있어 모든 sacrifice
I'll give you the world if you marry me
말장난 같겠지만 내 말은 더 보다 더

긴 머리 That's a flex
하얀 피부 Did you brag?
잘 어울려 너의 Wang
넌 끌어올려 쟤네 rage

핀 뭐야? That's a flex
Double C, 아래는 RAF
Oh, you got me on the wave

I'm in love with you
I'm fallin' love with you
I'm still in love with you
You know I love it, yeah love it, yeah love it

Laid it out for ya
Now you're closer 네 마음 다 보여
Don't get it twisted, baby you know I'm loyal
Touched down in your lane 안 사고 쳐

이젠 밤엔 아예 폰을 꺼놔 baby
Your faith is stronger than Christian baby
Even dark night 없었겠지 벗길 베일이
Cause I'm 매일 makin' 100과 일

넌 해 business, you arе my business
필요한 게 있담 말만 해
내 사계의 시작은 널 본 후 바로 다음 날
What? 넌 뜻도 몰라도 돼 patience 이나 가난
It's okay if you kill my vibе

You got Beyonce vibes
그래서 연예인들은 재미없대
Eau de toilette 너의 숨결 damn
티끌만 한 고민도 네 옆에 못 두게 할거야
Never (okay)

긴 머리 That's a flex
하얀 피부 Did you brag?
잘 어울려 너의 Wang
넌 끌어올려 쟤네 rage

핀 뭐야? That's a flex
Double C, 아래는 RAF
Oh, you got me on the wave

I'm in love with you
I'm fallin' love with you
I'm still in love with you
You know I love it, yeah love it, yeah love it","82.067","0.394","0.665","-11.567","0.499"
"Drivin’ (Feat. Layone, BIG Naughty)","Kim Seungmin","1x8waytyN4BfxrkuoQsBRT","[김승민 ""Drivin'"" ft. 래원, 서동현 가사]

[Verse 1: Layone]
누나 나 새로운 계약 땄어
적당히 나쁘게 사는 법도 난 배웠어
어디든 가자 피서 더운 여름 피해서
치는 파도들 그 모양 마치 bacon
어제는 라디오 두 탕 뛰고 왔어
자는 시간 아껴서라도 가겠어
어린 티가 팍 근데 시간은 뱀처럼
부드럽게 따라가 놓지 마 내 손

[Pre-Chorus: Kim Seungmin]
Drivin' your home, 데리러 갈게
My love, oh 너 하나 때문에
내 하루를 써도
괜찮아 you’re the one
Phone call, 어디쯤이야
나 이제 골목 끝쯤에
좀 기다렸지 baby 미안해 별이라도
따다 줄까 봐 baby

[Chorus: Kim Seungmin]
Drive the city with the light
하얀 네 손으로 grab my right
시원한 바람이 내 ringtone, 넌 아마 내 glitter
Vroom, vroom 달리자 도로 위로 우린 마치
Dream cross the line
We don't freeze, make a fire
Drive the city with you, don't worry 어쨌든
저 불빛 사이를 달려 baby

[Verse 2: BIG NAUGHTY]
Bentley GT Convertible
계약했지 어머니 몰래 two seater를
너 때문에 땄다고 운전면허를
이제부터 할 게 네 대학교 셔틀을
너는 아무 걱정 안 해도 돼
그냥 벨트만 매면 돼
아니 사실 안 매도 돼
그냥 벌금 내버리면 돼
Any time, any night just hit me up girl
I can do this all day 마치 시빌 워
과제고 나발이고 그냥 give it up for me
Let me drive you to 우리 집으로
Jimmy, jimmy, jimmy, jimmy, young jimmy life
형 노래 들으면서 꺼버리지 headlight
이미, 이미, 이미 시작됐어 green light
없어 의미, 의미 no stop, no break, no red lights

[Pre-Chorus: Kim Seungmin]
Drivin’ your home, 데리러 갈게
My love, oh 너 하나 때문에
내 하루를 써도
괜찮아 you're the one
Phone call, 어디쯤이야
나 이제 골목 끝쯤에
좀 기다렸지 baby 미안해 별이라도
따다 줄까 봐 baby

[Chorus: Kim Seungmin]
Drive the city with the light
하얀 네 손으로 grab my right
시원한 바람이 내 ringtone, 넌 아마 내 glitter
Vroom, vroom 달리자 도로 위로 우린 마치
Dream cross the line
We don't freeze, make a fire
Drive the city with you, don't worry 어쨌든
저 불빛 사이를 달려 baby

[Outro: Kim Seungmin]
Drive the city with the light
Drive the city with the light
Dream cross the line
Drive the city with you
Don't worry 어쨌든 저 불빛 사이를 달려 baby","125.443","0.573","0.64","-5.349","0.7509999999999999"
"Lie (Feat. BIG Naughty)","Kim Seungmin","6H9vbCPubW2x7rD5mMsrJJ","[김승민 ""거짓말"" ft. BIG Naughty 가사]

[Chorus]
Bad thought
I'm in bad thought 머릿속엔 온통
Bad thought 아닌
Bad thought 하게 될 거야 다시
매일 또 다시 매일
또 너의 어쩔 수 없단
말 또 거짓말 또 마지막에 와서까지
말 okay 말 okay 싹 다 거짓말
빨갛게 빨갛게 싹 다 거짓말
파랗게 파랗게 싹 다 거짓말
말 okay 말 okay 마지막에 와서까지

[Verse 1]
신경 쓰여 너의 그 curves
그리고 어쩔 수 없이
우린 안된다는 너의 bullshit
왜 이런 날에도 넌 아름다워 더
너의 눈빛 속엔 이미 내가
지워져있어 yeah, yeah
들켰단 너의 wrinkle check
아님 내가 그렇게 또
생각하는 게 더 편해서
네 말 하나 믿지 않나
봐봐 연기 속에 폰 은폐했지
감 엿 바꿔 먹은 줄 아나 본데
너의 눈빛 속엔 눈빛 속엔
눈빛 속엔 눈빛 속엔

[Chorus]
Bad thought
I'm in bad thought 머릿속엔 온통
Bad thought 아닌
Bad thought 하게 될 거야 다시
매일 또 다시 매일
또 너의 어쩔 수 없단
말 또 거짓말 또 마지막에 와서까지
말 okay 말 okay 싹 다 거짓말
빨갛게 빨갛게 싹 다 거짓말
파랗게 파랗게 싹 다 거짓말
말 okay 말 okay 마지막에 와서까지

[Verse 2]
마지막까지 거짓말로
끝나버린 우리 둘의 관계
나지막하게 개소리하는
네 모습이 난 좀 뭣 같아
지랄하지 마 네가 할 수 있는 건
미안하단 말 밖에
없다고 사실 다 알고 하는 얘기야
미안 다 봤어 어젯밤에
요즘은 이런 노래를 들을 때마다
주인공이 된 듯해
보고 싶은데 볼 수가 없는
이 밤에는 네 향기가 밴 듯해
Fuck that 사랑이란 건 yeah
없대 바람이란 것 yeah
네가 남긴 이 상처가
아물 때까지만이라도
네가 힘들었으면 해 girl
Fucking bad thought
너가 내게 남기고 간
Fucking bad thought
Fucking bad, girl fucking bad, girl
너와 내가 만들어낸
Fucking sad story

[Chorus]
Bad thought
I'm in bad thought 머릿속엔 온통
Bad thought 아닌
Bad thought 하게 될 거야 다시
매일 또 다시 매일
또 너의 어쩔 수 없단
말 또 거짓말 또 마지막에 와서까지
말 okay 말 okay 싹 다 거짓말
빨갛게 빨갛게 싹 다 거짓말
파랗게 파랗게 결국 다 거짓말
말 okay 말 okay 마지막에 와서까지","94.069","0.779","0.541","-5.581","0.501"
"Lovin' (Feat. Han Yo Han)","Kim Seungmin","3M2ttw7ucRZFMjBDtOHwkI","[김승민 ""Lovin'"" feat. 한요한 가사]

[Verse 1: Kim Seungmin]
모두가 앞다퉈 날 꼴통이라 부르더라
긴 시간이 지남 떠날 그 흑백 톤의 사람들만
더는 하루가 하루 같지 않아 넘어지는 난 보여 하늘만
자로 잰 듯한 까칠함이 너에게 또 영향을 줄까
벼랑 끝에 선 주제에 제멋대로 군다더라
긴 터널 끝에 닿아도 다음 터널을 거야
에휴 하여간 쉽지 않아 지켜 내기가 그 약속 하나
다시 잘못되어 어딘가 크게 고장 날 거야

[Chorus: Kim Seungmin, Han Yo Han]
But I’ve been lovin’, lovin’, lovin’ you (too long)
Lovin’, lovin’, lovin’ you
Lovin’, lovin’, lovin’ you (too long)
Lovin’, lovin’, lovin’ you
이 세상 그 어떤 하나도
너 같을 순 없음을 알아 둬
나 많이 엉망인 걸 알아도
For love, because I love you girl

[Verse 2: Kim Seungmin]
우리 돈을 벌어도 지하는 못 벗어났기에
그 찰나의 순간이 아닌 나날을 탓했어
좋지 않대 표피에는 결절이 왔대
지난날 목 놓아 네 이름 불렀던 게 다인데
넌 세상 가졌지만 맞부딪칠 동전이 없어
수중엔 몇 억 터무니없이 돈 부족해
너가 눈 감을 때까지 끝날 때까지는
쇼미 2치는 간 게 아냐 아직 갈 때까지
난 더한 짓 하지 그 과정서 몇 번을 더 헤맬지도
실수투성이 맛 갔다고 새끼 제정신이 아니라고
해도 벌 거야 모든 화폐의 돈
Don’t let the bedbugs bite all night long
사랑해 줘 단 한 번도 상처받지 않은 것처럼

[Chorus: Kim Seungmin, Han Yo Han]
But I’ve been lovin’, lovin’, lovin’ you (too long)
Lovin’, lovin’, lovin’ you
Lovin’, lovin’, lovin’ you (too long)
Lovin’, lovin’, lovin’ you
이 세상 그 어떤 하나도
너 같을 순 없음을 알아 둬
나 많이 엉망인 걸 알아도
For love, because I love you girl

[Verse 3: Han Yo Han]
어제는 많이 잤는데도
또 잠에 들고 싶더라
더는 짖지도 않는 개처럼
이젠 받아들였나 봐
두꺼운 사슬을 내 목에 몇 번을 간고
너를 향해 뛸 수 없게 자물쇠를 굳게 잠가버려
날 불쌍해 말아
원래 여기가 내 자리였을 테니까
뒤도 돌아보지 말고 도망가
불이 난 것처럼
착해빠진 성격부터 바꿔 다
너만 매일 아파
실수투성이 맛 갔다고
새끼 제정신이 아니라고 해도
다시 나를 한번 안아줘 baby
Still can’t stop lovin’ you 너이기에

[Chorus: Kim Seungmin, Han Yo Han]
But I’ve been lovin’, lovin’, lovin’ you (too long)
Lovin’, lovin’, lovin’ you
Lovin’, lovin’, lovin’ you (too long)
Lovin’, lovin’, lovin’ you
이 세상 그 어떤 하나도
너 같을 순 없음을 알아 둬
나 많이 엉망인 걸 알아도
For love, because I love you girl

[Outro: Han Yo Han]
이 세상 그 어떤 하나도
너 같을 순 없음을 알아 둬
나 많이 엉망인 걸 알아도
For love, because I love you girl","123.572","0.94","0.44","-2.057","0.858"
"Half of Me","Kim Seungmin","6PamJ2UnSulqQh7ctzSxzu","[김승민, RYUL, 래원, 오르내림 & Cosmic Boy “반틈” 가사]

아마 다 지나갔나 봐 좋은 날이
더 이상은 안 나와 좋은 말이
코앞까지 다가왔나 봐 종말이
넌 나를 혼자 남겨두고 멀리 떠나가니까
Why? 갑갑한 이 세상 속 홀로 여기 남아
내 삶 속에서 반틈 떼 집어낸 네가
나가는 걸 보고 있어
시간은 여전히 너무나 빠른
또 우리에게는 색다른
그 공허함마저 잇따른
좀 들어보라고 내 말을
날 선 단얼 골라 또 자르지
그 두 동강 나버린 마음은
꿰맬 수는 없지만 it's alright
It will be okay, not today, but tomorrow, yeah
It will be okay, not today, but tomorrow, yeah, yeah
지켜주는 거, 서롤 보살피는 거
영원을 기약했던 그때
돌변하는 너, 멀리 떠나는 너
또 넌 거짓말만 하네
애타는 심장은 그 많은 날들을 더 괴롭히고서는
멀리, 이내 멀리 사라져만 가
반을 떼어낸 것처럼
네 집 앞거리 가로등 불 밑
발자국만 점점 늘었지
괜찮다는 너의 말이 내 맘을 오려내
젖은 신발, 식은 커피에 내 하루가 다 지나가도
우린 늘 그랬던 것처럼 괜찮아질 거야
평소 그랬던 것처럼 내 곁에는 너만 없다
이 허전함이 익숙하면
약속이 적힌 종이들은 이젠 쪼가리 같아
네 목에 생긴 점처럼
I'm fine, don't hug me tight
세게 안고 떠나가려는 눈빛 하지마
I'm fine, don't bite me inside
그 반에 솜이라도 채워놓고 떠나줄래
난 마지막이라 눈물 안 참았는데
넌 마지막이라며 왜 괜찮아
마저 하지 못한 말이 많아
너무해 매정해 너무해
지켜주는 거, 서롤 보살피는 거
영원을 기약했던 그때
돌변하는 너, 멀리 떠나는 너
또 넌 거짓말만 하네
애타는 심장은 그 많은 날들을 더 괴롭히고서는
멀리, 이내 멀리 사라져만 가
반을 떼어낸 것처럼
원래부터 이랬던 거 같아 이 집안이
차가워 그래서 필요해 조명은
따듯한 색깔이 잠이 잘 올 듯한 향기
디퓨저도 이제 꺼내 놓아야지 yeah
이제야 나네 실감이 절반이 비어버린 방의 빈칸이 yeah
빤히 바라보고 있을 때 아무런 말이 안 나오던데
난 안 입는 옷처럼 낡은 따듯함이었나
날이 풀리면 잊혀지듯 당연한 걸까 봐
걱정돼 네가 아니면 안 돼
다른 거로 채워도 전부 거짓말이 돼서
간지러운게 부풀고 있어 보푸라기
내 표정에 티가 나네 솜털같이
지켜주는 거, 서롤 보살피는 거
영원을 기약했던 그때
돌변하는 너, 멀리 떠나는 너
또 넌 거짓말만 하네
애타는 심장은 그 많은 날들을 더 괴롭히고서는
멀리, 이내 멀리 사라져만 가
반을 떼어낸 것처럼","140.217","0.265","0.401","-7.403","0.257"
"Unreachable (Feat. Milena)","Kim Seungmin","3L0ipvNeREfCAJWCPaweUu","[김승민 ""수월경화"" ft. 밀레나 가사]

[Verse 1: Kim Seungmin]
난 결국 너를 지워내야만 하나봐
너무 예뻤던 나머지 닿을 수 없다
저 하늘 위로 손을 뻗어 너에게 닿게
넌 비웃듯이 손만을 내밀어 어떻게
하면 저 앞으로 나아갈 수 있을까
자각몽이 현실이라면 또 어떨까
신이 있다면 세상을 반으로
접어줘 나 그녀에게 닿게끔 말야

[Pre-Chorus: Kim Seungmin]
이 추운 날 아지랑이가 피어오르는 듯하다
흐릿하게 난 네 실루엣과 인사를 나눈 뒤 널 찾아가

[Chorus: Kim Seungmin]
넌 강에 비친 달, 거울 속에 비친 꽃
마치 신기루 넌 닿을 수가 없는걸
You shimmered in my eyes, flavor like a reddy rose
네 향기를 쫓아 가면 사라지는걸
저 강에 비친 너를 볼 때면
차가운 강이 따듯해 보여
거울에 비친 너를 볼 때면
현실에 나를 없애 저 거울 속에 들어가고파

[Verse 2: Kim Seungmin]
거울 속에 너를 쳐다보다 다시 또
입체적인 빨간 너를 담은 거울에
손을 올려 평평한 유릴 만져
이 거울이 작은 조각이 되고 피가 번져
부수면 ""너가 나올 줄 알았어""라고
혼자 되뇌이며 줍는 이 조각 사이로
너가 비춰 나 진짜 이제 지쳐
만지지도 못하게 날이 서서 날 미치게 만들어

[Pre-Chorus: Kim Seungmin]
이 추운 날 아지랑이가 피어오르는 듯하다
흐릿하게 난 네 실루엣과 인사를 나눈 뒤 널 찾아가

[Chorus: Kim Seungmin]
넌 강에 비친 달, 거울 속에 비친 꽃
마치 신기루 넌 닿을 수가 없는걸
You shimmered in my eyes, flavor like a reddy rose
니 향기를 쫓아 가면 사라지는걸
저 강에 비친 너를 볼 때면
차가운 강이 따듯해 보여
거울에 비친 너를 볼 때면
현실에 나를 없애 저 거울속에 들어가고파

[Bridge: Milena]
닿을 수 없게
니가 닿지 못하게
멀리서 너를 바라보는게
내가 할 수 있는
전부일 거라고
그렇게 날 위로 하고
널 위로 하고
그렇게 널 뒤로한 채 떠나

[Outro: Kim Seungmin & Milena]
넌 강에 비친 달, 거울 속에 비친 꽃
마치 신기루 난 닿을 수가 없어
넌 이런 내가 안 보이나 봐
창밖엔 비가 와, 비가 와서 흐린 날이
우리 내면에 또 자리 잡는 순간
비우는 게 잘 안된다 난","99.997","0.612","0.8140000000000001","-6.021","0.433"
"All Day","Kim Seungmin","4E9kCEWanRaTiaMlyCni7M","[김승민 ""Drivin'"" ft. 래원, 서동현 가사]

[Verse 1: Layone]
누나 나 새로운 계약 땄어
적당히 나쁘게 사는 법도 난 배웠어
어디든 가자 피서 더운 여름 피해서
치는 파도들 그 모양 마치 bacon
어제는 라디오 두 탕 뛰고 왔어
자는 시간 아껴서라도 가겠어
어린 티가 팍 근데 시간은 뱀처럼
부드럽게 따라가 놓지 마 내 손

[Pre-Chorus: Kim Seungmin]
Drivin' your home, 데리러 갈게
My love, oh 너 하나 때문에
내 하루를 써도
괜찮아 you’re the one
Phone call, 어디쯤이야
나 이제 골목 끝쯤에
좀 기다렸지 baby 미안해 별이라도
따다 줄까 봐 baby

[Chorus: Kim Seungmin]
Drive the city with the light
하얀 네 손으로 grab my right
시원한 바람이 내 ringtone, 넌 아마 내 glitter
Vroom, vroom 달리자 도로 위로 우린 마치
Dream cross the line
We don't freeze, make a fire
Drive the city with you, don't worry 어쨌든
저 불빛 사이를 달려 baby

[Verse 2: BIG NAUGHTY]
Bentley GT Convertible
계약했지 어머니 몰래 two seater를
너 때문에 땄다고 운전면허를
이제부터 할 게 네 대학교 셔틀을
너는 아무 걱정 안 해도 돼
그냥 벨트만 매면 돼
아니 사실 안 매도 돼
그냥 벌금 내버리면 돼
Any time, any night just hit me up girl
I can do this all day 마치 시빌 워
과제고 나발이고 그냥 give it up for me
Let me drive you to 우리 집으로
Jimmy, jimmy, jimmy, jimmy, young jimmy life
형 노래 들으면서 꺼버리지 headlight
이미, 이미, 이미 시작됐어 green light
없어 의미, 의미 no stop, no break, no red lights

[Pre-Chorus: Kim Seungmin]
Drivin’ your home, 데리러 갈게
My love, oh 너 하나 때문에
내 하루를 써도
괜찮아 you're the one
Phone call, 어디쯤이야
나 이제 골목 끝쯤에
좀 기다렸지 baby 미안해 별이라도
따다 줄까 봐 baby

[Chorus: Kim Seungmin]
Drive the city with the light
하얀 네 손으로 grab my right
시원한 바람이 내 ringtone, 넌 아마 내 glitter
Vroom, vroom 달리자 도로 위로 우린 마치
Dream cross the line
We don't freeze, make a fire
Drive the city with you, don't worry 어쨌든
저 불빛 사이를 달려 baby

[Outro: Kim Seungmin]
Drive the city with the light
Drive the city with the light
Dream cross the line
Drive the city with you
Don't worry 어쨌든 저 불빛 사이를 달려 baby","78.671","0.704","0.519","-5.754","0.454"
"Be Okay","Kim Seungmin","3vgmgQaJm40kRvDDCeOpkJ","[김승민 ""Be Okay"" 가사]

[Verse 1]
널 비워내야 한다니
이럴 줄은 몰랐어
넌 뒤 안 돌고 간다
뒷모습마저 낭만이었다
그 짧은 찰나의 영원함에 안주했던 꼴이라니
등신이 따로 없네 참나
추해 망가지지 마
한번 수도꼭지 열리면 넌 여배우 뺨치게 울거니까

[Chorus]
It's alright, be okay
It's alright, yeah be okay
It's alright, I’ll be alright
It's alright, be okay
It's alright 술에 취해 거릴 맴돌아도
나 이렇게 또 저렇게 기다리다 보면 be okay

[Verse 2]
돈이 전부랬던 과거 다행히 돈이 많아
건강 없음 말짱 꽝, 입안에 pills 많아
비록 이렇게 혼자가 됐대도
Walt Disney에 가도 너만한 공주들 많아
추해 망가지지 마
한번 수도꼭지 열리면 난 애새끼 뺨치게 울거니까

[Chorus]
It's alright, be okay
It's alright, yeah be okay
It's alright, I’ll be alright
It's alright, be okay
It's alright 술에 취해 거릴 맴돌아도
나 이렇게 또 저렇게 기다리다 보면 be okay

[Verse 3]
돈이 전부래서 돈 벌었는데 돈이 다가 아니래
기분전환으로 품 내주던 여자들은 진심이 아니래
나 이렇게, 그저 그렇게 버티다
꼭 한 번은 무너지겠지만
무뎌지게 그대로 뒀어
잔해 속에서 기지개 켰어
기억들도 어디 흐르게 걍 냅둬 녹게
남았다면 복잡한 패턴도 채워놓을게
열어볼 수 없게 먼지 쌓인 구석 한 켠에
짐이 되어 떠날 때마저 난 잊어낼게
Okay baby, so let me get this straight
이번엔 전과 같지 않단 것도 알 테니 yeah
망할 하루 당분간 이어진대도
시간이 지나면 아마 더

[Chorus]
It's alright, be okay
It's alright, yeah be okay
It's alright, I’ll be alright
It's alright, be okay
It's alright 술에 취해 거릴 맴돌아도
나 이렇게 또 저렇게 기다리다 보면 be okay","109.909","0.482","0.648","-8.998","0.357"
"Song (Feat. Han Yo Han)","Kim Seungmin","6FoIibxckGhCrtrDZZ3tEE","[김승민 ""노래"" ft. 한요한 가사]

[Chorus: Kim Seungmin]
이 모든 게 다 날 지나쳐가서
길을 잃은 아이처럼 방황한다면
넌 노래를 불러줘
내 노래를 불러줘
내 모든 게 결국에는 가라앉아서
빛이 보이지 않는 곳에 내가 있다면
넌 노래를 불러줘
내 노래를 불러줘 my baby

[Verse 1: Kim Seungmin]
Yeah, 마음이 못돼 처먹었나 봐
Yeah, 나쁜 생각을 좀 하고 있어
다들 얘는 또 왜 이래?
난 매일 이래 yeah
난 매일 이래 yeah
Yeah, 속이 완전히 꼬였나 봐
Yeah, 괜히 벽을 한 대 치며 걸어
말려주면 또 왜 이래?
난 매일 이래 yeah
난 매일 이래 yeah

[Pre-Chorus: Kim Seungmin]
받아야 할 만한 게 없나 봐
어쩜 뺏기는 게 편한가 난?
아마 나만 덜 자랐나 봐
그냥 여기까지인가 봐라는 생각이 들어
아니면 운이 좋아 온 걸지도 더
Someday I'll fade away
그전에 come on baby
Come on be my day

[Chorus: Kim Seungmin]
이 모든 게 다 날 지나쳐가서
길을 잃은 아이처럼 방황한다면
넌 노래를 불러줘
내 노래를 불러줘
내 모든 게 결국에는 가라앉아서
빛이 보이지 않는 곳에 내가 있다면
넌 노래를 불러줘
내 노래를 불러줘 오게 my baby

[Verse 2: Han Yo Han]
추락하는 나를 사랑하지 말아줘
웃으면서 나를 왜 또 다시 안아줘
내 마음속엔 불안만이 가득해
부서진 나를 바라보니 넌 어때
날 그냥 가라앉고 죽게 냅둬
왜 내게 숨을 주고 손을 내밀어?
난 나를 포기하려는 행동을 할 때
뜨겁게 나를 돌이키고
니 옆에 날 서있게 해
이제 깊은 심해 속엔 따듯함이 찾아오네
이 외로움 속에서
너와 나를 창조시킨 노래가
우린 많이 괴로웠고
서로를 회복시키고 너와 나를 지켜
깊은 외로움에 니가 다시 오네
이 슬픈 아픔에 전부를 바친 우리 노래
이제 다시 위로 올라가 볼게
떠올리면 너 때문에 여기까지 왔네

[Chorus: Kim Seungmin]
이 모든 게 다 날 지나쳐가서
길을 잃은 아이처럼 방황한다면
넌 노래를 불러줘
내 노래를 불러줘
내 모든 게 결국에는 가라앉아서
빛이 보이지 않는 곳에 내가 있다면
넌 노래를 불러줘
내 노래를 불러줘 my baby

[Outro: Kim Seungmin]
다들 기름 없이 멀리 가길 원해
엎어지면 코 닿을 거리에서
I'm wander right now, yeah
어디선가 이 장면 본 거 같아
다시 같은 실수를 반복할 거 같데
다 무너진 후에야
하늘 올려다본다니까 우린
하루쯤은 그냥 뒤처져도 난","118.237","0.441","0.3720000000000001","-11.394","0.0538"
"One, Two (Feat. Punch)","Kim Seungmin","54rGyf8W22CzFhQWlMAM4g","[김승민 ""하나,둘"" ft. 펀치 가사]

[Verse 1: Kim Seungmin]
우리 많이 사랑했었던
그 시간 속에 나는 아직도
남아있는 것만 같아서
매일매일 괴로워

우리 같이 걷던 거리도
공사 중이라 발을 돌리고
그대로 아름다웠던
우리 추억과 등을 돌렸어

[Pre-Chorus: Kim Seungmin]
나는 되는 중이야 달이, 저 밤하늘에 걸린
밝은 달처럼 나 성공할 거야
생각보다 너를 멀리 떠나보낸 밤이
다시 오지 않도록 약속했잖아

너와 데이트하던 별거 없던
수성 호수 공원에
널 추억하며 담배를
하나 물고 걸어 다녀 거리에
비가 올 때면 투명한 그 조그마한 우산에
붙어있던 게 이제 와서야 나 그리워져

[Chorus: Kim Seungmin]
너와의 추억이 담긴 거리에
남아있는 사랑을 지우려 해
떠나보냈던 너가 이 자리에
잔상처럼 남아서 날 힘들게
I need to go (need to go)
널 지우고 (지우고)
사랑했었던, 행복했었던
추억들을 지우려 해 하나 둘

[Verse 2: Punch]
하나, 둘 널 지워야만 했던
많은 시간들, 난 애썼어
너가 선물했었던 미소가 보이질 않네
내 거울엔 온통

나쁜 표정뿐인 걸
돌아봐요 많은 행적들
혹여라도 네가 전부를
지우려 한다면, 다 치우려 한다면
힘든 척 날 지우는 게

[Pre-Chorus: Punch]
그리도 쉽게 되는 건지
그걸로 괜찮은 건지
넌 정작 내겐 아무 말 안 건넸잖아
마지막조차 등 떠밀듯이

[Chorus: Kim Seungmin]
너와의 추억이 담긴 거리에
남아있는 사랑을 지우려 해
떠나보냈던 너가 이 자리에
잔상처럼 남아서 날 힘들게
I need to go (need to go)
널 지우고 (지우고)
사랑했었던, 행복했었던
추억들을 지우려 해 하나 둘

[Bridge: Kim Seungmin]
못된 일이 우리를
덮치게 놔둔 것만 같아 다
지우고 (지우고) 널 비우면 (비우면)
그건 사랑했었던 걸까?

[Chorus: Kim Seungmin & Both]
너와의 추억이 담긴 거리에
남아있는 사랑을 지우려 해
떠나보냈던 너가 이 자리에
잔상처럼 남아 그게 날 힘들게 해
I need to go (need to go)
널 지우고 (지우고)
사랑했었던, 행복했었던
추억들을 지우려 해 하나 둘","147.92","0.888","0.61","-5.581","0.764"
"Blame (Feat. Chan)","Kim Seungmin","7kIKIsLBLGMWZxWuDffixb","[김승민 ""탓"" ft. 찬 가사]

[Chorus: Kim Seungmin]
걔 탓이야, 뭔 자비야
서로 사랑한 동안
널 울린 때가 많잖아
난 같이 울어 줄 수도 있어
밖이야, 넌 어디야
당장 만나러 와
널 울린 게 또 걔잖아
한 세 번쯤 더 만나면 너와 난

[Verse 1: Kim Seungmin]
넌 괜히 화를 내
시간 낭비했던 널 인정하는 게
당장은 힘들 거야 다 알아
너가 이 긴 드라마에 빠져 있는 동안
걘 네 조각짜리 사진에 목숨 걸었다고
널 사랑이 아닌 자랑으로써 여겼다는
말이 어렵게 느껴질 이유가 없는데
너 빼고 모두가 다 아는데
너는 지쳤어
멀어지는 법도 몰라
더는 뭐가 손해인지도 몰라
그 새낀 아니라고 차라리 내가 oh my god
나 잠시 미쳤어
계획에 없던 말을 골라
더 모질게 뱉고선 다시 후회로 집 돌아와
연습하지 다시 혼잣말
사실 전부 다

[Chorus: Kim Seungmin]
걔 탓이야, 뭔 자비야
서로 사랑한 동안
널 울린 때가 많잖아
난 같이 울어 줄 수도 있어
밖이야, 넌 어디야
당장 만나러 와
널 울린 게 또 걔잖아
한 두 번쯤 더 만나면 너와 난

[Verse 2: Chan]
그대로 come to me now
쓰리긴 할 거야
걱정마 hold you tight
걔 탓이라니깐
너를 놔두는 게 아닌 것 같아서
더욱 미뤄두기 싫어
알아
너도 이젠
반복되는 것을 지겨워해
나라고 다를 건 아닌데
다르고 바른 사람 일 것처럼 너에게 말을 해
Cuz I want you to back
걔 탓이야 아니, 내 탓이야

[Chorus: Kim Seungmin]
걔 탓이야, 뭔 자비야
서로 사랑한 동안
널 울린 때가 많잖아
난 같이 울어 줄 수도 있어
밖이야, 넌 어디야
당장 만나러 와
널 울린 게 또 걔잖아
이번에 만나면 넌","94.998","0.692","0.75","-6.18","0.659"
"MIA","Kim Seungmin","7pQDMCdLyKTfUBqdGkw0CF","[김승민 ""MIA"" 가사]

[Verse 1]
""Can I really trust you?"" 질문하는 너를 두고 잠깐 문자
확인하려 했다 제길 앞에 말이 뭐였을까?
""너가 없인 한 숟갈을 뜨는 것도 못해""
라는 생각이 내 앞에 김치볶음밥에 보였네
자기야 우리 그러지 말고 동네 앞 좀 돌까?
근데 그녀는 혼자래 내 침묵이 또 답장
이 되어 버려서 미안해
이 되어 버려서 미안해

[Pre-Chorus]
What the 젠장 이게 무슨 일이람
너를 위해 해야 했던 일이라
했을 뿐인데
넌 길을 잃었데
나침반은 개뿔 계속 짐만 되고 있데
이인삼각인 줄 알았더니 혼자여서 밉데
끝 되어버려서 미안해
끝 되어버려 넌 MIA네

[Chorus]
너의 집 앞 근처 어디쯤이야
너와 몇 번 돌아보지 못한 거리가
결국 네겐 미로였고 끝내 MIA 돼서 미안해 yeah
너무 복잡해서 아파 머리가
길을 잃어 앉아 울던 곳 이 어디야?
아마 네겐 기로였을 테고 MIA 돼서 미안해

[Verse 2]
너 떠나는 날 잡지 말아 달란 너가 했던 유일한 부탁
여자의 언어였던 걸까 아님 진심이었을까
철저하게 혼자돼버렸어 보기 좋게
죽을 것 같음이 견뎌지긴 하는 상태
자기야 아니 뭐라고 널 부르는 게 좋을까?
그때 했던 말에 앞이 진짜 대체 뭐였을까?
뭐가 중요해 난 MIA인데
뭐가 중요해 난 MIA인데

[Pre-Chorus]
What the 젠장 이게 무슨 일이람
너를 위해 해야 했던 일이라
했을 뿐인데
우린 길을 잃었네 sorry
짐짝인 줄 알았지 거머리 같은 거래
추억이란 단어조차 생각 안 나 억울하데
재도 안 남아서 미안해
아니 불붙은 적은 있을까 싶네

[Chorus]
너의 집 앞 근처 어디쯤이야
너와 몇 번 돌아보지 못한 거리가
결국 네겐 미로였고 끝내 MIA 돼서 미안해 yeah
너무 복잡해서 아파 머리가
길을 잃어 앉아 울던 곳 이 어디야?
아마 네겐 기로였을 테고 MIA 돼서 미안해

[Outro]
Yeah-eh-eh
Yeah-eh-eh
Yeah-eh-eh
Yeah-eh-eh
Yeah-eh-eh
Yeah-eh-eh
Yeah-eh-eh
Yeah-eh-eh","84.912","0.685","0.534","-6.082","0.445"
"BLUE EYES","Kim Seungmin","4rhC56fk9HKcA0vT83H3um","천 번에 하나 너가 받아줄 테면
나 술 한 잔에 담아서라도 말 걸 텐데

I see your blue eyes
혼자 너에게로 돌아
돌아 너에게로
혹 천 번에 하나 너가 받아줄 테면

Narration

천 번에 하나 너가 받아줄 테면
나 술 한 잔에 담아서라도 말 걸 텐데

I see your blue eyes
혼자 너에게로 돌아
돌아 너에게로
난 너에게로
난 너에게로 가

운전대를 잡았지만 십자가를
까먹은 것만 같아 난
왜 아직까지 헤어 나오질 못하나?
넌 많은 냉정함 나에게는 하나 없나 봐

파도에 쓸려 내려간 것처럼
이젠 움켜쥐어보려 해도 세어 나가네
흔적까지 남은 게 없어서 나
혼자, 또 혼자 돌아가려 하네

너가 어디에 있는진 나 알 것 같은데 왜
뭐 하냐는 메세지 안에는 말 한번 못하는데
너에게 예전같이 달리질 못하겠는 게
나 한심해, 나 한심해

천 번에 하나 너가 받아줄 테면
나 술 한 잔에 담아서라도 말 걸 텐데

I see your blue eyes
혼자 너에게로 돌아
돌아 너에게로
난 너에게로
난 너에게로 가","188.067","0.51","0.77","-5.469","0.533"
"Unreachable (feat. Milena)","Kim Seungmin","4hHIKPMrkukqNBA377ddgI","[김승민 ""수월경화"" ft. 밀레나 가사]

[Verse 1: Kim Seungmin]
난 결국 너를 지워내야만 하나봐
너무 예뻤던 나머지 닿을 수 없다
저 하늘 위로 손을 뻗어 너에게 닿게
넌 비웃듯이 손만을 내밀어 어떻게
하면 저 앞으로 나아갈 수 있을까
자각몽이 현실이라면 또 어떨까
신이 있다면 세상을 반으로
접어줘 나 그녀에게 닿게끔 말야

[Pre-Chorus: Kim Seungmin]
이 추운 날 아지랑이가 피어오르는 듯하다
흐릿하게 난 네 실루엣과 인사를 나눈 뒤 널 찾아가

[Chorus: Kim Seungmin]
넌 강에 비친 달, 거울 속에 비친 꽃
마치 신기루 넌 닿을 수가 없는걸
You shimmered in my eyes, flavor like a reddy rose
네 향기를 쫓아 가면 사라지는걸
저 강에 비친 너를 볼 때면
차가운 강이 따듯해 보여
거울에 비친 너를 볼 때면
현실에 나를 없애 저 거울 속에 들어가고파

[Verse 2: Kim Seungmin]
거울 속에 너를 쳐다보다 다시 또
입체적인 빨간 너를 담은 거울에
손을 올려 평평한 유릴 만져
이 거울이 작은 조각이 되고 피가 번져
부수면 ""너가 나올 줄 알았어""라고
혼자 되뇌이며 줍는 이 조각 사이로
너가 비춰 나 진짜 이제 지쳐
만지지도 못하게 날이 서서 날 미치게 만들어

[Pre-Chorus: Kim Seungmin]
이 추운 날 아지랑이가 피어오르는 듯하다
흐릿하게 난 네 실루엣과 인사를 나눈 뒤 널 찾아가

[Chorus: Kim Seungmin]
넌 강에 비친 달, 거울 속에 비친 꽃
마치 신기루 넌 닿을 수가 없는걸
You shimmered in my eyes, flavor like a reddy rose
니 향기를 쫓아 가면 사라지는걸
저 강에 비친 너를 볼 때면
차가운 강이 따듯해 보여
거울에 비친 너를 볼 때면
현실에 나를 없애 저 거울속에 들어가고파

[Bridge: Milena]
닿을 수 없게
니가 닿지 못하게
멀리서 너를 바라보는게
내가 할 수 있는
전부일 거라고
그렇게 날 위로 하고
널 위로 하고
그렇게 널 뒤로한 채 떠나

[Outro: Kim Seungmin & Milena]
넌 강에 비친 달, 거울 속에 비친 꽃
마치 신기루 난 닿을 수가 없어
넌 이런 내가 안 보이나 봐
창밖엔 비가 와, 비가 와서 흐린 날이
우리 내면에 또 자리 잡는 순간
비우는 게 잘 안된다 난","99.997","0.612","0.8140000000000001","-6.021","0.433"
"Gas Station (Feat. DEREK & Skinny Brown)","Kim Seungmin","5b1JaDIiuFxAhZ9x0wOmzT","[김승민 ""주유소"" ft. DEREK, 스키니 브라운 가사]

[Verse 1: Kim Seungmin]
You think I'm crazy, I think I'm love you
늦은 밤 주유소에서 전화기를 들고
기름 다 넣으면 차랑 전화기 챙겨서
말했잖아 지금 네게 간다고
And I call you, you don't answer the phone
누가 전화기를 훔쳐 간 듯한 너의 행동도
다 이해할 테니 난 뭘 더 어쩌지?
기어의 방향이 너의 집 쪽이지
Damn, I must be famous
사진 찍자 하지 않고는 못 배겨
망할 이미지는 짐이지 다 챙겨서
19번째 도로 근처 위 어디야

[Chorus: DEREK]
When I ring a bell 넌 그냥 몸만 오면 돼
Cause you know inside my head
난 너만 가득 차있기에
Oh 단 한 번만 널 다시 바라보면 돼
Cause back in days we smile
마주 보기만 해도
I think you better stay in home
Oh no I can't take it no more
Don't no where to go
Oh no I can't take it no more
I think you better stay
Oh no I can't take it no more
Don't know where to go
Oh no I can't take it no more

[Verse 2: Skinny Brown]
Oh, you think I'm crazy?
Baby okay, let's get used to it
니 옆에 내가 아니라면
Imma get his ass whoop
널 태우고 달린다 했잖아
With a new coupe
I was thinkin' bout next move
같이 잡고서 핸들
Please, pick up the phone, baby
너의 집 까진 long way
If I drop these coins 박을지 몰라 tollgate
Yeah, she drives me crazy
내 마음은 가지 wrong place
너가 원한다면 난 내 인생까지 줄게
So come outta door baby
I can be your true man
Hoes can't give me a head
내 머린 너로 차있기에
끝을 본 것만 같겠지 baby
Someone said
Every finish-line is
The begining of the new race

[Chorus: DEREK]
When I ring a bell 넌 그냥 몸만 오면 돼
Cause you know inside my head
난 너만 가득 차있기에
Oh 단 한 번만 널 다시 바라보면 돼
Cause back in days we smile
마주 보기만 해도
I think you better stay in home
Oh no I can't take it no more
Don't no where to go
Oh no I can't take it no more
I think you better stay
Oh no I can't take it no more
Don't know where to go
Oh no I can't take it no more

[Verse 3: Kim Seungmin]
날 믿게 되면 킬 거야 이 밤을
I could share this place with you
날 부수던가 잡아 오늘 밤
I don't altogether agree with you
Don't forget to bring your mind with you
Don’t let your imagination
Run away with you
잘 알지도 못하는 나쁜 여자들이 사진 보내
넌 마음에 멍들겠지만
정당화했다 다시 crazy
너무 멀리 와있었는지
오늘 밤도 새어야만 하나 봐

[Chorus: DEREK]
When I ring a bell 넌 그냥 몸만 오면 돼
Cause you know inside my head
난 너만 가득 차있기에
Oh 단 한 번만 널 다시 바라보면 돼
Cause back in days we smile
마주 보기만 해도
I think you better stay in home
Oh no I can't take it no more
Don't no where to go
Oh no I can't take it no more
I think you better stay
Oh no I can't take it no more
Don't know where to go
Oh no I can't take it no more

[Chorus: DEREK]
When I ring a bell 넌 그냥 몸만 오면 돼
Cause you know inside my head
난 너만 가득 차있기에
Oh 단 한 번만 널 다시 바라보면 돼
Cause back in days we smile
마주 보기만 해도
I think you better stay in home
Oh no I can't take it no more
Don't no where to go
Oh no I can't take it no more
I think you better stay
Oh no I can't take it no more
Don't know where to go
Oh no I can't take it no more","151.004","0.5539999999999999","0.779","-7.81","0.848"
"Drivin' (Feat. Layone, BIG Naughty)","Kim Seungmin","0RvBLaujbbruFj6T3hdlVA","[김승민 ""Drivin'"" ft. 래원, 서동현 가사]

[Verse 1: Layone]
누나 나 새로운 계약 땄어
적당히 나쁘게 사는 법도 난 배웠어
어디든 가자 피서 더운 여름 피해서
치는 파도들 그 모양 마치 bacon
어제는 라디오 두 탕 뛰고 왔어
자는 시간 아껴서라도 가겠어
어린 티가 팍 근데 시간은 뱀처럼
부드럽게 따라가 놓지 마 내 손

[Pre-Chorus: Kim Seungmin]
Drivin' your home, 데리러 갈게
My love, oh 너 하나 때문에
내 하루를 써도
괜찮아 you’re the one
Phone call, 어디쯤이야
나 이제 골목 끝쯤에
좀 기다렸지 baby 미안해 별이라도
따다 줄까 봐 baby

[Chorus: Kim Seungmin]
Drive the city with the light
하얀 네 손으로 grab my right
시원한 바람이 내 ringtone, 넌 아마 내 glitter
Vroom, vroom 달리자 도로 위로 우린 마치
Dream cross the line
We don't freeze, make a fire
Drive the city with you, don't worry 어쨌든
저 불빛 사이를 달려 baby

[Verse 2: BIG NAUGHTY]
Bentley GT Convertible
계약했지 어머니 몰래 two seater를
너 때문에 땄다고 운전면허를
이제부터 할 게 네 대학교 셔틀을
너는 아무 걱정 안 해도 돼
그냥 벨트만 매면 돼
아니 사실 안 매도 돼
그냥 벌금 내버리면 돼
Any time, any night just hit me up girl
I can do this all day 마치 시빌 워
과제고 나발이고 그냥 give it up for me
Let me drive you to 우리 집으로
Jimmy, jimmy, jimmy, jimmy, young jimmy life
형 노래 들으면서 꺼버리지 headlight
이미, 이미, 이미 시작됐어 green light
없어 의미, 의미 no stop, no break, no red lights

[Pre-Chorus: Kim Seungmin]
Drivin’ your home, 데리러 갈게
My love, oh 너 하나 때문에
내 하루를 써도
괜찮아 you're the one
Phone call, 어디쯤이야
나 이제 골목 끝쯤에
좀 기다렸지 baby 미안해 별이라도
따다 줄까 봐 baby

[Chorus: Kim Seungmin]
Drive the city with the light
하얀 네 손으로 grab my right
시원한 바람이 내 ringtone, 넌 아마 내 glitter
Vroom, vroom 달리자 도로 위로 우린 마치
Dream cross the line
We don't freeze, make a fire
Drive the city with you, don't worry 어쨌든
저 불빛 사이를 달려 baby

[Outro: Kim Seungmin]
Drive the city with the light
Drive the city with the light
Dream cross the line
Drive the city with you
Don't worry 어쨌든 저 불빛 사이를 달려 baby","125.443","0.573","0.64","-5.349","0.7509999999999999"
"New Kings","Keem Hyo-Eun","2SXmcvPunWNXunWuGOeSsh","[Intro: JUSTHIS]
JUSTHIS 정복하고 구원

[Verse 1: JUSTHIS]
Ay, I'm just a little skinny kid
Who chillin' with OG's and legends
And I love my life, 사랑하는 사람들이 늘어 계속
얘넨 다 전시용, 난 전시 상황용
난 키보드 말고 아무 일도 없었어
존나 알려주고 싶어져
The second usage of microphone
니 대가리에 굴절이 생기는 상상 계속 해
Hater들이 세를 낸 내 머릿속 내 방처럼 mess
But that's why I'm the threat for the rap game
That I've never played, yah
난 게임 안 해, 게임 하는 놈들로 게임하지
걔네 집 방에다 캠을 설치하고 나가서 놀다 밤에 일하지
인기는 걔네 엄마한테 다 드리고 난 돈만 share할게
약 먹고 예술하는 나보다 예민한 미친년들아
골라봐 문장, 까봐라 줄창
어차피 안 바뀌어, 내가 명반을 냈다는 사실
신발만 보고 지랄 해라, 어차피 걷는 건 내 발
가는 곳은 다 내 맘 전체를 봐, 남는 건 형제야
이제 주변 둘러보고 tell me
Who the where the fuck am I

[Chorus: The Quiett]
Yo, 받아들여 이건 새 시대
Seoul city let's fuckin get it
내가 최고가 아니기엔
이 세상 모든 것이 너무 낮아 나에겐
We the new kings in this fuckin rap game
We the new kings in this fuckin rap game
We the new kings in this fuckin rap game
We the new kings in this fuckin rap game

[Verse 2: Young B]
I'm from D started from the street that' oldschool
어떤 crew 건 우리앞에 붙히면 난 죽일 수 밖에
없는 건 태도 처음 에 본대로
D-squad on the block, 못 와 절대로
발악해 봤자 Spotlight은 내게 쏠리지 (I'm Eighteen)
어른인척 하는 형 누나들 앞에 올인
내가 깔아놓은 덫에 걸린 넌 먹이
다 이뤄놓은 척 하는 애 놀리는 맛 들렸지
중간쯤에 rappers 흔하게 있는 fan
Instagram selfie man, follow수가 너네 swag
더 높은 곳에 설 순간이 이제
여태까지 온 것 같이 금방이게
I'll Run, 죽기 전 뱉을 flow, 모두가 one하고
Two 외치기전에 I'm done
Y-O-U-N-G-B, 형들 앞 입 닫았던 내 모습은 없어
On the top, 엘레베이터 없이 내 방식대로

[Chorus: The Quiett]
Yo, 받아들여 이건 새 시대
Seoul city let's fuckin get it
내가 최고가 아니기엔
이 세상 모든 것이 너무 낮아 나에겐
We the new kings in this fuckin rap game
We the new kings in this fuckin rap game
We the new kings in this fuckin rap game
We the new kings in this fuckin rap game

[Verse 3 : 김효은]
Yo, 다시 돌아왔지, 계속 더 올라가지 그들을 향해
마음으로 본 것들, 눈을 감네, 기대해 모두들 나에게
조금은 강해, 보여줘, 다시 한 번, yo
그때완 달러 제대로 잘 봐둬
난 저 높이 그들 옆에서 꿈을 꿔
너흰 내 음악이 나옴 춤을 춰
가까이 있지만 먼 마냥 우러러 보는 별
날 향해 손을 뻗어, 때론 유성처럼 내 몸을 던져
다음 새벽을 기다릴 시간도 없네, 어쩜 마지막 기회
그저 너흰 자신감이 돼, 정말 도덕산 아래가 시작이네
정상까지 바라봐, 내 믿음을 따라가 날 막아 봤자
이젠 그리 높지 않은 니들 벽, 쓰러뜨려, dominoes
좋은 그림 하나 마지막에 남기고 잔인한 상상이 곧
너에게 현실이 될 때 준비됐네, 정말로 기대 돼

[Chorus: The Quiett]
Yo, 받아들여 이건 새 시대
Seoul city let's fuckin get it
내가 최고가 아니기엔
이 세상 모든 것이 너무 낮아 나에겐
We the new kings in this fuckin rap game
We the new kings in this fuckin rap game
We the new kings in this fuckin rap game
We the new kings in this fuckin rap game","76.004","0.817","0.558","-3.619","0.429"
"Come Back","Keem Hyo-Eun","2TyhDq6bTmFuEwmKSW1Zua","[Chorus: Leellamarz]
You said to me 우리 영원히
Come back to me, come back to me
You said to me 우리 영원히
Come back to me, come back to me

[Verse 1: Keem Hyo Eun]
너는 내게 영원하자고 말했어
근데 너는 지금 대체 날 두고 어딨어?
나 이제서야 오로지 널 위해 돈 벌어
차라리 이대로 내 심장도 같이 썩어
Come back to me, 우리 영원히
난 다 줬지, 안 돼, 너 없인
나는 이미 너무 많은 것을 잃었어요
너 뿐인 것처럼
우리 이렇게 끝나버리는 건 안 돼요
I said no, no, no

[Chorus: Leellamarz]
You said to me 우리 영원히
Come back to me, come back to me
You said to me 우리 영원히
Come back to me, come back to me

[Verse 2: Hash Swan]
그대 나는 역시 그대를 잊어버린 걸까요
혹시 잊어버린 그때부터
정말로 잃어버린 걸까요
영원한건 영원한건 없단 사실뿐이라 하죠
もう話すのがぎこちなくなった。おはよう
깊이감 조차 없는 파도 앞에 난 멍해져요, oh, oh
기다린단 말을 해버렸지, 참 못됐어요

[Verse 3: Skinny Brown]
You said 'I'll be by your side till the last come'
아니 끝나도 우린 함께 하쟀어
넌 반을 잘라내는 게 쉽니, just say something
기억이 날 죄고 받아내려 해 Ransom
Left off uh but no one right
Uh, 센 척 못해, cuz I'm not fine
뒤돌아 보지 못한 책임일까 나의
But you said to me, yeah, 한 발짝 못가 자리에
원해 너가 다시 오길 stuck to me like glue
너에게서 너를 뺏겨버렸어, that's stupid
돌아간 길을 안다면 갔겠지, no clues
할 말이 이것 뿐이란 게 슬퍼, come back to me

[Chorus: Leellamarz]
You said to me 우리 영원히
Come back to me, come back to mе
You said to me 우리 영원히
Come back to me, comе back to me","167.412","0.563","0.296","-5.58","0.267"
"XXL","Keem Hyo-Eun","5Tym9X0OrYDhWLqX2X5qEa","[Verse 1: 김효은]
나이만 쳐 먹은 래퍼들이 진지해
이 어린 놈의 침대가 토해 젖비린내
그 위 쌓인 돈 냄새나 맡고 질식해
재미로 네 똥 차도 뺏을 거야, GTA (skrt)
눈에 띄니 치어버려, uh
네가 죽치고 있어 이 게임 안에
차라리 The Quiett 제외 shut the fuck up
제외 내가 떠받드는 몇 명, 더 방심하다 쳐 맞지 uppercut
너는 아냐 병신아, 좆까, 짜릿해, 콜라
지 얘긴지 몰라, 숨겨 와사비 초밥
Deepflow, 농담, 내가 그의 목발
Fuck your 도발, 다시 그의 총알이 돼버려, 빵

[Hook: Deepflow]
내 step two, four에 맞춰 걸어, 걸어
38 배기팬츠처럼 헐렁, 헐렁
Boom bap, kick, snare, neck breaker, breaker
꺾어, 꺾어, 이제 다 고개 꺾어, 꺾어, yeah
이건 XXL
I break ya break ya neck
이건 XXL
다 고개 꺾어, 꺾어, yeah
이건 XXL
I break ya, break ya neck
이건 XXL

[Verse 2: 김효은]
파도 타고 휩쓸러 가, 팔목인 양 꺾이라고
판돈은 쥘 수 있겠냐? 판 돈은 너네 요양비
팝콘이나 사 먹던지 (yeah)
이쯤에서 나도 터져버린 다음 튀
Lie, lie, lie, lie, lie, 내 속옷 안에 두 개쯤은 더 있다고 bomb
예쁜이가 덤비니 잠 못 이루는 밤
다 이뤄버리고 이거 그냥 내 거 팜
Ay, ay, 그래 봤자들 못 감당해, uh
두려워나 해라 산사태, uh, 꼿꼿이 세워 내 발사대, uh
돼줄 일은 없지 빵빠레, uh, 이미 준비 됐냐, 혹시 cake?
발버둥 쳐봤자 오리배, fuck it, 돈이나 더 내놔
내 거북선 party 안 태워 썅 노인네

[Hook: Deepflow]
다 고개 꺾어, 꺾어, yeah
이건 XXL
I break ya, break ya neck
이건 XXL
다 고개 꺾어, 꺾어, yeah
이건 XXL
I break ya, break ya neck
이건 XXL

[Verse 3: Dok2]
Reppin’ Illi-ambition, we gettin em money
자, microphone check 하나, 둘
TV에 누가 또 나와서 지리는 척하니 랩 한다고?
내가 나오면 다 burrow, 네 마이크나 버려, 빨리 내놓으라고
래퍼란 놈들 다 귀여운 척 아님 예쁜 짓 여길 다 배려놨군
니들이 여기서 깔보는 효은인 적어도 가짜 힙합은 안 해
난 쇼미더머니 그딴 거 보지 않아, 누가 나오든 간에
TV 안에 잘 나가봤자 현실에선 다들 어딜 가니?
목에 힘 빡 주고 머리 컸던 니들 요즘 밥은 챙겨 먹고 사니?
Audemars on my wrist iced, tennis chain on my neck cost
여기 상금보다 큰 내 장신구들과 내 옷
네가 누구든 간에 늘 엿 먹으란 태도
불국사 바로 내 고향, 다음 집은 저기 west coast

[Hook: Deepflow]
내 step two, four에 맞춰 걸어, 걸어
38 배기팬츠처럼 헐렁, 헐렁
Boom bap, kick, snare, neck breaker, breaker
꺾어, 꺾어, 이제 다 고개 꺾어, 꺾어, yeah
이건 XXL
I break ya, break ya neck
이건 XXL
다 고개 꺾어, 꺾어, yeah
이건 XXL
I break ya, break ya neck
이건 XXL","98.807","0.7040000000000001","0.935","-5.157","0.682"
"sweet dreams","Keem Hyo-Eun","2Wxkr0aeY7JjLDUW3FfpFh","내 꿈은 날아가 저 멀리 다른 행성
그래, 마치 일론 머스크의 로켓처럼
모두가 잠이 든 시간에 몰지, Tesla
정처 없이 내달리다 보니 어느덧 새벽녘
다가갈수록 더욱 멀어져 만 가는 Star
나는 결코 그 별을 놓치지 않을 것
기억해 사실 그 별은 우리 안에 있다는 걸
닿을 것이라 했던 믿음은 Touch the sky
손에 쥘수록 내 욕심은 커져가
동시에 느끼게 되는 이런 허전함
어쩌면 놓친 게 더 많으니
그저 곁에 남은 이 하나 없이
마음을 이끄는 밝은 빛을 따라만 가는 길
결국 그 모든 걸 이루고 말 거야 해가 뜨기도 전에
꿈에서 깨라는 알람 소리를 듣기도 전에
이렇게 그냥 잠에 들기도 뭐해
Sweet dreams, baby, sweet dreams
꿈들은 천장 위의 모빌처럼 빙빙
사라질까 두려워 잠 못 드는 긴 긴 밤
이 노래는 너를 비추는 달빛 아래
Good night kiss
Sweet dreams, baby, sweet dreams
꿈들은 천장 위의 모빌처럼 빙빙
사라질까 두려워 잠 못 드는 긴 긴 밤
이 노래는 너를 비추는 달빛 아래
Good night kiss
삼키고 삼켜 속에 있는 게 뭐든 간
아직 갈 길 멀어서 주머니엔 조급함
달콤함은 늘 무성했지 소문만
설탕 얹으려고 땀으로 해 소금 간
Work, work, work, Rihanna
뭘 들었던 Fxxx what you heard 미안하지만
너의 의견은 된 적 없어 도움이
Ay, yo, I know what I do man, oh, please
고민은 돈을 타고 왔다 가 버려 돈을 타고
숨 차는 시간 속 난 보물 찾아
조금만 더 조금만 더 기도하지 바다 위에서
꿈이란 청새치를 낚아올리기 위해서
잠자며 꾸는 꿈은 금방 사라져
난 일어난 다음 현실에 잡아둬
돌아가는 길은 까먹은 지 오래
다 거머쥔 손엔 망설임만 찾아볼 수 없네
You know
Sweet dreams, baby, sweet dreams
꿈들은 천장 위의 모빌처럼 빙빙
사라질까 두려워 잠 못 드는 긴 긴 밤
이 노래는 너를 비추는 달빛 아래
Good night kiss
Sweet dreams, baby, sweet dreams
꿈들은 천장 위의 모빌처럼 빙빙
사라질까 두려워 잠 못 드는 긴 긴 밤
이 노래는 너를 비추는 달빛 아래
Good night kiss
Sweet dreams, baby","186.044","0.664","0.221","-5.242","0.101"
"love ?","Keem Hyo-Eun","5wLR61x054XpOnYM6SOaIy","잘 모르겠어 이젠 누굴 만난다는 게
마음보단 머리가 먼저 반응해
나눈 대화들은 희미해져 흩어져 가는데
그저 좋기만 하던 때와는 확연히 다르네
모두 사랑을 원해 그건 나도야
근데 그게 뭔지 몰라 정말로 알고파
안갯속 안대로 눈을 가린 채
찾고 다니는 거 같아 날 채워줄 수 있는 만족감
인정할게 나 좋아하는 거 잘 못해
잘나가는 거 같다가도 뭔가를 잘못해
근데 서툴다는 말은 싫어 변명 같아서
그냥 그 정도로 좋지는 않았다고 해
그러면서 후회는 꼬리처럼 살랑이며 뒤따라와
잡지도 못 할 과거의 일들이 잇따라
나타나 자기 전 나 혼자 누워 있는 침대에
이불을 발로 차봤자 옆자리는 빈 채
I don't need love
Even I don't need you (Hoo, oo, oo)
But I'm looking for love
(But I'm looking for love)
있으면 좋고 없음 말고
그러니 시간 낭비 말고 (Oh, oh, oh, oh)
이젠 나가줘 Baby
일하러 가야 될 시간이야 Baby
너도 알잖아 사랑 아닌 걸 (사랑 아닌 걸)
남들이 볼 땐 우린 남인 걸 (우린 남인 걸)
그냥 잊어줘 Baby
마주쳐도 못 본척해 Baby
그냥 짓궂은 장난인 걸 (짓궂은 장난)
I swear I never fall in love
Baby, 너에게는 주지 못해 love
어쩌면 다야 그동안의 몸이 나눈 정
이 불장난에 시시한 감정은 태워 Burn
결국 재처럼 이 노래뿐일 테니 남는 건
그저 지금처럼 이렇게 아주 가끔씩
서로의 빈자리를 채우면 돼 가득히
외롭지 않아 너와 함께라면
아득히 먼 이 밤의 끝을 향해 가는 길
그런 우리를 비춰주는 저 달빛 아래
서로를 향한 둘만의 무대는 시작돼
그 자체로 예술인 지금의 우리 관계에
굳이 필요할까 아름다운 Finale?
너는 나의 몸에 불을 켜지 버너
허나 내 심장은 여전히 차갑게 얼어
우리 사이를 말하자면 필요 없지 언어
단지 어서 내 몸 위를 거슬러 올라와 연어
I don't need love
Even I don't need you (Hoo, oo, oo)
But I'm looking for love
(But I'm looking for love)
있으면 좋고 없음 말고
그러니 시간 낭비 말고 (Oh, oh, oh, oh)
이젠 나가줘 Baby
일하러 가야 될 시간이야 Baby
너도 알잖아 사랑 아닌 걸 (사랑 아닌 걸)
남들이 볼 땐 우린 남인 걸 (우린 남인 걸)
그냥 잊어줘 Baby
마주쳐도 못 본척해 Baby
그냥 짓궂은 장난인 걸 (짓궂은 장난)
I swear I never fall in love","107.948","0.684","0.759","-5.751","0.759"
"square one","Keem Hyo-Eun","3KH1JQyHrB3boJpEVRsV1q","기억해, 그 시작은 16년
스물넷에 내 평생의 꿈을 이루며
이제부터 내가 들려줄 테니 귀 기울여
어쩌면 조금은 뻔한 이야기부터
눈 앞에 도끼와 더 콰이엇
내게 일어난 현실이 맞나, 과연?
얼마 할까, 이 Rolex 시계 가격보다도
의심한 것 같아, '내가 될까, 자격이?'
상관없었지 계약했잖아, 일리네어
그게 나 같은 래퍼들에게 무얼 의미해?
동시에 우리나라 최고들과 비비기에는
내가 가진 것들이 매우 초라하고 시시해 보였어
마치 내 첫 앨범처럼 My ambition
그 야망은 빛을 보지 못했지만
고맙게도 저 조명은 나를 비춰
창모, 해쉬는 잘나가고 있었지
다만 그 뒤를 따라가려고 하니 너무 지쳤어
Rapstar life
전 세계를 돌아다니며 잡은 Mic
그녀들과 지새웠던 수많은 밤들
그렇게 영화는 행복했던
짧은 찰나의 순간들로 내렸지 막을
내게는 없었지 다음 시나리오
알았어, 날린 후에
7년이란 기회비용
그러니 부디, 말릭
어서 이 비트 위에 기록해
아직 이야긴 많이 남아있어
마치 마틴 스콜세지
Show must goes on
얻어맞아도 피 발자국 남기는 코좀
또 속는 셈 치고 아직 못 본 성공으로
다들 놀래켜, '저 xx 랩하는 거 좀 보소'
고통을 돈통으로 바꿀 수 없음 넌 그냥 보통
내 사전엔 면허 앞에 말곤 못 찾지 도통
그저 두들겨서 연 걸 보고 배워
컨테이너에서 뱉던 래퍼의 엔터테인 섭외 Call
GONZO
신화 같은 이야기
닳도록 읽은 바이블
성경만큼 팔리진 않았을지라도
실화임을 부정할 수 없어
내 믿음을 만든 차이점
그래, 맞아 난 함께 전설이 되려 여기 와있어
필름은 돌아가 효은이 형과의 투 샷
찾아, 노다지
49ers, 금 나와라 뚝딱
뚝딱, 드럼으로 들려
또 써내려 금방 떠올린
순간 꺼내 머릿속 금은방에서
관심은 없지 5 stars 평점 따위는
마음속의 별을 따라서 걸어가지 늘
내 이야기는 남아있어 적어 다시금
적어도 다시는 너 자신이
그 빛을 비추는 존재임을 잊지 말아 줘
이 노래도 어쩌면
던말릭의 시작과 나의 끝의 접점이라고 생각했지
허나 나 역시도 저 먼 길을 돌아
결국 다시 출발선에
Back to square one
시작은 서초구 강남 서쪽
저 빌딩 위 회색 컨테이너 박스에 교포
래퍼들 그 옆 꼬마 머리는 Cornrows
장스 가짜 쇠 목걸인 알러지, 곧 또
히딩크와 월드컵, 다 옷들 시뻘건
무법인 거리 누비며 다 모두가 Turnt up
Mnet 방송국 대기실 안 저쪽
비싸게 입은 열다섯 살 형들은 몇 년 후
태양과 GD, 난 홍대에서 Thunder
열여섯 살의 열정 년의 다섯 개 던져
이소룡의 법칙, 난 만 시간을 먼저
채웠을 뿐, 99% 노력 위 다 얹어
내 스페인 피 몇 방울 My Spanish caliente
Teaming up
With my South Korean dreams started dancing
Let me get my strawberry acai, prolly venti
I'mma get it poppin' dolo on the stage
Charlie Chaplin
첫 인종차별, 다섯 살
안 겪어 본 놈 몰라
시끄럽게 나서 살긴 싫어 조용하던 아이
MBTI 시작은 E 아닌 I, level 100
내 맘 어지간히 들지 않는 한, 말 잘 안 섞지
래퍼라는 놈들 랩으로 놀래킨 적 언제? Huh
재능 없는 놈만 하지 견제
전쟁 같은 삶을 견뎌낸 영광의 상처
Post-traumatic stress, I can't sleep
That's the cousin of death
If it wasn't for rap, ain't none of this happened
So, love it or hate it
I'm sticking with my stories and plan
I chase my dream no clout 그건 어렸을 때나
하지만 돌이킬 수 없지 꿈을 버렸을 땐
Back to square one","100.883","0.511","0.629","-12.269","0.546"
"Baby","Keem Hyo-Eun","09LGaJUKYfSHvq7Q6b0bts","[Chorus: Keem Hyo Eun]
내 맘 알아줘 baby
널 위해 노래 부르며 밤 샜지
난 이미 모든 준비가 다 됐지
넌 그냥 내 손을 잡으면 돼
그냥 그러면 돼
오래 걸렸어 baby
나 땜에 많은 눈물 흘렸겠지
이젠 나와 같은 꿈을 꾸겠니
그저 날 네 품에 안으면 돼
그냥 그러면 돼
너는 그거면 돼

[Verse 1: Keem Hyo Eun]
너 없이는 내 방안은 어두워
어서 와 내 맘을 훤히 밝혀줘
한 번 더 내게 사랑을 알려줘
아니 이번엔 어쩜 내 차례야
너는 있어주면 돼 내 곁에만
난 네게 별로 할 말이 없지만
이렇게라도 노래를 불러
화려한 조명이 나를 애워
자기 여전히 내 맘엔 비가 내려
근데 너마저 내 맘을 몰라주면
그런 너마저 내 곁을 떠난다면

[Chorus: Keem Hyo Eun]
내 맘 알아줘 baby
널 위해 노래 부르며 밤 샜지
난 이미 모든 준비가 다 됐지
넌 그냥 내 손을 잡으면 돼
그냥 그러면 돼
오래 걸렸어 baby
나 땜에 많은 눈물 흘렸겠지
이젠 나와 같은 꿈을 꾸겠니
그저 날 네 품에 안으면 돼
그냥 그러면 돼
너는 그거면 돼

[Verse 2: ZENE THE ZILLA]
그래, 그거면 난 돼 baby
어려운 건 부탁 안 해, 내 입이
무심코 널 말하곤 씩 웃어
어두웠던 내게 와준 넌 싱그러움
Woo, 널 볼 수 없게 돼버린 후에
해봐야 무슨 소용이 있겠냐만은 후회
여전히 난 궁금해
너의 하루에 다시 자리가 있을지
못 잊어, 그 밤 고개
말해줄래 내게, 그동안은 어땠어?
너땜에 쓴 이 노랠 불러, 채워줘 객석
오늘 밤은 나와 같은 꿈을 꾸겠어

[Chorus: Keem Hyo Eun]
내 맘 알아줘 baby
널 위해 노래 부르며 밤 샜지
난 이미 모든 준비가 다 됐지
넌 그냥 내 손을 잡으면 돼
그냥 그러면 돼
오래 걸렸어 baby
나 땜에 많은 눈물 흘렸겠지
이젠 나와 같은 꿈을 꾸겠니
그저 날 네 품에 안으면 돼
그냥 그러면 돼
너는 그거면 돼","116.103","0.147","0.655","-14.409","0.328"
"Sailing Boat","Keem Hyo-Eun","28LXvrD3H6zb9Mfv7L5ZOx","[Chorus: Keem Hyo Eun]
마치 바다 위 난 돛단배야 baby
내 맘속엔 파도가 치잖아, yeah, yeah
그 어디로 흘러갈지 몰라, yeah, yeah
이미 많은 눈물도 흘렸잖아
네게로 향한 난 돛단배야 baby
내 맘속엔 비바람 불잖아, yeah, yeah
그 어디로 흘러갈지 몰라, yeah, yeah
어서 너의 품 속에 나를 담아

[Verse 1: Keem Hyo Eun]
못 뺏어가 날 네게서
악마들이 밤새 창문에 드리워
곁에 너를 두고 이렇겐 못 디져
코로나가 왔어도 난 억은 벌어
부디 내 손을 놓지는 말아줘
나는 하루 수백 번도 흔들려
그 속에서도 난 널 그려
어쩌면 바다 깊이 잠기겠지
아무것도 난 할 수는 없겠지
때가 됨 의사 전화가 오겠지, oh
그 누구도 나를 외면하겠지
내가 이대로 죽길 바랄 테니
그 전에 내가 먼저 너를 해치워

[Chorus: Keem Hyo Eun]
마치 바다 위 난 돛단배야 baby
내 맘속엔 파도가 치잖아, yeah, yeah
그 어디로 흘러갈지 몰라, yeah, yeah
이미 많은 눈물도 흘렸잖아
네게로 향한 난 돛단배야 baby
내 맘속엔 비바람 불잖아, yeah, yeah
그 어디로 흘러갈지 몰라, yeah, yeah
어서 너의 품 속에 나를 담아

[Verse 2: 뱃사공]
내가 돌아갈 때까지 너는 나를 품에 담아
나 홀로였던 만큼 해줄 말이 많아
걔가 너를 대신해도 나 지금은 참아
이 파도가 꺼질 때까지 난 여기 남아
수백 번 깨지고 다시 배워
더 외롭게 돛단배에 나를 태워
눈이 감기려 할 때 파도는 나를 때려
허전한 맘을 rhyme으로 채워, yo
나를 잊지 말어 절대
너는 나를 놓지 못해
이 파도가 나를 높게
태울 때 너를 지켜볼게
홀로 외로워도 go way
이대로 멈추는 건 no way
나를 잊지 말어 절대
너는 나를 놓지 못해

[Chorus: Keem Hyo Eun]
마치 바다 위 난 돛단배야 baby
내 맘속엔 파도가 치잖아, yeah, yeah
그 어디로 흘러갈지 몰라, yeah, yeah
이미 많은 눈물도 흘렸잖아
네게로 향한 난 돛단배야 baby
내 맘속엔 비바람 불잖아, yeah, yeah
그 어디로 흘러갈지 몰라, yeah, yeah
어서 너의 품 속에 나를 담아","143.86700000000005","0.309","0.374","-9.887","0.33"
"grow up","Keem Hyo-Eun","2LpRnqs9IwKMI8RdYFZF4s","저리들 좀 비켜
내가 시작할 때는 겉절이들도 치워
이제라도 제일 주인공이 되고 싶어
돌려, 시뮬레이션
아저씨처럼 거울 속에 내 모습을 비춰
그 바리깡은 마이크
되찾아야 했지 순수함이라는 아이
그렇게 우리나라 정상의 별들 사이
유독 찬란하게 빛을 내는
지금의 바로 내 모습을 기억해
Honestly 그것이 나의 마지막 별빛이
어쩌면 될 수도 있겠지
물론 이 바닥에 나이 마흔까지
끌고 다니고 싶지 않아 힙합바지
단지 놀고 싶은 거야 나이에 맞게
어른이 되어도 나는 언제나 힙합하지
세월 지나면 잊혀질 핫바지로 가 아닌
영원한 너희의 빅 파파지
증명해야 될게 너무도 많아
이 비트 역시 죽여야 한다고 생각했지
초심에 돌아가 간절함을 뱉지
더 늦는다면 그 간절함은 객기
다시 불태우는 열정과 패기
어줍잖은 어린놈들 못 둬 개기게
원한다면 Battle 보여주지 level
부를 찌워 체급은 더구나 Heavyweight
Everyday I chasing
I can't be catched (Woo)
Tell 'em my fams
I get paid in a second
Like I said it (like I said it)
In a second
내 이마에 주름 잡힐수록 주름잡아
Don't flex on 번데기
Oh my god
철없는 아이처럼 사고 쳐도 돼, 뭐 어때
(너희 나잇값)
어차피 랩도 나잇값도 너넨 다 못해
(너흰 몰라, 인마)
너네 다 내 나이 돼도 Never, 내가 못돼
(Oh my god)
애xx, 어른 xx 전부 제대로 챙기질 못해
Kill the hook like Peter Pan
매일 바뀌어 팅커벨
Fly boy 아저씨 돼도
날아다녀 Business class
While you bxxching in the net
매주 다른 도시 Stage
환전은 까먹은 채로 탔어
다음 공연 향한 내 비행
이 xx들 Pull up 한다더니
느려 해외 배송 보다 더
코빼기도 안 보여 x밥들
변기에 키스하며 몸 떠느라 Brr
너희 엄마 또 운다 또르르
변명 안 통해 이젠 No, no, no
You only live once but 얼라들
얼라라 하는 사이 청춘 지나가
너 나이 먹고 뭐 할라고, Bruh?
애들처럼 놀고 벌인 어른보다 위
틀니 맞춘 다면 박아 얼음도 같이
머리 어깨 무릎 발 현금 보따리
너는 못 사지 털어봐라 저금통까지
화폐 전쟁 속에 넌 동전을 논하지
말이 안 통해 그냥 보여줄 테니까
좀 매, 아가들과 아저씨 아가리 싹
너희 다 너무 싸구려야 나잇값, bxxch
Everyday I chasing
I can't be catched (Woo)
Tell 'em my fams
I get paid in a second
Like I said it (like I said it)
In a second
내 이마에 주름 잡힐수록 주름잡아
Don't flex on 번데기
Oh my god
This sxxx like fine wine
반대로 먹지 너희 나이완
(너희 나잇값)
긴장과 이완
알고 있어 양쪽 Side 다
(너흰 몰라, 인마)
돈에 대해 생존에 대해 알고 싶으면 보고 배워
(Oh my god)
With knees bent
경건히 예배를 올리도록 해 이 교회에
나잇값 못 하는 xx들이 꽤 많아
난 시간을 금으로 치환해 계산하지
그 어떤 파티보다 화려할 내 제삿밥
배아픔 듣지마 듣지마 듣지마","100.568","0.486","0.638","-9.985","0.402"
"city light","Keem Hyo-Eun","1UCoIhGIA2aeyQk64ho2G7","별들은 빛이 나지 밤에
나 역시 때를 기다리며 들지 못해 잠에
어쩌면 닿을지 모를 저 밤 하늘 무대 아래
우리는 저마다의 불빛을 찬란하게 수놓지
That's the city light (city light)
어둡고 외로운 도시에 서로를 의지하지
우리는 저마다의 불빛을 찬란하게 수놓지
That's the
밤이 깊어지는지도 모른 채로
머릿속의 별들을 꺼내서 하나둘 곡을 채워
지구에 내려 온 우주를 전시해 이 노랜
노란색 가로등 켜질 때 끄덕여 네 고개
That's the city light 날파리가 꼬이는
덮인 어둠에 외로워 삼삼오오 모이는
멀리서 혼자 견디는 너에게도 보이는
그런 깜깜한 도시에 혼자가 아니란 소식들
떠난 너의 인스타 게시물 땜에 심란한 잠자리에
뒤척이다 적막 대신에 이 음악이 자리해
어디 연락하긴 늦어 혼자 이렇게 이야기해
이럴 때일수록 시간이 가는 건 달팽이 같기에
자고 일어나면 그만일까 싶은 적도 한두 번
안 아프겠지 생각한 적도 모든 걸 관두면
우리 모두 새까만 핀 조명 쳐진 무대 위에
반사돼 반짝이는 금은보환 두 눈에 깊게
That's the city light (city light)
어둡고 외로운 도시에 서로를 의지하지
우리는 저마다의 불빛을 찬란하게 수놓지
That's the
That's the city light (city light)
Yes, in the night, yuh
나 몰래 어느새 찾아오는 밤에
불을 켜줘 환하게
저 낮보다 더 밝게
주황색 조명 마치 노을
이 밤이 시작되고 나는 결코 그 끝을 놓을 수 없어
지금 이 순간 내 앞에는 Microphone
다시는 어둠 속에 두지 않아 홀로
가까이 놓지 내 진심이 닿을 거리에
부디 이 노래가 울려 퍼지게 거리에
혹시 날 기다렸던 팬들은 어디에
대답 없는 이 정적이 싫어 누른 플레이 버튼
밤새 흘러 비트는 돌 듯 쳇바퀴
찾고 있어 복잡한 머릿속 라임들의 행방
더는 나를 물들게 냅두지 않지 Bad vibes
어쩌면 내 목숨을 팔아 지불했던
그 대가로 채운 Rolex watch
손목에 박아놓은 Shooting stars
그리 비싸지 않아 그것이 나의 꿈이면
삶이라는 영화 속 오늘도
이 밤의 주인공이 아니라면
다음 Scene을 위해 이만 자야겠어, cut
That's the city light (city light)
어둡고 외로운 도시에 서로를 의지하지
우리는 저마다의 불빛을 찬란하게 수놓지
That's the
That's the city light (city light)
Yes, in the night, yuh
나 몰래 어느새 찾아오는 밤에
불을 켜줘 환하게
저 낮보다 더 밝게","75.176","0.0494","0.1009999999999999","-27.584","0.0339"
"hip_hop_","Keem Hyo-Eun","19yxkg8Zm33knJr8EfNG1y","살아 있길 잘했단 말을 공감할 수 있겠어?
몇 해 전의 난 말해, '그걸 어떻게 믿겠어'
'어쩜 날 미워하고 계신 걸지도, 신께서'
소귀에 경, 정신병자에게 성경이 뭔 의미겠어
야, Get money, fxxx the system and break the law
백날 좋은 걸 봐도 더 와닿는 건 분노
억울하고 지겨워, 이니 미니 마니 모
오지 않는 순서 기다려왔지 이미 많이도
뻘짓 할 시간에 벌러 가야겠어, 돈
감정보다 비싸지 야망을 향한 내 손목
싸구려는 싫어해 난 안 하지 취급도
관심 안 둬 삼 개월 뒤엔 잊혀질 그 이름표
더 짙어지는 톤 그림을 채워 나가
꿈꾸던 거기와 눈높일 맞출람 배워야만 하지
이 바닥의 논리, 또 바닥치고 올라가는 법
바닥 칠 후회를 줄게 날 몰라봤던 너에게
끝을 보기 전에 못가
목줄 말고 발로 뛰어 만나 Most high
두 눈 안에 담아둔 걸 향해 쫓아
Let 'em know mufxxxers, we don't stop
어쩌면 끝에 이미 도착
허나 내가 서야 할 곳은 훨씬 높아
벼랑 끝에서 보란 듯이 날아올라
Let 'em know mufxxxers, we don't stop
살아있길 잘 했단 말을 공감할 수 있겠어?
죽음을 노래했지 누가 가장 가슴을 찢겠어?
결국 의사에게 아픈 엄마의 가슴을 찢게 했어
이제는 살아가야 해 적어도 그녀를 위해서
이 세상 가장 위에서
새겨 My name, 저 하늘 위에
지금은 아냐 나를 데려갈 때
그렇게 멀지 않게
끝이 보이던 삶의 언저리
다다랐을 즈음에 거의 억지로 눈을 떴지
꿈은 그제서야 깨
꿈이라고 인지해버리는 경지
살아있음을 감사함에 보이는 이 경치
다시는 하지 않아 저 우울의 늪으로 번지
오히려 이 노래를 통해 내 목숨 하나 더 벌지 Uh
나를 결국 죽이지 못했지 이 정신병
보란 듯 여전히 그 자리에 우뚝 서 있어
마치 내 휴대폰 배경 속 엠파이어 스테이트
너의 천국 안에 살면 돼
끝을 보기 전에 못가
목줄 말고 발로 뛰어 만나 Most high
두 눈 안에 담아둔 걸 향해 쫓아
Let 'em know mufxxxers, we don't stop
어쩌면 끝에 이미 도착
허나 내가 서야 할 곳은 훨씬 높아
벼랑 끝에서 보란 듯이 날아올라
Let 'em know mufxxxers, we don't stop
Yeah, we don't stop, 어, 어
All I see is go sign, 어, 어
₩ sign, 고 사이에 또 쌓인 어, 어, 어딜 가던
내 턱 밑에 새긴 말은 World is ours
Yeah, we don't stop, 어, 어
All I see is go sign, 어, 어
₩ sign, 고 사이에 또 쌓인 어, 어, 어딜 가던
내 턱 밑에 새긴 말은 World is ours","104.616","0.906","0.823","-6.106","0.5870000000000001"
"her","Keem Hyo-Eun","4I0ANQsYmQNQtlNcZFeN7o","[Chorus]
내 머릿속에서 떠나
사라지라고 개년아
할 생각은 없어 대화
너 때문에 나는 화나
후회가 되지도 않아
니가 와서 나를 안아
내 심장은 깨져 너를 찔러 버리고 말아
나는 다시 그녀에게로 (나를 다시 그녀에게로)
나는 다시 그녀에게로 (나를 다시 그녀에게로)

[Verse]
너 때문에 나는 좆 됐어
이제는 시발 병원에 다녀
나는 내 얼굴을 반쯤 가려
세상 소리는 좆도 안 들어
저 x들 웃음소리가 여기까지 들려
이제는 안 도망쳐
나는 너희의 기대를 망쳐
그리고 결국 노래 만들어
너에게 들리길 바라
너는 내가 죽길 바라
내가 미치 길 바라는
의사도 앞에 있잖아
내가 아프기는 지랄
그저 원한다고 사랑
술에 취해 나 오늘 밤에는
자고 싶어 쟤랑 (Woo, woo)
너에게 들리길 바라
너는 내가 죽길 바라 (Woo, woo)
내가 아프기는 지랄
그저 원한다고 사랑

[Chorus]
내 머릿속에서 떠나
사라지라고 개년아
할 생각은 없어 대화
너 때문에 나는 화나
후회가 되지도 않아
니가 와서 나를 안아
내 심장은 깨져 너를 찔러 버리고 말아
나는 다시 그녀에게로 (나를 다시 그녀에게로)
나는 다시 그녀에게로 (나를 다시 그녀에게로)","82.067","0.394","0.665","-11.567","0.499"
"Rap Star","Keem Hyo-Eun","6NihAcG4kJ13X1gIfs0yXO","[Verse 1: 김효은]
새벽이 가고 때가 됐지 눈을 떠
내 여잔 답답한
이 품속에 간신히 숨을 쉬
어떤 앤 네 옆에서 밤새 내 꿈을 꿔
게임의 룰을 어겨
내 뒤로 붙거나 아님 죽은척 해
소문을 퍼뜨려 내 이름 내 회사
계약금은 죄다 엄마께
그저 난 집중하지 내 앨범에
걔네 사정은 참 애석해 yo
함께였지만 지금 내 옆엔
우러러봤던 형들이
모든 건 처음에
이미 정해졌었지
도훈이도 알지
내가 했던 말들
속으론 날 욕했든 말든
기다리고 있지
이젠 내 연락을
넌 아무것도 아니란
엄마의 말씀이
언젠간 그렇게 날 정상에
맘에 걸려 이걸 듣고 있을
내 친구들 너네 다
그저 난 너희가
다 행복하길 바래

[Hook: 김효은]
I'm gonna be a rapstar 그리 멀지 않지
전국 곳곳에 여자들 연락질
바로 옆에서 묻혀 도끼형의 간지
도끼형의 간지
I'm gonna be a rapstar 그리 멀지 않지
전국 곳곳에 여자들 연락질
바로 옆에서 묻혀 도끼형의 간지
도끼형의 간지

[Verse 2: 김효은]
Yo 내게 물어
다 가짐 행복할 것 같냐고
행복할 것 같다고
일부러 이 외로움 속에 날 가둬
느낄 수 없지 너흴 하나도
스물 넷 층 사무실 view로 바라본
내 비젼은 너무 머네
겨울처럼 차가운 내 맘은 억 단윌 버네
Seoul city 나도 여의도 도덕 형네 옆
이 생각은 진짜 불과 얼마 전에 처음
누가 뭐라던 내 거울 속엔 건방진
백 열두 가지 꿈을 가진 형들 기대에
무조건 만족시킬
생각은 없지 위대해
걍 내 친구이름이내
A M B I T I O N 쌓인
내 엄마 빚을 갚을 거야
같이 올해 안에
카펠 차려드려 좋은 데 다
구름 위 기분
그 어딜가도 마치
이제는 다 내 동네

[Hook: 김효은]
I'm gonna be a rapstar 그리 멀지 않지
전국 곳곳에 여자들 연락질
바로 옆에서 묻혀 도끼형의 간지
도끼형의 간지
I'm gonna be a rapstar 그리 멀지 않지
전국 곳곳에 여자들 연락질
바로 옆에서 묻혀 도끼형의 간지
도끼형의 간지

[Verse 3: Dok2]
Yeah yeah Yeah
We the am b i t i on we live we fly
힙합, 이 하나로 지하에서 tip top
진짜들만 이해 할 수 있는 얘기
효은이의 꿈 쩌는 야망 또는 패기
내기 모 아님 도 go 아님 no
뭘 하든 올인 할 자신 없음 집에 가라
누구 따라만하다 살다 넌 yaint gettin nada
여기 랩퍼들 모아봤자 겉만 화려한 가라
I aint fuckin with that fake shit
Mix it up with some balenciaga bape shit
트랩이니 붐뱁이니 그딴 말 다 집어치고
마이크나 똑바로 집어 들어 이건 rap shit
Just rap bitch 여긴 rhyme 하나 없는 랩퍼들이
리듬도 제대로 못 타면서 대중성을 섞고 있지
돈 많은 회사 하나 잡으면 성공이라도 한듯
어설픈 연예인 행세 하며 썩고 있지
우리는 그딴짓은 안 해 적어도
노예 계약서에 이름 석자 안적어도
웬만한 연예인들 보다 우린 훨씬 벌어 더
너넨 언제 망할지 모르니 바짝 벌어둬

[Hook: Dok2]
You wanna be a rapstar 이건 쉽지 않지
우린 바닥에서 왔고 그걸 잊진 않지
Illionaire ambition 꿈을 살 때까지
Illionaire ambition 끝이 날 때까지
You wanna be a rapstar 이건 쉽지 않지
우린 바닥에서 왔고 그걸 잊진 않지
Illionaire ambition 꿈을 살 때까지
Illionaire ambition 끝이 날 때까지","82.14200000000002","0.812","0.8190000000000001","-5.5710000000000015","0.894"
"Boss","Keem Hyo-Eun","1Z54JutunmO1gLHjaJUp6R","하늘 위에 새겨줘 내 이름
모두가 넘본다고 내 자리를
I’m doing like a king do
But you ain’t shit
You never know I been
Through 가시밭길
So lonley but I go
I was 꼬맹이 but I’m boss now
So lonley but I go
I was 꼬맹이 but I’m boss now
주인도 못 알아보면서 대들지
그러니 아직도 개새끼거나 개 그지
나는 겨우 억을 벌고 있다고 게을리
그런 놈은 버려야지
내 손을 잡아 예쁘니
오케이 i got bitches
내 벌이는 합법
나의 오른팔이 나를 팔기 전에 팔 꺾
친구 새끼들도 내 성공에 빡쳐
내가 사랑한 여자는 돼버렸지 ㅆㄴ
나는 안 망해 yea 커져만 가겠지
신의 귀싸대기 날려버리는 이
눈물로 얼룩진 놈에게는
없지 아래 위
승리의 날개짓 담아라 픽 웃어 줘
씩 어금니 bling 씹어먹지
바다 건너까지 내 야망이 번져
내가 죽고 나면 여기 남을 거야 전설
이 순간에도 쟤네들은 개 뻥쳐
나는 겨우 억을 벌고 있다고
너는 꿈도 못 꾸지 잘 자 son
하늘 위에 새겨줘 내 이름
모두가 넘본다고 내 자리를
I’m doing like a king do
But you ain’t shit
You never know I been
Through 가시밭길
So lonley but I go
I was 꼬맹이 but I’m boss now
So lonley but I go
I was 꼬맹이 but I’m boss now
Woke up in the night I sing
Fella this is how I feel
쟤넨 절대 몰라 이 기분
마치 cop a nice kick
Big booty nice tits
다 좋지만 tell em cover
Cuz I gotta lotta things
To do I'm too bossy
For u
Rappers wanna shoot me
Like cole bennett
내 현실과 너가 느끼는 현실
달라 level 이
I'm surfin on my wave
Fellas 여긴 마치 케베
물 맞고 살고있어 효은이형
Make it rain 매일 벌지
Ay smoke so loud
Like a heavymetal
돈을 챙겨 콰이엇씨 말대로
살고 있어 내 삶 내 맘대로
Like all the greatest 들 했던 대로
If they wanna fight me
Tell em quit the envy
병신들은 같이 할 시간이 nothing
다시 한번 바삐 움직이네 가치
만들어내 장식 같은 놈들 bye bitch
하늘 위에 새겨줘 내 이름
모두가 넘본다고 내 자리를
I’m doing like a king do
But you ain’t shit
You never know I been
Through 가시밭길
So lonley but I go
I was 꼬맹이 but I’m boss now
So lonley but I go
I was 꼬맹이 but I’m boss now","119.999","0.789","0.803","-3.434","0.647"
"Shadow","Keem Hyo-Eun","2IvcuZBMpUV33KQiWkShff","[Verse 1: Keem Hyo Eun]
겁쟁이 새끼지 난
도망치고만 있잖아
혹시라도 멀어질까
차라리 다, yeah
내 목숨마저 가져가
너도 그걸 원한 거잖아
그렇게 너란 그림자는

[Chorus: Keem Hyo Eun]
절대 저 조명도 날 비추면 안 돼
난 이렇게 그냥 노래밖엔 할 수 없단 걸 알잖아
후에 너의 눈물이 다 흐른 뒤에
내가 이 어둠 속에 잠길 때
넌 날 구해주란 말이야
그 속에서 날

[Verse 2: Keem Hyo Eun]
아니, 전혀, 네 얼굴이 안 보여
너의 눈물조차 나는 알 수 없게
지금 내 옆에 이 여잘 안고서
난 어쩌면 그녀 품 안에 숨었네
넌 내 방안의 그림자
그래서 난 불을 껐잖아
괴롭히지마
눈을 감아도 너가 있잖아

[Verse 3: Rakon]
한참을 도망쳐 부딪힌 벽 앞에
너를 마주하는 이 밤
머리가 시끄러워져 문을 닫네
그래봤자 넌 이미 안에
신경 안 썼었어, 여까지 오기 전엔
요즘에는 취하지 않음 불편해
너와 있는 게 익숙해진 게 어색해서
날 내 버리네, 줍게 되면 보내주라 어디
당연히도 초라하지 않은 밤
꿈에게 독촉 당하지 않는 낮
하늘 위로 나 긴 소풍 가는 날
여길 떠나, 그래, 거기서 봐

[Chorus: Keem Hyo Eun]
절대 저 조명도 날 비추면 안 돼
난 이렇게 그냥 노래밖엔 할 수 없단 걸 알잖아
후에 너의 눈물이 다 흐른 뒤에
내가 이 어둠 속에 잠길 때
넌 날 구해주란 말이야
그 속에서 날","123.951","0.718","0.786","-6.292","0.525"
"daydream","Keem Hyo-Eun","03u6vAFQqm50oVFHNGIpAB","겁먹은 적 없던 척하며 걸었던 16
열여섯 마디 뭔지도 모르면서 썼던
가산 덮였어 그다음 장에
또 그다음 장에, 또 그다음 장에
뭐가 있는 것처럼 그다음을 향해
사실은 거기엔 뭐 어떤 것도 없었어
백지 말곤 그저 Rhyme을 한 개 두 개 찾아
채워 넣었던 공책은 마치 새까만 흙 밭 위
거기에서 자란 Money tree, 그늘 삼지
난 사실 미래를 그려본 적 따위 없어
현재를 채워갔을 뿐 뭘 원한 지 헷갈려
과거의 내가 원하는 삶에 도달한 거처럼 보여
그때랑 마찬가지 고전하지 여전
Smoke loud, that's a 백일몽
조심해 내일이 온대도 깨지 못해버린
꿈들의 무덤, 무던해질 때까지 묻어 내 삽질
한번 뭉친 흙과 핏덩이가 묻어 I mean
Life is you know
So, I fxxx her never met
Cough and cough
겹에 겹쳐있는 연기 너머에서
어린 나를 발견하곤 할 때마다
참 멀리에서도 돌아왔네
재와 먼지였지 행복이란 말을 쫓은 자의 손안엔
몇 알의 안정제 위에 얹힌 가사말들 몇 개
될 때마다 기록했지 그때의 정신 상태
뭐가 더 필요할까 내가 만들 멋진 삶에
그저 더 보탤 수 있음 하지 이 노래가 점심값에
Same sxxx
Different day makes some different sxxx
그날을 기도하며 지새운 지 벌써
비스듬히 봐도 아홉 살 째
이거다 싶었던 시절도 생각하면 I was like ten
언제나 운 좋은 놈 누울 자리 만들어 내 두 팔로
난 필요해 빼놓을 수 없어 단 한순간도
New money, new problem 발자국 남겨
흉 안져 I just got new tattoo 괜찮아 나두 상처
수많은 별 들 중 하나에 내 이름이 적혀
잠깐 번쩍이는 게 아냐 이 빛은 영원
어둡기만 했던 내 마음속의 믿음처럼
너를 비출게 언제나 그 자리에서 지금처럼
지샜던 수많은 밤들
꿈을 꿨지 물론 들지 않는 채로 잠은
다가갈수록 멀어지는 저 별을 잡으려
허나 그 별은 내 안에 있었다는 것을 안 후로
그러니 더는 함부로
입에 담지 못해 내 가치에 대해서
빛을 잃었던 과거마저 찬란하게 재해석
오랜 기다림 끝에 이제는 드디어 때가 됐어
온전히 내가 됐어 이 순간만큼은
곧 세상에서 가장 눈부셔 그 무엇보다
닮고 싶게 내가 되려 했던 별조차
각자의 위치에서 또 각자의 시간 속에
빛을 내는 나를 찾을 수 있니
Sun goes down
Life is you know
So, I fxxx her never met
Life is you know
So, I fxxx her never met","90.006","0.371","0.818","-8.319","0.39"
"Take Care","Keem Hyo-Eun","6wI32jcffEI4rbpSqv0War","[Chorus]
내가 미안해, 결국 이런 놈이라서
망가져 이렇게, 그냥 이대로 사라져
잘 지내, 내 목소리가 들려?
잘 지내, 나도 그곳에서

[Verse]
자기야, 내 손을 잡아
너는 말해, ""이제 그만""
너에게 써 놓은 한 마디
난 그 손을 놓치고 말아
마음이 떠난 게 아니야
내가 너에게 늦은 거야
넌 내게 걸지만 전화
난 또 안 받을지도 몰라
그렇게 너가 울어버리면 내 심장이 갈라져
이런 나를 지우기엔 너의 눈물이 아까워
나도 너와 그렸던 우리 미래가 정말 그리워
Woah, woah, woah

[Chorus]
내가 미안해, 결국 이런 놈이라서
망가져 이렇게, 그냥 이대로 사라져
잘 지내, 내 목소리가 들려?
잘 지내, 나도 그곳에서","120.039","0.637","0.805","-6.503","0.577"
"interlude","Keem Hyo-Eun","5Y9d6O994n6x0OWU5bmIep","[Verse]
돌아오고 있어줘
결국 너를 잃었어
너에게 난 빌었어
네 사랑이 그리워
아무 기억도 난 나지 않는데
너는 왜 그렇게 내게 화를 내
이미 끝이라는 것도 아는데
내게 와서 다시 한번 말을 해
그럼 널 볼 수 있잖아
마지막이어도 괜찮아
내가 다 잘못 했잖아
넌 듣고 싶지 않나 봐
시간이 지나면 날 용서하겠니
그때쯤 넌 다른 사랑을 하겠지
서로에게 우린 과거로 남겠지

[Outro]
Woo
Woo
Woo","100.079","0.0831","0.584","-21.379","0.591"
"Finally","Keem Hyo-Eun","6OUZfEyyYTHmlPFbeOrcSC","[Chorus: Keem Hyo Eun]
사랑할지도 몰라
내가 너를 이제야
우리 함께 했던 시간
그거 모두 거짓이야
내 머릿속은 정말, no
내 심장이 뛰잖아
나는 그걸로 좋아

[Verse 1: Keem Hyo Eun]
너무나도 오래 걸렸어
너를 위해 노래를 불러
자기야 여전히 두려워
니 눈물에 마음이 무너져
이대로 놓지마 내 손, no

[Chorus: Keem Hyo Eun]
사랑할지도 몰라
내가 너를 이제야
우리 함께 했던 시간
그거 모두 거짓이야
내 머릿속은 정말, no
내 심장이 뛰잖아
나는 그걸로 좋아

[Verse 2: Leellamarz]
Running to you babe
사람들이 뭐라든 간에 너면 충분해
Look at my racks, yeah, yeah
쌓아뒀네, yeah, yeah, 너를 위해
Now its time to spend it everyday
No way, 너가 없는 내일에는
Should be hell, you my angel
평생 남아있어 내 곁에
난 너를 위해 쓸어 담고 노래 할거야
보살펴줘 옆에서 평생
그럼 나의 모든 가사들은 너가 될 거야

[Chorus: Keem Hyo Eun]
사랑할지도 몰라
내가 너를 이제야
우리 함께 했던 시간
그거 모두 거짓이야
내 머릿속은 정말, no
내 심장이 뛰잖아
나는 그걸로 좋아","124.993","0.728","0.88","-8.629","0.895"
"LA LA LA","Keem Hyo-Eun","6uaGJVsuBVoGHdKNE2gboD","[Verse 1: 김효은]
사람들은 내가 벌써
부자가 된 줄 알아
근데 벌써 부자라 불림 재미없잖아
짠하자고 친구들아 걍
내 아버지와 이제는
사이좋은 부자가 된 줄 알아
짠하다고 걔넨 뭐하냐
빠동 이 새끼는 새끼를 걸고
약속한 얘기들 어따 팔고
왜 힘든 얘기를 못해 외길을 걸어
내 지금 얘기는 니 옆에 속도를
늦춘 채 뛰는 track 임을 책임은
못 져도 술 한잔 생각남 친구야
여긴 내가 산다 기분야 정말로
꿈속에 사는 기분야
꿈속에 살 수 있게 해 준건
믿음야 야 야 야
여기로 붙어라 라라라 집에서
잠 못드는 울 엄마 mama 마 걱정
이제는 편히 발 뻗어
진탕 먹고 난 뻗어

[Hook: 김효은]
혼자 방에 신나서 라라라
내 옆에 친구 놈도 라라라
요즘 좋은 일이 너무 많잖아
이리 와 너도 같이 라라라
혼자 방에 신나서 라라라
내 옆에 친구 놈도 라라라
요즘 좋은 일이 너무 많잖아
오늘은 우리 모두 라라라

[Verse 2: 창모]
너무 떴어 너무 떴어 저 덕소애
Bubble bubble bubble bubble
Fuck that
바닥과 결혼
I was in trouble 이혼했으
콰 대신 광명 찾은 난 멋진 머슴애
2017년 여름에 나는 아마
호텔의 풀로 가는데 이골이 나겠지
효은 행님과의 추억을
위해선 참을 수 있어
우린 비즈니스보다
더한 피보다 더한
지연을 갖고 있으니 bro
구리 덕소 면적보다
우리 덩치 커졌어
성공한 덕소놈 땜에 덕소는 떴어
구리는 우릴 향해 힘줬던 눈 풀었어
평화가 오셨어 그래 우린 하나
여 해쉬스완 시간 남 구리시 와
거에서 1차 그 다음은 리 안의 PC방
티스푼이던 이 시끼 입진
서울시 속까지
퍼졌으니 돈 쓸 시간
Oh look at my wrist watch

[Hook: 김효은]
혼자 방에 신나서 라라라
내 옆에 친구 놈도 라라라
요즘 좋은 일이 너무 많잖아
이리 와 너도 같이 라라라
혼자 방에 신나서 라라라
내 옆에 친구 놈도 라라라
요즘 좋은 일이 너무 많잖아
오늘은 우리 모두 라라라

[Verse 3: 김효은]
카톡 하지마 난 신나게 돈 벌어
그들과 함께 일하는 기분 좀 쩔어
어딜가 이런 소고기는 못 먹어
So 이제 딴 건 못 먹어 소고기는
뭐 거 못 잡아먹어 놈 들은 bro
그래 내 머리 위에 창 to the 모
덕광이도 이제 곧 막 뜰 거고
나도 진짜 음악을 만들거여
들 거여 맘에
무거워 들 거여 맘의 짐들
아니 걍 둘 거여 맘에
자고 일어남 내일이
비워 둘 거여 맘을
예쁜 girl 들을 봄 무뎌져 맘은
쟤네들이 내 여자가 되면
줄 거여 맘을
라라라 라라라 살맛나
혀가 말해주잖냐
창모와 효은이가
술 한잔한다 하면
구리 덕소 모여 모여 돌다리 way
쟤넨 뭐여 뭐여 몰라 니넨

[Hook: 김효은]
혼자 방에 신나서 라라라
내 옆에 친구 놈도 라라라
요즘 좋은 일이 너무 많잖아
이리 와 너도 같이 라라라
혼자 방에 신나서 라라라
내 옆에 친구 놈도 라라라
요즘 좋은 일이 너무 많잖아
오늘은 우리 모두 라라라","87.248","0.2","0.42","-18.827","0.164"
"Beautiful Life","Keem Hyo-Eun","3EZS155EgOD2EwwzXCgzI8","[Verse 1]
기분이 좋아 그 날만
생각하며 앞을 봐
의심한 적 없어 한순간도
닿을 수만 있다면 아니 임마
형들이 이제는 날 기다려
니들 얘기도 이게 마지막이여
과건 더 이상 아무 도움도
안 돼 겨우 몇 만원 돈 도
아무렇지도 않게 폴로
매장 들어가 구경하지
온 김에 여자친구꺼 까지
내가 얠 좋아함은 분명하지
두려움과 믿음 그 속에서
결국 난 빛을
가족들의 기쁨 이제야
좀 맘의 빚을
갚을 수 있다는 게
줄 수 있다는 게
감사해 나도 이젠
그들 같은 생각을 해
잠을 깨니 내 눈앞엔
어젯밤 꿈꿔 왔던
것들이 불안해져
물론 지금 이 순간에도
Track 위 중간에서
걍 달릴꺼야 저 끝을 향해서

[Hook : 김민선]
바닥에서 이곳으로
내 삶이란 건 미울 수 없어
내 팀은 위로
내 hater들 fade
과거는 끝 이제는 미래
Say goodbye say goodbye
부를래 내 삶
Beautiful life
Oh oh is beautiful life
Oh oh is beautiful life

[Verse 2]
녹음이 끝나면 클럽에
근데 취하진 않아 절대
다음 날도 공연 기억해
내 옆에 누가 있는지
내가 볼 땐 창모는 천재지
의심 하지 않어 내 성공처럼
가까워 조금 씩 정말로 살만해
엄만 요새 아들 자랑만 해
난 정말 모든 걸 바라네
갖고 싶은 건 무조건 다 갖네
등 돌렸던 너희 마저 사랑해
때가 됨 말 할게 눈을 감은 다음
주문 같은 할 수 있단
말과 함께 멋진 나의 미랠
그려 선명하게 말도 안 돼
콰이엇 형께 부탁드린
내 훅이 방금 막 도착해
내가 봐도 참 볼 만해
니들 입장의 내 삶
그러니 너도 시작해 봐
몹시 나에겐 아무것도
아닌 내딛는 첫 발
저 멀리서 방금 또 섭외 전화

[Hook : 김민선]
바닥에서 이곳으로
내 삶이란 건 미울 수 없어
내 팀은 위로
내 hater들 fade
과거는 끝 이제는 미래
Say goodbye say goodbye
부를래 내 삶
Beautiful life
Oh oh is beautiful life
Oh oh is beautiful life

[Outro : 김민선 & 김효은]
봄베이 한잔 센티멘탈한
이 도시의 밤에
내가 이 밤을 즐길 수 있는
이유는 내가 지킨
Ma way
사실 이곳에 나온 순간
불안을 감싸고 있던 나인데
이젠 즐겨
Beautiful life
Is beautiful life
Is beautiful life
Is beautiful life
구름처럼 가벼운 맘
뭐 너희가 어떻게
이 기분을 알까
Is beautiful life
Is beautiful life
Is beautiful life
구름처럼 가벼운 맘
뭐 너희가 어떻게
이 기분을 알까
Is beautiful life
Is beautiful life
이 기분을 알까","135.03","0.909","0.86","-7.372","0.947"
"Hit Em Up","Keem Hyo-Eun","2xvIbjW9O2lCHkSSqEYIPy","[Verse 1 : 김효은]
나갈거야 지옥 같은
숨 막히는 이곳에서
죽어가는 나를 위해 기도해 줘
온몸이 뜨겁고 잇몸에선 피가 나며
지독해져 절망적인
비극의 역한 냄새가 위독해
영혼마저 간신히 깨워
꺼져버린 내 안의 빛을
계집들 속옷에 깃든
내 숨소리조차 제 기능해야 돼
지금 여기 나를 끌어내리는
좀비 같은 새끼들과의 타락의 리듬
충분히 다 봤지 니 여자와 재미는
들리냐 내 목소리가 하 하 모조리 다
차라리 침이나 뱉기를
이곳이 내 무덤이라 생각한다면
Uh 거짓된 웃는 얼굴이나
가다 넘어져 갈아버려
너는 크게 될 거라던 머리 좋은
그녀가 내 걸 빨아줬어

[Hook]
내겐 더 이상 영웅 따위는 없거든
병신아 너넨 지금 화장 떴거든
니 차례도 올거야 내 몸이 썩거든
지금 내가 갈거라고 귀척하는 Sucker들
Hit em up hit em up hit em up yeah
Hit em up hit em up hit em up yeah
Hit em up hit em up hit em up yeah
기분이 풀릴 때까지 Hit em up

[Verse 2 : IGNITO]
난 그 지옥 같은
늪에서 몸부림쳤군
동료의 썩은 주검을 먹는
구더기들의 천국
그곳은 속물 같은 것들끼리
몸을 섞은 대가로 얻은 성공을
늘어놓는 구정물
욕심에 일그린 표정은
화장 따위로 가리고
어색해진 낯으로 선택지를 맞닥뜨려
따를 결정은 항상 기회주의가 바탕
볼품없는 계약서를 장착하곤 위풍당당
여전히 달려드는 수많은 불나방들
벌써 비열함부터 갖춘 어린 악마들
자기들 딴에 한 번 잘해보길 바래
일단 맛을 봤다면 절대
과거로 돌아갈 순 없다네
대신 난 기대를 접어두겠어 완전히
애송이들이 싸지르는
난장판의 뒤치다꺼리
지긋 지긋하지 멀리 거리를 둔 채로
높은 데서 살피고 두들기지 두 배로

[Hook]
내겐 더 이상 영웅 따위는 없거든
병신아 너넨 지금 화장 떴거든
니 차례도 올거야 내 몸이 썩거든
지금 내가 갈거라고 귀척하는 Sucker들
Hit em up hit em up hit em up yeah
Hit em up hit em up hit em up yeah
Hit em up hit em up hit em up yeah
기분이 풀릴 때까지 Hit em up","95.192","0.807","0.815","-3.778","0.818"
"her","Keem Hyo-Eun","0B92SCVFDUbwinbTLPTX0r","[Chorus]
내 머릿속에서 떠나
사라지라고 개년아
할 생각은 없어 대화
너 때문에 나는 화나
후회가 되지도 않아
니가 와서 나를 안아
내 심장은 깨져 너를 찔러 버리고 말아
나는 다시 그녀에게로 (나를 다시 그녀에게로)
나는 다시 그녀에게로 (나를 다시 그녀에게로)

[Verse]
너 때문에 나는 좆 됐어
이제는 시발 병원에 다녀
나는 내 얼굴을 반쯤 가려
세상 소리는 좆도 안 들어
저 x들 웃음소리가 여기까지 들려
이제는 안 도망쳐
나는 너희의 기대를 망쳐
그리고 결국 노래 만들어
너에게 들리길 바라
너는 내가 죽길 바라
내가 미치 길 바라는
의사도 앞에 있잖아
내가 아프기는 지랄
그저 원한다고 사랑
술에 취해 나 오늘 밤에는
자고 싶어 쟤랑 (Woo, woo)
너에게 들리길 바라
너는 내가 죽길 바라 (Woo, woo)
내가 아프기는 지랄
그저 원한다고 사랑

[Chorus]
내 머릿속에서 떠나
사라지라고 개년아
할 생각은 없어 대화
너 때문에 나는 화나
후회가 되지도 않아
니가 와서 나를 안아
내 심장은 깨져 너를 찔러 버리고 말아
나는 다시 그녀에게로 (나를 다시 그녀에게로)
나는 다시 그녀에게로 (나를 다시 그녀에게로)","82.067","0.394","0.665","-11.567","0.499"
"la di die (feat. Jaden Hossler)","Nessa Barrett","3RLshk3cDQOqWhSIRCVaXL","[Intro: jxdn]
Okay

[Verse 1: Nessa Barrett]
Does it rain in California?
Only dream I've ever known
Will they love you when you're famous?
Where you'll never be alone
Hope someday I'll find nirvana
I'll be looking down below
I'll be dead at twenty-seven
Only nine more years to go
I got a bully in my head
Fake love, fake friends
I was broken when you left
Now you hear me everywhere you go

[Chorus: Nessa Barrett]
La-dah-dee, oh, la-dee-dah
Gonna be a supеrstar
Be the girl you used to know
Playing on thе radio
La-dah-dee, oh, la-dee-die
Loving me is suicide
I'm a dreamer, I'm on fire
La-dah-dee, run for your life

[Post-Chorus: jxdn]
Oh-oh, oh-oh, oh-oh, oh-oh
Yeah, yeah, I'm jxdn, I'm jxdn

[Verse 2: jxdn]
Said I'm gonna be a rockstar, yeah, yeah, yeah
Told her I don't want a war, yeah, yeah, yeah
I don't see me going far, yeah, yeah, yeah
That's what happens when I fall apart
All of me wants all of you
But I'm far away and I can't choose
Got a lot of lessons that I need to learn
Got a lot of lessons
My depression and misconceptions
And all the mistakes that lead to lessons
My depression, it makes me question
My depression, it makes me question

[Chorus: Nessa Barrett]
La-dah-dee, oh, la-dee-dah
Gonna be a superstar
Be the girl you used to know
Playing on the radio
La-dah-dee, oh, la-dee-die
Loving me is suicide
I'm a dreamer, I'm on fire
La-dah-dee, run for your life

[Bridge: Nessa Barrett]
Does it rain in California
Where the angels cry for me?
Want the drugs that taste like candy
And blood diamonds in my teeth
(Ah!)

[Chorus: Nessa Barrett & jxdn]
La-dah-dee, oh, la-dee-dah
Gonna be a superstar
Be the girl you used to know
Playing on the radio
La-dah-dee, oh, la-dee-die
Loving me is suicide
I'm a dreamer, I'm on fire
La-dah-dee, run for your life (Oh)
(Oh)

[Outro: Nessa Barrett & jxdn]
Yeah, I'm gonna be a superstar","163.97","0.643","0.484","-4.72","0.345"
"die first","Nessa Barrett","3TfDUStpnEVIlsNlgcKQgJ","[Verse 1]
You're all I ever wanted
So, how come I'm still haunted
By the thoughts inside my head?
You love me, but no matter what you say
There's only one of two ways
That this is gonna end

[Pre-Chorus]
Someone dies or someone gets hurt
But if one of us dies

[Chorus]
I hope I die first
'Cause I don't wanna live without you
I don't wanna ever learn
How to fall asleep without you
Tell me what's worse
Losing you now or later
Maybe I can break the curse
And I can be in love forever
If I die

[Verse 2]
You're my fire and my safety
You never mean to break me
And that's why I'm afraid
'Cause someday, everybody's leaving
You promise that you'll stay
But that's a promise you can't make

[Pre-Chorus]
Someone dies or someone gets hurt
But if one of us dies

[Chorus]
I hope I die first
'Cause I don't wanna live without you
I don't wanna ever learn
How to fall asleep without you
Tell me what's worse
Losing you now or later
Maybe I can break the curse
And I can be in love forever
If I die first

[Post-Chorus]
I hope I die first
I can be in love forever, love forever, love forever

[Bridge]
Can't escape it, that's how it works
Someone dies or someone gets hurt
But if one of us dies

[Chorus]
I hope I die first
'Cause I don't wanna live without you
I don't wanna ever learn
How to fall asleep without you
Tell me what's worse
Losing you now or later
Maybe I can break the curse
And I can be in love forever
If I die first

[Outro]
I hope I die first
I can be in love forever, love forever, love forever
If I die first
I hope I die first
I can be in love forever, love forever, love forever","183.441","0.669","0.444","-6.727","0.44"
"Stay With Me","Nessa Barrett","5Lu0RsvwyI37fzUAjIb6RL","[Chorus]
Maybe I'm not meant to be held
I get close, and they always leave
Will you be like everyone else
Or will you stay with me?

[Verse 1]
They stole all my innocence and
Turned me to a masochist
Consumed in all my darkness when I weep

[Verse 2]
You walked in so heaven-sent and
Laid me in my bed to rest and
My lonely dying garden where I sleep
When I wake, will you leave?

[Chorus]
Maybe I'm not mеant to be held
I get closе and they always leave
Will you be like everyone else
Or will you stay with me?
Maybe I've done this to myself
Another love that I've had to grieve
Will you be like everyone else
Or will you stay with me?

[Verse 3]
I can't afford to lose another
Please don't turn out like my mother
I'm terrified you'll hurt me when I'm weak

[Verse 4]
You could be the one to take
All my pretty pain away
Just promise that your love is mine to keep
If I break, will you leave?

[Chorus]
Maybe I'm not meant to be held
I get close and they always leave
Will you be like everyone else
Or will you stay with me? (Ah-ah)
Maybe I've done this to myself (Ah-ah)
Another love that I've had to grieve (Ah-ah)
Will you be like everyone else
Or will you stay with me?","86.997","0.258","0.664","-10.975","0.358"
"dying on the inside","Nessa Barrett","6h1s7cKnUtsbRpE5bwnUTf","[Verse 1]
You should take it as a compliment
If I were you, I would be more confident
You're lucky that you're pretty
Why are you obsessed with your appearance?
I don't wanna hear it, you're fine

[Pre-Chorus]
It's been my best-kept secret for a while now
No one ever sees it, but it's all around
It's the dinner conversation no one talks about
Don't know how much longer I can keep this down

[Chorus]
Beauty is a knife, I've been holding by the blade
Swallowing my pride so I won't eat anything
It's all a lie, honestly, it's eating me alive
They're all like
""Did you change your hair? Did you lose a little weight?""
""You should keep it up, 'cause it really looks great""
I hate that I always look my best
When I'm dying on the inside
When I'm dying on the inside

[Verse 2]
I wish I could break the mirror
It makes me feel like I should fucking disappear
And drown my demons in a bathtub filled with tears
No matter what I try, they always seem to come back to life

[Pre-Chorus]
What if I didn't do this to my body?
What if I quit and then you don't want me?
The dinner conversation no one talks about
Don't know how much longer I can keep this down

[Chorus]
Beauty is a knife, I've been holding by the blade
Swallowing my pride so I won't eat anything
It's all a lie, honestly, it's eating me alive
They're all like
""Did you change your hair? Did you lose a little weight?""
""You should keep it up, 'cause it really looks great""
I hate that I always look my best
When I'm dying on the inside
When I'm dying on the inside
When I'm dying on the inside

[Bridge]
You should take it as a compliment
If I were you, I would be more confident
You're lucky that you're pretty
Why are you obsessed with your appearance?
I don't wanna hear it, you're fine

[Chorus]
Beauty is a knife, I've been holding by the blade
Swallowing my pride so I won't eat anything
It's all a lie, honestly, it's eating me alive
They're all like
""Did you change your hair? Did you lose a little weight?""
""You should keep it up, 'cause it really looks great""
I hate that I always look my best
When I'm dying on the inside","95.984","0.826","0.504","-7.006","0.353"
"PINS AND NEEDLES","Nessa Barrett","6GZVFBsEiWVxWS98yU35F6","[Verse 1]
Hand on the stove, I barely feel it
And when I let go, I'm already healing
They say your name, I don't even hear it
You dug your own grave and nobody's grieving

[Pre-Chorus]
Who are you?
Who are you?

[Chorus]
Blocked your number on my phone
Shot my heart with Novocain
I feel nothin' for you, nothin' for you
Ice-cold, cut off my blood flow
It's all pins and needles, babe
I feel nothin' for you, nothin' for you

[Verse 2]
Don't call me your ex 'cause I never met you
We've never had sex, we never got tattoos
You think you're important, boy, I got bad news
You're mean and you're boring, they'll all forget you

[Pre-Chorus]
Who are you?
Who are you?

[Chorus]
Blocked your number on my phone
Shot my heart with Novocain
I feel nothin' for you, nothin' for you
Ice-cold, cut off my blood flow
It's all pins and needles, babe
I feel nothin' for you, nothin' for you

[Bridge]
I feel nothing, yeah (Woah-oh)
I feel nothing, yeah (Woah-oh)
I feel nothing
Nothing for you, nothing for you
I feel nothing, yeah (Woah-oh)
I feel nothing, yeah (Woah-oh)
I feel nothing
Nothing for you, nothing for you

[Chorus]
Blocked your number on my phone
Shot my heart with Novocain
I feel nothin' for you, nothin' for you
Ice-cold, cut off my blood flow
It's all pins and needles, babe
I feel nothin' for you, nothin' for you","84.169","0.394","0.578","-11.752","0.583"
"die first","Nessa Barrett","21szgNA72iLwvBxHQLgwBh","[Verse 1]
You're all I ever wanted
So, how come I'm still haunted
By the thoughts inside my head?
You love me, but no matter what you say
There's only one of two ways
That this is gonna end

[Pre-Chorus]
Someone dies or someone gets hurt
But if one of us dies

[Chorus]
I hope I die first
'Cause I don't wanna live without you
I don't wanna ever learn
How to fall asleep without you
Tell me what's worse
Losing you now or later
Maybe I can break the curse
And I can be in love forever
If I die

[Verse 2]
You're my fire and my safety
You never mean to break me
And that's why I'm afraid
'Cause someday, everybody's leaving
You promise that you'll stay
But that's a promise you can't make

[Pre-Chorus]
Someone dies or someone gets hurt
But if one of us dies

[Chorus]
I hope I die first
'Cause I don't wanna live without you
I don't wanna ever learn
How to fall asleep without you
Tell me what's worse
Losing you now or later
Maybe I can break the curse
And I can be in love forever
If I die first

[Post-Chorus]
I hope I die first
I can be in love forever, love forever, love forever

[Bridge]
Can't escape it, that's how it works
Someone dies or someone gets hurt
But if one of us dies

[Chorus]
I hope I die first
'Cause I don't wanna live without you
I don't wanna ever learn
How to fall asleep without you
Tell me what's worse
Losing you now or later
Maybe I can break the curse
And I can be in love forever
If I die first

[Outro]
I hope I die first
I can be in love forever, love forever, love forever
If I die first
I hope I die first
I can be in love forever, love forever, love forever","183.441","0.669","0.444","-6.727","0.44"
"lie","Nessa Barrett","2GQqCyDCD0Z7BL2otJkFRh","[Verse 1]
The hardest pill to swallow
Is knowing that tomorrow, you're not
Mine, mine, mine
If I don't get to have you
Thank God our matching tattoos last for
Life, life, life

[Pre-Chorus]
Oh, I know I can't help
If you meet someone else
If you meet someone else

[Chorus]
You can take her home
She can get you high
You can hold her heart
Even after you broke mine
You can kiss her softly
Never make her cry
You can tell her that you love her
As long as it's a lie
[Post-Chorus]
As long as it's a lie
Promisе you'll lie
Promise you'll lie

[Verse 2]
I still kеpt the ring
Even if I'll never be your
Bride, why? Why?
You can grow old together
As long as the last name on your lips is
Mine, mine, mine

[Pre-Chorus]
Oh, I know I can't help
If you meet someone else
If you meet someone else

[Chorus]
You can take her home
She can get you high
You can hold her heart
Even after you broke mine
You can kiss her softly
Never make her cry
You can tell her that you love her
As long as it's a lie
[Post-Chorus]
As long as it's a lie
Promise you'll lie
Promise you'll lie
As long as it's a lie
Promise you'll lie
Promise you'll lie

[Outro]
Mm-mm-mm-mm
Mm-mm-mm-mm
Mm-mm-mm
Mm-mm-mm
Mm-mm-mm-mm
Mm-mm-mm-mm
Mm-mm-mm
Mm-mm-mm","94.069","0.779","0.541","-5.581","0.501"
"DIRTY LITTLE SECRET","Nessa Barrett","2LaLzmU2vny0lwlyi6sCp2","[Intro]
(My dirty little secret)

[Verse 1]
I'm done playing nice, so baby, don't give me your heart
You can't stay the night, so baby, I'll call you a car
Didn't even mean for this to ever get this far
Dirty little secret, can't we keep it in the dark?

[Pre-Chorus]
Don't you look at me like that, it's just too real
Feels so good when I don't know the way you feel

[Chorus]
I don't have to be the one
We don't have to be in love
Let's keep it discreet, sneaking out the back door
You're so into me, what you doing that for?
I don't wanna be the one

[Verse 2]
I like your attеntion, yeah, I like it when I'm borеd
But I know your intentions, yeah, you wish that I was yours
But that's not what I call you for, ah-ah

[Pre-Chorus]
Don't you look at me like that, it's just too real
Feels so good when I don't know the way you feel

[Chorus]
I don't have to be the one (Don't have to be the one)
We don't have to be in love (Don't have to be in love)
Let's keep it discreet, sneaking out the back door
You're so into me (You're so into me), what you doing that for?
I don't wanna be the one

[Bridge]
My dirty little secret
That's how I wanna keep it
My dirty little secret
That's how I wanna keep it

[Outro]
(My dirty little secret, secret)","96.985","0.572","0.868","-6.217","0.485"
"do you really want to hurt me?","Nessa Barrett","2xMY0vcPCP5GHHqom5i6Gl","[Chorus]
Do you really wanna hurt me?
Do you really wanna make me cry?
Do you really wanna hurt me?
Do you really wanna make me cry?

[Post-Chorus]
You're gonna make me cry
You're gonna make me cry

[Verse]
Precious kisses, words that burn me
Don't you know that lovers never ask you why?
In my heart, the fire's burning
Don't you know that lovers shouldn't make you cry?
You're gonna make me cry

[Chorus]
Do you really wanna hurt me?
Do you really wanna make me cry?
Do you really wanna hurt me?
Do you really wanna make me cry?

[Outro]
You're gonna make me cry","100.495","0.408","0.74","-12.99","0.38"
"'Til Death Do Us Part","Nessa Barrett","5THNBQK9Nq8gGqENHBvDpL","[Verse 1]
I'm betting everything on you
Married in Vegas, say, ""I do""
It's so romantic when I cry
Fuck me so good I wanna die
I'm dirty dancing, Moulin Rouge
I make you kiss all my tattoos
It's so romantic when you cry
Fuck you so good you wanna die

[Chorus]
'Til death do us part, I'm in love, you're so handsome, handsome
You're seeing stars, throwing cash while I'm dancing, dancing
Look at you, baby
Look at me, baby

[Verse 2]
He lights my cigarette for me
Says I'm so pretty on my knees
It's so romantic when we cry
Fuck me for life, I'll be your bride

[Chorus]
'Til death do us part, I'm in love, you're so handsome, handsome
You're seeing stars, throwing cash while I'm dancing, dancing
Look at you, baby
I can live in your house, be a Playboy bunny
Look at me, baby (Look at mе)
While I'm taking it off, do you like that, honey?

[Bridge]
It's so romantic whеn you cry
Fuck you so good you wanna die

[Outro]
I'm dirty dancing, Moulin Rouge","122.481","0.476","0.493","-10.485","0.149"
"girl in new york","Nessa Barrett","3eGIiMTMZduPDb4MN0NTqD","[Verse 1]
Bags in your hand as you kiss me
Tellin' me you're gonna miss me
Promise you'll be on your best behavior
Give me your flight information
Call when you land, say you made it
Sweet little me told you, ""Go have a good time""

[Pre-Chorus]
I didn't mean forget about me
Ridin' in a yellow taxi
Who the hell are you on your way to?

[Chorus]
You said I was yours
Maybe just on the West Coast
'Cause as soon as you left home
You got wanderin' eyes
So I guess you lied
When you said I was special
You're not as smart as you think you are
Baby, I know about the girl in New York

[Post-Chorus]
Who the hеll is she
Taking you from me?
Baby, I know about the girl in Nеw York

[Verse 2]
I know there's always temptation
Guess I'm a little more patient
Baby, I've been on my best behavior
Fuck you for makin' me crazy
While you buy her drinks out on Eighth Street
Sweet little you showin' her such a good time

[Pre-Chorus]
You easily forget about me
Ridin' in a yellow taxi
Back to your hotel, and she's comin' with you

[Chorus]
You said I was yours
Maybe just on the West Coast
'Cause as soon as you left home
You got wanderin' eyes
So I guess you lied
When you said I was special
You're not as smart as you think you are
Baby, I know about the girl in New York

[Post-Chorus]
Who the hell is she
Takin' you from me?
Baby, I know about the girl in New York

[Outro]
Who the hell is she
Takin' you from me?
Baby, I know about the girl in New York","82.336","0.149","0.376","-17.803","0.176"
"DISCO (FT. TOMMY GENESIS)","Nessa Barrett","2kiZ6klK4KFOAMEmj66WYg","[Intro: Nessa Barrett]
Let's go dancing

[Verse 1: Nessa Barrett]
Take me to the disco, set my heart on fire
Wanna see where this goes, make me feel alive
Take me to the disco in your suit and tie
Heaven when we're this close, dance with me tonight

[Chorus: Nessa Barrett]
(Ooh-ooh-ooh-ooh)
Dance with me tonight
(Ooh-ooh-ooh-ooh)
Dance with me tonight

[Verse 2: Nessa Barrett]
Take me to the disco, dirty when we speak
You know I like it real slow, you control the speed
Take me to the disco, only sweat and skin
Am I falling in lovе? Or falling into sin?

[Chorus: Nessa Barrett]
(Ooh-ooh-ooh-ooh)
Dance with me tonight
(Ooh-ooh-ooh-ooh)
Dance with mе tonight

[Post-Chorus: Nessa Barrett]
Take me to the disco-oh-oh-oh-oh-oh
Take me to the disco-oh-oh-oh-oh-oh
Take me to the disco-oh-oh-oh-oh-oh
Take me to the disco-oh-oh-oh-oh-oh

[Verse 3: Tommy Genesis]
I'm not a habit, baby, I'm a bandit
Know me as a bad bitch, I could be your band-aid
I could wreak some havoc, I'm really into bad boys
Saw you at the disco, I could be your good girl
Watch the lights like water underneath my skin
And my blood boils hotter, I can feel you swim
In my veins like somethin's forcin' me to sin
I'm on my knees in the club, pray to God, you're him
It's like I'm walkin' on water over next to you
It's like I'm walkin' on water over next to you

[Chorus: Nessa Barrett]
(Ooh-ooh-ooh-ooh)
Dance with me tonight
(Ooh-ooh-ooh-ooh)
Dance with me tonight

[Post-Chorus: Nessa Barrett]
Take me to the disco-oh-oh-oh-oh-oh
Take me to the disco-oh-oh-oh-oh-oh
Take me to the disco-oh-oh-oh-oh-oh
Take me to the disco-oh-oh-oh-oh-oh","173.083","0.621","0.473","-8.698","0.782"
"gaslight","Nessa Barrett","1w6EDue1Ze95AzYcjr8ED3","[Verse 1]
Caught in a lie
I can tell by the look in your eyes
Why'd you say that there's nothing to hide
When you look so guilty, baby?
Holding my breath
'Cause I swear I could love you to death
When we kiss, your shoulders are tense
Yeah, you look so guilty, baby

[Pre-Chorus]
I should've known
But I went through your phone anyways
I should've known
Love's a dangerous game

[Chorus]
Why am I jealous if I'm yours?
Why do you make me insecure?
Why do you tell me not to worry
When you always fuckin' hurt me?
Why am I jealous if you're mine?
Why am I not even your type?
Why do you tell me that I'm crazy?
Gaslight
I'm not crazy if I'm right

[Verse 2]
You talk in your sleep
Telling me all the secrets you keep
But if I was the girl in your dreams
Would you still look guilty, baby?

[Pre-Chorus]
I should've known
But I went through your phone anyways
I should've known
Love's a dangerous game

[Chorus]
Why am I jealous if I'm yours?
Why do you make me insecure?
Why do you tell me not to worry
When you always fuckin' hurt me?
Why am I jealous if you're mine?
Why am I not even your type?
Why do you tell me that I'm crazy?
Gaslight
I'm not crazy if I'm right

[Bridge]
Turn me to a girl I don't wanna be
Paranoid, yeah, look what you've done to me
Turn me to someone I don't wanna be
I'm not crazy if I'm right
I'm not crazy if I'm right

[Chorus]
Why am I jealous if I'm yours?
Why do you make me insecure?
Why do you tell me not to worry
When you always fuckin' hurt me?
Why am I jealous if you're mine?
Why am I not even your type?
Why do you tell me that I'm crazy?
Gaslight
I'm not crazy if I'm right","103.066","0.336","0.377","-10.005","0.434"
"tired of california","Nessa Barrett","2SOhUiyKpnlshR3SFh733w","[Intro]
(I'm so tired of California, I'm so tired of LA)
(Where the real thing comes as often as the California rain)

[Verse 1]
I get sick of sunshine on my perfect skin
Vapid conversation giving me the spins
Driving down Mulholland, closing both my eyes
'Cause they say you get more famous when you die

[Pre-Chorus]
And everyone seems fine
Am I losing my mind?

[Chorus]
I'm so tired of California, I'm so tired of LA
Where the real thing comes as often as the California rain
I got all these legal toxins in my blood and in my brain
I keep saying that I'm leaving, but it doesn't work that way

[Verse 2]
I can't feel my hеartbeat way up in the Hills
Burning down my mansion, didn't write a will
Front row at my funеral, crocodile tears
Came here for the weekend, but I haven't left in years
(Is that weird?)

[Chorus]
I'm so tired of California, I'm so tired of LA
Where the real thing comes as often as the California rain
I got all these legal toxins in my blood and in my brain
I keep saying that I'm leaving, but it doesn't work that way

[Bridge]
Can I be young forever?
Would it be fun forever?
Can I be young forever?
Would it be fun forever?

[Chorus]
(We're so tired of California, we're so tired of LA)
(Where the real thing comes as often as the California rain)
(We got all these legal toxins in our blood and in our brain)
(We keep saying that we're leaving, but it doesn't work that way)

[Outro]
I'm so tired of California, I'm so tired of LA
Where the real thing comes as often as the California rain
I got all these legal toxins in my blood and in my brain
I keep saying that I'm leaving, but it doesn't work that way","92.014","0.731","0.712","-6.313","0.638"
"madhouse","Nessa Barrett","1s9e1EBT6eYbDOneeBB6r0","[Verse 1]
I'm gonna star in my own psychological thriller
So go grab a seat now
There will be blood and gore
A box office killer, a sellout
Make me a spectacle
I'll have a beautiful chemical meltdown
Losing the screws in my brain, could be any day now

[Chorus]
They gon' put me in a madhouse
Shove pills down my throat 'til I space out
They wanna love me, hate me, then slut-shame me
Batshit crazy, can you bla-bla-blame me? (La-la-la-la-la-la)
They gon' put me in a madhouse
But is it you or is it me?

[Verse 2]
No more brain, serotonin, kerosene
Diagnosed with seeing things
Maybe 'cause I know my brain (Brain, brain)
Go ahead, take a peek
Maybe let you under the hood
I'll scare the shit outta you like nothing else ever could
I scare myself sometimes, I almost took my life
Now look who's got the knife

[Chorus]
They gon' put me in a madhouse
Shove pills down my throat 'til I space out
They wanna love me, hate me, then slut-shame me
Batshit crazy, can you bla-bla-blame me? (La-la-la-la-la-la)
They gon' put me in a madhouse
But is it you or is it me?

[Bridge]
(But is it you or is it me?)

[Chorus]
They gon' put me in a madhouse
Shove pills down my throat 'til I space out
They wanna love me, hate me, then slut-shame me
Batshit crazy, can you bla-bla-blame me? (La-la-la-la-la-la)
They gon' put me in a madhouse
But is it you or is it me?","95.021","0.681","0.683","-6.392","0.477"
"Mercy","New Champ","5QWj2hpgRZvvX5yi3HOZsp","[Intro]
Every night, before I close my eyes
I say a little prayer that you'll have mercy on me
Please, dear God, to live inside the divine
Not like I want to die
Teach me to forgive myself, outlive this hell

[Verse 1]
Is it really love if it hurts?
Is it really pain if it’s inside?
On the outside, I'm strong
Hold my hand, please sympathize
Hard enough tryna forgive
Hard enough tryna live
Please don't criticize, yeah
Please, please sympathize, yeah

[Pre-Chorus]
Somebody to teach me to love
Somebody to help me rise above
I need to survive, I’m looking for

[Chorus]
Looking for, looking for, looking for mercy
Looking for, looking for, looking for mercy
I'm looking for, I'm looking for love
Looking for, looking for, looking for mercy
Looking for, looking for, looking for mercy
I'm looking for, I'm looking for mercy

[Post Chorus]
Every night, before I close my eyes
I say a little prayer that you'll have mercy on me
Please, dear God, to live inside the divine
Not like I want to die
Teach me to forgive myself, outlive this hell

[Verse 2]
Is it really faith if I'm weak?
Can you tell the truth when you live lies?
I'm just looking for the signs
Hold my hand, please sympathize
Hard enough tryna forgive
Hard enough tryna live
Flawed, flawed by design, yeah
Please, please sympathize

[Pre-Chorus]
Somebody to teach me to love
Somebody to help me rise above
I need to survive, I’m looking for
(Looking for, looking for, looking for, looking for mercy)

[Chorus]
Looking for, looking for, looking for mercy
Looking for, looking for, looking for mercy
I’m looking for, I'm looking for love
Looking for, looking for, looking for mercy
Looking for, looking for, looking for mercy
I’m looking for, I'm looking for mercy

[Pre-Chorus]
Somebody to teach me to love
Somebody to help me rise above
I need to survive, I'm looking for

[Chorus]
Looking for, looking for, looking for mercy
Looking for, looking for, looking for mercy
I'm looking for, I’m looking for love
Looking for, looking for, looking for mercy
Looking for, looking for, looking for mercy
I'm looking for, I'm looking for mercy
Looking for, looking for, looking for mercy
Looking for, looking for, looking for mercy
I'm looking for, I'm looking for love
(Looking for, looking for, looking for mercy)
(Looking for, looking for, looking for mercy)
Looking for, looking for, looking for mercy
Looking for, looking for, looking for mercy
I'm looking for, I'm looking for mercy
(Looking for, looking for, looking for mercy)
(Looking for, looking for, looking for mercy)","141.939","0.434","0.765","-8.515","0.267"
"Definitely","New Champ","23tPiUwaioAlT2Dm6aNNMt","[Intro: Instalok Chris]
Once a year, around the same time...kinda
The Harrowing falls upon us and our wallets...

[Instalok Chris and Lunity]
Boys and girls of every rank
Wouldn’t you like to use skins so dank?
Sell your soul for more RP
‘Cause it's time for Harrowing

[Instalok Chris, Lunity, Instalok Patrick, Liliypichu]
This is Harrowing, This is Harrowing
Pumpkin heads and the spooky sights
This is Harrowing, Nunu is a zombie
Pantheon kinda looks like Singed but that’s alright
Slayer Jinx, Now her hair is pink!
‘Cause it’s time for Harrowing

[Sky]
I am the one making rivers run red
I’ll use your blood to polish my big shiny head

[Lunity]
I am a cat but i’m also a witch
Throw brooms at your face and they hurt like a LOT

[Redmercy]
I am a pirate and my cannon is ready
Oh wait i’m a zombie and my arm is spaghetti!

[Instalok Chris and Lunity]
This is Harrowing! This is Harrowing!
Harrowing! Harrowing! Harrrowing! Hotline bling

[Lunity]
Get them now, or you’re boned
Till next year ‘cause soon they’ll be gone

[Instalok Patrick]
When you lie down, Don’t you make a sound
Lolipoppy’s watching while you sleep at night

[Tahm Kench]
Everybody sing, everybody sing!
Sing this song of Harrowing

[Lilypichu]
I am the one always losing my bear
My friend named Marge helped me out with my hair

[Brand]
(zombie moans)

[Blitzcrank]
Who’s Blitzcrank? I’ve never heard of him
I’m a new champ this is definitely not a skin

[All]
This is Harrowing! This is Harrowing!
Harrowing! Harrowing! Harrrowing! Harrowing

[Outro: All]
La, la, la
La-la-la, la ,la
La-la-la, la, la
La-la-la, la-la-laa!","171.87900000000005","0.72","0.6890000000000001","-8.627","0.528"
"Revenge (Skit)","New Champ","1OWmx9hJa5E8hTxM1hMLLd","Introduction:

Lazarus, arise. Glory, the book of Lazarus

[Chorus]

They knew I was coming back
Lazarus
They knew I was coming back
Lazarus Lazarus
They knew I was coming back
Lazarus

[Verse One]

They knew I was coming back
Was hoping I fell off
I gave em a couple years
Just to get it together before I would take off
I started embracing a new flow
I started to walk where the wolves go
Believing in self that's the god in me
You will not change what was written as prophecy
I'm the God Emcee
That's without a question
Battling me is like an easy death with
Praying for em
I'm praying for em
Got the garden's apple
And a box of rhetorics
Voodoo doctor Black Elohim
Remain eternal while the Heaven's singing
Glory Glory all praises due
The Villainous dines in archaic castles
They knew I was coming back
Lazarus

[Chorus]

Lazarus
Lazarus
They knew I was coming back
Return of the Seven
Lazarus
They knew I was coming back

[Verse Two]

Pay attention to the resurrection
Watch your favorite rappers get a dose of Perris
Paradise
Standing on top of the tabernacles with the universe
I'm heading to Africa
I'm reaching for Glory
I'm digging my history
Flow of the century
I will not be limitated by an Oscar
Nominated Grammy
This is that new chapter
Revenge of the Seven
I spit like I'm Anakin
Rappers beware of him
You can catch me on top of the Pearly Gates
With the Seraphim
See unapologetic
Maybe even standing next to Hov
I'm disrespectful
All praises due
The Villainous dines in archaic castles
They new I was coming back
(Tiz you a fool for this beat man)","139.999","0.251","0.746","-16.169","0.18"
"Caesar (Feat. Richboy Hardy) (Prod. Kingxmags)","New Champ","0COzTH4DHjG3p2lZK7fBwH","[Verse 1]
You wonder if you saw their soul
You never will
You try to be away from this
My love

[Verse 2]
You want to be a part of the sun
You never stay behind
But if you ever stare the world again
You'll crawl

[Verse 3]
You never trust the world we are
Come here again my love
But if you wake in time the sun awake
New sun

[Refrain]
But if you dream again
My heart awakes
But if you dream, my love
We'll go

[Instrumental Break]

[Outro]
You fly away, you'll never taste
You fly away, you'll never taste
You fly away, you'll never taste
You fly away, you'll never taste","129.87","0.7709999999999999","0.408","-5.207000000000002","0.691"
"Bmf","New Champ","1AvQ2z67p1VbsoaRZuDoDe","[Intro]
Haha, hold on
Hold on, hold on
(Great John on the beat, by the way)

[Chorus]
Look, please don't blow my high right now
I'm somewhere in the sky right now, you could die right now
You was always not around, huh, look
Now I'm up, I was down, wanna fuck with me now
Say what's up to me now, huh (Wait, wait)
I guess it's up to me now, guess it's, look, huh

[Verse 1]
Like fuck it, I'm done with them (I'm done)
Can't put trust in none of 'em, look (In none)
Get popped like a Perc' or somethin'
Shawty wanna give me top like a shirt or somethin', huh
Who the boys? We ain't heard of them
They ain't really spinnin' blocks, they ain't murder nothin', uh
Throw shots to your turb' or somethin'
Pull up, post up on the curb or somethin', look
I'm drippin' like water, Fiji
Sleepy did it, now they thinkin' it's easy, huh
They said they love me, need me
I'll go broke and I could bet you they leave me, huh
But fuck it, I'm back on the road (I'm back)
You know Sleepy gotta go (Gotta go)
Lil' bro been wildin', he just wanna pour
Hit a lick and split the tolls, huh
Hit a lick and let me know
Catch an opp and it's a score, huh
It ain't shit to let it blow, huh
It ain't shit to let it blow

[Chorus]
Look, please don't blow my high right now
I'm somewhere in the sky right now, you could die right now
You was always not around, huh, look
Now I'm up, I was down, wanna fuck with me now
Say what's up to me now, huh
I guess it's up to me now, guess it's, look, huh

[Verse 2]
I guess it's up to you, gang, huh
Fuck niggas can't hang, look
Sit your five-dollar ass down
A billi' gon' make change
Back out, bro slidin' in a Range, huh
Fuck her, I don't know her name, huh
I don't love her, she for gang, huh
Better stay up in your lane, look
The plug named Carlito, huh
If he got them cards, he let me know
I'm in the trap with bro
Back then, we ain't have no clothes
Now we cash out, all facts for gold
Hold on, better watch your ho (Better watch her)
Lil' bitch tryna take my soul
Better pipe down, better watch your tone
Don't text, don't call my phone
Only one thing that I think you should know, like
Don't text, don't call my phone
Only one thing that I think you should know

[Chorus]
Look, please don't blow my high right now
I'm somewhere in the sky right now, you could die right now
You was always not around, huh, look
Now I'm up, I was down, wanna fuck with me now
Say what's up to me now, huh
I guess it's up to me now, guess it's, look, huh","107.418","0.957","0.568","-6.5310000000000015","0.5329999999999999"
"FOREVER","NO:EL","2tct7pqRDHjt103WB4sNGR","[Verse 1]
영원히 너를 사랑할 수 있다면
내 모든 것을 내려놓을 수도 있을 것만 같아
영원히 산들바람 속에 웃고 있을 수만 있다면
내 모든 것을 포기할 수 있을 것 같아
오 다시 돌아와 나 처음으로 나는 도대체 누구 여기는 도대체 어디
빛나는 동공 사이로 나 시작했었지만 이젠 너무나도 아파
내 발걸음이 무너질 세상의 끝이 다가오는 게 난 보이는데
겁먹은 걸 감추려 위험한 불장난질을 해
죽어있던 거야 영원함을 못 믿었을 땐
어차피 떠날 너희들이 너무 미웠을 땐
내가 판 무덤에 떨어졌던 그날에
간만에 본 하늘이 그제야 더 아름답네
눈물이 가려 흙이 덮여 심장이 멈춰
추억이 날려 꿈이 접혀 깃발이 꺾여
첫숨 터져 나왔어 심장이 뛰기 시작해
눈앞이 보이게 됐어 손 뻗어 너를 나는 잡아야만 해
첫숨 터져 나와 심장이 뛰기 시작
눈앞 보이게 돼 손 뻗어 너를 나는
잡아야만, 잡아야만

[Chorus]
빌었어 누군지도 모를 널 만나게 해달라고
영원히 너를 사랑할 수 있다면
내 모든 것을 내려놓을 수도 있을 것만 같아
영원히 산들바람 속에 웃고 있을 수만 있다면
내 모든 것을 포기할 수 있을 것 같아
영원히
(Forever ever and ever ever)
영원히
(Forever ever and ever ever)
영원히
(Forever ever and ever ever)
빌었어 누군지도 모를 널 만나게 해달라고

[Verse 2]
우린 시간을 살았고 이미 넌 완벽한 작품
사랑은 필름처럼 돌려 나 널 계속 보고파 자꾸
그대 입에 초승달이 걸릴 때가 좋아요
두 눈에 별빛이 내 우주 같아요
내 무릎에 누워 망가진 머리를
숨소리로 내 영혼까지 들썩거려줘
머리를 맞대고 나를 들여보내줘
널 향한 생각에 맘들은 불안한 것들을 일일이 수놓아줘
내 떨리는 안정감을 네가 이제는 안아줘
내 속 안을 들여다보고도 사랑해 줘
뭐가 있을지 나 모른대도
첫숨 터져 나왔어 심장이 뛰기 시작해
눈앞이 보이게 돼 손 뻗어 너를 나는 잡아야만 해
첫숨 터져 나와 심장이 뛰기 시작
눈앞 보이게 돼 손 뻗어 너를 나는
잡아야만, 잡아야만

[Chorus]
빌었어 누군지도 모를 널 만나게 해달라고
영원히 너를 사랑할 수 있다면
내 모든 것을 내려놓을 수도 있을 거만 같아
영원히 산들바람 속에 웃고 있을 수만 있다면
내 모든 것을 포기할 수 있을 것 같아
영원히
(Forever ever and ever ever)
영원히
(Forever ever and ever ever)
영원히
(Forever ever and ever ever)
빌었어 누군지도 모를 널 만나게 해달라고","159.962","0.444","0.635","-11.772","0.758"
"Damn! (Feat. Black Nut)","NO:EL","1fkgcLWZQkLzFBrm1TAx0z","[Verse 1: NO:EL]
Rapper들 반 이상은 못하니 rap
이 님이랑 television에 탔네 한배
Rapper들 반 아니 백 다 해라 건배
내 이 븅신들이랑 get money top 100
Rapper 아니 귀때기 좆박은 얘네
덕택에 돈 보여주라 7, god damn it
Rapper 아니 그래 반년 쉬었더니
내 16이 오르가즘이래 빡 때리지
Boom, 바로 나의 등장, ouu
투, 뱉어 계급장, fool
Brr, 3류 아마추어 flow
또 내 clone 가져다가 붙인 hip-hop crew
피리 Suwoncity copy 하지 소리
가짜 새끼 flow 가져다 빌림 언제까지
우린 이미 다른 city, copy 하기를 이거까지
우리들은 다 이미 구림, 처먹어라 Bon appetit

[Hook: NO:EL]
Pour some, 비켜, spotlight 챙겨
18년 rock on'em, god damn it (빌어먹을)
Pour some, 비켜, spotlight 내꺼
10년 더 rock on'em, god damn it (빌어먹을)
내 rap, god damn it, 내 Raf, god damn it
Fact check, god damn it, god damn it (빌어먹을)
내 rap, god damn it, 내 Raf god damn it
Fact check, god damn it, god damn it (빌어먹을)
내 rap, god damn it, 내 Raf, god damn it
Fact check, god damn it, god damn it (빌어먹을)
내 rap, god damn it, 내 Raf, god damn it
Fact check, god damn it, god damn it (빌어먹을)

[Interlude: Black Nut]
누가 우리 용준이 건드려, 어떤 시발 새끼야, 일로 와
Indigo, JM

[Verse 2: Black Nut]
Okay, god damn it
갓대웅은 부었네 간때기
갔대 맛탱이, 닥쳐, 빨어, 내 막대기
너네 오빠 싸대기 앞에 난 박세리
다 제껴, 니 할애비 과거처럼 나는 앞잽이 (Uh)
Rap so tight like 이국주 란제리
I wanna get ice on me, 마치 박대기
Rap 하지 말래, 고작 했다고 딸 얘기
걔 이제 rapper 아니니 딴 얘기 (Uh)
Ice on my wrist 대신 팔에 수갑 둘러
팔을 묶음 뭘 해? 내 머리 끈 풀린 불독
억을 벌다가 올핸 못 건졌어 한 푼도
봐, 난 다 걸고 탄다고 내 flow (ay)
Fuck your rapper, 난 걍 계속 깔래, 마치 박재범 웃통
NO:EL, Black Nut, 합정에서 매일 해, 운동
곧 홍대로 출동해서
Deep throat처럼 조여 rapper들 숨통
번 돈 다 뺏겼어
법원 가 개겼어, 나 혼자만 rapper (Ay)
안 쫄려, 덤벼, what?
'YG 해결사' 내 변호사 별명 (Ay)
걘 계속 감성만 팔구
어쩌라고 듣고 자란 Eminem만이 내 변명 (Ay)
밥줄 다 끊겨도 내 할 말해
최고가 못 되면 차라리 될래 난 최악이
Rap 하면 할수록 느끼는 하나
그냥 한국은 졸라 큰 딤채 (Whoo)
성숙은 개뿔, 걍 너넨
갈수록 숙성 돼가는 김치's (Okay)
못 되나 봐 나는 Beenzino
뭘 해도 걍 쟤네 눈에 난 미친놈 됐어
걍 내 식대로 해서 다 밀치고
MC들 중의 MC 될래
마치 쇼미 김진표, bitch

[Hook: NO:EL]
Pour some, 비켜, spotlight 챙겨
18년 rock on'em, god damn it (빌어먹을)
Pour some, 비켜, spotlight 내꺼
10년 더 rock on'em, god damn it (빌어먹을)
내 rap, god damn it, 내 Raf, god damn it
Fact check, god damn it, god damn it (빌어먹을)
내 rap, god damn it, 내 Raf god damn it
Fact check, god damn it, god damn it (빌어먹을)
내 rap, god damn it, 내 Raf, god damn it
Fact check, god damn it, god damn it (빌어먹을)
내 rap, god damn it, 내 Raf, god damn it
Fact check, god damn it, god damn it (빌어먹을)","99.977","0.948","0.566","-2.962","0.204"
"Dumb","NO:EL","4c6aB1I4DOSweH2DXaqefZ","[Hook: Chip]
Boy, you ain't hard about me?
Anytime I'm in the building I go D-U-M-B
Dumb, dumb, dumb, uh uh
So what you say mothefucker, huh?
You ain't heard about me?
Anytime I'm in the building I go D-U-M-B
Dumb, dumb, dumb, dumb
So what you say motherfucker?

[Verse 1: Chip]
I go dumb on this niggas, I go dumb on this hoes
I'm a smart motherfucker going dumb with the blunts
I go dumb on the verse, montego dumb on the beat
I got your girl in the booth she going dumb on the knees
Go against me is you being dumb
I live the silent, like the b in dumb
The track is the blunt I'm just sparking it up
I'm the best period it's that time of the month
I'm looking out of the suite like yeah I camе from the block
I'm going dumb with this last real niggas I got
I'm going dumb on the mic, thеy going dumb on the pots
Different stove same fire what we're cooking it hot
I said a couple niggas hate, but women show me love
If I die having fun, just bury me in the club
Hahaha what's my name? C-H-I-P
You can catch me in your city going D-U-M-B
Let's go!

[Hook: Chip]
What, you ain't hard about me?
Anytime I'm in the building I go D-U-M-B
Dumb, dumb, dumb, uh uh
So what you say mothefucker, huh?
You ain't heard about me?
Anytime I'm in the building I go DUMB
Dumb, dumb, dumb, dumb
So what you say motherfucker?

[Verse 2: BoB]
I go dumb with my funds
My money dumber than blunts
I go to Amsterdam for good, they go to London for fun
I got a bad British, she say I'm second tonight
I'm cut it off in her lung and yeah nigga still I come
She say love the way I talk
She going on where I'm from
I'm a say the cater where the neighbors
Even when I'm from your crumbs
And if It's painful to be me then I' trying get some
I'm talking ball us, but I'm [?]
The Rolex with the [?]
Smoke droke by the feel, I'm talking go post to go post
I'm so blow I'm in slow moe
I'm [?] but some dope hoes
If it ain't then she grand [?]

[Hook: Chip]
Boy, you ain't hard about me?
Anytime I'm in the building I go D-U-M-B
Dumb, dumb, dumb, uh uh
So what you say mothefucker, huh?
You ain't heard about me?
Anytime I'm in the building I go DUMB
Dumb, dumb, dumb, dumb
So what you say motherfucker?","113.589","0.395","0.697","-13.58","0.876"
"I'm gone","NO:EL","4Ka1Xvh5Xpl5gaqyB44xg2","[Intro]
Always doing the same thing, same thing, same thing, ah (Same)
The same
Same thing
The same
The same
The same
The same thing
The same, try to— (
I woke up
)

[Verse 1]
I die five times
I die just right
Make me pay for fucking up the rest of your life
Nice, nice, nice, nice-

[Verse 2]
Strobe death my way
Caught in the flash and I'm gone
And I'm gone
And I'm gone
(The dark world we hide, run, run, run)

[Verse 3]
Roadkill highway
Next to last day
Hit the concrete
All new life after you hit delete
Please!

[Verse 4]
Altered species
I'll be your nightmare

[Bridge]
(
I woke up, all I could taste was blood
)
I got in over my head
White noise, problem solver death
My life, fodder like the rest
My spite is all that I have left

[Outro]
Last try
Last try
Last try
Last try","95.596","0.205","0.515","-13.385","0.314"
"Ride or die","NO:EL","3Iay0tjEzlUJxrmZf5UR5R","난 혼자 걸어
넌 또 내 뒤에 있어 Oh
I'm drunk as fuck
To have a talk
Let it fade away
나 두다리를 떨어도
예쁜 미소를
잃지 않는 너
I’m high as fuck
To feel this realities
Run away
24/7 with these painkillers let me drown
I'm feelin lowlow
3시 반
24/7 with you me my self and I
I'm feelin loco
Girl just let me
Ride or die with you
너를 다시 한 번만
돌려줄 수 있다면
Ride or die with you
그때를 다시 한 번만
돌려줄 수 있다면
Girl let me ride with you
밤이다 지나갈 때까지
Girl let die with you
몸이 태워져 없어질 때까지
Ride or die with you
모든 걸 다시 한 번만 돌려줄 수 있다면
일이 틀어지면 날 떠나보내 주라 저 멀리
못난 이 새낄 사랑한 내 바보에게 쓰는 편지
마지막 그 앞에서
우리 애써 웃어봐도 Tough shit
사는 게 참 애석하게도 Aint got no option
24/7 with these painkillers let me drown
I’m feelin lowlow
4시 반
24/7 with you me my self and I
I'm feelin loco
Girl just let me
Ride or die with you
너를 다시 한 번만
돌려줄 수 있다면
Ride or die with you
그때를 다시 한 번만
돌려줄 수 있다면
Girl let me ride with you
밤이다 지나갈 때까지
Girl let diе with you
몸이 태워져 없어질 때까지
Ride or die with you
모든 걸 다시 한 번만
돌려줄 수 있다면
24/7 with thesе
Let me drown
고요한 밤
365 with you me my self and I
I'm feelin loco
Girl just let me
Ride or die with you
너를 다시 한 번만
돌려줄 수 있다면
Ride or die with you
그때를 다시 한 번만
돌려줄 수 있다면
Girl let me ride with you
밤이다 지나갈 때까지
Girl let die with you
몸이 태워져 없어질 때까지
Ride or die with you
모든 걸 다시 한 번만
돌려줄 수 있다면","141.973","0.602","0.878","-5.161","0.964"
"Flower (Feat. Benzamin)","NO:EL","50w1OKviRH6Mgf7JiQ0DkB","[Verse]
They say you want love
You're  like an evil flower that the cattle will crush
As  you walk on by
They say you don't bleed
You're like an evil flower that the cattle will crush
As  you walk on by

[Refrain]
Evil  flower
Evil flower

[Instrumental]

[Interlude]
Evil  flower
Evil flower
Evil flower

[Instrumental]

[Refrain]
Evil flower
Evil  flower
Evil flower
Evil flower
Evil flower

[Verse]
They say you want love
You're like an evil flower that the cattle will crush
As you walk on by (Evil flower)
They say you don't bleed
You're like an evil flower that the cattle will crush
As you walk on by (Evil flower)
That the cattle will crush
As you walk on by (Evil flower)
That the cattle will crush
As you walk on by (Evil flower)
That the cattle will crush
As you walk on by (Evil flower)
That the cattle will crush
As you walk on by (Evil flower)

[Outro]
Evil flower
Evil flower
Evil flower
Evil flower","196.78","0.361","0.486","-7.682","0.5"
"Cold winter (Prod. GRIO)","NO:EL","05rtraXV60p22qXHmy2Agu","[Chorus: october]
(I poured my heart out to you
And now I'm bleeding)
Do you really think that I need help?
I hate to ask but there's no one else
Doin' drugs all by myself
But I don't have Narcan on my shelf
Do you really think that I need help?
I hate to ask but there's no one else
Doin' drugs all by myself
But I don't have Narcan on my shelf

[Post-Chorus: october]
I think I love
My pills
More than you
I think I love
My pills
Through and through
I think I love
My pills
More than you
I think I love
My pills

[Bridge: vasthearts]
Tear through my skin and grab my heart
Don't wanna ever be apart

[Verse: vasthearts]
Do you even really want me?
I've been tryna figure out
I pull the blade through my skin
This medication knocks me out
You know I'm really sorry
Don't even know what I'm talking about
It's all in my head
Don't even try to help me now
Do you even really want me?
I've been tryna figure out
I pull the blade through my skin
This medication knocks me out
All these drugs in my system
Don't try to give me Narcan now
I know you never cared
So just get rid of it","160.017","0.359","0.719","-10.807","0.617"
"FML (Fuck My Life)","NO:EL","2qyMzR8K97gkb28IX8DAWv","[Verse 1]
Nice to know ya (Nice), even better to see (Oh yeah)
Misses Florida, mysterious as me (Yeah)
California (Cali'), you can't compare the two (No, no, no)
Been there, did that, this a tap, like, what are we supposed to do?
And you say

[Chorus]
Say you want fun, take it on me
Nobody want a problem, FL or I die about ya
Say you need sun, we'll hit Lamoraga, lay next to the water
Miss Florida, I'll ride about ya, die about ya, oh

[Bridge]
City on a leash, I compete with nobody
Come to me if you want it
Ca peche copy, I'm on it
I feel FL, I feel FL

[Verse 2]
Like it's a long vacation, Sunday to Saturday
Some days I get away
And the next, you convince me to stay here with you
I been here ever since you'd say
One location, one place unlike the same
One day I'll get away
And the next, I believe I could stay here with ya
I'll be there whenever you say

[Chorus]
Say you want fun, take it on me
Nobody want a problem, FL or I die about ya
Say you need sun, we'll hit Lamoraga, lay next to the water
Miss Florida, I'll ride about ya, die about ya, oh","150.046","0.797","0.555","-2.265","0.159"
"asteroid (Feat. MELOH)","NO:EL","2r2v5xpRJe4hdAdC8FRHeB","[Intro: femtanyl]
(Try, try, try, try, try)
(Go-go-go-go—)

[Chorus: astrid]
I been doin' way too much, kissin' on the cuts
Throwin' up blood in the back of the club
Tweakin' off the drugs, hidin' from the sun
Fiendin' for the smut
I don’t think I'll ever be enough, kissin' on the cuts
Throwin' up blood in the back of the club
Tweakin' off the drugs, hidin' from the sun
Fiendin' for the smut

[Verse 1: astrid]
Can we keep it on the low right now? Lights out
Told her, ""Baby, pipe down, no sound""
It's a total blackout, pop out
I'ma tear the house down, strike out

[Refrain: femtanyl]
What if I see you?
What if I see you?
What if I see you?
I think I'm ready to blow

[Chorus: astrid]
I been doin' way too much, kissin' on the cuts
Throwin' up blood in the back of the club
Tweakin' off the drugs, hidin' from the sun
Fiendin' for the smut
I don’t think I'll ever be enough, kissin' on the cuts
Throwin' up blood in thе back of the club
Tweakin' off the drugs, hidin' from thе sun
Fiendin' for the smut (
Shut up!
)

[Break: femtanyl]
What if I see him?
I can't believe it
No pain to see you
You will not let me get away
I put my hand on the snow
Where skin once was there is not anymore
I think I'm ready to blow
My brains into the snow that's underneath you

[Verse 2: astrid]
She sayin' that she sick of my shit
I don't take critique from a bitch
Seeping from my wrist to the floor
Cold light leaking from the door
Razor wrapped in tissue, give a little more
Turn into a product, feelin' like a whore
Yeah, I'm drunk as fuck, can we just fuck?
Girls like me get addicted to the gore
So pathetic and intense, right?
That’s why I don't have, like, any friends, right?
That’s why I've been late to evening plans, right?
Shorty, I been up late, howlin' at the moon
Didn't even rise 'til about noon
You don't wanna see me in a bad mood
Take a lil' bite if I have to
Stack the fuckin' bodies, gettin' ran through

[Refrain: femtanyl]
What if I see you?
What if I see you?
What if I see you?
I think I'm ready to blow

[Chorus: astrid]
I been doin' way too much, kissin' on the cuts
Throwin' up blood in the back of the club
Tweakin' off the drugs, hidin' from the sun
Fiendin' for the smut
I don’t think I'll ever be enough, kissin' on the cuts
Throwin' up blood in the back of the club
Tweakin' off the drugs, hidin' from the sun
Fiendin' for the smut

[Bridge: astrid]
I could never give you what you want
Hollow insides, caving in my lungs
Hiding in my bedroom, covered in blood
Venom slowly leakin' from the cut-cut-cut-cut-cut-cut—
I could never give you what you—

[Outro: femtanyl]
I don't say shit, I get money
I can't change shit, I get something
Defacing, I shoot nothing
Defensive, I get funding
Get funding
Get-get-get, g-g-get, get funding
Funding
Funding","116.947","0.158","0.391","-16.180999999999994","0.175"
"You (Feat. DON MALIK)","NO:EL","5vAq7vqh9HUPR5LHPFTI68","When one is lonely the days are long;
You seem so near
But never appear
Each night I sing you a lover's song;
Please try to hear
My dear, my dear
REFRAIN:
Someday I'll find you
Moonlight behind you
True to the dream I am dreaming
As I draw near you
You'll smile a little smile;
For a little while
We shall stand
Hand in hand
I'll leave you never
Love you for ever
All our past sorrow redeeming:
Try to make it true
Say you love me too
Someday I'll find you again
Can't you remember the fun we had?
Time is so fleet
Why shouldn't we meet?
When you're away from me days are sad;
Life's not complete
My sweet, my sweet
Ref again","82.591","0.31","0.505","-10.423","0.34"
"Alone","NO:EL","24WiM4edp2j6Jm4cqDEWGs","나는 외톨이야
불쌍해 보여 넌 뭔데
나는 외톨이야
혼자였었지 난 원래
가는 사람 마다마다
지나가는 사람마다
오늘 하루만 내 곁에
난 외톨이야
집어쳐 희망 가득한
동화 속 얘기들은 의미 없어
혼자 남아있기 위해 너를 빼지
삐까번쩍 미러볼
나 정반대인 넌 나의 baby
오늘 밤 난 기어코 만취 우
하루를 망침
어디에도 어울릴 수가 없는가 봐요
하늘은 파랗게 왜 그래 재수없게
행복은 오묘하게 날 피해가나 봐요
하늘은 까맣게 다가와 매섭게
나는 외톨이야
불쌍해 보여 넌 뭔데
나는 외톨이야
혼자였었지 난 원래
가는 사람 마다마다
지나가는 사람마다
오늘 하루만 내 곁에
나 난 외톨이야
지긋지긋해
더이상 묻지 말아줄래
넌 비웃겠지
그게 더 맘 편해 이젠
사랑 마다마다
지나가는 사람마다
언제쯤 올까 내 곁에
난 나 외톨이야
가시밭길을 굴러 내 몸 성치 않아도
꿇은 적은 없어
그때 다시 날 돌아가게 해준대도
너와 나 형 오 그건 두 번 다신 없어
반듯하게 자란 한 송이 꽃이 돼
나 날아 그런 것들은 꿈이었던 거지
이제는 나는 안 거지
내 뭉치들 cling clanc
길에다가 던져
어디에도 어울릴 수가 없는가 봐요
하늘은 파랗게 왜 그래 재수 없게
행복은 오묘하게 날 피해가나 봐요
하늘은 까맣게 다가와 매섭게
나는 외톨이야
불쌍해 보여 넌 뭔데
나는 외톨이야
혼자였었지 난 원래
가는 사람 마다마다
지나가는 사람마다
오늘 하루만 내 곁에
나 난 외톨이야
지긋지긋해
더이상 묻지 말아줄래
넌 비웃겠지
그게 더 맘 편해 이젠
사랑 마다마다
지나가는 사람마다
언제쯤 올까 내 곁에
난 나 외톨이야
오늘만은 날 내버려둬 두세요
아직 풀지 못한 고민들 때문에 머린 헤롱
아무것도 그 누구도 이해하지 못한데도
괜찮아요 원래 그랬던 대로 나만 외롭
다 그렇잖아요 모두 아퍼 또 넘 괴로워
오늘만은 우리들의 친구가 되어줄래요
지옥 같은 밤의 끝 아침에 도착해 난 매일
여기 이 자리에 남아있어
난 외톨이야","79.964","0.617","0.523","-7.76","0.0868"
"Bad!","NO:EL","35E5leD1ASxuoiqkObSEAk","Uncut
Piano got keys whatever you need
Everything has been dragging
Cause the way you acting
I still think that you need
Practice behind hella action
You always seem to change around them hoes
Then gone turn around and act like you don’t know
If them chicks you entertaining
Give you satisfaction
Then don’t try to come my way
You want this interaction
You be acting like
You sure you wanna be with me
You gone have to pick a side
Cause I ain’t afraid to leave

I tried to leave a thousand times
But I just can’t get enough
Lately I’ve done heard a thousand lies
But I’m standing here hitting you up

It’s all bad
But you gotta go
Bet not walk out that door, yeah
But you gotta go

It’s all bad
Bad
It’s all bad
Bad
It’s all bad
Bad
Bet not walk out that door
Oh no

Baby I was tripping
Where we bout to eat
Westin or the Ritz
Where we bout to sleep
You really got me in my feelings
And you got me weak
You got me going crazy
And it’s plain to see

I tried to leave a thousand times
But I just can’t get enough
Lately I’ve done heard a thousand lies
But I’m standing here hitting you up

It’s all bad (yea, yea, yea, yeah)
But you gotta go
Bet not walk out that door, yeah
But you gotta go

It’s all bad (yea, yea, yea, yeah)
Bad
It’s all bad
Bad
It’s all bad
Bad
Bet not walk out that door
Oh no

Oh no
Bad
You bet not walk out that door
Walk out that door
Oh no","82.56","0.624","0.561","-7.44","0.559"
"Immature","NO:EL","5skNVWTumifJA4RNVB6Xj9","[Verse 1]
Uh
You seen me moving on, I bet you was salty
You think ‘bout Target when you working at Aldi’s
I know you hate to see another bitch on me

[Pre-Chorus]
So immature, so immature
You so immature, you so immature
You don’t want no one else but me
You thought that I would never leave, oh no

[Chorus]
I’m yo’ favorite ex, wish you farewell though
I know that you wish we could still fuck on the low
I’m yo’ favorite ex, you can’t let me go
Know that you wish we could fuck on the-

[Verse 2]
You made the wrong choice, you starting to regret
That new nigga dick so wack, got you upset
I be up on my shit, I’m starting to flex
I be up on my shit, you see how I flex
Yеah, you really failed the tеst
I seen yo’ other option, can’t compare me to the rest
I hit it with no hoody on, you say it feel the best, yeah
You say it feel the best, yeah

[Pre-Chorus]
(So immature, so immature)
(You so immature, you so immature)
You don’t want no one else but me
You thought that I would never leave, oh no

[Chorus]
I’m yo’ favorite ex, wish you farewell though
I know that you wish we could still fuck on the low
I’m yo’ favorite ex, you can’t let me go
Know that you wish we could fuck on the-

[Bridge]
You said, “It’s all for us”
You said, “It’s all for love”
You say, “It’s all ‘cause the drugs”
You say that you wish you was sober
Did it all for us
Did it all for love
You say, “It’s all ‘cause the drugs”
You say that you wish you was sober

[Chorus]
I’m yo’ favorite ex, wish you farewell though
I know that you wish we could still fuck on the low
The low, the low","94.027","0.507","0.716","-11.073","0.7070000000000001"
"Celebration (Prod. By Minit) (Feat. Jhnovr)","NO:EL","5JSsQNaAVNYAmjZex0jC4X","[Verse 1: NO:EL]
이번 여름의 열기는 뜨거웠고
내 두 번째 가족들은 다 부자 벌어 like a uh
마지막 겨울을 보내고 있지 난 곧 졸업
하고 다음 년의 drop top 불가사리 위 flexing 이건
구라가 아니지 뻥도 아니고 바보야
속된 말로 내 인생 개쩔어 기분 최고야
사장님이 말해 ""내 새끼 뭘 해도 되고 막""
Shout out to Loco형, 윙가르디움 레비오우사
이제 내 앞에 니가 있어
6개월의 고생 니 어깨 위에 다 털어야겠어
막지 못해 우리 눈앞엔 이제 아무것도
18년 동안 쌓은 마일리지 한 계절에 pour
보고 듣고 알고 따지지도 말아
파파라치 카메라 flash 셔터 소리 찰칵
나 같은 새끼로 사는 새끼가 내 새끼
새끼 말고 네 번째 가락에 믿어주기 바람

[Chorus: Jhnovr]
Celebration all day, 기분 내자 밤새
We party like a star, yeah, on it
Celebration all day, 마음껏 즐겨 이 순간을
Forever young yeah My life's a fame (kick dat)
Forever young yeah My life's a fame (kick dat)
Forever young yeah My life's a fame (kick dat)

[Verse 2: NO:EL]
환호성이 터져 나와 여기저기로
Tony Montana, 빡시게 번 다음에 adios
시마이치고 싶어 서울은 탁하니까
새 택은 뜯은 채로 입어 내가 다 살라니까
왤케 다 꼬치 캐물어 니가 대신 살랍니까 내 생
아 댁은 대체 누구 절대 안 판답니다
한자리나 꿰바라 이 꼰대 팔랑귀야
Party we celebrate 아무것도 늴리리야
Woo, yeah, red boys, okay
Cozyboys, Indigo 잔을 들어 건배
Woo, yeah, red boys, okay
Cozyboys, Indigo 철 안 들어 평생
Woo, yeah, red boys, okay
Cozyboys, Indigo 잔을 들어 건배
Woo, yeah, red boys, okay
Cozyboys, Indigo 철 안 들어 평생

[Chorus: Jhnovr]
Celebration all day, 기분 내자 밤새
We party like a star, yeah, on it
Celebration all day, 마음껏 즐겨 이 순간을
Forever young yeah My life's a fame (kick dat)
Forever young yeah My life's a fame (kick dat)
Forever young yeah My life's a fame (kick dat)","120.763","0.782","0.857","-5.633","0.899"
"Runaway","NO:EL","4IVw40uflefuvuvU4zHH2c","You stabbed me dead in the heart
Girl I tried to numb that pain but I got scars
And you gone tell me to forget about it

But how can I forget this when when you
You have my heart
You have my heart

I swear I wish I could run away (Run away)
Find somewhere to get away (Get away)
From all your love
Eh from all your love

I swear I wish I could run away (run away)
Find somewhere to get away (get away)
From all your love
From all your love

Cause this shit is scary

It got me deeper than thee ocean
I’m lit-er than a flame you got me open
Girl you got me stuck you got mе frozen
Loving you in ways I thought I couldn’t

And now you saying you don’t know about us
When I den told thе whole world about us
I was fighting for love but you gave it right up
I miss the times when you was hooked on us
But now

I swear I wish I could run away (run away)
Find somewhere to get away (get away)
From all your love
From all your love

Say now
Say now
Ehhhh

I swear I wish I could run away (run away)
Find somewhere to get away (get away)
From all your love

Say now","118.849","0.924","0.81","-12.636","0.872"
"Seoul (Feat. Huh)","NO:EL","6amJOWamF7tolut1VJcM8N","[NO:EL ""서울"" ft. 허성현 가사]

[Verse 1: NO:EL]
칠년을 돌고 돌아서
나에게 남아있는 것이 대체
뭐냐고 물었어 to myself
The most hated
개 모순적으로
동시에 most wanted
일그러진 채로 시작된
삶이 너무 싫었어도
도망가 보려고
발버둥질을 쳐봐도
마음의 재산은
기초수급자만도 못해서
낭비했었다고 다
지나고 보니 다
이 레퍼토리 지겨운
놈들 이제라도 내 삶에서 좀 꺼져
들어주는 건 바라지도 않아
지킬 게 너무 많아져서
즐기지도 못하겠다
눈떠보니 여기
얼떨결에 자수성가
생일 땐 일 겹치네
서운하긴 뭐 다 그렇잖아
내 첫 앨범 뺏은 넌 인간
취급하지도 않아
꿈 팔아 쳐먹은 돈으로
나잇값들 좀 하고 살아
탈출구라고 믿었던 양아치들뿐인 이곳에서
이제 이사를 준비해 멀어지고파 Seoul

[Pre-Chorus: NO:EL]
돌아갈래란 말을 해
돌아갈 곳이 없다는 걸 잘 아는데
머릿속에서 지운 단어
다음에
다음에 봐, 와
다음은 없다
라는 말 (라는 말)
나를 봐
가까이에선 비극
멀리서는 희극이라는 말 (라는 말)
도 다 필요 없어 이젠

[Chorus: NO:EL]
It's time to say goodbye
Goodbye, my old good days
Tonight I wanna trip so bad
서울
서울
서울
It's time to say goodbye

[Verse 2: Huh]
Ay, yeah
빛이 나는 곳
내 동네는 날 담을 수 없다고 느낀 나는
떠나온 거였어 서울로
철 지나서 철들기는 곁엔 결국 아무도
친구도 여자도 큰 야망에 가려서 저물어
나 첨으로 꿨었던 꿈에 가까워지나
한 점으로 그게 이거라면 안 할 거야
그냥 척으로 남들처럼 성공을 바랬던
어린놈으로 남을래 그럼 내 삶 다시금 돌려줘
월세로 이백 내면 남는 게 있나
내 사랑 놓친 뒤로 손님 거의 fake thot
어차피 술 처먹고 늦은 저녁에 인나서
기어 나갈 거라면 대체 왜 난 서울에 있나
내 생일은 이제 내 기쁨 아니게 돼
내 죄마저도 나 혼자의 것 아닌 게 됐고
근데 왜 실패 그거 하나는 내 책임이래
시발 다 가져갈 거면 이것도 나누지 왜

[Pre-Chorus: NO:EL]
Seoul
돌아갈래란 말을 해
돌아갈 곳이 없다는 걸 잘 아는데
머릿속에서 지운 단어
다음에
다음에 봐, 와
다음은 없다
라는 말 (라는 말)
나를 봐
가까이에선 비극
멀리서는 희극이라는 말 (라는 말)
도 다 필요 없어 이젠

[Chorus: NO:EL]
It's time to say goodbye
Goodbye, my old good days
Tonight I wanna trip so bad
서울
서울
서울
It's time to say goodbye","111.113","0.315","0.588","-14.32","0.562"
"0.0 (DOUBLE O)","NO:EL","6v4b1pOQzYbyG0MRvzjcAV","[Letra de ""Me Llueven 3.0"" ft. Almighty, Bryant Myers, Noriel & Kevin Roldán]

[Intro: Bryant Myers, Noriel, Kevin Roldán]
Fuse Music
No-No-Noriel
KR, baby
Bryant Myers
Me llueven, me llueven
*Con Light G'*

[Coro: Bad Bunny, El Poeta Callejero]
El dinero me llueve (¡Wuh!; yeah)
Las puta' a mí me llueven (Me llueven, me llueven)
Los envidioso' a mí me llueven
Habla mierda y las balas' a ti te llueven (Wuh, wuh; te llueven), te llueven
El dinero a mí me llueve (Yeah)
Las puta' a mí me llueven (Me llueven, me llueven)
Los envidioso' a mí me llueven (El dinero a mí me llueve)
Habla mierda y las bala' a ti te llueven (Las mujere' a mí me llueven)

[Verso 1: Kevin Roldán]
Con KR, el cielo se les pone gris
Opaca'o, infeliz, ¿qué te llueve? Te llueve perico por la nariz
Voy dejando cicatriz a to' esto' salao'
Va a ver lluvia de bala', ando en la Cadillac, blinda'o (Activa'o)
Yo-Yo-Yo no hago ni medios ni televisión (¿Pa' qué?)
Yo soy la pauta, la situación (Ah)
Matándolos canción por canción (Canción)
A ustede' le' llueven las gorra'
A mí me llueven la' mansión (KR, baby)
Verte, pa' darle en la cara a lo' que no quieren verme (Verme), huh
No fue buena suerte, menos mal que los fans vieron cómo yo tuve que joderme (Joderme)
Ahora no pueden detenerme (Detenerme)
Solo pueden verme en el Lambo, en el Rari, a mí

[Coro: Bad Bunny]
El dinero me llueve (¡Wuh!; yeah)
Las puta' a mí me llueven (Me llueven, me llueven)
Los envidiosos'a mí me llueven
Habla mierda y las bala' a ti te llueven (Wuh, wuh; te llueven), te llueven
El dinero a mí me llueve (Yeah)
Las puta' a mí me llueven (Me llueven)
Los envidioso' a mí me llueven
Habla mierda y las bala' a ti te llueven (Yeah)

[Verso 2: Noriel]
Yo controlo el weather channel
Tengo par de babie' tirándome por el scanner
Lo que yo quiera que me llueva, me llueve
Si aprieto un solo botón del control panel (Ajá)
Yo tengo de to', me lo busco to'
Recuerda, lo fácil no se falla
To' estos cabrone' me siguen los paso'
Pero comoquiera se guayan (Ah-ah-ah-ah)
Larga vida al envidioso
Pa' que vea to' lo que yo gozo (Wuh)
Aunque me tiren la mala
Me voy a hacer millo sin volver a tocar un coso
A mí no existe quien me toque
Dímelo rápido, Foke
Que siga lloviendo el dinero
Aunque de verda', ya yo tenga lleno el pote, wuff
[Coro: Bad Bunny, El Poeta Callejero]
El dinero me llueve (¡Wuh!; yeah)
Las puta' a mí me llueven (Me llueven, me llueven)
Los envidioso' a mí me llueven
Habla mierda y las balas' a ti te llueven (Wuh, wuh; te llueven), te llueven
El dinero a mí me llueve (Yeah)
Las puta' a mí me llueven (Me llueven, me llueven)
Los envidioso' a mí me llueven (El dinero a mí me llueve)
Habla mierda y las bala' a ti te llueven (Las mujere' a mí me llueven)

[Verso 3: Bryant Myers]
Tú te pasa' hablando una mierda cabrona
Y cuándo tú me ve' de frente, me viene' a saludar
Si te pillo, te la va' a buscar
Tú y to' el que te vaya a ayudar (¿Oíste?)
Aguanta el paladar
Si tú me falta' el respeto, te vo'a dar (Lambebicho)
Te tenemos un radar (Ah)
Hoy tú te va' a quedar (Ah) en el expreso Martínez Nadal (Ah)
Ustede' me quieren tumbar (Tumbar)
Pero ninguno se atreve a zumbar (Ninguno)
El AK, en el pecho te va a retumbar (¡Rrr!)
Yo nunca vo'a insectear (Me llueven)
A mí me llueven culos bestial
Yo soy real, yo soy leal
Cabrón, yo tengo bendición celestial

[Verso 4: Almighty]
Las puta' me llueven y mientras me llueven, se mojan (Jajaja)
El dinero me llueve, pégate a mi nube pa' que lo recoja'
¿No quiere' bala', mi herma'? Desaloja (Wuh)
Aprende a surfear, por ahí viene la ola
Yo vivo en Hawáii, bajo el cristal, grito: ""¡Aloha!"" (Hello)
Y terminan quema'os como el pasto y las hoja' (¡Rrr!)
Pa' tus pregunta' tengo las respuesta'
Soy un IPhone 7 con Siri, primera clase, ustede' en Spirit (Sa)
¿No me entiendes? Te hago un video lyric (Dime)
Si tú eres Biggie, yo soy tu papá
Vo'a ponerme de apodo ""P. Diddy"" (Diddy)
Pa' los gustos, están los colore' y, señores, soy un arco iris

[Outro: Bad Bunny, Kevin Roldán, Bryant Myers, Noriel, *Almighty*]
El dinero a mi llueve
Bad Bunny
Bryant Myers
La Oscuridad
Kevin Roldán, baby
No'-No'-Noriel
*Almighty*
Alofoke Music
Fuse Music
*Con Light G*
Light GM
Fuse Music
Dímelo, Alofokuse
*Mezclando lo' efecto'*
Nico
De Dominicana a Puerto Rico
Trap Capos, brr
(Los bori' con los domi', seguimos rompiendo, puñeta)
(Hipócritas)
*Fuse Music* (Huh-huh)","161.121","0.986","0.31","-6.32","0.158"
"Juice","northfacegawd","4ZNzJW10hjSdISfQs8M1s2","[노스페이스갓 ""Juice"" ft. 제네 더 질라 가사]

[Intro]
Laptopboyboy

[Chorus: Northfacegawd]
올빽 Air Force One's that I'm rockin'
Do a big dash, smoke an opp then I rob him (Pow, pow)
올 껌 Air Force One's that I'm coppin'
Countin' yellow faces and I skrrt, want it, I cop it
올빽 Air Force One's that I'm rockin'
Do a big dash, smoke an opp then I rob him (Pow, pow)
올 껌 Air Force One's that I'm coppin'
Countin' yellow faces and I skrrt, want it, I cop it

[Verse 1: Northfacegawd]
어깨 힘 딱 들어간 너의 발목을 까 (Tra-ta-ta)
3대 오백 전사 새끼야 이거 진짜 총이야 (Tra-ta-ta)
너의 요즘 걱정은 청년 실업이야 (Nah)
자신이 없는 네가 찾는 비뇨기과 (Nah)
네가 나를 못 이기는 이유 실력이야 (Pow, pow, pow)
남녀노소 감동을 준 필력이야
She keeps on callin' me 그건 미련이야 (No)
돈을 줄게 이건 너의 치료비야
두 개의 심장 lil' 지성이야
계속 달려가다 보니 거의 지진이야 (Mmh)
수입이 달라졌어 이거 필립이야
새 차를 알아봐 가격은 1억이야, let's go!

[Chorus: Northfacegawd]
올빽 Air Force One's that I'm rockin'
Do a big dash, smoke an opp then I rob him (Pow, pow)
올 껌 Air Force One's that I'm coppin'
Countin' yellow faces and I skrrt, want it, I cop it
올빽 Air Force One's that I'm rockin'
Do a big dash, smoke an opp then I rob him (Pow, pow)
올 껌 Air Force One's that I'm coppin'
Countin' yellow faces and I skrrt, want it, I cop it

[Verse 2: ZENE THE ZILLA]
Northfacegawd형 지성이면 감천 (Wow)
어느새 보니 여긴 짜바리들이 판쳐
짜바린 나가리 억울해도 그냥 아가리 닥쳐
뭐 그리 억울해 너네를 족쳐 깡그리 다 다 다 다
가진 것이라곤 돈과 돈색 머리
이런 내가 너 사랑하면 안 되냐 like 최민식 (Mmh)
오늘은 우리 둘의 랑데부 like 권민식 (Mmh)
멍청아 네 얘기 아녀 그녀가 아니라면 제발 사려 (Zene the Zilla, haha)
올백 그건 내 멋 점수, mama, I made it
I'm so juicy, juicy, juicy 미닛메이드
I'm so juicy, juicy, juicy, Juicy J
Bang-bang-bang-bang like Jessie J
[?]

[Chorus: Northfacegawd]
올빽 Air Force One's that I'm rockin'
Do a big dash, smoke an opp then I rob him (Pow, pow)
올 껌 Air Force One's that I'm coppin'
Countin' yellow faces and I skrrt, want it, I cop it
올빽 Air Force One's that I'm rockin'
Do a big dash, smoke an opp then I rob him (Pow, pow)
올 껌 Air Force One's that I'm coppin'
Countin' yellow faces and I skrrt, want it, I cop it","130.018","0.576","0.735","-10.496","0.847"
"in the club","northfacegawd","7CBgN7DtI8FyZkGpKferGK","[퀸 와사비 ""꽃"" 가사]

[Intro]
I need you

[Pre-Chorus]
난 너무 많아 꽃이
차려 버린 꽃집
묻지 마 꼬치꼬치
넌 내게 꽂힘
난 너무 많아 꼬치
걸어가면 꽃길
현금을 꽂지 꽂지
돈 많아 꽂지

[Chorus]
피어나 꽃이 꽃이 꽃이 꽃이 꽃이 꽃이
꽃이 꽃이 꽃이 꽃이 꽃이 꽃이
묻지 마 꼬치 꼬치 꼬치 꼬치 꼬치 꼬치
꼬치 꼬치 꼬치 꼬치 꼬치 꼬치

[Verse 1]
Tonight looking for my boo
Peepin lucky guy 누구
제일 귀엽고 핫한 애로
골라보자 네 크루
멤버 중에 pretty boy
너 좋으면서 왜
자꾸 숨기려고 해
아 진짜 킹 받게
원래 몰라 빠꾸를
머리 아파 아무튼
직진만을 원해 썸이 뭐야
I don't understand
이건 미친 잔치야 (Yes)
준비해놓은 꽃다발
맛있는 거 옆에 맛있는 거 (Yummy)
Dinner time

[Verse 2]
내길 걸어
좀 멀어도 (Yeah)
벌어 (Yeah)
그냥 털어 (Ha)
더 묻지 마 굳이
남다른 내 뿌리 (Yeah)
Tap, tap, double tap on my gram
인정할 수밖에 없어
내가 하는 god game (God game)
진도를 speeding up 달려 빨리 (Yeah, ooh)
엔진은 뜨거우니 let's go party (Ah)
채워 너의 fantasy (Yeah)
기어 바꿔 put the stick (Woah)
D to the p
뭔 말이냐면
Yours in my p

[Pre-Chorus]
난 너무 많아 꽃이
차려 버린 꽃집
묻지 마 꼬치꼬치
넌 내게 꽂힘
난 너무 많아 꼬치
걸어가면 꽃길
현금을 꽂지 꽂지
돈 많아 꽂지

[Chorus]
피어나 꽃이 꽃이 꽃이 꽃이 꽃이 꽃이
꽃이 꽃이 꽃이 꽃이 꽃이 꽃이
묻지 마 꼬치 꼬치 꼬치 꼬치 꼬치 꼬치
꼬치 꼬치 꼬치 꼬치 꼬치 꼬치

[Verse 3]
몇십만 원에 다 목숨을 난 걸었네
So 한 달 만에 몇천만 원 벌었네
When you see me in a club
제일 turn up 해
그녀가 내게 말을 걸어 더럽게
그녀는 너무 nasty 해
어쩔 수 없이 그녀를 내 집에
그녀는 내걸 매립해
그녀는 깜짝 놀라 나는 men in black
그녀와 나의 사랑의 빠떼루
떼굴 떼굴 떼굴 떼떼굴
막 굴러 못 말려 그녀 고집
Feel it like i'm dbo
난 사랑해

[Verse 4]
꽃 찾으러 왔지 우리 집
꽃 찾으러 왔으면 꽃 가지고 꺼져
상구형은 말해 계속 정교하게 하라고
넉살형은 말해 계속 무식하게 가라고
누구 말을 들어야 돼 그냥 내 식대로 간다
간다 간다 간다 간다
와 다다다 다다다다
통장에 꽃 폈다
눈 돌아가 다 썼다
여우 같은 놈들 gaslighter
네 편 인적 없어 난 늘 남편 남편

[Pre-Chorus]
난 너무 많아 꽃이
차려 버린 꽃집
묻지 마 꼬치꼬치
넌 내게 꽂힘
난 너무 많아 꼬치
걸어가면 꽃길
현금을 꽂지 꽂지
돈 많아 꽂지

[Chorus]
피어나 꽃이 꽃이 꽃이 꽃이 꽃이 꽃이
꽃이 꽃이 꽃이 꽃이 꽃이 꽃이
묻지 마 꼬치 꼬치 꼬치 꼬치 꼬치 꼬치
꼬치 꼬치 꼬치 꼬치 꼬치 꼬치

[Outro]
무궁화 꽃이 피었습니다
I'm a new star
새로운 스타의 도래야
내가 유명해지면 바뀌겠냐 퍽이나
And my girls got my back
가던 길을 계속 가
무궁화 꽃이 피었습니다
And I don't give a shit
그건 너의 오해야
돈 많은척하지 마 너 보릿고개야
근데 나는 계속해서 떡상이니 올해가","116.972","0.701","0.679","-3.646","0.0511"
"Bank Account","northfacegawd","0uql5xBCTyBjkNOw8xRczp","[Chorus]
I was begging to my brodies
But they see me, bragging now
화려해 내 옷이 니 돈 전부 뺏긴 탓
내 비전은 4D 비싼 바지 새깅함
0이 몇 개 있나 와서 세봐 나의 bank account
세봐 나의 bank account
세봐 나의 bank account
세봐 나의 bank account
세봐 나의 bank account

[Verse 1]
여기 이리 와봐 여기 내 옆으로 와봐
문신으로 욕한 새꺄 여기 내 계좌 좀 봐봐
얼마 전까진 알바 머니
근데 check my bank account
네 피해 의식이 쌓여 내 바지는 계속 내려가
I just wanna smash on 'em 내 손으로 다 밀어
팔로워수처럼 변했어 통장 뒷자리도
몇 달 후엔 성우처럼 백화점 돗자리 펴
너나 피워 담배 나는 피고 있어 zario
8년 걸렸어 이제 너도 나를 알아
꾸준함이 무기라서 주댕이가 하마
한심하게 봐 가서 거울이라도 봐봐
정글이었다면 너는 못 만들어 아마

[Chorus]
I was begging to my brodies
But they see me bragging now
화려해 내 옷이 니 돈 전부 뺏긴 탓
내 비전은 4D 비싼 바지 새깅함
0이 몇 개 있나 와서 세봐 나의 bank account
세봐 나의 bank account
세봐 나의 bank account
세봐 나의 bank account
세봐 나의 bank account","75.016","0.346","0.884","-8.228","0.376"
"Ballin'","northfacegawd","4uhT2TiiHrY0OAJIqt6h9U","[노스페이스갓 & UNEDUCATED KID ""Ballin'"" 가사]

[Intro: Northfacegawd]
JPhilly speakers [?]
Fuck it up, paow-paow-paow!

[Chorus: Northfacegawd]
Me and my team, we ballin' (Ballin')
Them thotties on my phone, they callin' (Callin')
Lean in my cup got me 졸림 (Po!)
G-Star pants I'm rockin', 걔넨 원해 나의 fallin' (Paow! Paow!)
But I'm saucin' on 'em, bitches bitch, I'm ballin' (Ballin')
But I'm saucin' on 'em, bitches bitch, I'm ballin'
Me and my team, we ballin' (Ballin')
Them thotties on my phone, they callin' (Callin')
Lean in my cup got me 졸림 (Go!)
G-Star pants I'm rockin', 걔넨 원해 나의 fallin' (Paow! Paow!)
But I'm saucin' on 'em, bitches bitch, I'm ballin' (Paow!)
But I'm saucin' on 'em, bitches bitch, I'm ballin' (Paow! Paow! Ballin')

[Verse 1: Northfacegawd]
Me 'n' my team, we ballin' (Bih)
'Preme, Northface on my body (Bih)
우리 전부 다 모인 자리
돌돌 굵게 말아서 돌림
정말 부드럽다 니 손이
발로 까 기다란 니 다리
너 빼고 다 신나는 파티
Pop a bottle, pop a molly (Molly)
Smokin' loudest loud, bitch, I'm high as kite (High as kite)
Countin' on my guap, all 신사임당 (신사임당)
I'm rollin' with my squad while you fallin' down (Fallin' down; Paow)
Fuck all of the opps, never slowin' down (Slowin' down)

[Bridge: Northfacegawd]
걔네 말은 전부 거짓 (Nah)
나랑 우리 팀 전부 길거리 (Nah)
어제까지만 해도 거지였던
놈이 백화점에서 ballin' (Ballin')
S-t-a-r-е-x g-l-o (Starex)
U-p n-e-x-t up (Fuck it up!) guaranteed

[Chorus: Northfacegawd]
Me 'n' my tеam, we ballin' (Ballin')
Them thotties on my phone, they callin' (Callin')
Lean in my cup got me 졸림 (Po!)
G-Star pants I'm rockin', 걔넨 원해 나의 fallin' (Fallin')
But I'm saucin' on 'em, bitches bitch, I'm ballin'
But I'm saucin' on 'em, bitches bitch, I'm ballin'
Me and my team, we ballin' (Ballin')
Them thotties on my phone, they callin' (Callin')
Lean in my cup got me 졸림 (Go!)
G-Star pants I'm rockin', 걔넨 원해 나의 fallin' (Fallin')
But I'm saucin' on 'em, bitches bitch, I'm ballin' (Paow!)
But I'm saucin' on 'em, bitches bitch, I'm ballin' (Paow! Paow! Ballin')

[Verse 2: UNEDUCATED KID]
Me 'n' my team, we ballin' (Squad)
우린 아무랑도 할 수 없어 fuck with (Fuck)
우리 인생 그냥 현금에다 all in (Pew-pew)
우린 물러서지 않아 그냥 직진 (직진)
우린 돈 앞에서 너무나도 잔인 (잔인)
우린 돈 앞에서 저지르지 살인 (살인)
You know we can never trust nobody (Yo-yo)
And we don't really need nobody (Squad)
난 트루진을 입고 페레가모 벨트를 차고 있어 (Few, few; 차고 있어)
지금 내 침대 옆에는 네 여자가 자고 있어 (자고 있어)
Bitch, I wanna fuck but I will never kiss her
난 친구들이랑 외쳐 Fuck the police officer

[Bridge: UNEDUCATED KID]
난 돈을 쌓아 올려 마치 미륵사지석탑 (석탑; Po-po-po-po-po!)
내 손목 위엔 롤렉스 시계가 빛나 이거는 bustdown (Po-po-po-po-po!)
내가 외제차를 몰고 있을 때 걔네들은 아직도 지하철 버스 타
나 랩 하고 있는데 사람들은 왜 자꾸 날 보고 말해 야 락스타

[Chorus: Northfacegawd]
Me and my team, we ballin'
Them thotties on my phone, they callin' (Callin')
Lean in my cup got me 졸림 (Po!)
G-Star pants I'm rockin', 걔넨 원해 나의 fallin' (Paow! Paow! Fallin')
But I'm saucin' on 'em, bitches bitch, I'm ballin' (Ballin')
But I'm saucin' on 'em, bitches bitch, I'm ballin'
Me and my team, we ballin' (Ballin')
Them thotties on my phone, they callin' (Callin')
Lean in my cup got me 졸림 (Go!)
G-Star pants I'm rockin', 걔넨 원해 나의 fallin' (Paow! Paow! Fallin')
But I'm saucin' on 'em, bitches bitch, I'm ballin' (Paow!)
But I'm saucin' on 'em, bitches bitch, I'm ballin' (Paow! Paow! Ballin')","130.075","0.913","0.724","-6.04","0.584"
"Hml","northfacegawd","0PALrfLjqiUWaIPugY6PBZ","I'm rollin' with my family
Don't you hit my hotline
Only Chasin' cash
Thottie들은 쫓지 않아
Don't hit my line

I'm rollin' w my family
So don't you hit my hotline
달려가야 해 갈 길이 짧지 않아
존나 힘드니 원래 다 그러고 살아
거지 일수 없어 힘든 시간과는 바이바이

Look at u look at us now
달라도 너무 달라졌어 we up now
Blood thicker than
The money 나의 철학
Money thicker than
Your sauce it drags lotta 여자

Look at my team
We up next look at my neck froze
Look at my team
Makin a toast in a limo yea
Finna buy me a jet
나는 이제 돈땜에 행복

I'm rollin' with my family
Don't you hit my hotline
Only Chasin' cash
Thottie들은 쫓지 않아
Don't hit my line

쉽게 온 건 쉽게 떠나지
내게 안정이 필요할 땐 해 다짐
Me VS myself 정신
내 사람들 위해 잡았지
어느 날 밤
어느 행성 위로 올라가
그냥 존나게 많이 걷다가
내게 원하는 게 대체 뭐야 넌?
얼마 만에 도착할지는 몰라
중요한 건 그게 절대 아니지
내 친구들과 산속에서 캠핑해
나무 한대 태울래
STR Gang

I'm rollin' with my family
Don't you hit my hotline
Only Chasin' cash
Thottie들은 쫓지 않아
Don't hit my line","130.002","0.646","0.636","-12.22","0.546"
"Papi","northfacegawd","2p8l8Fl0SD6QFoO6lrEdmR","[퓨쳐리스틱 스웨버, 플레이버대시 & 노스페이스갓 ""Papi"" 가사]

[Intro]
Oh, oh, oh

[Chorus]
All my Tura gone with my pee
(I already see me glow, I already see me glow uh, uh)
All my Tura gone with my pee
(I already see me glow, I already see me glow uh, uh)
내 친구들 always told me
(I already see me glow, I already see me glow uh, uh)
내 친구들 always told me
(I already see me glow, I already see me glow uh, uh)

[Verse 1]
Next up (Next up)
Yeah, I'm feelin myself, I already know I'm next up (Next up)
쟤넨 가볍고 나는 무거워 맷돌
눈 두 덩 이 넘 무거워 맷돌
한자리에서만 굴러 맷돌
난 내 선에서 해결하려 했어
너넨 진작 지쳤잖아 애써
구린 니 노래 아끼다가 똥 됐어
너의 약점 이미 눈치챘어
옷이 너무 많아 I know how to dress though
눈깔이 돌아가 난 이럴 때만 개코
절대 못 돌아가 개그지 그 때로
9인승 승합차 시트 다 뗀 채로

[Chorus]
All my Tura gone with my pee
(I already see me glow, I already see me glow uh, uh)
All my Tura gone with my pee
(I already see me glow, I already see me glow uh, uh)
내 친구들 always told me
(I already see me glow, I already see me glow uh, uh)
내 친구들 always told me
(I already see me glow, I already see me glow uh, uh)

[Verse 2]
I put my city on the map
I'm with my crew, with the gang
We have a party over here
못 이겨도 질 수는 없는 게임
2년 까먹어버린 virus, 악감정과 찢어발긴 달력
수갑만 안 찼지 여긴 감옥, 이 답답함에 피가 말러
Get up in the morning, I take drugs first, first
That shit make me thirsty
손가락엔 다이아 목엔 rocking pearl, pearl
And pop a lot of perky
약발 떨어지면 땀이 뻘뻘
지금 내게 필요한건 **
Gucci on my feet I'm like burr, burr
이 가짜들은 내 앞에서 쩔쩔
매-지, 이 ***, 암만 발악해봤자 넌 퇴물
Hopped up out the bed, I turn my swag on, swag
Brag I like to brag 온몸을 덮어 다 쌔 거
They see me blowin' up too fast
Too fast, too fast, leggo

[Chorus]
All my Tura gone with my pee
(I already see me glow, I already see me glow uh, uh)
All my Tura gone with my pee
(I already see me glow, I already see me glow uh, uh)
내 친구들 always told me
(I already see me glow, I already see me glow uh, uh)
내 친구들 always told me
(I already see me glow, I already see me glow uh, uh)

[Verse 3]
**하지 말고 절로 꺼져
돈이랑 같냐 이게 빚을 털어
왜 넌 자꾸만 계산이 틀려?
또 시간이 지나면 중요한 게 달라
The baby try'na make me look I lie
(but I ain't lie)
You know I turn up everyday
'Cause I need to dash
(니가 버려야 했던)
자신이 없는 상태로 흥분해
(집에 가야지)
시간이 하나 둘 세시 네시네
(빠피)
거울에 자신을 보고 I don't need no style
눈을 감아서 과녁을 보고난 다음
내가 망상을 했던걸 실행한 다음
You know that I can make no doubt
생각을 해보니 I gotta eat this town
I think I need to keep it down
어제보단 오늘이 나은 거 같아
I'm working for the skyline

[Chorus]
All my Tura gone with my pee
(I already see me glow, I already see me glow uh, uh)
All my Tura gone with my pee
(I already see me glow, I already see me glow uh, uh)
내 친구들 always told me
(I already see me glow, I already see me glow uh, uh)
내 친구들 always told me
(I already see me glow, I already see me glow uh, uh)","130.002","0.898","0.683","-6.746","0.276"
"Broccoli","northfacegawd","5xljXjEejpjZWv1VeRMomC","[Chorus]
Thinkin’ bout you now
Can you feel me now?
집에 오면 아출시
Then we smokin’ on that broccoli
Smokin’ on that broccoli
Smokin’ on that broccoli
오늘 하루 마무리
Smokin’ in that broccoli

[Verse]
돌아왔더니 9시 I don’t know
집에 와서 싸우지 바로
베게엔 눈물자국이 많어
이러지 말자 나를 안아줘
I’ma give u hug baby
I’ma roll u J of Broccoli
편안해져 마음이
바람타는 나못잎
Don’t you be afraid
Baby look at me now, I’m right beside you, right here
If any fuckin’ body ever try me there’ll be a crime scene 지킬수있다면 뭐든
하지

[Chorus]
Thinkin’ bout you now
Can you feel me now?
집에 오면 아출시
Then we smokin’ on that broccoli
Smokin’ on that broccoli
Smokin’ on that broccoli
오늘 하루 마무리
Smokin’ in that broccoli","119.911","0.929","0.3779999999999999","-4.745","0.489"
"Drive","northfacegawd","05LEAYtwPBmiWTQhQJesUz","[노스페이스갓 ""Drive"" 가사]

[Chorus]
여보 이 돈 좀 봐 바닥부터 천장
쌉그지였어 now I’m shopping in my wedding car
가난을 벗어나 started from 반지하
내 아내가 말해 뭐를 하던 make it count

그래 방에서 나와 밟아 페달
언제 갈지 몰라 너무 소중한 내 삶
So 난 방에서 나와 밟아 페달
사시사철 drive 다시 같이 한 계단

[Verse 1]
책임감을 느낀 유부남
음식을 올려놔 내 식탁
본 적 없어 힙합 엘이 게시판
왜냠 나는 소중하지 내 시간

손잡고 야채가게 가서 샀어 big broccoli
서로 먹여줘 주거니 받거니
주어진 게 아냐 네가 사는 삶이
넌 언제까지 슬퍼만 할 거니

또다시 밟아 내차 페달
내 옆에는 이쁜 아내 길쭉한 개가
우린 말이 잘 통해서 계속했어 대화
돌돌돌 말아 마치 케밥

[Chorus]
여보 이 돈 좀 봐 바닥부터 천장
쌉그지였어 now I’m shopping in my wedding car
가난을 벗어나 started from 반지하
내 아내가 말해 뭐를 하던 make it count

그래 방에서 나와 밟아 페달
언제 갈지 몰라 너무 소중한 내 삶
So 난 방에서 나와 밟아 페달
사시사철 drive 다시 같이 한 계단

[Verse 2]
자고 일어나 보니까 밤
와이프한테 디지게 혼났다
눈 깜짝하니 바뀌어버린 차
여기서 가장 먼 곳까지 드라이브

휴게소에 들려갖고 또 간단히
하나 찢고 나서 라면 한 사바리
그녀에게 지갑 보여주고 나니
언제부터 걱정하지 않는다 밥벌이

해가 지고 있어 조수석 옆 동해안
숨을 들이쉬어 마이바흐 내 세단
시간은 흘러갔고 살아있음을 체감
돌돌돌 말아 마치 케밥

[Chorus]
여보 이 돈 좀 봐 바닥부터 천장
쌉그지였어 now I’m shopping in my wedding car
가난을 벗어나 started from 반지하
내 아내가 말해 뭐를 하던 make it count

그래 방에서 나와 밟아 페달
언제 갈지 몰라 너무 소중한 내 삶
So 난 방에서 나와 밟아 페달
사시사철 drive 다시 같이 한 계단","90.565","0.792","0.645","-7.34","0.666"
"Hammer","northfacegawd","7oxftyRN2AbI0a3QRvtIp3","[Verse 1: 365lit]
웃어 난, Swoosh
배신했던 새끼들은 처먹어 Scoop (Skrrt)
SB SQUAD (Hey)
모이면 체내에 투입해 Snoopy (Snoopy)
Need no lootin'
다리 밑으로 지나갈 땐 keep scoochin' (Scoochin')
Bitch, I never lose, 하늘로 날아버려 난, Canada Goose
Mask on (Oh shit), mask on (Skrt)
벌레가 너무 많아갖고 불러야 해 세스코 (Brrr)
형의 Nike 물려 입던 놈이 사버려 일시불로 (Oh my God)
내가 안될 거라 했던 새끼들
전부다 나를 모셔라 boss로

[Verse 2: ZENE THE ZILLA]
수시로 Swoosh로 감싸, 내 몸뚱아리
스시로 끼니를 해결해
이 쑤시고 후식은 cake, cake (Cake)
돈이 안 되는 거는 백해무익
매캐한 연기로 채워버려, 내 폐
너무 높아서 너넨 못 봐, 내 패 (Nah, ZENE THE ZILLA)
흠, ITX 뭐시기, 모시끼
ZENE 시끼 멋이 기깔나 (쌈뽕)
이리 와서 보시길
여전하게 돈색이 내 signature color
내 오른목에 승리의 여신님을 (Ay)
내가 따버렸다는 소식이 (Ay)
들릴 때쯤 나는 이미 훨씬 위 (Ay)
마치 Air Force 1 (Oh)

[Verse 3: Chamane]
Play ball, 심판 불어봐 whistle
아직 없어 난 label, 네 개 목줄은 안 채워
그래도 언제나 돈이 최고
내 계산기 정확해, 새 거, right
더 볼 일 없어, 얘 데리고 가
여전히 I got money on my mind
벌었네 시간, 이 바닥엔 여전히 피라미 밖에
난 다시 rewind, 인마 back to 내 시간
더 멍청하게 많은 시끼들이 나를 걱정하네
Fuck you bitch, 네 앞길이나
얼른 갔다 오기나 해, 국방부가 너흴 애타게 기다려
그건 너희 차례
노원의 까리 내 앞에서 비켜 (Huh)
새 Nike 두 발에 신겨 (Huh)
네 연락 어차피 또 씹혀 (Uh)
두 번 말하긴 난 너무 지쳐 (Okay)
내 outfit 말끔히 씻겨
그 담에 거리로 나가서 난 불 지펴
Swoosh flow, 넌 또 찢겼으
친구야, 열 좀 식혀 (Fuck)

[Chorus: CHANGMO]
하루 그건 마치 백 년간의 전투
Cass 하나 때리고 배
배로 땡겨, 난 부동의 선두
봐, 꼬추 위 Goyard 안 stacks
쉴 땐 Nike의 V자가 전부
Show 때는 Rick, Bajowoo 후드
무대를 뒤집어 놓으셨다 (Yeah, yeah)
이건 듣자마자 질릴 곡
자랑만 가득, 떠오를지 몰라 Illi 곡
매 시, 매 minute, I'm countin' my 이이
Mami 거 은행 기업에 넣어
ATM 갈 때 늘 Swoosh가 전부
Sex 전엔 상의 METEOR 후드
그렇게 쳐 박혀 버려 난

[Verse 4: Paul Blanco]
Yo, 내가 못 먹으면 시바 아무도 못 먹어
Yo, 악마는, 아니, Paul Blanco는 Prada를 입어
근데 내 Air Force 존나게 dirty, man I'm from the mud
근데 이 새끼들은 다 cap 하고 cap 하고 cap 하고 cap 하고
Yeah, 알다시피 내 출신은 Blockaz
200$면 사 (Boom)
이 가방은 fashion이 아니야
Like Baka 가방 안 (Boom)
돈 세는 기계 필요없다
거리놈은 손으로 세 돈 (손으로 세)
부자가 되지 못하면 난 걍 거지로 뒤져, man

[Verse 5: Damndef]
Back then I made do it now Damndef
Rap on U-G-R-S ting from 덕소
검은 Nike와 'Preme My outfit
하지만 앞길의 Colore e rosso
꿈 꾸는 거 자유랬더니 멍청한 새끼들
인생에 테두리 치고서 fucked up
내 입에선 풉, 법칙에 중지 올리고
타 Swoosh처럼 우상향곡선
난 실패 몰라, 해도 반의 반쯤
성공한 거라 치고 말지, Bombaclat
날 판단할 수 있는건 오직 판사 뿐이고
그도 내가 쩔어줌을 선고하지
같을 수 없어, 우리 시간의 가격
독기로 찬 충혈된 눈 빛나 섬광같이
담배 연기처럼 움직여
You can't touch me like MC hammer, 거의 유령 같지
누벅 헤진 Jordan 신던 인천 새끼 첫 유럽은 tour로
피 묻은 Back Force 신던 덕소 아이
피마원 Force는 피색 logo
알 수 없는 앞길의 방향
하지만 Nintendo처럼 노선 스위치 하지 않아
Talk less work more, 말했잖아, don't care
의심 없어, 나의 가능성에 대해, just do it

[Verse 6: Keem Hyo Eun]
(Bition Boys)
누군가는 말해, 내 가치는 거품
쫄리는 애들은 뒤지셔 (Yuh)
10년이면 난 부동의 선두
그건 복리 때문이 아냐 (Shit)
새끼들은 보이는 게 전부
차라리 난 사고 말래 그걸 품은 기업을
이런 나도 쳐박혀 버려 가끔 (Bition Boys)
Baby, 나는 니 눈에 보이고 싶어 망나니
그런 너에게 마저도 사랑을 못 배웠지
그런데 나는 적어도 아니니까 개 그지
부끄럽지 않아, 지금 니 앞에 내 모습이
한 탕에 수 백, 더 불러 볼래, 더블로
꼰대 새끼들 렉 걸려, 버벅 대, 어버 버버
내가 받는 pay, 나의 몸값의 반의 반의 반의 반도 안 돼
쟤네들은 반에 반도 받음 안 돼, woah

[Chorus: CHANGMO]
하루 그건 마치 백 년간의 전투
Cass 하나 때리고 배
배로 땡겨, 난 부동의 선두
봐, 꼬추 위 Goyard 안 stacks
쉴 땐 Nike의 V자가 전부
Show 때는 Rick, Bajowoo 후드
무대를 뒤집어 놓으셨다 (Yeah, yeah)
이건 듣자마자 질릴 곡
자랑만 가득, 떠오를지 몰라 Illi 곡
매 시, 매 minute, I'm countin' my 이이
Mami 거 은행 기업에 넣어
ATM 갈 때 늘 Swoosh가 전부
Sex 전엔 상의 METEOR 후드
그렇게 쳐 박혀 버려 난

[Verse 7: Northfacegawd]
내 신발이 너무 더러워
난 그냥 하나 더 사
내 차가 Nike에 보이면
직원이 가져와 Air Force One
근데 진짜로 이걸 왜 버리는지
물어보면 새꺄 그럼 집에 가져가던지
Northfacegawd big sauce, 하지않아 하소연
색맹인가봐, 노란 지폐밖에 안 보여
돈 벌어서 렌즈 삽입, 앞이 너무 잘 보여
평소대로 했드니만 연락 왔어 창모, oh","180.008","0.878","0.486","-3.068","0.205"
"Still","northfacegawd","53gFdsVnLioucropJOrUA6","[노스페이스갓 ""Still"" 가사]

[Chorus]
난 원래 거지였었지만 bitch look at me now
2 cars, 2 phones, how you like me now
너의 달구지 같은 차를 빠르게 지나
내가 너였더라도 배가 아프겠지만

내가 변했대도 나는 여전해 돈만 빼고
내가 변했대도 나는 여전해 돈만 빼고
내가 변했대도 나는 여전해 돈만 빼고
내가 변했대도 나는 여전해 디자이너 옷만 빼고

[Verse]
돈을 벌고 쓰고 벌고 쓰기에도 바빠 난
너의 이름 뒤엔 선생님 내 돈을 갚아라
천따리가 아니면은 빼 나의 발바닥
한방에 knock out 신사답게 참다가

내 여자 나의 가족 건드려서 못 참아
옳고 그른 건 모르겠고 난 더는 못 참아
모두 기분 좋아 보여 근데 너 혼자만
세상 비관적인 표정으로 날 보잖아

I said 벌고 쓰기에도 바빠 난 안 멍청해
월세 걱정하던 놈이 세금 걱정해
한참 잘나가던 너를 한참 전에 역전해
너는 내가 변했대 나는 여전해

[Chorus]
난 원래 거지였었지만 bitch look at me now
2 cars, 2 phones, how you like me now
너의 달구지 같은 차를 빠르게 지나
내가 너였더라도 배가 아프겠지만

내가 변했대도 나는 여전해 돈만 빼고
내가 변했대도 나는 여전해 돈만 빼고
내가 변했대도 나는 여전해 돈만 빼고
내가 변했대도 나는 여전해 디자이너 옷만 빼고","134.714","0.315","0.485","-11.599","0.425"
"Fufu","northfacegawd","0DGIP538fbWjxY5qFFPWis","[Chorus]
Walkin’ down the street
Man, I make my shoes look good
갑자기 걸어와서 말거는데 대체 누구?
내가 정말 아끼는건 우리 집에 후주
내 여자랑 내 친구들 빼고 전부 fufu
Fufu, you the biggest fufu
Fufu, you the biggest fufu
Fufu, you the biggest fufu
Fufu, you the biggest

[Verse]
오늘 나의 눈에 띄는 벅보이는 죽음
Don’t you try me 안보이니 나의 근육
문신하고 귀를 크게 들어나도 순수
근데 이리 보고 저리 봐도 너는 fufu
Fufu, you the biggest fufu
너랑 나랑 절대 안될거야 승부
졸아갖고 도망가는 뒤통수에 콩푸
둥푸 콩푸
작지만 내심장은 커 마치 중국
너를 그냥 마셔버릴거야 마치 국수
자가 점점 빨라져서 이젠 맨날 부를 부릉

[Chorus]
Walkin’ down the street
Man, I make my shoes look good
갑자기 걸어와서 말거는데 대체 누구?
내가 정말 아끼는건 우리 집에 후주
내 여자랑 내 친구들 빼고 전부 fufu
Fufu, you the biggest fufu
Fufu, you the biggest fufu
Fufu, you the biggest fufu
Fufu, you the biggest","180.11","0.866","0.727","-4.48","0.8909999999999999"
"TROUBLE (Prod. Slom)","Don Mills","5UJTNrW72ZMubW2wKBf8g2","[Pre-Chorus: sokodomo]
아무도 없는 내 방 안에
시끄러운 형광등 아래
꼬여버린 내 마음속은
아무도 모르네

[Chorus]
So, what's the trouble?
Yo, I'm in trouble

[Verse 1: Don Mills]
시간이 필요해, 다름 아닌 쉬는 시간
그게 쭉 쉬겠다는 헛소리는 아니지만
왜냐면 움직여야 한 달을 버티니
고지서에 출렁이는 심장 찌릿
두꺼비집 차단기 내려버려
숨만 쉬어도 나가는 돈, 지갑은 너덜너덜
그 순간 마누라가 건네주는 말
""척하지 말고 착하게 살아""
정신없어, 당 충전
인생은 설탕 각이 졌다는 말이지
여기가 어디라고 떨어대냐 민폐
운 없으면 나가리, no cap, no 핑계
Wanna chill, 적게 work and get money

[Pre-Chorus: sokodomo]
아무도 없는 내 방 안에
시끄러운 형광등 아래
꼬여버린 내 마음속은
아무도 모르네

[Chorus]
So, what's the trouble?
Yo, I'm in trouble

[Verse 2: Khakii]
침대 위로 녹아내려 시간
쉴 틈 없이 또 네모 속 세상으로 나를 밀어
두 시간을 더 써 이 사진 저 사진 또
뒤지다 비싼 걸로 pick 후 네 profile로
보여지는 날 믿지 말어 제발
나도 화면 속 너를 믿지 않으니까
솔직함은 지난 유행이 됐지만
Wait, 왠지 오늘 같은 밤엔 그립네, huh
아무도 몰라 내 속마음과 내 모습 사이에

[Verse 3: Northfacegawd]
Northfacegawd Northface 매장에서 몰라봐
협찬은 커녕 일주일 전 골라 놨던 티 쪼가리 하나 살까 말까
비슷한 거 있다면서 위로하고 돌려놔
참 야속하다 시대가
딛으려고 보는 곳마다 지뢰밭
기회는 올 때마다 나를 자꾸 피해가
가족들 말곤 나를 찾지 않는 cinema
인터넷 속 가십 아님 말고
착하게 살아 봤자 손해 봤고
돈이 없는 너는 화만 많고
나쁜 놈이 결국 돈이 많어
내 집처럼 편안하게 있으라네
그 말을 듣는 순간 불편해져
난 다시 반지하로 돌아와서 곰팡이 핀
제습기를 틀어 놓고 들어왔어 이불 안에

[Chorus]
So, what's the trouble?
Yo, I'm in trouble
So, what's the trouble?
Yo, I'm in trouble

[Verse 4: A-Chess]
문제가 생겼나 봐 어린 그녀 뱃속에
스물둘 여대생은 떨리지 손이
병원 문턱 앞에서 얼어붙은 발
결국 돌아선 그날 되기로 했대 어머니가
날 때부터 꼬인 탯줄 없어 money가
아빠 집에 잠시 맡겨진 난 골칫거리인 아이
어차피 떠날 앤데 뭘 사줘 벅스버니
양육비는 주지도 말아라, 뭔 소린지
알진 못했어도 느꼈어 난 trouble
날 데리러 온단 엄마 믿었지만 조금 이해가 안 돼
대체 왜 이렇게까지 사서 고생을 하면서 약속을 지켰을까
너보다 중요한 건 없단 말에 애써
눈물을 참았어 일산 가는 차 안에서
여기서 내려줘, 도착했어 거의 다
이 노래가 끝나면 데리러 갈게 엄마

[Verse 5: sokodomo]
문제 생겨, 그럼 바꿔, 나의 계획 밑에 계획도
Double trouble 나랑 있음 만들어 모두 animal
디비디비딥, 마법에 걸린 듯이 dip
나 혼자 살아남아 live vida the way it should have been
먼지 쌓인 스피커, 혼자 작업실에서
누군가는 여기서 숨을 쉬고 있어
컴퓨터는 일체형 모니터가 달렸어
근데 외로운 건 절대 풀리지가 않아요

[Outro: sokodomo]
미로 같은 내 마음속은
아무도 모르네","173.352","0.424","0.325","-12.733","0.494"
"CHAMELEON (Feat. SUMIN, Dbo) (Prod. SUMIN)","Don Mills","7CP1u7vb5Yyj9qz2e6Ulnk","[던밀스 & 카키 ""카멜레온"" ft. 수민 & 디보 가사]

[Verse 1]
어 그래 나 변했다 뭐
니가 뭐를 보태 줬다고
니가 뭔데 말을 저따구로 해
내 승질 건들여 그땐 그냥 되는 거야 꼰대
넌 또 뭐냐 뭔데 갑자기 전화
혀는 풀려서 얘 진짜 왜 이러는 거야 정말
내가 있잖아 기억 하나도 안 난다고
그래 어쩔 건데
야 나 던밀스라니까 몰라? 나 어깨 깡패
신발 끈 묶는 너랑 달라
계산대로 제일 먼저 걸어가
나보고 변했다고 하는 넌
내 본명 혹시 뭔진 아냐고
모른다면 이젠 알만 해
계속 변할 거야 난 카멜레온
유연해진 내 멘탈 유명해진 것도 인정
건네 너의 귀에 적어도
너같이 비굴하게는 난 안 변해

[Pre-Chorus]
나무 위로 올라가 저 숲을 내려다보면
변한 게 없네 모두 그대로야 yeah
오늘도 밖에 나가 헤엄을 쳐 너를 위해
내 작은 소리로 다 안을게
그러니까 내게
내게 말해줘

[Chorus]
Ooh, ooh, ooh, ooh
너무 궁금해 그래서 난 못 참아
Oh, oh 내게 말해줘
Ooh, ooh, ooh, ooh 카멜레온
헷갈리지 말아 줘 카멜레온

[Verse 2]
이 새낀 누구야 대체 장실 거울 속에
죽일 듯 째려보네 Huh 바짝 마른
Face uh 여전히 내 밑에는 bass uh
달라진 냄새 Uh 정확히 이 년 새
옷을 대충 걸쳐 입어
다 까진 구두 구겨 신고
Back in the stu 난 움직여 move
구렸던 기분은 저리 치워
Uh, uh 형들 저길 봐 쟨 아직 개소리를
변했단 말에 난 걍 고갤 끄덕여줘
평생 해 손가락질
나의 지갑 네 뱃살보다 thicker
맨날 했던 짓을 반복하는 짓
재미없어 닥쳐 줄 순 없는지?
바보 같은 소리
답도 없이 고인
물 안에서 놀긴
난 uh-hmm
움직여 조용히
알맞은 색 위로, 내기할게 You gon' love it

[Verse 3]
Excuse moi
난 French는 몰라
근데 걔랑 french kiss
I'm so sticky
말이 많아 네 mouth
난 그냥 미키 마우스
왜 이렇게 새롭냐고
난 갓 태어났어
우리 좀 더 발칙해지자
남 신경 쓰기엔 너무 아까운 시간
걔네가 뭘 알겠어
난 너만 신경 써
우린 좀 더 높게 날고 싶어 하늘 위를 함께
더 자유롭게 Way too sexy, way too sexy yeah

[Pre-Chorus]
나무 위로 올라가 저 숲을 내려다보면
변한 게 없네 모두 그대로야 yeah
오늘도 밖에 나가 헤엄을 쳐 너를 위해
내 작은 소리로 다 안을게
그러니까 내게
내게 말해줘

[Chorus]
Ooh, ooh, ooh, ooh
너무 궁금해 그래서 난 못 참아
Oh, oh 카멜레온
Ooh, ooh, ooh, ooh 카멜레온
헷갈리지 말아 줘 카멜레온","74.812","0.308","0.494","-16.42","0.4270000000000001"
"MVP","Don Mills","3kM96zt7iGGgwKDtxXBcJx","[던밀스 ""MVP"" 가사]

[Intro]
소리 질러, VMC
24 Don Mills, VMC
Oh, yeah, Mills

[Chorus]
빨개 벗고 rappin' (Rappin')
다락방이 내 자리 (자리)
거기서 dream chasin' (Chasin')
인생 즐기며 살지, huh (Huh)
빨개 벗고 rappin' (Rappin')
다락방이 내 자리 (자리)
거기서 dream chasin' (Chasin')
인생 즐기며 살지 (Call me)
MVP, MVP (She calls me)
MVP, MVP (They call me)
MVP, MVP (She calls me)
MVP, MVP

[Verse 1]
2012년에 다시 한국 돌아왔지 (Huh)
지하철역 가도 알아보는 사람 없지 (Huh)
기억해 내 이름 황마 from the bottom
Rapper들 전부다 바름, huh (Huh)
일부로 외국 티 내고 싶어서 어눌한 척 했지 발음, huh (Huh)
Musmas 도착하자마자 부평 지하상가 통해 구해 알바 (알바)
포부 컸지, 여전히 크지, 내 꿈은 커, 여긴 너무 작다 (작다)
자타공인 너무 많은 고민, 한강 건너가는 황마 (황마)
Rap이 내 천국, 김밥 먹고 나서 다시 헤엄쳤지 알바
더 이상 알바 하지마, 내가 뭐를 하든 말든 알 바야 인마
당산에서 남구로까지 걸어가 길렀지 발바닥 힘만
방구석 rapper 뚜벅이 택시 타고 강남 넘어가려면 멀었지
바람난 Don Mills 2013 예전엔 상상조차 못했지, huh

[Chorus]
빨개 벗고 rappin' (Rappin')
다락방이 내 자리 (자리)
거기서 dream chasin' (Chasin')
인생 즐기며 살지, huh (Huh)
빨개 벗고 rappin' (Rappin')
다락방이 내 자리 (자리)
거기서 dream chasin' (Chasin')
인생 즐기며 살지 (Call me)
MVP, MVP (She calls me)
MVP, MVP (They call me)
MVP, MVP (She calls me)
MVP, MVP

[Verse 2]
2020년에 다시 서울 돌아왔지, huh (Huh)
역병 돌아 전국체전까지 밀려났지, huh (Huh)
마스크 끼고 결혼식 하객 사진 역사에 남지, huh (Huh)
향동동 황동현 Mills gon' do it 역사에 남지, huh (Huh)
Pull up, 그리고 press rest, 밀어버려 역사의 무게
적당히 스며들어 역사 인물에
TV랑 laptop, cell phone을 번갈아 가며
욕심을 내니 끝이 안 보여
대체 언제 다시 봐 핀 조명
자체 발광, 자체 brand fresh off the boat MVP rap

[Chorus]
빨개 벗고 rappin' (Rappin')
다락방이 내 자리 (자리)
거기서 dream chasin' (Chasin')
인생 즐기며 살지, huh (Huh)
빨개 벗고 rappin' (Rappin')
다락방이 내 자리 (자리)
거기서 dream chasin' (Chasin')
인생 즐기며 살지 (Call me)
MVP, MVP (She calls me)
MVP, MVP (They call me)
MVP, MVP (She calls me)
MVP, MVP
MVP, MVP (She calls me)
MVP, MVP (They call me)
MVP, MVP (She calls me)
MVP, MVP
MVP, MVP (She calls me)
MVP, MVP (They call me)
MVP, MVP (She calls me)
MVP, MVP","82.365","0.8029999999999999","0.457","-4.533","0.5710000000000001"
"88","Don Mills","0MaozTtiw4qrNo1LTnudRw","[Hook]
갓 잡아 올린 참치처럼 팔팔해
내 세 번째 다리처럼 매일 딱딱해
여기저기 들리는 내 이름, ""던 밀스!""
여기저기 들리는 내 이름, ""던 밀스!""

[Verse 1]
겉으로 알아보는 사람들이 늘어가는 순간에 빵빵 거리면서 내 심기를
건드리며 자꾸 길을 막아. 찢어먹고 씹어먹고 빨아먹고 빌어먹어
따뜻하게 뎁혀놓은 자리, 내 자리
두리번 두리번 거려. 다리 아파? 어디 앉아?
평상시에 잘해. 나중에나 네가 아네 마네 해도
내가 하는 말: ""안 해, 안 해, 안 해, 안 해""
안에서 새는 바가지 밖에서도 마찬가지
방구석 래퍼는 외출을 나가도 절대로 다물 수가 없지, 나의 아가리
걸레를 뱉어 벽에 걸어 놨다매, 너?
어디서 본 거야? 그런 개같은 매너
확실히 봐라. 이게 바로 내 건데
너한테 건네줄게. 벨트 풀어헤쳐

[Hook]

[Verse 2]
새벽 네 시 반에 난 일어나
새로 산 시계가 잘못됐나?
실수 투성이라도 일어나
인생은 돌고 돌아: 김연아
시건방진 건 못 참아. 잘못 배운 애일 걸?
허세만 가득해서 하는 ""yezzir""
기본 예절부터 지키고 와. 적어도 네가 한국인이라면
역사를 무시해 가치가 없어, bitch, 개년
네가 할 수 있는 욕이라곤 'shut the fuck up, motherfucker'
랩한다 떠들지 마. Shut the fuck up, motherfucker
아무나 쓰는 가사 너만 쓰냐? Motherfucker
존경을 원한다고? Shut the fuck up, motherfucker

[Hook]","89.956","0.7559999999999999","0.778","-4.927","0.7879999999999999"
"? (Prod. GRAY)","SGBOYZ (Jay Park, Don Mills, Loco, Nucksal)","1lVU264I9zQ24l1RnPLPDQ","[쌔끈보이즈 ""궁금해"" 가사]

[Verse 1: Jay Park]
Baby, baby
궁금해
잘 지내고 있는지
Baby, baby
궁금해
너의 모든 것들이
I say ooh
I won’t hurt you like that
Oh baby, don’t worry
I won’t hurt you like that

[Chorus: Jay Park]
궁금해
속마음까지
너의 모든 것을 알려줘
궁금해
속마음까지
너의 모든 것을 알려줘

[Verse 2: Don Mills]
Baby, baby 나도 궁금해
재범이 형 잘 지내고 있는지
Baby, baby 나도 궁금하다니까
(GRAY) 비트 왜 잘 찍는지
내가 진짜 궁금한 건 AOMG에
혹시 남는 자리 하나라도 있나요
상구 형 미안해요
인생에 세 번의 기회가 온다는데
이번 기회 놓치면 큰 일이야
다시 한 번 말하지만 미안해
너무 쌔끈하지 우리 미래를 생각할 때마다
아무런 걱정도 하지 않아
왜냐면 난
이 순간부터 쌔끈보이즈

[Chorus: Jay Park]
궁금해
속마음까지
너의 모든 것을 알려줘
궁금해
속마음까지
너의 모든 것을 알려줘

[Verse 3: Loco]
알고 싶어 올라갈지
Yeah 알고 싶어 내려갈지
Yeah 지금 들어가야 맞는지
내 전부를 걸 수 있는지
나도 바보는 아니야 알아
Nobody knows but God bless me
확실한 건 액땜 저번 달에 다 끝났지
그러니까 이번 time 내 미래는 쌔끈해
들소 팔아 당장 나도 X로 바꿀래
내 기분 마치 Skrr
내가 up down 물어 볼 때
너의 대답이 난 저엉말로 궁금해
Baby, 걱정 마 곧 쨍하고 sunshine
드디어 찾은 것 같아 아마도 넌 나의
최자, 난 너의 Bruno Mars
곧 달달해질 기분 타고 Let’s go to mars

[Verse 4: Nucksal]
힙합보다 궁금해 죽상을 하고 끙끙대
어떻게 살고 있는지 어떻게 사는지 있는 집
랩스타의 lifestyle 외로운 건 똑같아
오늘은 좋아 날씨가 나가고 싶어 똑같아
가까이 보고 싶어 돋보기 듣고 싶어 너의 독백이
운전할 때 욕하는지 놀리면 너 욱하는지
혼자 있을 땐 우울한지 친구들이랑 롤 하는지
아 그리고 또 쌔끈보이즈 땜에 놀랐는지
어서 우릴 반겨줘 무슨 일인지 말해줘
항상 여기서 웃어줄게 너의 진심을 꺼내줘
세상은 완전 토네이도
비가 쏟아진대 오늘 밤에도
날 너의 옆에 둘게 우산을 갖다 줄게

[Chorus: Jay Park]
궁금해
속마음까지
너의 모든 것을 알려줘
궁금해
속마음까지
너의 모든 것을 알려줘

[Outro: Jay Park]
궁금해
쌔끈 보이즈가 너무 궁금해
궁금해","168.21","0.914","0.373","-4.185","0.56"
"88","Don Mills","6jZBQdjwGUHVboxfnUWKZb","[Hook]
갓 잡아 올린 참치처럼 팔팔해
내 세 번째 다리처럼 매일 딱딱해
여기저기 들리는 내 이름, ""던 밀스!""
여기저기 들리는 내 이름, ""던 밀스!""

[Verse 1]
겉으로 알아보는 사람들이 늘어가는 순간에 빵빵 거리면서 내 심기를
건드리며 자꾸 길을 막아. 찢어먹고 씹어먹고 빨아먹고 빌어먹어
따뜻하게 뎁혀놓은 자리, 내 자리
두리번 두리번 거려. 다리 아파? 어디 앉아?
평상시에 잘해. 나중에나 네가 아네 마네 해도
내가 하는 말: ""안 해, 안 해, 안 해, 안 해""
안에서 새는 바가지 밖에서도 마찬가지
방구석 래퍼는 외출을 나가도 절대로 다물 수가 없지, 나의 아가리
걸레를 뱉어 벽에 걸어 놨다매, 너?
어디서 본 거야? 그런 개같은 매너
확실히 봐라. 이게 바로 내 건데
너한테 건네줄게. 벨트 풀어헤쳐

[Hook]

[Verse 2]
새벽 네 시 반에 난 일어나
새로 산 시계가 잘못됐나?
실수 투성이라도 일어나
인생은 돌고 돌아: 김연아
시건방진 건 못 참아. 잘못 배운 애일 걸?
허세만 가득해서 하는 ""yezzir""
기본 예절부터 지키고 와. 적어도 네가 한국인이라면
역사를 무시해 가치가 없어, bitch, 개년
네가 할 수 있는 욕이라곤 'shut the fuck up, motherfucker'
랩한다 떠들지 마. Shut the fuck up, motherfucker
아무나 쓰는 가사 너만 쓰냐? Motherfucker
존경을 원한다고? Shut the fuck up, motherfucker

[Hook]","89.956","0.7559999999999999","0.778","-4.927","0.7879999999999999"
"Dope (feat. Son Simba, YANGHONGWON)","Donutman","7yjPd6j3nXsVm7Rp6xx3Gd","[Intro: Donutman]
Ay, ay, ay
It's motherfuckin dope
Cook it, bake it, whip it, servin'

[Verse 1: Donutman]
난 매일마다 구워내지 motherfuckin' dope
내 목소리가 재료지, beat에다 섞어둬
병신 상품화된 rapper들 다 fuck 'em up
난 작업하기 전에 말하지 않아 돈 먼저
Respect이 먼저, hip-hop의 원리, that's basic shit
다 알아들었지만 지키는 이는 몇 없지
Hall of fame road to the riches hall of fame
-에 들어가기 위해 밟는 첫번째 단계
다 첫 술에 배부르려고만 하지, ay
서로 등쳐 먹는 게 습관이 됐기에
아무도 믿지 못해, 그래서 견제하지
마치 그 모습이 Afghanistan과 Pakistan을
보는 듯해, 그렇지만 I ain't with that
긍정적인 mind로 살아, always keep that
1 hunnit percent 잃지 않아 절대
내 물건은 순도 100%, 안 들어있지 허세, ay

[Chorus: Donutman]
It's motherfuckin' dope
It's motherfuckin' dope
다 듣고 취했어 왜냐면 it's motherfuckin' dope
It's motherfuckin' dope
It's motherfuckin' dope
다 듣고 취했어 술, 담배, 마약 없이도

[Verse 2: Simba Zawadi]
내 느낌은 fuckin' dope, 현기증 나, 마치 holy ghost
Bitch rapper들의 귓바퀴엔 악마들이 꼬릴쳐
난 진짜 멋을 내려입고 너넨 Hollister
아니면 Abercrombie motherfucker 강남 거지 꼴
모든 걸 쏟아낸 듯 해도 여기 더 있어
내 verse에 매번 목숨을 정확하게 섞지, whut
모두에게 천국을 보여
너네끼리만 물고 빠는 cartel들은 들어, yo party's over
감각을 잃은 너희에게 삶을 줄 Sullivan 같은 존재
이곳에서 도망쳐
Rolex 자랑들만 하는 양아치들은 fuck that
판을 키우겠다던 진짜 dealer들은 어딨어?
이 판의 절반을 먹은 돼지들의 거짓말
그 절반을 밝힐 blue magic flow가 여깄어
1 hunnit percent 변하지 않아 절대
내 물건이 정신을 맑게 만들어줬지

[Chorus: Donutman]
It's motherfuckin' dope
It's motherfuckin' dope
다 듣고 취했어 왜냐면 it's motherfuckin' dope
It's motherfuckin' dope
It's motherfuckin' dope
다 듣고 취했어 술, 담배, 마약 없이도

[Verse 3: Young B]
내꺼야 다
너희 몇 년 전 내 말은 ""개 뻥야 다""라 말했지만
니 rapper 친구 내 flow 베껴 가
나의 해는 내 방 안에 있지, friends 해 떴다 말하지마
내 rap 쳐박지 니네들 헤드폰에다
Level up 한단계 더, 나 구름 위 눕게 돼
내 부모님 steak 내 집안에서 굽게 돼
Album 내고 1월 1일 club의 두개 table
애들 앉혀놓고 smoke and drink, ay, look at there
Yeah, 금발이 튄 뻗은 다리 skinny, yeah
가슴팍에 'G', 쟤네도 우릴 가르키지
내 눈빛까지 느껴버림 안돼 가늠질이
셀피 원한다면 다른데 알아봐둬 미리
'Cause it is fuckin' dope man, 없어도 돼 chain
좆까 fake motherfuckers, 빼입어도 못해 대입
Fame이 뭔데, rapper 새끼들 왜 이리 못해
Get it away, 니 내리는 거 내겐 내일이면 돼, yeah

[Chorus: Donutman]
It's motherfuckin' dope
It's motherfuckin' dope
다 듣고 취했어 왜냐면 it's motherfuckin' dope
It's motherfuckin' dope
It's motherfuckin' dope
다 듣고 취했어 술, 담배, 마약 없이도","88.115","0.634","0.874","-6.672","0.136"
"hurt (feat. punchnello)","Donutman","1mtWYUcdHan2qswSYjeAzx","[Intro]
(Please, please, pleeeaase)
To our Father, who art in heaven…..damn

[Chorus: TrxggaTre & Choir]
(Bless meee, ble-, bless meee, bless meee, ble-, bless meee)
So I ask the Lord to(Bless Me, ble-, bless meee) 
Yea I ask the Lord to(bless me, ble-, bless meee), yea I ask the Lord to

[Verse 1]
This for my real niggas, take the beat and kill niggas
Go and pop the steel niggas(Pow), shit can get for real nigga
I ain't never lie to you niggas bout what I wrote(nope)
And if I do, man I ask the Lord don’t take me for a jokе(please don't take mе for a joke)
Before I go, man this game came with a lot of chances
And with that money chicks gone start giving you lots of glances
Like “Trxgga where you get yo Benz?”, bitch this off advancements
I’m playing with the dreams like a nigga Steve Francis
I’m only 18 and I’m runnin’ round frantic
Like will I sink or float? A nigga feeling Titanic
I’m cut from a different stone, Rosetta can't understand this(uh)
I’m calling on God and I just pray the Man’ll answer, like

[Chorus]
(Bless meee, ble-, bless meee, bless meee, ble-, bless meee)
So I ask the Lord to(Bless Me, ble-, bless meee) 
Yea I ask the Lord to(bless me, ble-, bless meee), yea I ask the Lord to

Verse 2:
This for my lil’ sisters, real sisters, go-getters
Type of chick that buy her own place and answer to no nigga(yea)
Type of chick that go through the highs and the lows with ya(yea)
Type of chick that look in ya eyes and steal the soul from ya(yea, yea)
I can see my future unfold on the horizon
And all my work gone end up as checks, like its Verizon(like it's Verizon)
I hate to disappoint all my family and leave ‘em crying(and leave 'em crying)
Yo life can change in one year that’s why I’m steady grinding(that's why i'm steady grinding)
Late nights, early mornings writing in my closet yo
I barely got enough money to record in a studio
And on top of that a nigga gotta pay these student loans(yea)
That’s why every time I write I’m tryna make the hottest songs
Musics in my blood, Benny K, Aaron Deux, and BOE(shoutout to y'all)
Little do they know them songs that they make inspire me
Probably didn’t know that lil’ cuzzo was a MC(""oh he rap now?"")
And I pray lil’ shawty don’t mess up the Benz I’m renting
And I know that it’s some people in this world to get me
I just pray before I go, that I can leave a legacy(that's all I ask)
Leave a image on this world that people’ll forever see(that's all I ask)
And I say this all in prayer Lord, please Bless Me
(Please bless me)

[Outro: TrxggaTre & Momma]
Mom: Ummm, that’s why, that’s why God wants you to let it go. So whatever hurt you have don’t...hang on to it, God is doing it. Everything that God’s stolen from us, our family, time, even time the bible says it, clearly, and God gave it to me. All the time that we lost, we’re gonna get it back. The money we lost, we’re gonna get it back, you know...
Trxgga: Definitely getting that back!
Mom: The family… oh yea! In ten-fold!
Trxgga: Ten-fold!
Mom: Ten-fold
Trxgga: Babyyy!","90.379","0.392","0.534","-7.636","0.163"
"Lemonade","Donutman","3XtCtA3xWO9oasWGLp62qw","[Verse 1]
난 매일마다 짜내지 lemonade
내 머리속에서 나와 내 밑에
깔리는 조명이 날 빛나게
만들어 너희들은 아마 테이블옆에
앉아있겠지 나는 공급책
Muhfuckin' plug imma link you up
너희 homeless 같은
머저리들에게 난
만들어줄거야 새주소
이리와서 나를 따라와봐
아직 네게 보여줄게 많아
많은 rapper들께서 말하듯이
여기에는 정치인들이 너무 나도 많아
그 사이에서 내 힘으로 살아
남을라면 가지고 있어야돼 무기
나는 one mic one pen 혀 하나
형들 똥꼬는 빨지않아 굳이
Aye 그래도 어느정도는 이뤄냈지
기억나네 영라와 puff puff pass it
냈을때만 해도 got nuthin'
이제 뭐 rap하면서 먹고 살지
하지만 앞으로 keep it goin'
우린 무단횡단하지
Fuck the police
신경쓰지 않아 남의 눈치
우린 하고 싶은 일하면서 벌지

[Hook]
Get lemonade
Get lemonade
Get lemonade
너무 달콤해
Get lemonade
Get lemonade
Get lemonade
너무 달콤해

[Verse 2]
고등학생때 부터 했던 rap이
Yeah yeah
만들어줬지 나의 fuckin' pay day
어떻게 될지 고민은 내일해
지금 난 그냥 마시고 있지
Lemonade
너무 달콤해서 전부다 잊게 만들어
현실에서 오는 negative
지금 내 노랠 듣고 있는 청자들도
느꼈으면 하지 이느낌
나눠주고 싶어 이거는 homemade
돈 많이 받지 않아 no tax
면세점의 담배처럼 전부다
나눠가지고
모여서 다 relax
넘 많이 세우지마 핏대
세상 누구나 다 하지 mistake
넘어진 다음에 어떻게 일어나서
극복했는지가 문제
너무 걱정하지마 my friend
모두다 잘 될거야 all is well
무슨 일들이 있던간에 이 말
잘 새겨놔 마음속에
우리한테는 가끔씩 필요하지
세상속의 해독제
찾기가 힘들지만 내게 주어진 것들로
I make it my self

[Hook]
Get lemonade
Get lemonade
Get lemonade
너무 달콤해
Get lemonade
Get lemonade
Get lemonade
너무 달콤해

[Bridge]
달콤한 인생을 살지
Imma get that lemonade
다른 사람들이 뭐라던 상관안해
Imma get that paper
Imma get that lemonade
Imma get that paper
Imma get that lemonade
달콤한 인생을 살지
Imma get that lemonade
다른 사람들이 뭐라던 상관안해
Imma get that paper
Imma get that lemonade
Imma get that paper
Imma get that lemonade

[Hook]
Get lemonade
Get lemonade
Get lemonade
너무 달콤해
Get lemonade
Get lemonade
Get lemonade
너무 달콤해
Get lemonade
Get lemonade
Get lemonade","143.998","0.744","0.789","-7.245","0.783"
"rehab","Donutman","766hDGvMdisDMliW3LLppM","Date To Be Announced01.1102.1103.1104.1105.11""The Honour"" - Majorsteez
""Yoh x3"" - Majorsteez06.1107.11""Sowenza Rongo""
 - DJ Stokie, LeeMcKrazy & TMan Xpress
""No Healing""
 (feat. Joey2.0 & Ta Longz) - Stogie T
""Leopold II""
 - Stogie T
""French Tips, Pt. 2""
 - IAN LOVLY, YoungstaCPT & Rowlene
""Umguzumbane We Summer"" (feat. Ovii Mathandos) - Makwa & Kwesta
""Ngibale Nami"" (feat. LilyFaith & Nilo Soundz) - Maraza
""Fired Up"" - PatricKxxLee
""Beautiful Chaos"" - Titose
""No Posts"" - Ca$h Khali
""Ngiziqambela Amanga"" - Nue Sam
""Amaza"" (feat. Dooushii & Moholo) - Elvirgo & Zanda Zakuza
""Deep In The Bottom (of Africa)"" [DBN Gogo & Ntwana_R Remix (Radio Edit)] - Black Coffee & Monique Bingham08.1109.1110.1111.1112.11""Shona (Remix)"" - SAMI'KAY, Naledi Aphiwe & ilovelethu13.1114.11'Vele Uyena (Risk It All)
 - Skyla Tylaa, JAZZWRLD, Thukuthela & Elaine
""Grandе Vita""
 (feat. Ricky Tyler) - Stogie T
""Blood Labs""
 - Stogiе T
""Inkunzi""
 (feat. Mnobi Yazo) - Touchline & Kwesta
""Book of Acts""
 - Jay Jody, Blaklez & Cool&Blak
""Jabula""
 - Freshlyground
""Vele Uyena (Risk It All)""
 [feat. Solaariss] - Skyla Tylaa, JAZZWRLD, Thukuthela & Elaine
""Ke Wave"" - Herc Cut The Lights, Focalistic & Brotherkupa
""And Still"" - Moozlie
""Summer Year Long"" - Rethab!le & Thekidsnextdoor
""Chillers Punch"" (feat. Tumie & Jr Classic) - MacG & Sir Jay Lute
""Hurts So Bad (Sketchy Bongo Remix)"" - Danny K
""Heke"" - Umthakathi Kush, Tman Xpress & DJ Mydowa
""Criminal"" (feat. Kiddy Kozzy, Mfana we style & BxPs) - Terminal ZA, Dj Fineface SA, Mondro sa & DouMan
""Kaso"" (feat. Ghos.t & ExzyBeatz) - Robot Boii & King P15.1116.1117.1118.1119.1120.1121.11""9 Missed Calls""
 - Tony Dayimane & Thatohatsi
""Win Or Lose""
 - Stogie T22.1123.11""MONSTER""
 - KindlyNxsh, Blxckie & Nasty C24.1125.1126.11""Best Decision"" - Jinger Stone, Kabza De Small & SLY27.11""Sodwa"" (feat. Ihashi Elimhlophe) - Pearl Thusi
""Brown Sugar"" - Xowié & Kane Keid28.11""Buya Ekhaya"" - Mawelele & Naledi Aphiwe
""REALLY"" (feat. Nasty C) - Nadia Nakai
""B.O.C"" (feat. Herc Cut The Lights) [Remix] - GR8FUL, Kulture Gang, Kiddo CSA & LesediTheDJ
""Sala Kanje"" - LaCabra
""CRASH"" - PatricKxxLee & OSL1NN
""Woza La"" (feat. Slice SA & Tzzy Makhathaza) - MacG, King P & Sir Jay Lute
""Pelo Tse Thata"" (feat. Mulest Vankay & DJ Maphorisa) - Pabi Cooper, Boohle & Focalistic
""Ngikuthanda Nje"" (feat. Sbonga) - Vico Da Sporo29.1130.11","71.815","0.558","0.407","-13.609","0.777"
"New Beginning","Donutman","6kFYg1oFSuJyoTZZqqpp6j","[Hook]
It's the new beginning
New beginning
처음부터 다시 지어 공든탑이
무너지는 걸 눈앞에서 봤지
New beginning
New beginning
Hoe들앞에서 나는 new beginning
Bitch들앞에서 나는 new beginning
사람들앞에서 나는 new beginning
넌 기억하게 될거야 clarity team

[Verse 1]
New beginning new beginning
처음부터 다시 마치 고삐리 shit
땅바닥에서 별 that's what i be
나혼자서 보여주지 clarity shit
Mad city mad city seoul where i be
카메라 뒤에서 나는 캠핑하지
너희들은 외면해 시간이 지나면
알게될꺼야 내가 모아둔 이 돈
어디에다 쓰이는지 봐 masterpiece
만들어서 너희앞에 돌아가는 식
팔아가는 식 다시 돈을 걸고서
돌려드려 수혜자는 우리 어머니
너넨 모르지만 꽤나 돈을 벌었지
몰 들어가서 나는 shopping spree
여자친구 하고는 소고기 썰었지
입벌리고 나서 나는 마셔 sushi
절대 거지같은길로 돌아가지 않아
몰락하지 않아 채웠잖아 나의 가방
Hater 들은 전부 너무 가진게 없잖아
그래서 말이 많아
무시하고 나는 방아
쇠를 당기지 나의 탄환
통장과 너희들 머리위에
찍히지 commas
너무 쉽게 입을 열고 입을 닫아
내가 할말은 하나
다 처음으로 돌아가라

[Hook]
It's the new beginning
New beginning
처음부터 다시 지어 공든탑이
무너지는 걸 눈앞에서 봤지
New beginning
New beginning
Hoe들앞에서 나는 new beginning
Bitch들앞에서 나는 new beginning
사람들앞에서 나는 new beginning
넌 기억하게 될거야 clarity team

[Verse 2]
넌 기억하게 될거야 clarity team
이 게임에서 우리들은 멘디니지
저 맨 뒤에 있던 놈들이 갑자기
튀어올라선 서울시에 색 입히지
쳐다보던 사람들은 can't forget it
역사의 한 장면이 되겠지
그 다음엔 아마도 우린 on the tv
전파를 타고 전세계에 퍼지겠지
우리들은 묻힐거야 fan 더미위
그 위에서 screamin'
Like money ain't a thing
푼돈 뜯어먹는 놈들에게 전해
Get the fuck off
여긴 우리 땅이지 bitch
그날이 올때까지
Just calm down peace
써내려가지 새로운 역사 한 페이지
하나도 안 빼먹었어 comma까지
내 허물들까지도 전부 적어놨지
나는 기억해 내 출발은 mic하나
이제는 많은 fan들이 보고있어
My life
내가 하는 말 무대에서 입는 옷
전부다 입방아에 오르내리지만
방아쇠를 당기지 나의 탄환
통장과 너희들
머리위에 찍히지 commas
너무 쉽게 입을 열고 입을 닫아
내가 할말은 하나
난 처음으로 돌아간다

[Hook]
It's the new beginning
New beginning
처음부터 다시 지어 공든탑이
무너지는 걸 눈앞에서 봤지
New beginning
New beginning
Hoe들앞에서 나는 new beginning
Bitch들앞에서 나는 new beginning
사람들앞에서 나는 new beginning
넌 기억하게 될거야 clarity team","140.038","0.741","0.469","-6.445","0.0704"
"Me Again","Donutman","03zBkc5ZRC3ZETFV4Yppg9","난 뒤척거려 침대 위에 누워
아침 해를 보며 멍하니
몇천 번의 기도 뒤엔
언제나 몇천 배의 공허함이
버텨냈던 매 순간이
이제 보니 연결됐어 나의 발전과
1분 1초 안정 따윈
없어 지금도 날 찌르는 날 선 말
나의 결말을 전부 아는 척 마
난 보여줬지 여태 주사위의 한쪽만
매일 어두운 방에 홀로 처박혀 완전함
을 찾아 울며 반복했던 Pantomime
내 미랜 이제 신의 간섭 밖
을 향해 넘어가고 있어 가시철조망
언젠가 그도 길의 끝에 가면 답하겠지
내가 정말 내 무덤을 팠던가는

내가 더 값비싼 시계를 메고
조금 편안히 잠들려 해도
이젠 꿈 안에서 마저 계속
신은 거부해 날

그래서 난 항상 준비돼있어
밤이 끝나면 찾아올 내일도
오늘까지 답을 피했던
신의 축복에 난 Amen

신이시여 왜 날 이곳에
내가 해야 할 일은 무엇이기에
신이시여 왜 날 시험에
들게 하셨는지 난 무언가를 이뤄낼
것만 같아 축복이 끊이질 않네 God bless
이 축복을 나눠줄게 God bless
내 삶의 이유를 점점 알게 돼
난 가야 하네 더 앞으로 I get it
나밖에 할 수 없다는걸
내가 해야만 한다는 걸
나는 알았네 그의 말을 거부하지 않겠어
돌아가지 않겠어 멈추지 않겠어
Oh God
그는 나를 놓지 않아
실수 한 번으로 무너지지 않아
일어나면 되잖아
포기하면 끝이란 걸 알아
쉴 수 없잖아

Take me
Take me again
Take me
Take me again

가줘
가져가 이제 나도
다 질렸거든 이런 거엔
숨지만 말고 가줘

I just wanna live right now
내 앞에서 모두 비켜봐
여기까지 오래 걸렸다
Bitch 넌 몰라 지금 내 상황
No flex in my zone 깝치면
바로 날아가 너의 뚝배기 Imma shoot u down
Muhfuckas how u feel now?
날 무시했던 너희 얼굴이 떠올라
이런 가사는 이제 식상하지만
이게 현실이야 u gotta deal wit it
Hip hop이 돈이 안 될 때부터 나는 rap 했지
너흰 돈 때문에 다리 벌리는 Prostitute
Lil' stupid ass bitch I ain't fuck wit you
잊지 않아 같이 걸어온 동생 형들
서윤이 형 난 지원사격
해주러 왔어 내가 뛰어들면 cover me up

내가 더 값비싼 시계를 메고
조금 편안히 잠들려 해도
이젠 꿈 안에서 마저 계속
신은 거부해 날

그래서 난 항상 준비돼있어
밤이 끝나면 찾아올 내일도
오늘까지 답을 피했던
신의 축복에 난 Amen","94.502","0.465","0.746","-13.581","0.662"
"Time Is Money","Donutman","4AgfVVLEgsY3Fl9QTdLWGO","""WOODZ""
Life is short and life's a race
Whip whip
Your time is tig taeg

Life is short and life's a race
Whip whip
Your time is tig taeg

Life is short and it's kind of a race
Sigan-ilan mal-eul tago dallil ttaen
Nagma juui nagma juui
Sogdoleul jeulgil ttaen josimhaeya dwae

Nangman vibe and nagma life
Tteol-eojigo dwileul bwa
Nega mwol tteol-eoteulyeoss-eulkka
Neoui kkum-eun jal gajigo danigo iss-eulkka
Nega jilm-eojigo ganeun geos-eun gwayeon mueos-ilkka

Aiya y aiya y
Aiya y aiya y
Juleumjin sigan-i ulil gidalyeo geuttae

Dadeul wait wait wait wait
Igeon Fake fake fake fake
Geojis life wa geojismal
E sog-a donman joch-agaji ma weg

We know we need more money
But time is still tick tocking
I don't wanna be a fake boujee
So what do I gotta do? Enjoy your life

Life is short and life's a race
Whip whip
Your time is tig taeg

Life is short and life's a race
Whip whip
Your time is tig taeg

Eeny meeny miny moe
Catch the freakin money but
Youth is slipping, let it go
Eeny meeny miny moe

Eeny meeny miny moe
Catch the freakin money but
Youth is slipping, let it go
Eeny meeny miny moe

""Punchnello""
Tteol-eojiji anh-a naneun yeogi balpan wiui malio
Jyaenedeul jeonbu balbgo ollagaji, geulae
Neoneun neoui mog-eul eodi geol-eossneunga?e daehaeseo yaegihaebojago
Ildan jong-alideul geod-eo then whip

Juui jom yeogin mikkeuleo
Tteol-eotteulyeo neohui jigabdo
Kkumdo ilh-eobeolin nomdeul-i don don geolyeo
Jebal geu ib jom

Gajja tensyeon-e gajja insaeng
Gajja haengselo gatjanhge

I mojalan nomdeul-eun jiga heullin ge kkum-inji ttong-inji doenjang-injido
Molla eotteoghae?

Teulaebiseu bikeul said ""oh you talking to me?""
Dagchyeo nan bring it together
Nuga jappajyeoissji? Get up boy
Jeolm-eum-eun gugyeojyeo ne baes-salcheoleom
Yeoyulobgo sipdago? geulae nan an mallyeo
So broom broom broom jechyeonagayaji
Hansilado ppaleuge geulae

""WOODZ""
Eeny meeny miny moe
Catch the freakin money but
Youth is slipping, let it go
Eeny meeny miny moe

Eeny meeny miny moe
Catch the freakin money but
Youth is slipping, let it go
Eeny meeny miny moe

""WOODZ,Punchnello""
Life is short and life's a race
Whip whip
Your time is tig taeg

Life is short and life's a race
Whip whip
Your time is tig taeg

Eeny meeny miny moe
Catch the freakin money but
Youth is slipping, let it go
Eeny meeny miny moe

Eeny meeny miny moe
Catch the freakin money but
Youth is slipping, let it go
Eeny meeny miny moe","173.09799999999996","0.961","0.769","-2.15","0.613"
"Never Change","Donutman","6kcFnhi1WYA38MTDTqHixM","[Verse 1]
많은 사람들이 말해
돈 벌어야지 man
너도 어서 타
위로 올라가는 race
경쟁 경쟁 위해 하는 rap
이제 음악보다는 인기가 더 중요해
Cocaine 처럼 잊지 못해
달콤한 열매 나도 맛을 봤네
하룻밤 여자들이 내게 말해
Hey bae can you
Follow me on instagram
다른 rapper들은
나한테 빨아먹었어
내가 TV에 나올 땐 respect 하는 척
하더니 이제는 전활 안 받어
회사 계약했대
Lil' homie good luck
난 여기 올라왔지 홀로
너희 같은 새끼들 너무 많이 봤어
내가 쇼미더머니
다시 나간다고 하면
연락오지 피디보다 먼저
Bitch ass muhfucka why u rap
그냥 비데 회사에 취직해
When i drop shit 너는 가사 장에
내 이름을 적고 그걸로 clean my ass
나는 한번 적은 이름 안 빼
콰이엇 형 화나 형 still my favorite
P-type 쇼미에서 망신당했어도
헤비베이스 여전히 나의 playlist

[Hook]
난 변하지 않았어 mane
처음 그때하고 난 똑같애
여전히 옥탑 작업실에서
밤새서 만들어 날이 선 내 rap
Yeah i'm the muhfuckin' only one
걔네와 나를 비교하지 말아줘
내 성격 카메라 앞에서 가식 떨며
방송은 못해도 my flow is dope

[Verse 2]
좋은 재능을 가진 어린 놈
나는 여전해
정신 있어도 안 쓰지 컨셔스 랩
너무 뻔해 하는 말이 똑같애
정치인 같애 우리를 조절해
Who's the real who's the real
누가 진짜고 가짜인진 관심 없네
I'm the muhfuckin' only one
비교대상 없지
내 flow가 여기 필요해
수돗물 공급해
순도 백퍼센트 전부 튀는 rap
하려고 할 때 난 뱉지 결정체
24k i'm never never gonna change
처음부터 끝까지 난 똑같애
마치 이 노래 2 절의 flow 같애
Uh 이제 약간 지루해
질것 같으니까
Imma switch it mane
다시 땅바닥에서부터
올라가지 내겐 아무것도
남은 거 없어도 i can flow
Better than anybody
내 경쟁자는 없어
누군 내가 쇼미더머니 나오고 나서
변했다고 말하네 but
내 마음가짐 아무것도 안 변해
2절의 첫 flow
다시 bring it back

[Hook]
난 변하지 않았어 mane
처음 그때하고 난 똑같애
여전히 옥탑 작업실에서
밤새서 만들어 날이 선 내 rap
Yeah i'm the muhfuckin' only one
걔네와 나를 비교하지 말아줘
내 성격 카메라 앞에서 가식 떨며
방송은 못해도 my flow is dope

[Bridge]
I never change
I never change
I never change
I never change

[Outro]
모든 것은 변한다고 말해
돈 앞에 흔들리는 건 너무 당연해
맛 본적 없는 놈들이
탐욕에 대해 입을 여는 건 참 편해
난 이 새끼들의 표정이
달라지는 모습을 너무 많이 봤다네
Still young gifted muhfucka
난 절대로 너희들처럼 안 변해
I never change","116.013","0.534","0.817","-11.808","0.47"
"Ali (feat. Keem Hyo-Eun)","Donutman","5FvDfe9eeC9R8pEGCXqpJH","[Verse 1 : Donutman]
When i'm on the beat
막을사람 ain't nobody
전부 다 앞에 쓰러져
난 무하마드 알리
Cassius clay
날려 원 투 잽
Ain't no 펀치라인 shit
이건 pure rap shit
불순물 한점 없는 1 hunnid percent
누군말해 평범해 색깔없어 mix that
잘나가는 rapper들의
속사포하는 style
공연에선 뛰어다니면서 외쳐봐 skrr
너도 될수있어 muhthafuckin' star
That's you wanna be
여태 고집부려서 대체 얼마나 벌었니
Money money 돈이 굴러가게 하지
Run this shit
이해못한다고 생각해
좆같은 industry
전부 빨래통에 넣고 laundry
썩은 정신상태는 clarity가
다시 brain washin'
닥터드레 detoxin'
Remixin' these bithces
전부 쓰러뜨리지 like 무하마드 알리

[Hook]
Fly like a butterfly sting
Like a bee
전부다 쓰러뜨려 like 무하마드 알리
This is rap game 이건 아니지 현피
주먹대신 mic 쥐고 올라가지
On the ring
Fly like a butterfly sting
Like a bee
전부다 쓰러뜨려 like 무하마드 알리
This is rap game 이건 아니지 현피
주먹대신 mic 쥐고 올라가지
On the ring

[Verse 2 : 김효은]
내 방 하늘의 별
고이 가져와 서울로
내 맘 같이 한강을 가로지르는 선로
이 끝은 얼로
날 데려갈진 몰라도
보라고 최고라고
Go 라고 난 자신있게
말할 수 있어 여전히
과거는 저 멀리
잠시 젖었지 철 없이
여럿이 but fuck it
이젠 내 놀이턴 그 동네가 아냐
뻗어나가 더 뻗어나가
내 한방에 너네는 뻗어 나가
얻어맞아 너거 봤냐
나 나 난 쉰 적이 없으니
계속 올라가지 몇 배로
새 보금자린 18층
출발이 시팔 높네요
이건 어때요
사실 니들이 뭐라건
나는 좆도 신경 안써
사실 니들이 뭐라고
감상해 영화로 닥치고
다시 제자리로 맘을 다지고
따지고 보면 내가 하려던 말은
이게 아닌 누구도 못 막지
보여줘 내 방식 쓰러뜨려
Like 무하마드 알리

[Hook]
Fly like a butterfly sting
Like a bee
전부다 쓰러뜨려 like 무하마드 알리
This is rap game 이건 아니지 현피
주먹대신 mic 쥐고 올라가지
On the ring
Fly like a butterfly sting
Like a bee
전부다 쓰러뜨려 like 무하마드 알리
This is rap game 이건 아니지 현피
주먹대신 mic 쥐고 올라가지
On the ring

[Outro : Donutman]
내가 쓰러진 줄 알았다면
You don't know me hoe
난 여전히 여기
무하마드 알리처럼 서있어
15만원짜리 마이크와 내 낡은 컴퓨터
만있으면 i can kill everybody
And everywhere
날 의심하는 새끼들에겐
I don't give a fuck
내가 줄 수 있는건
Straight punch no metaphor
내 손에 쥔 이 가사장이 펀칭백
터질때 까지 때려
Imma be the next champ","88.014","0.7659999999999999","0.6990000000000001","-5.8020000000000005","0.311"
"POISON (feat. Leellamarz, The Quiett)","Donutman","7BS8OziiBrFqMrtxxASvNI","[Zwrotka 1: Miuosh]
Z szyi zerwę każdą smycz z ust wypluje każdy knebel
Jestem stąd jestem sobą pewnych rzeczy jestem pewien
Idę prosto przed siebie przez te betonowe lasy
Kiedy zapada zmrok wbijam w tłok ludzkiej masy
Jeden krok dzieli mnie od tego całego świata
Tylko jeden a rzadko komu udaje się wracać
Nie chcę spłacać ich długów, żyć tak jak mówi reszta
Na straży swej stać będę póki czuję bicie serca
Mój dom to moja twierdza, ta Ziemia moją matką
Nie będą o mnie pamiętać, bo zapomnieć chcieli dawno
Żyję tu własną prawdą inną niż tamta
Wolę odejść z honorem niż utonąć w ich kłamstwach
Zielona mila spacer skazańca
W oczach krew za plecami szarańcza
Wdech mnie wykańcza dłońmi dotykam nieba
Ich świat nic mi nie dał nic mi nie może mi zabrać

[Zwrotka 2: Pelson]
Pierwsze teksty na papier pod Molesty znakiem
Lałem wtedy na wszystko byłem niebieskim ptakiem
Z biegiem czasu coraz lepszy w rapie
Biały kruk na scenie czas to wywietrzyć, łapiesz?
Mam czerwone spojówki czarne trampki
Idę po drodze depczę piaskowe zamki
Nie pluje na los nie robie z siebie ofiary
Patrzę na świat przez różowe okulary
Czarny charakter na żółtych papierach
Kiedy zmiana jest faktem udowodniłem nie raz
Słyszałem kroki Boga życie jest kruche
Mam złotą proporcję między umysłem a duchem
Wersów plecak, tysiące w zeszycie
Oślepiam blaskiem jestem słońcem w zenicie
Robię swoje z mikrofonem i strzała
Potem gram w zielone, myślę o niebieskich migdałach

[Zwrotka 3: Ero]
Niech nigdy nikt nic nie staje na mej drodze
Widzę dobry układ planet i sztamę w mej załodze
Tu buduje swój zamek i to nie jest zamek z piasku
Kartka atrament oddaje co miejskie miastu
Jest więcej nas tu niż mógłbyś się spodziewać
Dla architektów słowa wznieś ręce do nieba
Ej jestem tym kim trzeba we właściwym czasie
Tu gdzie prawdę mówią wersy nie artykuły w prasie
W pełnej krasie przedstawić wszystko jest trudno
I nie znaczy że będziesz bogaty jak wdepniesz w gówno
Bit jest jak płótno wokal jak pędzel mistrza
I może to te obrazy na których w przyszłości zyskasz
Ktoś toczy pianę z pyska i zawsze jest na nie
Jego zdanie, sram w jego uznanie
Jaśnie wielmożny panie Ero to mowa o mnie
I choć był bym pijany i tak myślę przytomnie

[Zwrotka 4: Małpa]
Zeszliśmy na ziemię z drzew wtedy gdy świat był płaski
Namalować obrazki kredą na ścianach jaskiń
Żyliśmy z braćmi by wziąć ich pod opiekę
Wyjść przed szereg aby w końcu móc nazwać się człowiekiem
Okiełznać rzekę ocean a w końcu powietrze
I nauczyć się wybierać które drogi są najlepsze
Ciągle chcąc jeszcze oddawać za bezcen
Wszystko co wcześniej sprawiło że tutaj jestem
Idę po respekt od przodków w zaświatach
By wreszcie gdzieś w środku móc odczuć że spłacam
Dług który niekoniecznie należał do mnie
Chwyta za zawleczkę twój nieustraszony żołnierz
W końcu pojmiesz że choć to nie to samo
Walczymy w jednej wojnie, a więc stanowimy całość
Niech świat podpalą niech spłonie od jednej iskry
Nadchodzi koniec za moment będzie po wszystkimTekst - Rap Genius Polska","103.993","0.95","0.56","-5.99","0.228"
"Me Again (feat. CRUCiAL STAR)","Donutman","48iV53cfZRUdf85x6baFPJ","난 뒤척거려 침대 위에 누워
아침 해를 보며 멍하니
몇천 번의 기도 뒤엔
언제나 몇천 배의 공허함이
버텨냈던 매 순간이
이제 보니 연결됐어 나의 발전과
1분 1초 안정 따윈
없어 지금도 날 찌르는 날 선 말
나의 결말을 전부 아는 척 마
난 보여줬지 여태 주사위의 한쪽만
매일 어두운 방에 홀로 처박혀 완전함
을 찾아 울며 반복했던 Pantomime
내 미랜 이제 신의 간섭 밖
을 향해 넘어가고 있어 가시철조망
언젠가 그도 길의 끝에 가면 답하겠지
내가 정말 내 무덤을 팠던가는

내가 더 값비싼 시계를 메고
조금 편안히 잠들려 해도
이젠 꿈 안에서 마저 계속
신은 거부해 날

그래서 난 항상 준비돼있어
밤이 끝나면 찾아올 내일도
오늘까지 답을 피했던
신의 축복에 난 Amen

신이시여 왜 날 이곳에
내가 해야 할 일은 무엇이기에
신이시여 왜 날 시험에
들게 하셨는지 난 무언가를 이뤄낼
것만 같아 축복이 끊이질 않네 God bless
이 축복을 나눠줄게 God bless
내 삶의 이유를 점점 알게 돼
난 가야 하네 더 앞으로 I get it
나밖에 할 수 없다는걸
내가 해야만 한다는 걸
나는 알았네 그의 말을 거부하지 않겠어
돌아가지 않겠어 멈추지 않겠어
Oh God
그는 나를 놓지 않아
실수 한 번으로 무너지지 않아
일어나면 되잖아
포기하면 끝이란 걸 알아
쉴 수 없잖아

Take me
Take me again
Take me
Take me again

가줘
가져가 이제 나도
다 질렸거든 이런 거엔
숨지만 말고 가줘

I just wanna live right now
내 앞에서 모두 비켜봐
여기까지 오래 걸렸다
Bitch 넌 몰라 지금 내 상황
No flex in my zone 깝치면
바로 날아가 너의 뚝배기 Imma shoot u down
Muhfuckas how u feel now?
날 무시했던 너희 얼굴이 떠올라
이런 가사는 이제 식상하지만
이게 현실이야 u gotta deal wit it
Hip hop이 돈이 안 될 때부터 나는 rap 했지
너흰 돈 때문에 다리 벌리는 Prostitute
Lil' stupid ass bitch I ain't fuck wit you
잊지 않아 같이 걸어온 동생 형들
서윤이 형 난 지원사격
해주러 왔어 내가 뛰어들면 cover me up

내가 더 값비싼 시계를 메고
조금 편안히 잠들려 해도
이젠 꿈 안에서 마저 계속
신은 거부해 날

그래서 난 항상 준비돼있어
밤이 끝나면 찾아올 내일도
오늘까지 답을 피했던
신의 축복에 난 Amen","94.502","0.465","0.746","-13.581","0.662"
"No.1","Donutman","4ECmXULvaVPvrAPdpZT1uv","Chorus:
No One's Perfect
No One’s Perfect
No One's Perfect
No One's Perfect
No One’s Perfect
No One's Perfect
No One's Perfect
No One's Fucking Perfect
No One's Perfect
No One's Perfect (Oh)
No One's Perfect
No One's Perfect (Fuck this)
No One’s Perfect (Kill me)
No One’s Perfect (What's so funny?)

Verse 1:
We out here smokin’ 'balloons like it's raining
Girl I ain't even been home so why we niggas ordaining
My heart is broken like a needle I’ll see this shit with flaming
I am so happy we are together but that don't mean we relating
Call me the strongest nigga ever, stranded with prevailing
Since you a bitch with love I might have to do love jailing
No nigga perfect (True)
Don't mean you lie (True)
I know you wanna die but let's take a trip to Dubai (Fuck no)
If you don't wanna we can go to Brunei (Yes)
Hey Ethan Hawke ('Sup dude?)
Suck my cock (What dude?)

Chorus:
No One's Perfect
No One's Perfect
No One's Perfect
No One's Perfect
No One's Perfect
No One's Perfect
No One's Perfect
No One's Fucking Perfect
No One's Perfect
No One's Perfect (Oh)
No One's Perfect
No One's Perfect (Fuck this)
No One's Perfect (Kill me)
No One's Perfect (What's so funny?)

Verse 2:
I heard a guy named Anne get a bunny
Then I went to his house and ripped off this one knee
Why do we die so soon, like this south nigga Chung Hee
Fuck women, diamonds, and jewelry I got love with money
You never guess my final wish
To get a bitch

Chorus:
No One's Perfect
No One's Perfect
No One's Perfect
No One's Perfect
No One's Perfect
No One's Perfect
No One's Perfect
No One's Fucking Perfect
No One's Perfect
No One's Perfect (Oh)
No One's Perfect
No One's Perfect (Fuck this)
No One's Perfect (Kill me)
No One's Perfect (What's so funny?)","90.492","0.878","0.495","-4.3","0.621"
"Smile","Donutman","1w0uoYAq7w4LK6Rovx0vGD","On the corner of 5th and Main
By an old riverbed and a railroad train
There's a shop near the track
The owner works in the back
He's got a hole in his shirt, a hole in his shoe
He walks around without a whole lot to do
He's got no car, he's got no clothes
Does what he does, and that's all he knows

'Cause he's a donut man
He's doing what he can
He's happy every day, he's got nothing to lose
He's found his way

He's a donut man
He's doing what he can
He's happy every day, he's got nothing to lose
He's found his way

For at least ten years and a day
He's been going in and out of his way
To give what he's got
The Lord knows he gives a lot
With his fortune made and money down
The gifts he gives are all over town
On his face a beautiful smile
He's sending out all the while

'Cause he's a donut man
He's doing what he can
He's happy every day, he's got nothing to lose
He's found his way

He's a donut man
He's doing what he can
He's happy every day, he's got nothing to lose
He's found his way

Ahh-ahh
Ahh-ahh
Ahh-ahh

His children grew up, and he grew old
His hands got shaky, and the shop got sold
On many lives that the story's been told
There ain't nothing left but a donut hole

'Cause he's a donut man
He's doing what he can
He's happy every day, he's got nothing to lose
He's found his way

He's a donut man
He's doing what he can
He's happy every day, he's got nothing to lose
He's found his way

Donut man
Donut man
(He's a donut man, happy every day, just a donut man)
Donut man
(He's a donut man)","93.577","0.141","0.43","-16.376","0.143"
"Wash Away (feat. Brown Tigger)","Donutman","63GyTU9U7vg4Xc5a8g4j2C","[Verse 1: ilyaugust]
Now I'ma end up as a story
SRT, going fast
Ay, fuck around, li'l baby, two-hundred up on the dash
Like, whoa, ay
Do you have a little bit of time today?
(one, two, three)

[Chorus: ilyaugust]
Cross my eyes out, yeah
Kill me slowly, I'm not scared of death
I'm not scared of bullet holes in my chest
Cross my eyes out, yeah
Kill me slowly 'cause I'm not scared of death
I'm not scared of bullet holes in my chest

[Verse 2: ilyaugust]
I told you a long time ago in a place far away, oh
And I just want to know if it's too much to ask of you
Baby, can you just stay? Whoa
I tried my best, but I always get hurt
Heart pops out of my chest every time I look at her, oh
Can't get her out of my head, she should be in my bed
I always try my best, but it never seem to work, bro

[Chorus: ilyaugust]
Cross my eyes out, yeah
Kill me slowly, I'm not scared of death
I'm not scared of bullet holes in my chest
Cross my eyes out, yeah
Kill me slowly 'cause I'm not scared of death
I'm not scared of bullet holes in my chest

[Verse 3: Shleem Pink!]
I watched your pain wash away
I followed you to your grave
I think I'm falling in love
The last of the undead to awake
I saw your corpse in my room
My home resides in your tomb
I think I'm falling in love
Now we're both locked out of heaven's gates

[Chorus: ilyaugust]
Cross my eyes out, yeah
Kill me slowly, I'm not scared of death
I'm not scared of bullet holes in my chest
Cross my eyes out, yeah
Kill me slowly 'cause I'm not scared of death
I'm not scared of bullet holes in my chest

[Post-Chorus: ilyaugust, Shleem Pink]
I'm going crazy for you
Go Jeffery Dahmer for you
Don't tell me I'm not a threat
Don't tell me I'm not a threat
I'm going crazy for you
Go Charles Manson for you
Don't tell me I'm not a threat
You'll see me when you are dead","202.696","0.644","0.107","-8.068","0.257"
"Cigarette (feat. Kidd King)","Donutman","2T2pZYO5XpFSPydEN1wBBn","담배처럼 타 들어가 내 마음
넌 불 붙이고 날 빨아들여 like
Hh ha
Hh ha
Hh ha
난 돼버렸어 잿더미

Yeah 어떻게 그래 넌 사람이
이렇게 금방 식어 사랑이
우리 너무 뜨거웠잖아
너무 빨아들이다가 손이 데일까봐
걱정했었지
필터엔 립스틱이 가득 묻어
재떨이는 꽃다발로 변했지
혼자 남은 내 방에 가득찬 너의 연기
때문에 숨이 막혀와 난 죽어 천천히
너의 미소 너의 눈물
너의 숨결까지 전부 다 연기였니
손짓 한번과 함께 넌 멀리 사라졌지
I can't forget
I can't forget about you bitch

담배처럼 타 들어가 내 마음
넌 불 붙이고 날 빨아들여 like
Hh ha
Hh ha
Hh ha
난 돼버렸어 잿더미
담배처럼 타 들어가 내 마음
넌 불 붙이고 날 빨아들여 like
Hh ha
Hh ha
Hh ha
난 돼버렸어 잿더미

Yo 내 생각에 난 걍 재떨이
너의 모든걸 털어놓게 냅뒀지
So 지금 내 앞엔 꽁초로 만든 선인장뿐
여기서 과연 꽃이 필 수 있을까
But I don't wanna fuck with you anymore
I dont wanna smoke with you anymore
더 이상 니 생각대로 되지 않을걸
Yeah you know
너 때문에 연초에서 아이코스로 바꿨어
원하지 않았지만 난 맞췄어
그런게 사랑이라 배웠거든
근데 우리 사이는 해봐야 담배 한보루
다 피웠음 이제 꺼져
다 빨았지 이제 없어
더이상 네게 줄건 아무것도
My dick ain't free anymore

담배처럼 타 들어가 내 마음
넌 불 붙이고 날 빨아들여 like
Hh ha
Hh ha
Hh ha
난 돼버렸어 잿더미
담배처럼 타 들어가 내 마음
넌 불 붙이고 날 빨아들여 like
Hh ha
Hh ha
Hh ha
난 돼버렸어 잿더미","76.693","0.126","0.4629999999999999","-17.347","0.0581"
"Beer","Donutman","2mPIOgNGFxtsGJJjNVXZQe","(Verse One)

Looking for a party on a Saturday night
Heading to the happy hour feeling all right
Saw a little cutie smiling at me
Knew I’d get lucky baby can’t you see
I'm not sure what happened but if I had to guess
I'd say the I.P.A. kicked my A.S.S

(Verse Two)
Feeling mighty fine, making my move
Rhythm’s a-clicking, I'm feeling the groove
Start a conversation, feeling my best
Gonna win or lose, baby no regrets
I was feeling good...she was saying yes
Too bad the I.P.A. kicked my | A.S.S

(Verse Three)
Started drinking in the afternoon
By now my whole world, was starting to swoon
They say I have a problem, or such and such and such
All my friends think I drink too much

(Versе Four)
Heading to a hotel, evеrything’s a blur
Ready for the loving that's gonna occur
Walked into the room and we started to kiss
Getting all excited for my pretty little miss
Last thing I remember she was taking off her dress
When the I.P.A. kicked my A.S.S

(Verse Five)
Guess I passed out, when I woke she was gone
Nothing left to do so I headed home
Speeding down the highway, cross the overpass
Cops were waiting, I was going too fast
Trooper pulled me over...couldn't pass the test
Cause the | I.P.A. kicked my A.S.S

(Lead)

(Verse Six)
Took me down, spent the night in jail
Had to call Hector to post my bail
A mighty tough lesson I’ll make it clear
Drinking and driving is a bad idea

(Verse Seven)
Back at the courtroom Hector got me free
Found a loophole technicality
This time I was lucky let me make it clear
Got to be careful when you drink strong beer
Let this be a lesson, don't...make your life a mess
That I.P.A. will kick your A.S.S","169.998","0.493","0.473","-6.733","0.54"
"Comfortable (feat. BLNK)","Donutman","2AZQ8mXf3V0y8qrIuefokV","I just wanna be comfortable 나는 편하게
누워서 게으름 피며 돈도 벌고 싶다네
작업하긴 귀찮아
난 가사 쓰는 기계가 필요해
누가 좀 발명해줘 앨범 내게
Limitless 약을 먹고 싶어 아주 가끔씩
가사 쓰다 막히면은 이거 완전 답 없지
한 달 동안 백지 앞에서 고민해
어떤 개소리로 또 채워 넣지 이 blank
난 오늘도 열심히 일해
난 오늘도 돈을 벌었네
난 오늘도 너를 사랑해
이런걸 쓰고 대충 걸어 autotune
Ay ay ay ay
Ay ay ay ay
여기다가 화음 쌓으면 Like
Ay ay ay
Ay ay ay ay
Ay ay ay ay
Errbody wanna be comfortable

I just wanna be comfortable 나는 편하게
누워서 게으름 피며 돈도 벌고 싶다네
작업하긴 귀찮아
난 가사 쓰는 기계가 필요해
누가 좀 발명해줘 앨범 내게
Limitless 약을 먹고 싶어 아주 가끔씩
가사 쓰다 막히면은 이거 완전 답 없지
한 달 동안 백지 앞에서 고민해
어떤 개소리로 또 채워 넣지 2절은 피쳐링

짬 처리 느낌 드는 거는 어떡해
잘 지낸 거지 티비봤어 도넛맨
가사 쓰다 블랭이 나와 연락했겠네
눈이 멀고 나선 관심법을 쓰지
Guess it
Who i am
간만에 한 피쳐링 이건 멜로디로 적어
이쁘장히
인마 어떤 앨범 만들길래
가사 적는 기계가 필요하다니
시작해볼랬는데 끝나가네
이런 빌어먹을 놈의 8마디
일단 연락줘 봐 갈지 말지
책상 앞에 놀고 있어 아직까지
Like ay like ay
마디가 남아서 채워 like ay
Like ay like ay
마디가 남아서 채워 like ay
난 네게 복수할 거야 머지않아
이것도 내면 시발 연락 안 할 거잖아
그래 괜찮아 내겐 오토튠 있으니까
이거 만드는 데 20분 걸렸다 comfortable","105.109","0.6","0.714","-7.643","0.506"
"One Hunnit","Dbo","3EVuHxRd8syOYUcPe0WQIk","[Verse 1: Swings]
몸무게는 바뀌었지만 keep it 100
고딩 수학 점순 아냐 keep it 100
내 energy의 level 항상 keep it 100
나중에 벌 mills 알아 keep it 100
같이 갈 사람들만 가 잠깐
앨범 없는 애들이 뭘 까 잠깐
나는 용돈 줘 너는 타 잠깐
승잔 승잘 보고 올라가 잠깐
Loser는 자신 없으니까 까
그런 애들 다수가 부자
올해에 쟨 쇼미 나온다
Clones 뻔한 pattern 바꾸자
내 동년배들 대부분 멸망
윗사람들 말 꺼내지 마
문화모기 어린 애들아
다른 장르해 왜 힙합 하냐

[Hook: GIRIBOY]
One hunnit percent 나는 유기농
맑은 공기 약수터 정수기 수질
넘보지마 오지마 올라와 볼라고 오지마
청정지하 암반수로 하지 얼굴 미용

[Verse 2: Black Nut]
내 처음 single처럼 keep it 100
마치 Del Monte, bitch, I keep it 100
너네 따라쟁이, 미국 래퍼 옷걸이
내가 따라할 건 오직 미국 래퍼 돈벌이
우린 우리끼리 놀아, 너넨 걍 쩌리
그냥 신주닭발 가서 뜯어 닭도리
나는 top 위에 올라, getting high like --
Pockets fat, 내겐 있지 다른 Swings 한 명이
어딜 가도 니넨 물을 흐리고 난 흘려
Yeah, I'm drippin' water, 물을 빼 미아리처럼
Black Nut and Swings, 너네 얼굴빛 歌舞伎
We gettin' chips 마치 Calbee, ayy
Your bitches not bad and boujee
걔넨 fat and stupid
그냥 쇼미만 나오면 대주는 groupie
먹고 싶지 않어 걔넬 굳이
맨날 해 난 IU 번호를 캐낼 궁리만 I'll levitate
I never hesitate
예쁜 계집애들 새 지폐다발 또 lambo는 candy paint
떳떳하게 내 것을 해서 I'm a get that
계속 꼴리는 대로 쓰지만 나는 아냐 길태
컨셉과 현실을 쟤넨 구분 못 해
But bitch I don't care, yeah

[Hook: GIRIBOY]
One hunnit percent, 나는 유기농
맑은 공기 약수터 정수기 수질
넘보지마 오지마 올라와 볼라고 오지마
청정지하 암반수로 하지 얼굴 미용

[Verse 3: Dbo]
Yeah 빛이 나는 모습 내가 볼 땐
너는 그저 내가 흘린 정액
길을 잃었어 돈과 명예
그 중에 무엇을 one hunnit
I gotta eat so wait microwave
Think she's figure and I'm gonna figure out
끊임없이 변해 내가 찾는 건 아니야
그들을 다 용서해야 했어
그녀는 ink ink ink
아무것도 없어 난 도전을 하고 있어 동 떠
그저 그런 애들을 끌어내려
내가 그리는 건 미래니까
조심하는 게 좋아 너의 female artist
난 그냥 원해 앞으로 뒤로
I give her electro
이 녀석들은 날 받들어
시간이 가고 난 밖으로
그녀의 태도는 아 뜨거","105.058","0.915","0.85","-1.575","0.218"
"I Know What I'm Doing","Dbo","5KGE9mqIl2rviurYiGqdNd","[디보 ""I know what I'm doing"" ft. 이센스 가사]

[Intro: Dbo]
Don't stop
I know what I'm doing
I got reason to win (Let's go)

[Chorus: Dbo]
I know what I'm doing
I got reason to win
Baby, what you doing?
넌 한입으로 uh, uh
I know what I'm doing
I got reason to win
Baby, what you doing?
넌 한입으로 uh ,uh
I know what I'm doing
I got reason to win
Baby, what you doing?
You don't even, uh, uh
I know what I'm doing (Woah)
I got reason to win (Woah)
Baby, what you doing? (Woah)
You don't even know me

[Verse 1: Dbo]
Bo
Yeah, 넌 날 몰라
난 내 flow 골라
다 원해 나와 콜라-보 (Oh)
Yeah, you just fall out
넌 음악을 몰라
잘하는 랩 속사-포?
What? There's level to it, hoe
곡이 좋아 보여도 복사본
영혼이 없어 얘넨 또 싸 똥
넌 꽃중엔 조팝꽃
고속도로가 뻥 뚫렸고 난 똑바로
난 앞 뒤 같아 토마토
난 오작교 넌 오작동
꼬칼콘 니 노잣돈
코카콜라 맛있다
맛있으면 내 바나나
봐 나 나는 기차

[Chorus: Dbo]
I know what I'm doing
I got reason to win
Baby, what you doing?
넌 한입으로 uh, uh
I know what I'm doing
I got reason to win
Baby, what you doing?
넌 한입으로 uh, uh
I know what I'm doing
I got reason to win
Baby, what you doing?
You don't even, uh, uh

[Verse 2: E SENS]
Yeah, 지갑 잘 안 닫혀
수지 타산 내 약점
But 벌이 사시 사철
내 옆에 있음 살 쪄
누가 인생이 썅년이래
그럼 난 걔 전 남편
빡쳐서 바로 찼어
다시 안 봐 평생 안녕
오늘 본 강남 여자들 왜 다 존나 이뻐?
같이 놀아요, 나 고양시에 혼자 있어
Yeah, 밀물 밀려오네
I'm going in 안타면 손해
좆되게 till eight in the morning
지금 삶 반지하서 그려봤던 거지
같이 빡쳤던 친구들 다 얼굴 쫙 폈어
야, 술 더 시켜 도수 좀 높은 거
비싸고 양 적은거, hehe, 맛있어

[Chorus: Dbo]
I know what I'm doing?
I got reason to win
Baby, what you doing?
넌 한입으로 uh, uh
I know what I'm doing?
I got reason to win
Baby, what you doing?
넌 한입으로 uh, uh
I know what I'm doing?
I got reason to win
Baby, what you doing?
You don't even uh, uh
I know what I'm doing?
I got reason to win
Baby, what you doing?
You don't even know me","109.996","0.588","0.804","-19.531","0.217"
"POP IT UP","Dbo","3D5i8oH4cCr0qktOZz5MG5","[디보 ""POP IT UP"" ft. 도끼, 오케이션 가사]

[Chorus: Dbo]
Louie, Fendi, Gucci, Prada, littty, litty, litty, yeah
Louie, Fendi, Gucci, let's get litty, litty, litty, yeah
Pop it up, baby, just pop it up (Pop it up)
Pop it up, baby, just pop it up (Pop it up)
Pop it up, baby, just pop it up (Pop it up)
Pop it up, baby, just pop it up (Pop it up)
Pop it up, baby, just pop it up (Pop it up)
Pop it up, baby, just pop it up (Pop it up)
Pop it up, baby, just pop it up (Pop it up)
Pop it up, baby, just pop it up

[Verse 1: Dbo]
연기가 가득찬 방에서
불을 붙혀 내 lighter
여긴 바로 내 놀이터
여자들 천국 못 말려
막걸리 배부르게
얘네들 막무가내
침대 위 막노동 해
유혹이 너무 많네
그네 안 흔들리네
침대가 계속해서 흔들려
내 피를 빨아 뱀파이어
이 여자들 정신 팔려
I'm yo father Darth Vader
Baby, just fuck it, let's go
Baby, just smoke it, let's go
Baby, just suck it, let's go
Baby, just fucking let's go, woah
우리는 안 좋은건 안해
이제 우리를 원해
말해, 너네 뭘 원해?
찰칵, huh, bang, bang
우린 이거 계속 해야돼 turn up
얘네들은 계속 아가리 털어
목 마른 애들이 계속 날 꼬셔
난 시간 없으니까 저리 꺼져

[Chorus: Dbo]
Yeah, Louie, Fendi, Gucci, Prada, littty, litty, litty, yeah
Louie, Fendi, Gucci, let's get litty, litty, litty, yeah
Pop it up, baby, just pop it up (Woo!)
Pop it up, baby, just pop it up (Woo!)
Pop it up, baby, just pop it up (Pop it up)
Pop it up, baby, just pop it up (Pop it up)
Pop it up, baby, just pop it up (Pop it up)
Pop it up, baby, just pop it up (Pop it up)
Pop it up, baby just pop it up
Pop it up, baby, just pop it (Yo)

[Verse 2: Dok2]
어쨋든 우리는 계속돼 turn up
또 쟤네들 아가리 계속해 털어
니 기분 상했다면 I was just stunnin’
실수한게 있다면 I was learning
범인은 쟤네 I'm innocent
난 5퍼 쟤네 다 ten percent
나머지 팔십오 애석해 하기엔 바뻐
뭐 알아서 해석해 God
Kith on kith on kith
또 키뜨 위에 키뜨 and kin 늘 끼리
힘 loyalty 위엄 big blessing과 지혜 인내 코끼리
We litty 가는길 빠삭한 지리
자극만 섞인거 말고 난 지리
They ain't talking shit, they just Siris
They capping we five-nine fifties
This is my new era, 다 눈 내려 자 who better
늘 두배로 나의 힘 불릴때 쟤네 레벨 다 그대로
그때로 나는 안돌아가지 절대
태도 양자리 삼월 말 내 birthday
다 지네들 챙기고 남은거 덜때
나는 모두 나눠 사이 좋게

[Verse 3: Okasian]
I been stuck in the dark, so throw no shade
Step to the light, lookin' for a new way
Let my pride go 'cause that shit betrays
When you know better, no, you can't go both ways
아침에 눈뜨면 기도해
케이션 해 도끼 해 디보 해
기본도 안하고 왜 기분 내
난 말을 아끼고 돈 쓸래
Uh, pop it up
If you ain't paying, I ain't popping out
떨어 트리면 터뜨려
언제 터뜨렷냐는듯 첨으로
범고래 더 큰물에
방법이랑 재료는 충분해
안걸려 다 보이는 그물에
Can't do that, hm-mhm

[Chorus: Dbo]
Louie, Fendi, Gucci, Prada, littty, litty, litty, yeah
Louie, Fendi, Gucci, let's get litty, litty, litty, yeah
Pop it up, baby, just pop it up (Pop it up)
Pop it up, baby, just pop it up (Pop it up)
Pop it up, baby, just pop it up (Pop it up)
Pop it up, baby, just pop it up (Pop it up)
Pop it up, baby, just pop it up (Pop it up)
Pop it up, baby, just pop it up (Pop it up)
Pop it up, baby, just pop it up (Pop it up)
Pop it up, baby, just pop it up (Pop it up)","128.03799999999998","0.715","0.8759999999999999","-5.97","0.6409999999999999"
"Horse","Dbo","32ERc154apRqv3oe3n026R","[디보 ""Horse"" 가사]

[Intro]
Yeah
Riding around with Dbo
She get me feeling like ooh
Riding around with Dbo (Aah)
Jaydubb on my back

[Verse 1]
Love keep me going (Ye-eah)
Look at you darling (Ye-eah)
긴장해 하루 종일
운전대를 붙잡아 ([?])
밤샌듯이 졸린 눈 기분 전환
입냄새가 고독해 (Eh)
Happy Valentine (Eedeh)

[Refrain]
걔는 입 안에서 화
매일 일해 월화
수목 금토일
난 차가워 (Ice, ice)
빛이 나고 난 silence
답답한 순간
교통 경찰관
내 손을 잡아 꽉
Ride around my town, baby (Town)
Ride around my town (Riding, riding)
완벽하게, yeah
난 완등해 정상
좋은 공기를 마실래
얼음 녹아 버릴뻔
별처럼 움직여
My VVS diamond

[Chorus]
Horse, horse, horse, yeah (Ha, ha)
Horse, horse, horse (Ha, ha, wee)
그 위에 올라타 (Horse, horse, horse)
시원하게 (Horse, horse, horse, ooh)
Horse, horse, horse (Ya)
Horse, horse, horse (Sticky, sticky)

[Verse 2]
Get that matter fact
I get paid (Argh)
Keep that I prepare
I'm just saying (Argh)
I get respect
What does that mean (Eeh)
Understand me? (Ooh)
I want to stack it (Uh)
목걸이가 얼어도 (Pa-pa)
내 목은 안 얼어, yeah (Rrr)
시원한 바람이
코를 타고 흘러 (Phrrr)
So cool
My thing in your area (Area)
각설탕처럼 먹여 (Ooh-ooh)
Wanna have a party with me?
We need some refresh
눈이 번쩍하고 떠질꺼처럼 상쾌해 ([?])
지나가는 사람들 날 쳐다보지
난 크게 생각해 그런가보지
자꾸 보채지마 난 시간이 더 필요해
불난집에 부채질 너무 강력해

[Interlude]
Hot, hot, hot, hot
Hot, hot, hot, hot
Hot, hot, hot, hot (Riding my hor', hor', hor', riding my hor')
Hot, hot, hot, hot

[Refrain]
걔는 입 안에서 화
매일 일해 월화 수목 금토일
난 차가워 (Ice)
빛이 나고 난 silence
답답한 순간
교통 경찰관
내 손을 잡아 꽉
Ride around my town, baby (Town)
Ride around my town (Riding, riding)
완벽하게 yeah
난 완등해 정상
좋은 공기를 마실래
얼음 녹아 버릴뻔
별처럼 움직여
My VVS diamond

[Chorus]
Horse, horse, horse, yeah (Ha, ha)
Horse, horse, horse (Ha, ha, wee)
그 위에 올라타 (Horse, horse, horse)
시원하게 (Horse, horse, horse, ooh)
Horse, horse, horse (Ya)
Horse, horse, horse (Sticky, sticky)","92.162","0.715","0.705","-6.5920000000000005","0.784"
"Peacock (feat. ZENE THE ZILLA)","Dbo","6iCffi0f4iIe2lIPlMc5PP","[디보 ""Peacock"" ft. 제네 더 질라 가사]

[Intro: Dbo]
Oh
Okay
Jaydubb on my back

[Chorus: Dbo]
I just wanna be a man (Man)
I wanna buy a bigger land (Yah)
걸레 같은 넌 비겁해 (Prr)
전화 한 통이면 pick up (Oh)
I'm a peacock (-cock)
다른 색의 힙합 (Uh)
날갤 필까 (Yo)
공작처럼 인사 (Yes-yes)

[Verse 1: Dbo]
깨달아 인생의 진리 (Uh)
I'm ready for billionaire (Billi')
어디서 났는지 비밀
She's definitely a milli (Milli)
난 준비해 따뜻한 침실 ([?])
알겠니 알려줘 미리 (Uh)
I came from nothing really, yeah, I can say that (Yeah-yeah)
집 밖에 나가기가 싫어 세대 (Yeah-yeah)
찍찍찍 찍 찍 찍 찍 찍 내 계획 (Yeah)
잘하고 있니
목표를 이뤘니
깨끗하게 정리 (Ow)
Bruce Lee, woah (Yah)
I'm on some shit, bitch (Bih)
I'ma hit (Hit)
Then I'm gonna dip (Dip-dip)
떨어져
줄래 거머리 (Drip-drip)
이유 있는 야반도주 (Yah)
나는 정확하게 조준 (Ooh)
난 누구보다 잘 다뤄 (Ooh)
그년 내 소중한 도구 (Yah)
검사가 주는 기소유예
글쎄 너 하는 거 보구
난 내 돈을 달라고 요구
울먹이는 그녀에게 먹이는 총구

[Chorus: Dbo, ZENE THE ZILLA]
I just wanna be a man (Man)
I wanna buy a bigger land (Yah)
걸레 같은 넌 비겁해 (Prr)
전화 한 통이면 pick up (Oh)
I'm a peacock (-cock)
다른 색의 힙합 (Uh)
날갤 필까 (Yo)
공작처럼 인사 (Yes-yes; *caugh*)

[Verse 2: ZENE THE ZILLA, Dbo, both]
나도 인사 니 여친은 짐 싸 (Yeah, yeah)
찾지 말어 그녀는 이미 내 침대 위 (Yeah, yeah)
식후땡 피고 날라 하늘 위 (Yeah, yeah)
기우제 물러갔지 가뭄이 (Ooh)
홀라당 벳기지, ooh (Yeah, yeah)
꼴까닥 했지, ooh (Yah, yah)
진주 목걸이 아래로 은색의 목걸이 아래로
은색의 목걸이 공작 꼬리처럼
영롱히 삼봉이 초까리 (Okay)
영롱히 삼봉이 초까리, yah
너네들 눈깔이 ('Kay)
너네들 눈깔이 맘에 안 들어, yah, yah, yah
질투 나도 째려보지마 함부로, yah, yah, yah (Eh)
I'm a peacock, 니 여자는 꿀꺽 (Uh)
물을 두 컵 입을 헹궈, prr (Oh)
찾지 말라니까 전화 계속 brrr (Uh, uh)
근데 걔는 자꾸 내 밑에서 부르르르 (Fuck)
근데 걔는 자꾸 내 앞에서 부르르르

[Chorus: Dbo]
I just wanna be a man (Man)
I wanna buy a bigger land (Yah)
걸레 같은 넌 비겁해 (Prr)
전화 한 통이면 pick up (Oh)
I'm a peacock (-cock)
다른 색의 힙합 (Uh)
날갤 필까 (Yo)
공작처럼 인사

[Verse 3: Dbo]
I got plug on my back (Uh)
I apply for the show (Uh)
I got plus on my mass
풀어도 풀어도 답답해 (Eeh)
모두 틀에 들어갔네 (Yah)
나는 풀 위에서 뛰어놀게
I need black plastic bag
I put Prada properly (Pra)
다 봐라 파란 바람 (바람)
I'm like Barack, I got some problem (Problem)
They're from me (From), they look like my clone (Clone)
I aim at yo head like buffalo
I got Celine, point
우린 만나 꼭짓점 (Uh)
난 약속은 꼭 지켜 (-cock)
늦어서 미안해 (미안해)
난 찍어 마침표
아직 안 끝났지 뭐 (뭐)
난 모험을 하니까
바닥에 오지 마 너 바닥에서 안 왔다면 (Uh), yah, no
야 너 사라질 수 있어 하늘에서 떨어져 녹아버린 눈처럼
난 거름이 돼서 계속 (Uh) 내 걸음을 이어 (Yah)
우린 멈추지 않아 (Huh)
부자가 돼버려","103.99","0.691","0.208","-8.593","0.299"
"Let it burn","Dbo","62fDbnnQajVJHibFLuHBQc","[디보 ""Let it burn"" 가사]

[Intro]
Woah (Woah)
Woah (Woah)
Yeah (Yeah)
Huh (Huh)
Okay, yeah
WayTooLost, the number one

[Chorus]
I'm on fire baby hunnit dollars ,let it burn
Getting higher baby feeling strong, let it burn
All the flames dancing like a wave, let it burn
All the flames dancing like a star let it burn

[Post-Chorus]
Ah-ah, love in my lifestyle
Ah-ah, I'm good right now
Ah-ah, I'mma rockstar
Ah-ah, I'm walking in the thin line

[Verse]
Party in LA (Ay), fly to Japan (Ay)
Hope you understand (Ay)
Hope we meet when we can
Clubbing on the weekend
Flexing on the vid cam
No perfect plan 'cause life don't pretend

[Pre-Chorus]
Spending on my guap
Hunnit bands on the spot
환하게 웃어봐
화난게 풀려 다
Every time in the light
I try to keep it right
Every time in the dark
I found my inner spark

[Chorus]
(Mm-mm-mm) I'm on fire baby hunnit dollars, let it burn
(Mm-mm-mm) Getting higher baby feeling strong, let it burn
(Mm-mm-mm) All the flames dancing like a wave, let it burn
(Mm-mm-mm) All the flames dancing like a star, let it burn

[Poat-Chorus]
Burn, burn away
I think I'm gonna wait (Wait, wait, wait, wait)
Burn, burn away
다 태워 버릴래 (Let it burn)
Burn burn away
I think I'm gonna wait (Let it burn)
Burn burn away
다 태워 버릴래 (Let it burn)","132.016","0.899","0.42","-5.446","0.193"
"RIP","Dbobby","6a5l1Tymkwgo3HweALeW9M","[Intro]
Grrah, grrah, grrah, grrah, boom (24 is the G.O.A.T.)
Lee Drilly
94Gz, no Gz like these, you heard?
Jack Bs, jack bigger Bs, drop my shit, we gon' let it squeeze
Grrah, who want smoke with Lee? Grrah, grrah, grrah, boom
Who want smoke with Lee? Who want smoke with—
Grrah, grrah, grrah
Look, listen

[Verse]
Who want smoke with me? Because I'm known to let it blast
94Gz, no Gz like these, put JB on your ass
Last nigga tried it, he was runnin' kinda fast
But me and bro the fastest chase down gang, it's still free Spazz
Puttin' pain, shit is simple, only puttin' it what I done been through
Wipe his nose, hit his tissue, [?], they gon' get with you
I'm a demon, I got issues, keep my gun, I fell in love with pistols
Got a .30, it's official, you could tell by the way this shit hit you
Lee Drilly, that's a demon, he a different type of savage
When there's beef, we creep with heat, then stretch 'em like some plastic
They left him with a kid and now that lil' bitch a bastard
Do a hit then passed it off, they searched me, I ain't have it
One, two, three, four, Nazzy brains was on the floor
Five, six, seven, eight, U.E. got hit in his face
Nine, ten, eleven, better up that first, can't go like Jake
Spin through 187, trey-57, let the weapon spray
What the fuck is that?
Like, boom, boom, boom, boom, boom, that's me dumpin' back
Like, oh, oh-oh, oh, oh, oh, that's them runnin' back
Me and E-Wuu blitz the front, do drill, and JB blitz the back

[Outro]
(Grrah, grrah, grrah, grrah, boom)","124.0","0.861","0.771","-7.818","0.426"
"ROCKSTAR LIFESTYLE","Dbo","5NZfZJsyYEhdhEeeoMfpra","마지막으로 내가 기억나는 건 내 돈
마지막으로 내가 기억나는 건 내 돈
마지막으로 내가 기억나는 건 내 돈
마지막으로 내가 기억나는 건 내 돈
Last time I do that shit
She told me she love me
Last time I do that shit
She told me she love me
Rockstar lifestyle might not make it
Rockstar lifestyle might not make it

She just wanna ride along
힘들 때면 dial ma phone
I can do it all night long
Money sheesh sheesh 돈
Money sheesh sheesh 돈
조용 shh shh 입 닥쳐
열심히 *발 살어

마지막으로 내가 기억나는 건 내 돈
마지막으로 내가 기억나는 건 내 돈
마지막으로 내가 기억나는 건 내 돈
마지막으로 내가 기억나는 건 내 돈
Last time I do that shit
She told me she love me
Last time I do that shit
She told me she love me
Rockstar lifestyle might not make it
Rockstar lifestyle might not make it

Digital, Visual
I cannot work in no cubicle
뒤지게 놀자고
내일 없는거 처럼 살자고
UFO, UFO
They looking at me like a UFO
눈을 떠, 눈을 떠
They check out my drip and my uniform
너가 없는거 nice
내 이빨에 ice
얘내들은 몰라
This my Digital life
Welcome to Digital life
XYBER 세계로와
사이비 종굔 아냐
내게로 내게로 와

마지막으로 내가 기억나는 건 내 돈
마지막으로 내가 기억나는 건 내 돈
마지막으로 내가 기억나는 건 내 돈
마지막으로 내가 기억나는 건 내 돈
Last time I do that shit
She told me she love me
Last time I do that shit
She told me she love me
Rockstar lifestyle might not make it
Rockstar lifestyle might not make it","150.017","0.541","0.632","-10.687","0.147"
"HERE","Dbo","24HBvf1Zqoi4bqaQbltytq","어떻게 어느새 여기까지 yeah yeah
Lots of stacks lots of steaks rockstar yeah yea
Here here yeah I start it from not here here
We came a long way now we here here
Look around baby we here here we here
Here here we here
Here here we herе
Here herе we here
Here here we here

First thing first you gotta check ma schedule school girl
내게 사길 칠려 한다면 난 다 죽여
이 여잔 악마처럼 너무 나빠
근데 여긴 천국
자꾸 비싸게 굴지마 난 전부 다 보여
잘해 줄때 잘해 새꺄 모르겠냐 uh
쌓이는 돈 쌓인 리스펙
삶이 달라 woah woah
Scientifically now you do that math
Don't mass up bro woah
원하면 얼마든지 줄수있어 I'm on that yacht
Woah
친구들과 woah
어디로가 woah
Whoo woah
여긴 나쁜 여자들이 헤엄치고 있어 난 바다
망망대해 같은 삶 인누와아
Yeah I wish you're here
Dbo

어떻게 어느새 여기까지 yeah yeah
Lots of stacks lots of steaks rockstar yeah yea
Here here yeah I start it from not here here
We came a long way now we here here
Look around baby we here here we here
Here here we here
Here here we here
Here here we here
Here here we here

Ah yeah we here
I’m stacking up guap all year
XYBER GANG we the wave in Korea
I done came a long way my career
Long hair, don’t care
I’m mixing Cartier and Moncler
Dbo throwing ones in the air
I make this choppa sing Aaliyah
Smoking on too strong
Lil bitch I’m hot like Tucson
서울 대전 대구 부산
I make it rain 가져와 우산
매주마다 하는 공연은 shutdown
Rollie all the bussdown
Bitch we up now
Can’t fumble the bag it’s a touchdown
Shawty be pouring champagne in my cup now
And it’s stuck now!
XYBER GANG pull up with chxpstix
W Magazine 장식
에너지 필요해 더줄게 Hot 6
이건 새로운 방식
돈 뿌려서 바꿔나 날씨
선글라스 껴야대 잠시
왜냐면 너무나 밝아 내 앞길 now I’m here

어떻게 어느새 여기까지 yeah yeah
Lots of stacks lots of steaks rockstar yeah yea
Here here yeah I start it from not here here
We came a long way now we here here
Look around baby we here here we here
Here here we here
Here here we here
Here here we here
Here here we here

We here 비실거리던 놈 이제 보내줘 어제로
난 finally 돈이나 막 써버리는 부자가 됐으니 hello
꿈 깨 이제는 더 마실래
여전히 난 소주를 마신데
아미리는 더 원해
비리비리한 몸 치워 아재
난 stackin해 stackin해 stackin해 stackin
요즘 난 미쳐 뛰어다녀 무대위
더 sagging해 sagging해 sagging해 sagging
이걸 못느끼면 너넨 이어폰을 빼지
Bitch i go hard
여전히 어린나이
너넨 못느껴 차이
아마 너도 마찬가지
Yeah yeah we go up
For bitch 놀땐 더러워
막 벌어야 힘이 생기지
난 죽을때까지 건방 떨어
Yeah yeah yeah yeah we

어떻게 어느새 여기까지 yeah yeah
Lots of stacks lots of steaks rockstar yeah yea
Here here yeah I start it from not here here
We came a long way now we here here
Look around baby we here here we here
Here here we here
Here here we here
Here here we here
Here here we here

안보였어 내 길
그래서 팠어 외길
지금은 높아 now we here
신은것만 같아 하이힐
나간것만같아 티비
내 지갑 feelin like 키위
우린 필요했어 힘이
오늘 목표는 어제의 나 이기기
엄마 목에 걸어 오백
King louie i never go back
내 삶은 아직도 hell
넌 꿀빨고 결국 패
I'm rich mother fucker
이쁜여자 옷 벗겨
나 만남 안해도 돼 돈걱정
We dont give no fuck
넌 기본기가 fuck
난 아이스 위 김동성
내 옷 LV
내 바지 amiri
내 신발 mcqueen
어느새 우린 여기 we

어떻게 어느새 여기까지 yeah yeah
Lots of stacks lots of steaks rockstar yeah yeah
Here here yeah I start it from not here here
We came a long way now we here here
Look around baby we here here we here
Here here we here
Here here we here
Here here we here
Here here we here","108.071","0.801","0.594","-4.14","0.594"
"Space","Dbo","4EyBhLhjXPupgaLy7MCDE2","[Hook]
우주 yeah 우주 yeah
여긴 바로 무중력
차원이 다른 수준 난 우주
차원이 다른 수준 난 우주
차원이 다른 수준 난 우주

[Verse 1]
우 나를 크게 틀어줘
예 내가 탄건 우주선
아니면 아닌거지만
내가 초대할게 누구던
니넨 다 외계인 난 검은 자객
칼이 빛나지 기억을 삭제
내 밑에 블랙홀 난 들어갈래
꽉 닫힌 다리 열려라 참깨
순간을 잡아 난 사진
I'll be right here mommy
이건 마치 연락이
끝나지 않은 여자 같지
내 옆에 있겠지
나를 바라보는 것만으로도
너무나 다르겠지

[Hook]
우주 yeah 우주 yeah
여긴 바로 무중력
차원이 다른 수준 난 우주
차원이 다른 수준 난 우주
차원이 다른 수준 난 우주

[Verse 2]
우주까지 올라가서 별자리
Fuck you 보내줄게 편안히
다 꺼져버려 병신같은 성격
내 목을 조여서 나도 쏟아냈어
Too many guys are talking and
Too many bitches are talking man
Jane drop that ass
Stick ma finger to your space well than
나는 즐기지 시간을 죽이지
It's good time
야 내가 시작하면 끝장
이렇게 살아왔어 습관
제발 좀 제발 좀 내게 진짜를 줘
그럼 신나서 난 영화를 찍겠지
열심히 일하고 연기를 뿜는 대신

[Hook]
우주 yeah 우주 yeah
여긴 바로 무중력
차원이 다른 수준 난 우주
차원이 다른 수준 난 우주
차원이 다른 수준 난 우주","76.945","0.912","0.475","-5.561","0.198"
"HERE","Dbo","3xVZnJEoS5DD5tjgVppkRC","어떻게 어느새 여기까지 yeah yeah
Lots of stacks lots of steaks rockstar yeah yea
Here here yeah I start it from not here here
We came a long way now we here here
Look around baby we here here we here
Here here we here
Here here we herе
Here herе we here
Here here we here

First thing first you gotta check ma schedule school girl
내게 사길 칠려 한다면 난 다 죽여
이 여잔 악마처럼 너무 나빠
근데 여긴 천국
자꾸 비싸게 굴지마 난 전부 다 보여
잘해 줄때 잘해 새꺄 모르겠냐 uh
쌓이는 돈 쌓인 리스펙
삶이 달라 woah woah
Scientifically now you do that math
Don't mass up bro woah
원하면 얼마든지 줄수있어 I'm on that yacht
Woah
친구들과 woah
어디로가 woah
Whoo woah
여긴 나쁜 여자들이 헤엄치고 있어 난 바다
망망대해 같은 삶 인누와아
Yeah I wish you're here
Dbo

어떻게 어느새 여기까지 yeah yeah
Lots of stacks lots of steaks rockstar yeah yea
Here here yeah I start it from not here here
We came a long way now we here here
Look around baby we here here we here
Here here we here
Here here we here
Here here we here
Here here we here

Ah yeah we here
I’m stacking up guap all year
XYBER GANG we the wave in Korea
I done came a long way my career
Long hair, don’t care
I’m mixing Cartier and Moncler
Dbo throwing ones in the air
I make this choppa sing Aaliyah
Smoking on too strong
Lil bitch I’m hot like Tucson
서울 대전 대구 부산
I make it rain 가져와 우산
매주마다 하는 공연은 shutdown
Rollie all the bussdown
Bitch we up now
Can’t fumble the bag it’s a touchdown
Shawty be pouring champagne in my cup now
And it’s stuck now!
XYBER GANG pull up with chxpstix
W Magazine 장식
에너지 필요해 더줄게 Hot 6
이건 새로운 방식
돈 뿌려서 바꿔나 날씨
선글라스 껴야대 잠시
왜냐면 너무나 밝아 내 앞길 now I’m here

어떻게 어느새 여기까지 yeah yeah
Lots of stacks lots of steaks rockstar yeah yea
Here here yeah I start it from not here here
We came a long way now we here here
Look around baby we here here we here
Here here we here
Here here we here
Here here we here
Here here we here

We here 비실거리던 놈 이제 보내줘 어제로
난 finally 돈이나 막 써버리는 부자가 됐으니 hello
꿈 깨 이제는 더 마실래
여전히 난 소주를 마신데
아미리는 더 원해
비리비리한 몸 치워 아재
난 stackin해 stackin해 stackin해 stackin
요즘 난 미쳐 뛰어다녀 무대위
더 sagging해 sagging해 sagging해 sagging
이걸 못느끼면 너넨 이어폰을 빼지
Bitch i go hard
여전히 어린나이
너넨 못느껴 차이
아마 너도 마찬가지
Yeah yeah we go up
For bitch 놀땐 더러워
막 벌어야 힘이 생기지
난 죽을때까지 건방 떨어
Yeah yeah yeah yeah we

어떻게 어느새 여기까지 yeah yeah
Lots of stacks lots of steaks rockstar yeah yea
Here here yeah I start it from not here here
We came a long way now we here here
Look around baby we here here we here
Here here we here
Here here we here
Here here we here
Here here we here

안보였어 내 길
그래서 팠어 외길
지금은 높아 now we here
신은것만 같아 하이힐
나간것만같아 티비
내 지갑 feelin like 키위
우린 필요했어 힘이
오늘 목표는 어제의 나 이기기
엄마 목에 걸어 오백
King louie i never go back
내 삶은 아직도 hell
넌 꿀빨고 결국 패
I'm rich mother fucker
이쁜여자 옷 벗겨
나 만남 안해도 돼 돈걱정
We dont give no fuck
넌 기본기가 fuck
난 아이스 위 김동성
내 옷 LV
내 바지 amiri
내 신발 mcqueen
어느새 우린 여기 we

어떻게 어느새 여기까지 yeah yeah
Lots of stacks lots of steaks rockstar yeah yeah
Here here yeah I start it from not here here
We came a long way now we here here
Look around baby we here here we here
Here here we here
Here here we here
Here here we here
Here here we here","108.071","0.801","0.594","-4.14","0.594"
"If You","Dbo","3EGeQgiJqUazpZlEka94EP","이제 혼자서 난 익숙해
I'll be get over it it's Okay
이런 고문은 다 비슷해
빗방울이 떨어져 비 오네
I been thinking about u tonight
넌 이런 내 맘을 몰라
너와 거리를 걷던
난 천천히 사라질 게
If you really love me
You be right here wit me
If you really love me
You be right here wit me

If you
If you
If you
If you
떨어 떨어 떨어져
떨어 떨어 떨어져
떨어 떨어 떨어져
떨어 떨어 떨어져

Mmm 빗방울이 떨어져
Woo 눈물이 떨어져

난 계속 떨어질 수만은 없어
악몽처럼 계속 찾아오는 것도
난 계속 싸울 수만은 없어
내가 사라져야 너에게 해 비춰
Fade away I fade away
넌 내게 미안해
난 너를 밀어내
우리의 사고가 나지 않았다면
우리가 닮아 가지도 않았을 텐데

이제 혼자서 난 익숙해
I'll be get over it it's Okay
이런 고문은 다 비슷해
빗방울이 떨어져 비 오네
I been thinking about u tonight
넌 이런 내 맘을 몰라
너와 거리를 걷던
난 천천히 사라질 게
If you really love me
You be right here wit me
If you really love me
You be right here wit me","93.856","0.416","0.502","-7.162999999999999","0.115"
"ROCKSTAR LIFESTYLE","Dbo","06Rs0WU2Csg9LSiDA7DBli","마지막으로 내가 기억나는 건 내 돈
마지막으로 내가 기억나는 건 내 돈
마지막으로 내가 기억나는 건 내 돈
마지막으로 내가 기억나는 건 내 돈
Last time I do that shit
She told me she love me
Last time I do that shit
She told me she love me
Rockstar lifestyle might not make it
Rockstar lifestyle might not make it

She just wanna ride along
힘들 때면 dial ma phone
I can do it all night long
Money sheesh sheesh 돈
Money sheesh sheesh 돈
조용 shh shh 입 닥쳐
열심히 *발 살어

마지막으로 내가 기억나는 건 내 돈
마지막으로 내가 기억나는 건 내 돈
마지막으로 내가 기억나는 건 내 돈
마지막으로 내가 기억나는 건 내 돈
Last time I do that shit
She told me she love me
Last time I do that shit
She told me she love me
Rockstar lifestyle might not make it
Rockstar lifestyle might not make it

Digital, Visual
I cannot work in no cubicle
뒤지게 놀자고
내일 없는거 처럼 살자고
UFO, UFO
They looking at me like a UFO
눈을 떠, 눈을 떠
They check out my drip and my uniform
너가 없는거 nice
내 이빨에 ice
얘내들은 몰라
This my Digital life
Welcome to Digital life
XYBER 세계로와
사이비 종굔 아냐
내게로 내게로 와

마지막으로 내가 기억나는 건 내 돈
마지막으로 내가 기억나는 건 내 돈
마지막으로 내가 기억나는 건 내 돈
마지막으로 내가 기억나는 건 내 돈
Last time I do that shit
She told me she love me
Last time I do that shit
She told me she love me
Rockstar lifestyle might not make it
Rockstar lifestyle might not make it","150.017","0.541","0.632","-10.687","0.147"
"FALLIN (Feat. 용용)","D.Ark","6dRs7IYrqh5FTHJurw1sP9","[디아크 ""FALLIN"" ft. 용용 가사]

[Intro]
(Down, down, down)
(Down, down, fallin')
(Fallin’ down, down, down)
(Down, fallin')

[Verse 1: D.Ark]
어디야?
네 생각나는 밤이야
너 없이 하는 party야
이 노래로 끝낼 게 마지막 기회
더는 못할래 사랑은 똑같애
난 너를 좋아해 그게 더 좃같애
그냥 지나가지도
더는 잠을 자지도 못하겠어
Seugafen on my mind
너를 찾지 또

[Chorus: D.Ark]
난 슬픈 게 아냐
그저 화나
잡지 않아
맘이 아파
내 맘은 always fallin' (Fallin’), fallin' (Fallin')
낙엽처럼 I'm fallin' (Fallin'), fallin'
I don't wanna fallin’ down (Down)
I don’t wanna fallin' down (Down)
I don’t wanna fallin' down (Down)
Because I'm fallin' now, yeah

[Verse 2: YongYong]
어디야? 너의 집 앞 다 왔어 (왔어)
나랑 얘기 좀 해 알았어 (았어)
이 반복 수천 번 했어 (Yeah, yeah, yeah, yeah)
달라지는 건 없어
네가 담배를 열 까치 태울 때
내 속이 타들어갔어
Whisky로 목을 태울 땐
내 목소린 애가 탔어
돌이킬 수 있을 때가 많았잖아 (잖아)
감정은 메말라가 (라가)
I don’t fuckin' love you
심장에 칼을 꽂은 채로
침대 위에서 밀칠 때
그때 이미 난 모든 게 fallin' down

[Chorus: D.Ark]
난 슬픈 게 아냐
그저 화나
잡지 않아
맘이 아파
내 맘은 always fallin' (Fallin'), fallin' (Fallin')
낙엽처럼 I'm fallin' (Fallin'), fallin'
I don't wanna fallin' down (Down)
I don't wanna fallin' down (Down)
I don't wanna fallin' down (Down)
Because I'm fallin' now, yeah

[Outro: D.Ark]
난 슬픈 게 아냐
그저 화나
잡지 않아
맘이 아파
내 맘은 always fallin', fallin'
낙엽처럼 I'm fallin', fallin'","118.009","0.517","0.832","-8.355","0.595"
"Cold (Feat. SUPERBEE) (Prod. Way Ched)","D.Ark","187yTccJjpINpPGWH1qtDy","I love your face and the things that you do
Make me warm sometimes when I'm away
I guess you'd say that at the end of the day
You'll be the only person here that exists

You left my heart in some cold dark place
Where your love grows on a vine and I see it all the time
I didn't mean a word that I said
When I was lying to your face about being alone

I've gone away forever
I've gone away
I've gone away forever
I've gone away

I reach out to touch you baby
You're not there
You reach out to hold my hand
Please don't you dare

'Cause I've gone away forever
I've gone away
I've gone away forever
I've gone away

I reach out to hug you baby
You're not around
You reach out to kiss my face
Please not right now

What can I say that hasn't been said before
One hundred times before you took the dog
And I wish I knew how to breathe again
I fear I'm gonna die inside my skin

This has gotta be the last time that we fight
Or go at each other's throats
Will you go, as I want to mend?","150.039","0.962","0.457","-3.722","0.721"
"Do My Best (Feat. Jessi) (Prod. Way Ched)","D.Ark","7w115PrDV6KB1WrhQAtQsZ","[디아크 (Feat. 제시) ""Do My Best"" 가사]

[Verse 1: D.Ark]
벌써 나 떴, 떴나 봐
거, 거봐 나 이 이뤘나 봐
허나 건방 떨어 널 몰라봐
내가 아마 날 너무 잘 알아
내가 예언을 했잖아 이 위치에
내가 뛰어간다 했잖아 래퍼의 길
내가 증명을 한다고 보란 듯이
나를 무시했던 놈들에겐 랩이 미운 짓
고마워 Past (past)
Let's (let's) Dance (dance)
I try my best (best)
Let's (let's) Dance (dance)
나는 천재 아냐 Man
선택한 직업 때문에
난 노력파라 해
난 나를 책임져야 돼
모든 게 뜻대로 다 되는 건 현실이 아닌데
아마 하늘이 나의 간절함을 알아봐 준 게

[Chorus: D.Ark]
I do my best
난 이뤄 내가 원하는걸
I do my best
날 믿어 의심치 않은걸
I do my best my best
Like whoo
I do my best my best
Like whoo

움직여 Move
Show & Prove
움직여 Move
Show & Prove
I do my best my best
Like whoo
I do my best my best
내가 흘린 땀은 절대 배신하지 않아

[Verse 2: Jessi]
I'm feelin like a model on the runway
Everyday its feelin like sunday
내 걸음이 돈 벌어 All day
Just move it to the left like Beyonce
Do it like me? baby no way
허풍떨지 마 넌 못해
거품 없어 난 내 자체
난 빛나 선글라스 벗지 마
누나를 봐 돈처럼 멋 내
뒤는 안 봐 내 길은 One way
내 Style 알잖아
Boy you know that I don‘t play
I’m a different type of a beast
But It’s okay

[Chorus: D.Ark]
I do my best
난 이뤄 내가 원하는걸
I do my best
날 믿어 의심치 않은걸
I do my best my best
Like whoo
I do my best my best
Like whoo

움직여 Move
Show & Prove
움직여 Move
Show & Prove
I do my best my best
Like whoo
I do my best my best
내가 흘린 땀은 절대 배신하지 않아

[Bridge: D.Ark]
I do my best my best
Team 웨모 got a BACKPACK
We ride we ride we ride
I do my best
실수 성공 행복 슬픔 때론 생각하곤 해
I do my best my best
Feel so cold, I feel so cold
사람들은 차가워

[Chorus: D.Ark]
I do my best my best
Like whoo
움직여 Move
Show & Prove
움직여 Move
Show & Prove
I do my best my best
Like whoo
I do my best my best
내가 흘린 땀은 절대 배신하지 않아","126.994","0.783","0.59","-3.423","0.263"
"GENIUS (Feat. CHANGMO)","D.Ark","1NicxbS7NRiqclpy14WfCX","작업을 해 스튜디오에
갇힌 채로 돈 벌 궁리해
사랑은 개나 줘라 해
난 성공하기 전에 연애 안 해

Yeah, I'm a genius
논란은 마이너스
사람들의 관심을 끌기 위해 살아
Yeah, I'm a genius
Oh really Jesus
너 빼고 모두 다 인정하는 천재소년

I wanna be the genius
모두가 인정하는
누구나 천재이길 바라지
다 존경하는 사람이 되길 원해
누구보다 잘나가는
부자가 되길 바라며 일들이 잘 풀리는
남자가 동경하는 여자가 사랑하는
천재가 되길 바라며 세상을 소유하는
기분을 느끼고 싶어
관심을 끌어 나는
네 말처럼 떡잎은 애초부터 달라 나는

I don't know why 나 빼고 아마추어 같아
사람들 채널 안 돌리고 프로 같다면서
칭찬해 줘서 두꺼워 낯짝
검정고시도 붙었다 다다 다다

I'm a genius, I'm a genius
Oh, are you so freakin' serious
I'm a genius, I'm a genius
Oh yeah, I'm a freakin' genius

5살 때부터 나는 genius
배경 학력 필요 없어, 너와 다른 alien
삐뚤어지긴 했어 마치 Aldrich Killian
늘 들어 ‘어떡해 사람들이 너 노래가 질리면?'
난 그럴 일 없어, 그게 뭐야 그럼 아니지 genius
시기, 트렌드 같은 소린 이놈에겐 틀린 것
신께 빌린 요 재능 펼치는 게 의무인
이 바닥 놈은
게다 매분이 삶 다 걸린 듯이 일해 한 달 억을
벌어도 아무것도 아닌 듯이 달려
Workaholic, 우림이 스타 만들었지
네 관심사엔 무관심, 되, 돼도 관심 없지
겸손히 라면 먹고, 라면 대신 뿔려 wallet
PSY 랑 일 얘기해 앞가림도 하는 천재
나 같은 놈에게 넌 놓으려 해 철퇴
그럼 보란 듯이 잘 살아야지, 별수 없네
안 꿇어 무릎 바닥 많이 기어 본 애
타고난 천재 굶어봐서 독해

I don't know why 나 빼고 아마추어 같아
사람들 채널 안 돌리고 프로 같다면서
칭찬해 줘서 두꺼워 낯짝
검정고시도 붙었다 다다 다다

I'm a genius, I'm a genius
Oh, are you so freakin' serious
I'm a genius I'm a genius
Oh yeah, I'm a freakin' genius

놀라지 마 나 실은 노래도 불러
재주가 너무 많아서 (걱정돼)
따라 해봐 오 난 가사를 절었어
So proud to be your 밈 baby

G-E-N-I-U-S

I'm a genius, I'm a genius
Oh, are you so freakin' serious
I'm a genius, I'm a genius
Oh yeah, I'm a freakin' genius","158.657","0.615","0.603","-4.931","0.561"
"POTENTIAL","D.Ark","37l1sbhRO9lYT35XxFoBop","[Verse 1]
This endless night
This funeral dirge
We celebrate life
At the end of the earth
When everything is gone
There'll be nothin' left to lose
The ice is closing in
And nothing will remain
We took what we could get
And we burned it anyway
With all those secrets
We swore we'd take 'em to the grave
The light will falter and we'll fade
And in the darkness, we'll say

[Chorus]
""This winter hasn't been so rough
Oh, it was cold, but still, it wasn't cold enough
To freeze the blood beneath my spine
And at least I survived""

[Verse 2]
We're sleepin' through the days
And sinkin' like a ship
We're wastin' away
Bit by bit
Everyone is gone
And everything is changed
It won't ever be the same
And when it's over, we'll say

[Chorus]
""This winter hasn't been so rough
Oh, it was cold, but still, it wasn't cold enough
To freeze the blood beneath my spine
And at least I survived""

[Bridge]
We've had some dark days
We're in the thick of it now
And when the ice breaks
There will be no one around
We've had some dark days
We're in the thick of it now
And when the ice breaks
There will be no one around

[Chorus]
This winter hasn't been so rough
Oh, it was cold, but it wasn't cold enough
To freeze the blood beneath my spine
And at least I survived
This winter hasn't been so rough
(We've had some dark days)
Oh, it was cold, but still, it wasn't cold enough
(We're in the thick of it now)
To freeze the blood beneath my spine
(And when the ice breaks)
And at least I survived","100.923","0.975","0.337","-5.21","0.316"
"SCUM (Feat. Moon Sujin)","D.Ark","6p3Y4007fbyXPTbVW0nxfe","아픔이 찾아올 때
혼자 앓긴 싫어
보고 싶어요 그대
사람이 없어질 땐
연락하면 받아주나요 그대

난 자주 피곤하게 살아
사람들의 시선들을 피하느라
눈치 보고 숨을 쉰 단 말야
앞뒤 안 가리고
뱉는 말들의 상처도 받아
물론 내가 가는 길의
책임인 걸 알아
가족이 알면 안되기 때문에
내 사람이 나 땜에 가슴 찢어지는 게
난 약해 빠질 수가 없어 근데 싫은 게
꿈이고 나발이고 다 때려치우고 싶을 때
사회생활이 너무 지독하다는 걸
강자들을 봐 약자에게 강하단 걸
왜 약자들은 강자에게 약하단 걸
난 알고 있지만 나조차 고갤 숙여
그래도 포기 마 넌 이겨 낼 수 있으니까
난 알아 내 가사로 표현할 테니까
사회는 당신 말대로 위기와 기회가 오가는
로또 같은 세상이 너무나 두렵습니다

사회는 나를 이해해 줄 수는 없어
내 눈물조차 위로될 수가 없어
사회는 나를 이해해 줄 수는 없어
내 눈물조차 위로될 수가 없어
Oh, nah, nah
불안감에 시달리는 매일
내 시력처럼 흐릿해 가는 막막한 미래
Oh, nah, nah
힘들다면 내게 말을 해
빌려줄게 내 어깨에 마음 편하게 기대

난 사람들을 잘 안 믿어
이상하게 다들 뭔가 이득을 위해서
내게 다가와 움직여
가식은 다 비켜
얍삽한 인간들 내가 하나도
빠짐없이 다 손절했지 직접
알아 우린 너무 달라
너와 내가 자라온 환경이
다르듯이 험하게 커온
나는 너보다 더 미리 겪었네
소개해 줄게 이런 거야 멘탈 좀 챙겨 man
다들 물어뜯기 바빠
물어뜯는 애들조차 서로 다 까
이 세상은 남 잘 되는 꼴을 못 봐
뭉칠 수가 없나 봐
불가능해 하나가
이젠 습관이 돼버려
고갤 숙였네
차가운 이 도시는
춥다 못해 숙연해
계급사회에서 버텨 봤자 주연은
가진 자가 갖고 가
봐 다들 결국 조연해

사회는 나를 이해해 줄 수는 없어
내 눈물조차 위로될 수가 없어
사회는 나를 이해해 줄 수는 없어
내 눈물조차 위로될 수가 없어

Oh, nah, nah
불안감에 시달리는 매일
내 시력처럼 흐릿해 가는 막막한 미래
Oh, nah, nah
힘들다면 내게 말을 해
빌려줄게 내 어깨에 마음 편하게 기대

아픔이 찾아올 때
혼자 앓긴 싫어
보고 싶어요 그대
사람이 없어질 땐
연락하면 받아주나요 그대","83.346","0.954","0.184","-7.719","0.222"
"1010(天天) (feat. TRADE L)","D.Ark","6JpUDIXviQtSSjNv1XDfJA","Money like darkrp straight to my hands steady how im printing it
Mama told me better days would come from the work my hands depend in
Couple pictures drawn out through the pen of my hands with descriptions
I deliver work deep down from my chest cause i know its really all i can give

Sitting in an office doing puzzles someones really been invested
And lately, ive been having trouble telling dreams from real perceptions
Neglected- yet we accept it
Lifе easy yet correctеd
Dont even get me started on the places i left my mess in
I'd lie if i said i was beyond- made of flesh, when i say it i meant it
I don't got time for a beating or confessionals masked as arresting's
No greetings for you dogs- im alone and left with no besties
Yet deuces still remain- live a good life and dont feel tested

Head out the window bitch is driving im fantastic
I rip another out, cough it out i be the baddest
Case enfoiled rip it out, no we ain't smoke no plastic
Rain or shine, we still be out no creeping up in attics
Better days we out attain i cannot be no addict
Dont pull that trigger brother, life is worth without the spazzing
I feel that hurt you're going through, you're stronger than elastic
They're up for days training you to only be ecstatic
Need a lady friend eating salads with some cabbage
Dont fuck with weird bitches broke dudes or silly .....
Critics eat my ass like the freakiest of savage
I'll take a handout only if its just for passion
Need no game to fuck your bitch we steady been smashing
I finesse a princess and drop the stacks on a ratchet
When i wake up in the morning i slay a dragon
Fuck everyone, fuck the communists and fuck the fascists
I created life from my birth and my ecstatic
I came and go- went and died and thats fantastic
I came and go- went and died and thats fantastic
I came and go- went and died and thats fantastic
I came and go- went and died and thats fantastic
I came and go- went and died and thats fantastic
I came and go- went and died and thats fantastic
I came and go- went and died and thats fantastic
I came and go- went and died and thats fantastic","187.826","0.909","0.487","-4.092","0.293"
"아침","D.Ark","1uTDYTjySenBx9vqjXgfuy","[Chorus: pH-1]
I’m alive in the night time
Chain on my neck shining
Turn the lights out
보기 싫은 건 안 봐
쓸데없이 여길 둘러싸는 싸움판
Clout gang Insta gang 죄다 별루
쉐도우 복싱 링 위에서 하라 해
몰래 질투한다에 손목걸구
Jealousy in your face can’t hide that

[Verse 1: pH-1]
불을 꺼야겠어 turn the lights out
I be on the way, I’m beyond the lane
I’m too underpaid 쏟아부어 마치 탄산
바삐 움직일 때 너흰 잡지 이미 지나간 남은 잔상
Make money when you keep snoozing
I be skrt skrtin when I keep cruising
Imma pull up in the scene in a pink Stussy
Fresher than a Jiro sushi ,have somebody introduce me
준비됐다던 애들은 대체 어디에 숨어있냐구 yea
수면에 떠오른 수많은 플레이어 They don’t stay up, no yeah
이유는 변한 게 아냐 원래 전부터 걍 구린거라구
최면에 걸려, 생기는 권력 누구나 돈이 벌려
Too many times, too many, too many times
Selling too many rhymes, too many lives, yea
Too many lives buying too many lies
불 꺼 누가 빛이 나나 구별
눈떠 네가 진짜라면 glow up

[Chorus: pH-1]
I’m alive in the night time
Chain on my neck shining
Turn the lights out
보기 싫은 건 안 봐
쓸데없이 여길 둘러싸는 싸움판
Clout gang Insta gang 죄다 별루
쉐도우 복싱 링 위에서 하라 해
몰래 질투한다에 손목걸구
Jealousy in your face can’t hide that

[Verse 2: Chang Sukhoon]
좋은 아침 but it's dark out
대학교는 졸업해도 I maneuver like a dropout
늘 계획 하는 Tony Stark clout
Gotta, drop by the club say 안녕 and then get out
Cuz wowee, all these DM's are here to trick or treat
Happy Halloween, may I get the 병언 피처링?
Ch-ch-ch-change, Hydralisk for a night spit purple rain
My pH level's getting high
And even higher baby whatchu gonna do?
Rookies turn into red velvet cake when I peek a boo
Cuz I'm sicker than blue velvet Dennis Hopper cannibal
Peeping any type of flow, eat it up like 불짬뽕
Morpheus I sit em down, I'm just here to play my role
Shining like a traffic light, let me show you where to go
From the Henz to the MODECi
나의 별명은 수위아저씨 cuz

[Chorus: pH-1]
I’m alive in the night time
Chain on my neck shining
Turn the lights out
보기 싫은 건 안 봐
쓸데없이 여길 둘러싸는 싸움판
Clout gang Insta gang 죄다 별루
쉐도우 복싱 링 위에서 하라 해
몰래 질투한다에 손목걸구
Jealousy in your face can’t hide that","110.027","0.878","0.637","-9.568","0.86"
"SHE'S GONE(feat. BE'O)","D.Ark","6QAhK5nwE4T9xKoTeS3SFh","[디아크 ""바람펴서 미안해"" ft. 비오 가사]

[Chorus: D.Ark]
She's gone, she's gone, she's gone, she's gone
바람펴서 미안해
나 홀로 버려둔
그 자리에서 머물게
She's gone, she's gone, she's gone, she's gone
바람펴서 미안해
난 그 의도가 아냐
제발 용서 바랄게

[Verse 1: D.Ark]
그 의도가 아냐, girl
문자 몇통이 다야, girl
너의 낮에 너의 밤에
집착을 했었던 난
솔직히 짜증났어, 난 맘이 아퍼
너가 친구들이랑 club에 술을 먹고
웬 남자 놈들이 네게 다가가도
너는 내게 답장이 두시간은 없고
Baby, that's all
내 변명이니 돌아와줘
맞아 누가 뭐라해도
내 잘못인걸 알아도 용서해줘
넌 날 잘 알기에
매일 너만 만났기에
너와 함께였던 시기로
돌아가게 해줘, I miss ya, Vivi

[Chorus: D.Ark]
She's gone, she's gone, she's gone, she's gone
바람펴서 미안해
나 홀로 버려둔
그 자리에서 머물게
She's gone, she's gone, she's gone, she's gone
바람펴서 미안해
난 그 의도가 아냐
제발 용서 바랄게

[Verse 2: BE'O]
너는 봤기에 나의 차 뒤에
딴 여자와 또 화기애애
알아서 하길 바랬지만
숨이 턱 한 여름에도 추워
Love, 그딴건 도움이 안돼 역시
나도 많이 헷갈려서
이런 사랑 처음해봐서
그게 사랑인줄 몰랐어
나 나빴어 맞어 봤어
숱하게 만났던 사람들관 different
I've always been waiting for someone like that
Late check out
Hotel front에다가
전화해 물어봐
내가 언제 나갔나
나 혼자 blah-blah
떠들어봤자 내 입만 아파
너 나빠 한마디에 바빠
이제 끊자 bye-bye
아닌데 진짜 아닌데
넌 자꾸 더 더 더 더 확인해
벌써 밤이네 톡이 와있는걸보니
낮에 한 말이 다 거짓말이어도 넌 날

[Chorus: D.Ark]
She's gone, she's gone, she's gone, she's gone (She's gone)
바람펴서 미안해
나 홀로 버려둔
그 자리에서 머물게
She's gone, she's gone, she's gone, she's gone
바람펴서 미안해 (미안해)
난 그 의도가 아냐
제발 용서 바랄게 (Ooh)

[Outro: D.Ark]
용서 바랄게
용서 바랄게
용서 바랄게
용서 바랄게
Oh, no
Oh-oh-oh
용서 바랄게","137.18","0.559","0.416","-10.751","0.152"
